[    1259ms] [INFO] %cDownload the React DevTools for a better development experience: https://react.dev/link/react-devtools font-weight:bold @ http://localhost:3000/_next/static/chunks/node_modules_next_dist_1e8vcs8._.js:776
[    1285ms] [LOG] [HMR] connected @ http://localhost:3000/_next/static/chunks/node_modules_next_dist_1e8vcs8._.js:776
[    1326ms] [WARNING] Image with src "/baran-logo-navbar.png" has either width or height modified, but not the other. If you use CSS to change the size of your image, also include the styles 'width: "auto"' or 'height: "auto"' to maintain the aspect ratio. @ http://localhost:3000/_next/static/chunks/node_modules_next_dist_1e8vcs8._.js:776
[    1495ms] [LOG] [Fast Refresh] rebuilding @ http://localhost:3000/_next/static/chunks/node_modules_next_dist_1e8vcs8._.js:776
[    1770ms] [LOG] [Fast Refresh] done in 376ms @ http://localhost:3000/_next/static/chunks/node_modules_next_dist_1e8vcs8._.js:776
[  118483ms] [WARNING] Detected `scroll-behavior: smooth` on the `<html>` element. To disable smooth scrolling during route transitions, add `data-scroll-behavior="smooth"` to your <html> element. Learn more: https://nextjs.org/docs/messages/missing-data-scroll-behavior @ http://localhost:3000/_next/static/chunks/node_modules_next_dist_1e8vcs8._.js:776
[  346758ms] [ERROR] Failed to load resource: the server responded with a status of 400 () @ https://hxcjlpzfoadnjmsjjexx.supabase.co/rest/v1/vaccines?select=*:0
[  346780ms] Object
[  445581ms] [LOG] [Fast Refresh] rebuilding @ http://localhost:3000/_next/static/chunks/node_modules_next_dist_1e8vcs8._.js:776
[  446744ms] [LOG] [Fast Refresh] done in 1164ms @ http://localhost:3000/_next/static/chunks/node_modules_next_dist_1e8vcs8._.js:776
[  447543ms] [LOG] [Fast Refresh] done in 1164ms @ http://localhost:3000/_next/static/chunks/node_modules_next_dist_1e8vcs8._.js:776
[  447635ms] [LOG] [Fast Refresh] done in 1164ms @ http://localhost:3000/_next/static/chunks/node_modules_next_dist_1e8vcs8._.js:776
[  447808ms] [WARNING] GSAP target  not found. https://gsap.com @ http://localhost:3000/_next/static/chunks/node_modules_next_dist_1e8vcs8._.js:776
[  447809ms] [WARNING] GSAP target  not found. https://gsap.com @ http://localhost:3000/_next/static/chunks/node_modules_next_dist_1e8vcs8._.js:776
[  447818ms] [WARNING] GSAP target  not found. https://gsap.com @ http://localhost:3000/_next/static/chunks/node_modules_next_dist_1e8vcs8._.js:776
[  447820ms] [WARNING] GSAP target  not found. https://gsap.com @ http://localhost:3000/_next/static/chunks/node_modules_next_dist_1e8vcs8._.js:776
[  447838ms] [WARNING] GSAP target  not found. https://gsap.com @ http://localhost:3000/_next/static/chunks/node_modules_next_dist_1e8vcs8._.js:776
[  447842ms] [WARNING] GSAP target  not found. https://gsap.com @ http://localhost:3000/_next/static/chunks/node_modules_next_dist_1e8vcs8._.js:776
[  447845ms] [WARNING] GSAP target  not found. https://gsap.com @ http://localhost:3000/_next/static/chunks/node_modules_next_dist_1e8vcs8._.js:776
[  447851ms] [WARNING] GSAP target  not found. https://gsap.com @ http://localhost:3000/_next/static/chunks/node_modules_next_dist_1e8vcs8._.js:776
[  447852ms] [WARNING] GSAP target  not found. https://gsap.com @ http://localhost:3000/_next/static/chunks/node_modules_next_dist_1e8vcs8._.js:776
[  447853ms] [WARNING] GSAP target  not found. https://gsap.com @ http://localhost:3000/_next/static/chunks/node_modules_next_dist_1e8vcs8._.js:776
[  447854ms] [WARNING] GSAP target  not found. https://gsap.com @ http://localhost:3000/_next/static/chunks/node_modules_next_dist_1e8vcs8._.js:776
[  447908ms] [WARNING] GSAP target  not found. https://gsap.com @ http://localhost:3000/_next/static/chunks/node_modules_next_dist_1e8vcs8._.js:776
[  448219ms] [LOG] [Fast Refresh] done in 1164ms @ http://localhost:3000/_next/static/chunks/node_modules_next_dist_1e8vcs8._.js:776
[  449128ms] [LOG] [Fast Refresh] done in 1164ms @ http://localhost:3000/_next/static/chunks/node_modules_next_dist_1e8vcs8._.js:776
[  449408ms] [LOG] [Fast Refresh] done in 1164ms @ http://localhost:3000/_next/static/chunks/node_modules_next_dist_1e8vcs8._.js:776
[  637227ms] [LOG] [Fast Refresh] rebuilding @ http://localhost:3000/_next/static/chunks/node_modules_next_dist_1e8vcs8._.js:776
[  639609ms] [LOG] [Fast Refresh] done in 2410ms @ http://localhost:3000/_next/static/chunks/node_modules_next_dist_1e8vcs8._.js:776
[  641143ms] [LOG] [Fast Refresh] done in 2410ms @ http://localhost:3000/_next/static/chunks/node_modules_next_dist_1e8vcs8._.js:776
[  670787ms] [LOG] [Fast Refresh] rebuilding @ http://localhost:3000/_next/static/chunks/node_modules_next_dist_1e8vcs8._.js:776
[  670851ms] [LOG] [Fast Refresh] done in 165ms @ http://localhost:3000/_next/static/chunks/node_modules_next_dist_1e8vcs8._.js:776
[  674790ms] [LOG] [Fast Refresh] rebuilding @ http://localhost:3000/_next/static/chunks/node_modules_next_dist_1e8vcs8._.js:776
[  676151ms] [LOG] [Fast Refresh] done in 1383ms @ http://localhost:3000/_next/static/chunks/node_modules_next_dist_1e8vcs8._.js:776
[  676957ms] [LOG] [Fast Refresh] done in 1383ms @ http://localhost:3000/_next/static/chunks/node_modules_next_dist_1e8vcs8._.js:776
[  677411ms] [LOG] [Fast Refresh] done in 1383ms @ http://localhost:3000/_next/static/chunks/node_modules_next_dist_1e8vcs8._.js:776
[  734070ms] [LOG] [Fast Refresh] rebuilding @ http://localhost:3000/_next/static/chunks/node_modules_next_dist_1e8vcs8._.js:776
[  736133ms] [ERROR] ./src/app/admin/vaccines/edit/[id]/page.tsx:170:11
Error: Expected '</', got '}'
  168 |             className="mt-2"
  169 |             disabled={isSubmitting}
> 170 |           } 
      |           ^
  171 |         />
  172 |         </div>
  173 |         <label className="flex items-center gap-2">

Parsing ecmascript source code failed

Import traces:
  Client Component Browser:
    ./src/app/admin/vaccines/edit/[id]/page.tsx [Client Component Browser]
    ./src/app/admin/vaccines/edit/[id]/page.tsx [Server Component]

  Client Component SSR:
    ./src/app/admin/vaccines/edit/[id]/page.tsx [Client Component SSR]
    ./src/app/admin/vaccines/edit/[id]/page.tsx [Server Component] @ http://localhost:3000/_next/static/chunks/node_modules_next_dist_1e8vcs8._.js:1052
[  736328ms] [ERROR] ./src/app/admin/vaccines/edit/[id]/page.tsx:170:11
Error: Expected '</', got '}'
  168 |             className="mt-2"
  169 |             disabled={isSubmitting}
> 170 |           } 
      |           ^
  171 |         />
  172 |         </div>
  173 |         <label className="flex items-center gap-2">

Parsing ecmascript source code failed

Import traces:
  Client Component Browser:
    ./src/app/admin/vaccines/edit/[id]/page.tsx [Client Component Browser]
    ./src/app/admin/vaccines/edit/[id]/page.tsx [Server Component]

  Client Component SSR:
    ./src/app/admin/vaccines/edit/[id]/page.tsx [Client Component SSR]
    ./src/app/admin/vaccines/edit/[id]/page.tsx [Server Component] @ http://localhost:3000/_next/static/chunks/node_modules_next_dist_1e8vcs8._.js:1052
[  892452ms] [LOG] [Fast Refresh] rebuilding @ http://localhost:3000/_next/static/chunks/node_modules_next_dist_1e8vcs8._.js:776
[  897894ms] [ERROR] ./src/app/admin/vaccines/edit/[id]/page.tsx:170:11
Error: Expected '</', got '}'
  168 |             className="mt-2"
  169 |             disabled={isSubmitting}
> 170 |           } 
      |           ^
  171 |         />
  172 |         </div>
  173 |         <label className="flex items-center gap-2">

Parsing ecmascript source code failed

Import traces:
  Client Component Browser:
    ./src/app/admin/vaccines/edit/[id]/page.tsx [Client Component Browser]
    ./src/app/admin/vaccines/edit/[id]/page.tsx [Server Component]

  Client Component SSR:
    ./src/app/admin/vaccines/edit/[id]/page.tsx [Client Component SSR]
    ./src/app/admin/vaccines/edit/[id]/page.tsx [Server Component] @ http://localhost:3000/_next/static/chunks/node_modules_next_dist_1e8vcs8._.js:1052
[  898938ms] [ERROR] ./src/app/admin/vaccines/edit/[id]/page.tsx:170:11
Error: Expected '</', got '}'
  168 |             className="mt-2"
  169 |             disabled={isSubmitting}
> 170 |           } 
      |           ^
  171 |         />
  172 |         </div>
  173 |         <label className="flex items-center gap-2">

Parsing ecmascript source code failed

Import traces:
  Client Component Browser:
    ./src/app/admin/vaccines/edit/[id]/page.tsx [Client Component Browser]
    ./src/app/admin/vaccines/edit/[id]/page.tsx [Server Component]

  Client Component SSR:
    ./src/app/admin/vaccines/edit/[id]/page.tsx [Client Component SSR]
    ./src/app/admin/vaccines/edit/[id]/page.tsx [Server Component] @ http://localhost:3000/_next/static/chunks/node_modules_next_dist_1e8vcs8._.js:1052
[  899221ms] [ERROR] ./src/app/admin/vaccines/edit/[id]/page.tsx:170:11
Error: Expected '</', got '}'
  168 |             className="mt-2"
  169 |             disabled={isSubmitting}
> 170 |           } 
      |           ^
  171 |         />
  172 |         </div>
  173 |         <label className="flex items-center gap-2">

Parsing ecmascript source code failed

Import traces:
  Client Component Browser:
    ./src/app/admin/vaccines/edit/[id]/page.tsx [Client Component Browser]
    ./src/app/admin/vaccines/edit/[id]/page.tsx [Server Component]

  Client Component SSR:
    ./src/app/admin/vaccines/edit/[id]/page.tsx [Client Component SSR]
    ./src/app/admin/vaccines/edit/[id]/page.tsx [Server Component] @ http://localhost:3000/_next/static/chunks/node_modules_next_dist_1e8vcs8._.js:1052
[  899258ms] [ERROR] ./src/app/admin/vaccines/edit/[id]/page.tsx:170:11
Error: Expected '</', got '}'
  168 |             className="mt-2"
  169 |             disabled={isSubmitting}
> 170 |           } 
      |           ^
  171 |         />
  172 |         </div>
  173 |         <label className="flex items-center gap-2">

Parsing ecmascript source code failed

Import traces:
  Client Component Browser:
    ./src/app/admin/vaccines/edit/[id]/page.tsx [Client Component Browser]
    ./src/app/admin/vaccines/edit/[id]/page.tsx [Server Component]

  Client Component SSR:
    ./src/app/admin/vaccines/edit/[id]/page.tsx [Client Component SSR]
    ./src/app/admin/vaccines/edit/[id]/page.tsx [Server Component] @ http://localhost:3000/_next/static/chunks/node_modules_next_dist_1e8vcs8._.js:1052
[  899508ms] [ERROR] ./src/app/admin/vaccines/edit/[id]/page.tsx:170:11
Error: Expected '</', got '}'
  168 |             className="mt-2"
  169 |             disabled={isSubmitting}
> 170 |           } 
      |           ^
  171 |         />
  172 |         </div>
  173 |         <label className="flex items-center gap-2">

Parsing ecmascript source code failed

Import traces:
  Client Component Browser:
    ./src/app/admin/vaccines/edit/[id]/page.tsx [Client Component Browser]
    ./src/app/admin/vaccines/edit/[id]/page.tsx [Server Component]

  Client Component SSR:
    ./src/app/admin/vaccines/edit/[id]/page.tsx [Client Component SSR]
    ./src/app/admin/vaccines/edit/[id]/page.tsx [Server Component] @ http://localhost:3000/_next/static/chunks/node_modules_next_dist_1e8vcs8._.js:1052
[  899754ms] [ERROR] ./src/app/admin/vaccines/edit/[id]/page.tsx:170:11
Error: Expected '</', got '}'
  168 |             className="mt-2"
  169 |             disabled={isSubmitting}
> 170 |           } 
      |           ^
  171 |         />
  172 |         </div>
  173 |         <label className="flex items-center gap-2">

Parsing ecmascript source code failed

Import traces:
  Client Component Browser:
    ./src/app/admin/vaccines/edit/[id]/page.tsx [Client Component Browser]
    ./src/app/admin/vaccines/edit/[id]/page.tsx [Server Component]

  Client Component SSR:
    ./src/app/admin/vaccines/edit/[id]/page.tsx [Client Component SSR]
    ./src/app/admin/vaccines/edit/[id]/page.tsx [Server Component] @ http://localhost:3000/_next/static/chunks/node_modules_next_dist_1e8vcs8._.js:1052
[  899979ms] [ERROR] ./src/app/admin/vaccines/edit/[id]/page.tsx:170:11
Error: Expected '</', got '}'
  168 |             className="mt-2"
  169 |             disabled={isSubmitting}
> 170 |           } 
      |           ^
  171 |         />
  172 |         </div>
  173 |         <label className="flex items-center gap-2">

Parsing ecmascript source code failed

Import traces:
  Client Component Browser:
    ./src/app/admin/vaccines/edit/[id]/page.tsx [Client Component Browser]
    ./src/app/admin/vaccines/edit/[id]/page.tsx [Server Component]

  Client Component SSR:
    ./src/app/admin/vaccines/edit/[id]/page.tsx [Client Component SSR]
    ./src/app/admin/vaccines/edit/[id]/page.tsx [Server Component] @ http://localhost:3000/_next/static/chunks/node_modules_next_dist_1e8vcs8._.js:1052
[  900227ms] [ERROR] ./src/app/admin/vaccines/edit/[id]/page.tsx:170:11
Error: Expected '</', got '}'
  168 |             className="mt-2"
  169 |             disabled={isSubmitting}
> 170 |           } 
      |           ^
  171 |         />
  172 |         </div>
  173 |         <label className="flex items-center gap-2">

Parsing ecmascript source code failed

Import traces:
  Client Component Browser:
    ./src/app/admin/vaccines/edit/[id]/page.tsx [Client Component Browser]
    ./src/app/admin/vaccines/edit/[id]/page.tsx [Server Component]

  Client Component SSR:
    ./src/app/admin/vaccines/edit/[id]/page.tsx [Client Component SSR]
    ./src/app/admin/vaccines/edit/[id]/page.tsx [Server Component] @ http://localhost:3000/_next/static/chunks/node_modules_next_dist_1e8vcs8._.js:1052
[  900334ms] [ERROR] ./src/app/admin/vaccines/edit/[id]/page.tsx:170:11
Error: Expected '</', got '}'
  168 |             className="mt-2"
  169 |             disabled={isSubmitting}
> 170 |           } 
      |           ^
  171 |         />
  172 |         </div>
  173 |         <label className="flex items-center gap-2">

Parsing ecmascript source code failed

Import traces:
  Client Component Browser:
    ./src/app/admin/vaccines/edit/[id]/page.tsx [Client Component Browser]
    ./src/app/admin/vaccines/edit/[id]/page.tsx [Server Component]

  Client Component SSR:
    ./src/app/admin/vaccines/edit/[id]/page.tsx [Client Component SSR]
    ./src/app/admin/vaccines/edit/[id]/page.tsx [Server Component] @ http://localhost:3000/_next/static/chunks/node_modules_next_dist_1e8vcs8._.js:1052
[  900614ms] [ERROR] ./src/app/admin/vaccines/edit/[id]/page.tsx:170:11
Error: Expected '</', got '}'
  168 |             className="mt-2"
  169 |             disabled={isSubmitting}
> 170 |           } 
      |           ^
  171 |         />
  172 |         </div>
  173 |         <label className="flex items-center gap-2">

Parsing ecmascript source code failed

Import traces:
  Client Component Browser:
    ./src/app/admin/vaccines/edit/[id]/page.tsx [Client Component Browser]
    ./src/app/admin/vaccines/edit/[id]/page.tsx [Server Component]

  Client Component SSR:
    ./src/app/admin/vaccines/edit/[id]/page.tsx [Client Component SSR]
    ./src/app/admin/vaccines/edit/[id]/page.tsx [Server Component] @ http://localhost:3000/_next/static/chunks/node_modules_next_dist_1e8vcs8._.js:1052
[  900707ms] [ERROR] ./src/app/admin/vaccines/edit/[id]/page.tsx:170:11
Error: Expected '</', got '}'
  168 |             className="mt-2"
  169 |             disabled={isSubmitting}
> 170 |           } 
      |           ^
  171 |         />
  172 |         </div>
  173 |         <label className="flex items-center gap-2">

Parsing ecmascript source code failed

Import traces:
  Client Component Browser:
    ./src/app/admin/vaccines/edit/[id]/page.tsx [Client Component Browser]
    ./src/app/admin/vaccines/edit/[id]/page.tsx [Server Component]

  Client Component SSR:
    ./src/app/admin/vaccines/edit/[id]/page.tsx [Client Component SSR]
    ./src/app/admin/vaccines/edit/[id]/page.tsx [Server Component] @ http://localhost:3000/_next/static/chunks/node_modules_next_dist_1e8vcs8._.js:1052
[  900867ms] [ERROR] ./src/app/admin/vaccines/edit/[id]/page.tsx:170:11
Error: Expected '</', got '}'
  168 |             className="mt-2"
  169 |             disabled={isSubmitting}
> 170 |           } 
      |           ^
  171 |         />
  172 |         </div>
  173 |         <label className="flex items-center gap-2">

Parsing ecmascript source code failed

Import traces:
  Client Component Browser:
    ./src/app/admin/vaccines/edit/[id]/page.tsx [Client Component Browser]
    ./src/app/admin/vaccines/edit/[id]/page.tsx [Server Component]

  Client Component SSR:
    ./src/app/admin/vaccines/edit/[id]/page.tsx [Client Component SSR]
    ./src/app/admin/vaccines/edit/[id]/page.tsx [Server Component] @ http://localhost:3000/_next/static/chunks/node_modules_next_dist_1e8vcs8._.js:1052
[  901125ms] [ERROR] ./src/app/admin/vaccines/edit/[id]/page.tsx:170:11
Error: Expected '</', got '}'
  168 |             className="mt-2"
  169 |             disabled={isSubmitting}
> 170 |           } 
      |           ^
  171 |         />
  172 |         </div>
  173 |         <label className="flex items-center gap-2">

Parsing ecmascript source code failed

Import traces:
  Client Component Browser:
    ./src/app/admin/vaccines/edit/[id]/page.tsx [Client Component Browser]
    ./src/app/admin/vaccines/edit/[id]/page.tsx [Server Component]

  Client Component SSR:
    ./src/app/admin/vaccines/edit/[id]/page.tsx [Client Component SSR]
    ./src/app/admin/vaccines/edit/[id]/page.tsx [Server Component] @ http://localhost:3000/_next/static/chunks/node_modules_next_dist_1e8vcs8._.js:1052
[  901165ms] [ERROR] ./src/app/admin/vaccines/edit/[id]/page.tsx:170:11
Error: Expected '</', got '}'
  168 |             className="mt-2"
  169 |             disabled={isSubmitting}
> 170 |           } 
      |           ^
  171 |         />
  172 |         </div>
  173 |         <label className="flex items-center gap-2">

Parsing ecmascript source code failed

Import traces:
  Client Component Browser:
    ./src/app/admin/vaccines/edit/[id]/page.tsx [Client Component Browser]
    ./src/app/admin/vaccines/edit/[id]/page.tsx [Server Component]

  Client Component SSR:
    ./src/app/admin/vaccines/edit/[id]/page.tsx [Client Component SSR]
    ./src/app/admin/vaccines/edit/[id]/page.tsx [Server Component] @ http://localhost:3000/_next/static/chunks/node_modules_next_dist_1e8vcs8._.js:1052
[  901373ms] [ERROR] ./src/app/admin/vaccines/edit/[id]/page.tsx:170:11
Error: Expected '</', got '}'
  168 |             className="mt-2"
  169 |             disabled={isSubmitting}
> 170 |           } 
      |           ^
  171 |         />
  172 |         </div>
  173 |         <label className="flex items-center gap-2">

Parsing ecmascript source code failed

Import traces:
  Client Component Browser:
    ./src/app/admin/vaccines/edit/[id]/page.tsx [Client Component Browser]
    ./src/app/admin/vaccines/edit/[id]/page.tsx [Server Component]

  Client Component SSR:
    ./src/app/admin/vaccines/edit/[id]/page.tsx [Client Component SSR]
    ./src/app/admin/vaccines/edit/[id]/page.tsx [Server Component] @ http://localhost:3000/_next/static/chunks/node_modules_next_dist_1e8vcs8._.js:1052
[  901632ms] [ERROR] ./src/app/admin/vaccines/edit/[id]/page.tsx:170:11
Error: Expected '</', got '}'
  168 |             className="mt-2"
  169 |             disabled={isSubmitting}
> 170 |           } 
      |           ^
  171 |         />
  172 |         </div>
  173 |         <label className="flex items-center gap-2">

Parsing ecmascript source code failed

Import traces:
  Client Component Browser:
    ./src/app/admin/vaccines/edit/[id]/page.tsx [Client Component Browser]
    ./src/app/admin/vaccines/edit/[id]/page.tsx [Server Component]

  Client Component SSR:
    ./src/app/admin/vaccines/edit/[id]/page.tsx [Client Component SSR]
    ./src/app/admin/vaccines/edit/[id]/page.tsx [Server Component] @ http://localhost:3000/_next/static/chunks/node_modules_next_dist_1e8vcs8._.js:1052
[  901855ms] [ERROR] ./src/app/admin/vaccines/edit/[id]/page.tsx:170:11
Error: Expected '</', got '}'
  168 |             className="mt-2"
  169 |             disabled={isSubmitting}
> 170 |           } 
      |           ^
  171 |         />
  172 |         </div>
  173 |         <label className="flex items-center gap-2">

Parsing ecmascript source code failed

Import traces:
  Client Component Browser:
    ./src/app/admin/vaccines/edit/[id]/page.tsx [Client Component Browser]
    ./src/app/admin/vaccines/edit/[id]/page.tsx [Server Component]

  Client Component SSR:
    ./src/app/admin/vaccines/edit/[id]/page.tsx [Client Component SSR]
    ./src/app/admin/vaccines/edit/[id]/page.tsx [Server Component] @ http://localhost:3000/_next/static/chunks/node_modules_next_dist_1e8vcs8._.js:1052
[  902044ms] [ERROR] ./src/app/admin/vaccines/edit/[id]/page.tsx:170:11
Error: Expected '</', got '}'
  168 |             className="mt-2"
  169 |             disabled={isSubmitting}
> 170 |           } 
      |           ^
  171 |         />
  172 |         </div>
  173 |         <label className="flex items-center gap-2">

Parsing ecmascript source code failed

Import traces:
  Client Component Browser:
    ./src/app/admin/vaccines/edit/[id]/page.tsx [Client Component Browser]
    ./src/app/admin/vaccines/edit/[id]/page.tsx [Server Component]

  Client Component SSR:
    ./src/app/admin/vaccines/edit/[id]/page.tsx [Client Component SSR]
    ./src/app/admin/vaccines/edit/[id]/page.tsx [Server Component] @ http://localhost:3000/_next/static/chunks/node_modules_next_dist_1e8vcs8._.js:1052
[  902083ms] [ERROR] ./src/app/admin/vaccines/edit/[id]/page.tsx:170:11
Error: Expected '</', got '}'
  168 |             className="mt-2"
  169 |             disabled={isSubmitting}
> 170 |           } 
      |           ^
  171 |         />
  172 |         </div>
  173 |         <label className="flex items-center gap-2">

Parsing ecmascript source code failed

Import traces:
  Client Component Browser:
    ./src/app/admin/vaccines/edit/[id]/page.tsx [Client Component Browser]
    ./src/app/admin/vaccines/edit/[id]/page.tsx [Server Component]

  Client Component SSR:
    ./src/app/admin/vaccines/edit/[id]/page.tsx [Client Component SSR]
    ./src/app/admin/vaccines/edit/[id]/page.tsx [Server Component] @ http://localhost:3000/_next/static/chunks/node_modules_next_dist_1e8vcs8._.js:1052
[  902329ms] [ERROR] ./src/app/admin/vaccines/edit/[id]/page.tsx:170:11
Error: Expected '</', got '}'
  168 |             className="mt-2"
  169 |             disabled={isSubmitting}
> 170 |           } 
      |           ^
  171 |         />
  172 |         </div>
  173 |         <label className="flex items-center gap-2">

Parsing ecmascript source code failed

Import traces:
  Client Component Browser:
    ./src/app/admin/vaccines/edit/[id]/page.tsx [Client Component Browser]
    ./src/app/admin/vaccines/edit/[id]/page.tsx [Server Component]

  Client Component SSR:
    ./src/app/admin/vaccines/edit/[id]/page.tsx [Client Component SSR]
    ./src/app/admin/vaccines/edit/[id]/page.tsx [Server Component] @ http://localhost:3000/_next/static/chunks/node_modules_next_dist_1e8vcs8._.js:1052
[  902470ms] [ERROR] ./src/app/admin/vaccines/edit/[id]/page.tsx:170:11
Error: Expected '</', got '}'
  168 |             className="mt-2"
  169 |             disabled={isSubmitting}
> 170 |           } 
      |           ^
  171 |         />
  172 |         </div>
  173 |         <label className="flex items-center gap-2">

Parsing ecmascript source code failed

Import traces:
  Client Component Browser:
    ./src/app/admin/vaccines/edit/[id]/page.tsx [Client Component Browser]
    ./src/app/admin/vaccines/edit/[id]/page.tsx [Server Component]

  Client Component SSR:
    ./src/app/admin/vaccines/edit/[id]/page.tsx [Client Component SSR]
    ./src/app/admin/vaccines/edit/[id]/page.tsx [Server Component] @ http://localhost:3000/_next/static/chunks/node_modules_next_dist_1e8vcs8._.js:1052
[  902621ms] [ERROR] ./src/app/admin/vaccines/edit/[id]/page.tsx:170:11
Error: Expected '</', got '}'
  168 |             className="mt-2"
  169 |             disabled={isSubmitting}
> 170 |           } 
      |           ^
  171 |         />
  172 |         </div>
  173 |         <label className="flex items-center gap-2">

Parsing ecmascript source code failed

Import traces:
  Client Component Browser:
    ./src/app/admin/vaccines/edit/[id]/page.tsx [Client Component Browser]
    ./src/app/admin/vaccines/edit/[id]/page.tsx [Server Component]

  Client Component SSR:
    ./src/app/admin/vaccines/edit/[id]/page.tsx [Client Component SSR]
    ./src/app/admin/vaccines/edit/[id]/page.tsx [Server Component] @ http://localhost:3000/_next/static/chunks/node_modules_next_dist_1e8vcs8._.js:1052
[  902861ms] [ERROR] ./src/app/admin/vaccines/edit/[id]/page.tsx:170:11
Error: Expected '</', got '}'
  168 |             className="mt-2"
  169 |             disabled={isSubmitting}
> 170 |           } 
      |           ^
  171 |         />
  172 |         </div>
  173 |         <label className="flex items-center gap-2">

Parsing ecmascript source code failed

Import traces:
  Client Component Browser:
    ./src/app/admin/vaccines/edit/[id]/page.tsx [Client Component Browser]
    ./src/app/admin/vaccines/edit/[id]/page.tsx [Server Component]

  Client Component SSR:
    ./src/app/admin/vaccines/edit/[id]/page.tsx [Client Component SSR]
    ./src/app/admin/vaccines/edit/[id]/page.tsx [Server Component] @ http://localhost:3000/_next/static/chunks/node_modules_next_dist_1e8vcs8._.js:1052
[  902936ms] [ERROR] ./src/app/admin/vaccines/edit/[id]/page.tsx:170:11
Error: Expected '</', got '}'
  168 |             className="mt-2"
  169 |             disabled={isSubmitting}
> 170 |           } 
      |           ^
  171 |         />
  172 |         </div>
  173 |         <label className="flex items-center gap-2">

Parsing ecmascript source code failed

Import traces:
  Client Component Browser:
    ./src/app/admin/vaccines/edit/[id]/page.tsx [Client Component Browser]
    ./src/app/admin/vaccines/edit/[id]/page.tsx [Server Component]

  Client Component SSR:
    ./src/app/admin/vaccines/edit/[id]/page.tsx [Client Component SSR]
    ./src/app/admin/vaccines/edit/[id]/page.tsx [Server Component] @ http://localhost:3000/_next/static/chunks/node_modules_next_dist_1e8vcs8._.js:1052
[  903210ms] [ERROR] ./src/app/admin/vaccines/edit/[id]/page.tsx:170:11
Error: Expected '</', got '}'
  168 |             className="mt-2"
  169 |             disabled={isSubmitting}
> 170 |           } 
      |           ^
  171 |         />
  172 |         </div>
  173 |         <label className="flex items-center gap-2">

Parsing ecmascript source code failed

Import traces:
  Client Component Browser:
    ./src/app/admin/vaccines/edit/[id]/page.tsx [Client Component Browser]
    ./src/app/admin/vaccines/edit/[id]/page.tsx [Server Component]

  Client Component SSR:
    ./src/app/admin/vaccines/edit/[id]/page.tsx [Client Component SSR]
    ./src/app/admin/vaccines/edit/[id]/page.tsx [Server Component] @ http://localhost:3000/_next/static/chunks/node_modules_next_dist_1e8vcs8._.js:1052
[  903505ms] [ERROR] ./src/app/admin/vaccines/edit/[id]/page.tsx:170:11
Error: Expected '</', got '}'
  168 |             className="mt-2"
  169 |             disabled={isSubmitting}
> 170 |           } 
      |           ^
  171 |         />
  172 |         </div>
  173 |         <label className="flex items-center gap-2">

Parsing ecmascript source code failed

Import traces:
  Client Component Browser:
    ./src/app/admin/vaccines/edit/[id]/page.tsx [Client Component Browser]
    ./src/app/admin/vaccines/edit/[id]/page.tsx [Server Component]

  Client Component SSR:
    ./src/app/admin/vaccines/edit/[id]/page.tsx [Client Component SSR]
    ./src/app/admin/vaccines/edit/[id]/page.tsx [Server Component] @ http://localhost:3000/_next/static/chunks/node_modules_next_dist_1e8vcs8._.js:1052
[  903595ms] [ERROR] ./src/app/admin/vaccines/edit/[id]/page.tsx:170:11
Error: Expected '</', got '}'
  168 |             className="mt-2"
  169 |             disabled={isSubmitting}
> 170 |           } 
      |           ^
  171 |         />
  172 |         </div>
  173 |         <label className="flex items-center gap-2">

Parsing ecmascript source code failed

Import traces:
  Client Component Browser:
    ./src/app/admin/vaccines/edit/[id]/page.tsx [Client Component Browser]
    ./src/app/admin/vaccines/edit/[id]/page.tsx [Server Component]

  Client Component SSR:
    ./src/app/admin/vaccines/edit/[id]/page.tsx [Client Component SSR]
    ./src/app/admin/vaccines/edit/[id]/page.tsx [Server Component] @ http://localhost:3000/_next/static/chunks/node_modules_next_dist_1e8vcs8._.js:1052
[  903826ms] [ERROR] ./src/app/admin/vaccines/edit/[id]/page.tsx:170:11
Error: Expected '</', got '}'
  168 |             className="mt-2"
  169 |             disabled={isSubmitting}
> 170 |           } 
      |           ^
  171 |         />
  172 |         </div>
  173 |         <label className="flex items-center gap-2">

Parsing ecmascript source code failed

Import traces:
  Client Component Browser:
    ./src/app/admin/vaccines/edit/[id]/page.tsx [Client Component Browser]
    ./src/app/admin/vaccines/edit/[id]/page.tsx [Server Component]

  Client Component SSR:
    ./src/app/admin/vaccines/edit/[id]/page.tsx [Client Component SSR]
    ./src/app/admin/vaccines/edit/[id]/page.tsx [Server Component] @ http://localhost:3000/_next/static/chunks/node_modules_next_dist_1e8vcs8._.js:1052
[  904091ms] [ERROR] ./src/app/admin/vaccines/edit/[id]/page.tsx:170:11
Error: Expected '</', got '}'
  168 |             className="mt-2"
  169 |             disabled={isSubmitting}
> 170 |           } 
      |           ^
  171 |         />
  172 |         </div>
  173 |         <label className="flex items-center gap-2">

Parsing ecmascript source code failed

Import traces:
  Client Component Browser:
    ./src/app/admin/vaccines/edit/[id]/page.tsx [Client Component Browser]
    ./src/app/admin/vaccines/edit/[id]/page.tsx [Server Component]

  Client Component SSR:
    ./src/app/admin/vaccines/edit/[id]/page.tsx [Client Component SSR]
    ./src/app/admin/vaccines/edit/[id]/page.tsx [Server Component] @ http://localhost:3000/_next/static/chunks/node_modules_next_dist_1e8vcs8._.js:1052
[  904150ms] [ERROR] ./src/app/admin/vaccines/edit/[id]/page.tsx:170:11
Error: Expected '</', got '}'
  168 |             className="mt-2"
  169 |             disabled={isSubmitting}
> 170 |           } 
      |           ^
  171 |         />
  172 |         </div>
  173 |         <label className="flex items-center gap-2">

Parsing ecmascript source code failed

Import traces:
  Client Component Browser:
    ./src/app/admin/vaccines/edit/[id]/page.tsx [Client Component Browser]
    ./src/app/admin/vaccines/edit/[id]/page.tsx [Server Component]

  Client Component SSR:
    ./src/app/admin/vaccines/edit/[id]/page.tsx [Client Component SSR]
    ./src/app/admin/vaccines/edit/[id]/page.tsx [Server Component] @ http://localhost:3000/_next/static/chunks/node_modules_next_dist_1e8vcs8._.js:1052
[  904470ms] [ERROR] ./src/app/admin/vaccines/edit/[id]/page.tsx:170:11
Error: Expected '</', got '}'
  168 |             className="mt-2"
  169 |             disabled={isSubmitting}
> 170 |           } 
      |           ^
  171 |         />
  172 |         </div>
  173 |         <label className="flex items-center gap-2">

Parsing ecmascript source code failed

Import traces:
  Client Component Browser:
    ./src/app/admin/vaccines/edit/[id]/page.tsx [Client Component Browser]
    ./src/app/admin/vaccines/edit/[id]/page.tsx [Server Component]

  Client Component SSR:
    ./src/app/admin/vaccines/edit/[id]/page.tsx [Client Component SSR]
    ./src/app/admin/vaccines/edit/[id]/page.tsx [Server Component] @ http://localhost:3000/_next/static/chunks/node_modules_next_dist_1e8vcs8._.js:1052
[  904561ms] [ERROR] ./src/app/admin/vaccines/edit/[id]/page.tsx:170:11
Error: Expected '</', got '}'
  168 |             className="mt-2"
  169 |             disabled={isSubmitting}
> 170 |           } 
      |           ^
  171 |         />
  172 |         </div>
  173 |         <label className="flex items-center gap-2">

Parsing ecmascript source code failed

Import traces:
  Client Component Browser:
    ./src/app/admin/vaccines/edit/[id]/page.tsx [Client Component Browser]
    ./src/app/admin/vaccines/edit/[id]/page.tsx [Server Component]

  Client Component SSR:
    ./src/app/admin/vaccines/edit/[id]/page.tsx [Client Component SSR]
    ./src/app/admin/vaccines/edit/[id]/page.tsx [Server Component] @ http://localhost:3000/_next/static/chunks/node_modules_next_dist_1e8vcs8._.js:1052
[  904800ms] [ERROR] ./src/app/admin/vaccines/edit/[id]/page.tsx:170:11
Error: Expected '</', got '}'
  168 |             className="mt-2"
  169 |             disabled={isSubmitting}
> 170 |           } 
      |           ^
  171 |         />
  172 |         </div>
  173 |         <label className="flex items-center gap-2">

Parsing ecmascript source code failed

Import traces:
  Client Component Browser:
    ./src/app/admin/vaccines/edit/[id]/page.tsx [Client Component Browser]
    ./src/app/admin/vaccines/edit/[id]/page.tsx [Server Component]

  Client Component SSR:
    ./src/app/admin/vaccines/edit/[id]/page.tsx [Client Component SSR]
    ./src/app/admin/vaccines/edit/[id]/page.tsx [Server Component] @ http://localhost:3000/_next/static/chunks/node_modules_next_dist_1e8vcs8._.js:1052
[  904992ms] [ERROR] ./src/app/admin/vaccines/edit/[id]/page.tsx:170:11
Error: Expected '</', got '}'
  168 |             className="mt-2"
  169 |             disabled={isSubmitting}
> 170 |           } 
      |           ^
  171 |         />
  172 |         </div>
  173 |         <label className="flex items-center gap-2">

Parsing ecmascript source code failed

Import traces:
  Client Component Browser:
    ./src/app/admin/vaccines/edit/[id]/page.tsx [Client Component Browser]
    ./src/app/admin/vaccines/edit/[id]/page.tsx [Server Component]

  Client Component SSR:
    ./src/app/admin/vaccines/edit/[id]/page.tsx [Client Component SSR]
    ./src/app/admin/vaccines/edit/[id]/page.tsx [Server Component] @ http://localhost:3000/_next/static/chunks/node_modules_next_dist_1e8vcs8._.js:1052
[  905064ms] [ERROR] ./src/app/admin/vaccines/edit/[id]/page.tsx:170:11
Error: Expected '</', got '}'
  168 |             className="mt-2"
  169 |             disabled={isSubmitting}
> 170 |           } 
      |           ^
  171 |         />
  172 |         </div>
  173 |         <label className="flex items-center gap-2">

Parsing ecmascript source code failed

Import traces:
  Client Component Browser:
    ./src/app/admin/vaccines/edit/[id]/page.tsx [Client Component Browser]
    ./src/app/admin/vaccines/edit/[id]/page.tsx [Server Component]

  Client Component SSR:
    ./src/app/admin/vaccines/edit/[id]/page.tsx [Client Component SSR]
    ./src/app/admin/vaccines/edit/[id]/page.tsx [Server Component] @ http://localhost:3000/_next/static/chunks/node_modules_next_dist_1e8vcs8._.js:1052
[  905295ms] [ERROR] ./src/app/admin/vaccines/edit/[id]/page.tsx:170:11
Error: Expected '</', got '}'
  168 |             className="mt-2"
  169 |             disabled={isSubmitting}
> 170 |           } 
      |           ^
  171 |         />
  172 |         </div>
  173 |         <label className="flex items-center gap-2">

Parsing ecmascript source code failed

Import traces:
  Client Component Browser:
    ./src/app/admin/vaccines/edit/[id]/page.tsx [Client Component Browser]
    ./src/app/admin/vaccines/edit/[id]/page.tsx [Server Component]

  Client Component SSR:
    ./src/app/admin/vaccines/edit/[id]/page.tsx [Client Component SSR]
    ./src/app/admin/vaccines/edit/[id]/page.tsx [Server Component] @ http://localhost:3000/_next/static/chunks/node_modules_next_dist_1e8vcs8._.js:1052
[  905421ms] [ERROR] ./src/app/admin/vaccines/edit/[id]/page.tsx:170:11
Error: Expected '</', got '}'
  168 |             className="mt-2"
  169 |             disabled={isSubmitting}
> 170 |           } 
      |           ^
  171 |         />
  172 |         </div>
  173 |         <label className="flex items-center gap-2">

Parsing ecmascript source code failed

Import traces:
  Client Component Browser:
    ./src/app/admin/vaccines/edit/[id]/page.tsx [Client Component Browser]
    ./src/app/admin/vaccines/edit/[id]/page.tsx [Server Component]

  Client Component SSR:
    ./src/app/admin/vaccines/edit/[id]/page.tsx [Client Component SSR]
    ./src/app/admin/vaccines/edit/[id]/page.tsx [Server Component] @ http://localhost:3000/_next/static/chunks/node_modules_next_dist_1e8vcs8._.js:1052
[  905521ms] [ERROR] ./src/app/admin/vaccines/edit/[id]/page.tsx:170:11
Error: Expected '</', got '}'
  168 |             className="mt-2"
  169 |             disabled={isSubmitting}
> 170 |           } 
      |           ^
  171 |         />
  172 |         </div>
  173 |         <label className="flex items-center gap-2">

Parsing ecmascript source code failed

Import traces:
  Client Component Browser:
    ./src/app/admin/vaccines/edit/[id]/page.tsx [Client Component Browser]
    ./src/app/admin/vaccines/edit/[id]/page.tsx [Server Component]

  Client Component SSR:
    ./src/app/admin/vaccines/edit/[id]/page.tsx [Client Component SSR]
    ./src/app/admin/vaccines/edit/[id]/page.tsx [Server Component] @ http://localhost:3000/_next/static/chunks/node_modules_next_dist_1e8vcs8._.js:1052
[  905744ms] [ERROR] ./src/app/admin/vaccines/edit/[id]/page.tsx:170:11
Error: Expected '</', got '}'
  168 |             className="mt-2"
  169 |             disabled={isSubmitting}
> 170 |           } 
      |           ^
  171 |         />
  172 |         </div>
  173 |         <label className="flex items-center gap-2">

Parsing ecmascript source code failed

Import traces:
  Client Component Browser:
    ./src/app/admin/vaccines/edit/[id]/page.tsx [Client Component Browser]
    ./src/app/admin/vaccines/edit/[id]/page.tsx [Server Component]

  Client Component SSR:
    ./src/app/admin/vaccines/edit/[id]/page.tsx [Client Component SSR]
    ./src/app/admin/vaccines/edit/[id]/page.tsx [Server Component] @ http://localhost:3000/_next/static/chunks/node_modules_next_dist_1e8vcs8._.js:1052
[  905870ms] [ERROR] ./src/app/admin/vaccines/edit/[id]/page.tsx:170:11
Error: Expected '</', got '}'
  168 |             className="mt-2"
  169 |             disabled={isSubmitting}
> 170 |           } 
      |           ^
  171 |         />
  172 |         </div>
  173 |         <label className="flex items-center gap-2">

Parsing ecmascript source code failed

Import traces:
  Client Component Browser:
    ./src/app/admin/vaccines/edit/[id]/page.tsx [Client Component Browser]
    ./src/app/admin/vaccines/edit/[id]/page.tsx [Server Component]

  Client Component SSR:
    ./src/app/admin/vaccines/edit/[id]/page.tsx [Client Component SSR]
    ./src/app/admin/vaccines/edit/[id]/page.tsx [Server Component] @ http://localhost:3000/_next/static/chunks/node_modules_next_dist_1e8vcs8._.js:1052
[  906028ms] [ERROR] ./src/app/admin/vaccines/edit/[id]/page.tsx:170:11
Error: Expected '</', got '}'
  168 |             className="mt-2"
  169 |             disabled={isSubmitting}
> 170 |           } 
      |           ^
  171 |         />
  172 |         </div>
  173 |         <label className="flex items-center gap-2">

Parsing ecmascript source code failed

Import traces:
  Client Component Browser:
    ./src/app/admin/vaccines/edit/[id]/page.tsx [Client Component Browser]
    ./src/app/admin/vaccines/edit/[id]/page.tsx [Server Component]

  Client Component SSR:
    ./src/app/admin/vaccines/edit/[id]/page.tsx [Client Component SSR]
    ./src/app/admin/vaccines/edit/[id]/page.tsx [Server Component] @ http://localhost:3000/_next/static/chunks/node_modules_next_dist_1e8vcs8._.js:1052
[  906295ms] [ERROR] ./src/app/admin/vaccines/edit/[id]/page.tsx:170:11
Error: Expected '</', got '}'
  168 |             className="mt-2"
  169 |             disabled={isSubmitting}
> 170 |           } 
      |           ^
  171 |         />
  172 |         </div>
  173 |         <label className="flex items-center gap-2">

Parsing ecmascript source code failed

Import traces:
  Client Component Browser:
    ./src/app/admin/vaccines/edit/[id]/page.tsx [Client Component Browser]
    ./src/app/admin/vaccines/edit/[id]/page.tsx [Server Component]

  Client Component SSR:
    ./src/app/admin/vaccines/edit/[id]/page.tsx [Client Component SSR]
    ./src/app/admin/vaccines/edit/[id]/page.tsx [Server Component] @ http://localhost:3000/_next/static/chunks/node_modules_next_dist_1e8vcs8._.js:1052
[  906572ms] [ERROR] ./src/app/admin/vaccines/edit/[id]/page.tsx:170:11
Error: Expected '</', got '}'
  168 |             className="mt-2"
  169 |             disabled={isSubmitting}
> 170 |           } 
      |           ^
  171 |         />
  172 |         </div>
  173 |         <label className="flex items-center gap-2">

Parsing ecmascript source code failed

Import traces:
  Client Component Browser:
    ./src/app/admin/vaccines/edit/[id]/page.tsx [Client Component Browser]
    ./src/app/admin/vaccines/edit/[id]/page.tsx [Server Component]

  Client Component SSR:
    ./src/app/admin/vaccines/edit/[id]/page.tsx [Client Component SSR]
    ./src/app/admin/vaccines/edit/[id]/page.tsx [Server Component] @ http://localhost:3000/_next/static/chunks/node_modules_next_dist_1e8vcs8._.js:1052
[  906891ms] [ERROR] ./src/app/admin/vaccines/edit/[id]/page.tsx:170:11
Error: Expected '</', got '}'
  168 |             className="mt-2"
  169 |             disabled={isSubmitting}
> 170 |           } 
      |           ^
  171 |         />
  172 |         </div>
  173 |         <label className="flex items-center gap-2">

Parsing ecmascript source code failed

Import traces:
  Client Component Browser:
    ./src/app/admin/vaccines/edit/[id]/page.tsx [Client Component Browser]
    ./src/app/admin/vaccines/edit/[id]/page.tsx [Server Component]

  Client Component SSR:
    ./src/app/admin/vaccines/edit/[id]/page.tsx [Client Component SSR]
    ./src/app/admin/vaccines/edit/[id]/page.tsx [Server Component] @ http://localhost:3000/_next/static/chunks/node_modules_next_dist_1e8vcs8._.js:1052
[  907323ms] [ERROR] ./src/app/admin/vaccines/edit/[id]/page.tsx:170:11
Error: Expected '</', got '}'
  168 |             className="mt-2"
  169 |             disabled={isSubmitting}
> 170 |           } 
      |           ^
  171 |         />
  172 |         </div>
  173 |         <label className="flex items-center gap-2">

Parsing ecmascript source code failed

Import traces:
  Client Component Browser:
    ./src/app/admin/vaccines/edit/[id]/page.tsx [Client Component Browser]
    ./src/app/admin/vaccines/edit/[id]/page.tsx [Server Component]

  Client Component SSR:
    ./src/app/admin/vaccines/edit/[id]/page.tsx [Client Component SSR]
    ./src/app/admin/vaccines/edit/[id]/page.tsx [Server Component] @ http://localhost:3000/_next/static/chunks/node_modules_next_dist_1e8vcs8._.js:1052
[  907478ms] [ERROR] ./src/app/admin/vaccines/edit/[id]/page.tsx:170:11
Error: Expected '</', got '}'
  168 |             className="mt-2"
  169 |             disabled={isSubmitting}
> 170 |           } 
      |           ^
  171 |         />
  172 |         </div>
  173 |         <label className="flex items-center gap-2">

Parsing ecmascript source code failed

Import traces:
  Client Component Browser:
    ./src/app/admin/vaccines/edit/[id]/page.tsx [Client Component Browser]
    ./src/app/admin/vaccines/edit/[id]/page.tsx [Server Component]

  Client Component SSR:
    ./src/app/admin/vaccines/edit/[id]/page.tsx [Client Component SSR]
    ./src/app/admin/vaccines/edit/[id]/page.tsx [Server Component] @ http://localhost:3000/_next/static/chunks/node_modules_next_dist_1e8vcs8._.js:1052
[  907870ms] [ERROR] ./src/app/admin/vaccines/edit/[id]/page.tsx:170:11
Error: Expected '</', got '}'
  168 |             className="mt-2"
  169 |             disabled={isSubmitting}
> 170 |           } 
      |           ^
  171 |         />
  172 |         </div>
  173 |         <label className="flex items-center gap-2">

Parsing ecmascript source code failed

Import traces:
  Client Component Browser:
    ./src/app/admin/vaccines/edit/[id]/page.tsx [Client Component Browser]
    ./src/app/admin/vaccines/edit/[id]/page.tsx [Server Component]

  Client Component SSR:
    ./src/app/admin/vaccines/edit/[id]/page.tsx [Client Component SSR]
    ./src/app/admin/vaccines/edit/[id]/page.tsx [Server Component] @ http://localhost:3000/_next/static/chunks/node_modules_next_dist_1e8vcs8._.js:1052
[  908124ms] [ERROR] ./src/app/admin/vaccines/edit/[id]/page.tsx:170:11
Error: Expected '</', got '}'
  168 |             className="mt-2"
  169 |             disabled={isSubmitting}
> 170 |           } 
      |           ^
  171 |         />
  172 |         </div>
  173 |         <label className="flex items-center gap-2">

Parsing ecmascript source code failed

Import traces:
  Client Component Browser:
    ./src/app/admin/vaccines/edit/[id]/page.tsx [Client Component Browser]
    ./src/app/admin/vaccines/edit/[id]/page.tsx [Server Component]

  Client Component SSR:
    ./src/app/admin/vaccines/edit/[id]/page.tsx [Client Component SSR]
    ./src/app/admin/vaccines/edit/[id]/page.tsx [Server Component] @ http://localhost:3000/_next/static/chunks/node_modules_next_dist_1e8vcs8._.js:1052
[  908160ms] [ERROR] ./src/app/admin/vaccines/edit/[id]/page.tsx:170:11
Error: Expected '</', got '}'
  168 |             className="mt-2"
  169 |             disabled={isSubmitting}
> 170 |           } 
      |           ^
  171 |         />
  172 |         </div>
  173 |         <label className="flex items-center gap-2">

Parsing ecmascript source code failed

Import traces:
  Client Component Browser:
    ./src/app/admin/vaccines/edit/[id]/page.tsx [Client Component Browser]
    ./src/app/admin/vaccines/edit/[id]/page.tsx [Server Component]

  Client Component SSR:
    ./src/app/admin/vaccines/edit/[id]/page.tsx [Client Component SSR]
    ./src/app/admin/vaccines/edit/[id]/page.tsx [Server Component] @ http://localhost:3000/_next/static/chunks/node_modules_next_dist_1e8vcs8._.js:1052
[  908428ms] [ERROR] ./src/app/admin/vaccines/edit/[id]/page.tsx:170:11
Error: Expected '</', got '}'
  168 |             className="mt-2"
  169 |             disabled={isSubmitting}
> 170 |           } 
      |           ^
  171 |         />
  172 |         </div>
  173 |         <label className="flex items-center gap-2">

Parsing ecmascript source code failed

Import traces:
  Client Component Browser:
    ./src/app/admin/vaccines/edit/[id]/page.tsx [Client Component Browser]
    ./src/app/admin/vaccines/edit/[id]/page.tsx [Server Component]

  Client Component SSR:
    ./src/app/admin/vaccines/edit/[id]/page.tsx [Client Component SSR]
    ./src/app/admin/vaccines/edit/[id]/page.tsx [Server Component] @ http://localhost:3000/_next/static/chunks/node_modules_next_dist_1e8vcs8._.js:1052
[  908607ms] [ERROR] ./src/app/admin/vaccines/edit/[id]/page.tsx:170:11
Error: Expected '</', got '}'
  168 |             className="mt-2"
  169 |             disabled={isSubmitting}
> 170 |           } 
      |           ^
  171 |         />
  172 |         </div>
  173 |         <label className="flex items-center gap-2">

Parsing ecmascript source code failed

Import traces:
  Client Component Browser:
    ./src/app/admin/vaccines/edit/[id]/page.tsx [Client Component Browser]
    ./src/app/admin/vaccines/edit/[id]/page.tsx [Server Component]

  Client Component SSR:
    ./src/app/admin/vaccines/edit/[id]/page.tsx [Client Component SSR]
    ./src/app/admin/vaccines/edit/[id]/page.tsx [Server Component] @ http://localhost:3000/_next/static/chunks/node_modules_next_dist_1e8vcs8._.js:1052
[  908672ms] [ERROR] ./src/app/admin/vaccines/edit/[id]/page.tsx:170:11
Error: Expected '</', got '}'
  168 |             className="mt-2"
  169 |             disabled={isSubmitting}
> 170 |           } 
      |           ^
  171 |         />
  172 |         </div>
  173 |         <label className="flex items-center gap-2">

Parsing ecmascript source code failed

Import traces:
  Client Component Browser:
    ./src/app/admin/vaccines/edit/[id]/page.tsx [Client Component Browser]
    ./src/app/admin/vaccines/edit/[id]/page.tsx [Server Component]

  Client Component SSR:
    ./src/app/admin/vaccines/edit/[id]/page.tsx [Client Component SSR]
    ./src/app/admin/vaccines/edit/[id]/page.tsx [Server Component] @ http://localhost:3000/_next/static/chunks/node_modules_next_dist_1e8vcs8._.js:1052
[  908923ms] [ERROR] ./src/app/admin/vaccines/edit/[id]/page.tsx:170:11
Error: Expected '</', got '}'
  168 |             className="mt-2"
  169 |             disabled={isSubmitting}
> 170 |           } 
      |           ^
  171 |         />
  172 |         </div>
  173 |         <label className="flex items-center gap-2">

Parsing ecmascript source code failed

Import traces:
  Client Component Browser:
    ./src/app/admin/vaccines/edit/[id]/page.tsx [Client Component Browser]
    ./src/app/admin/vaccines/edit/[id]/page.tsx [Server Component]

  Client Component SSR:
    ./src/app/admin/vaccines/edit/[id]/page.tsx [Client Component SSR]
    ./src/app/admin/vaccines/edit/[id]/page.tsx [Server Component] @ http://localhost:3000/_next/static/chunks/node_modules_next_dist_1e8vcs8._.js:1052
[  909159ms] [ERROR] ./src/app/admin/vaccines/edit/[id]/page.tsx:170:11
Error: Expected '</', got '}'
  168 |             className="mt-2"
  169 |             disabled={isSubmitting}
> 170 |           } 
      |           ^
  171 |         />
  172 |         </div>
  173 |         <label className="flex items-center gap-2">

Parsing ecmascript source code failed

Import traces:
  Client Component Browser:
    ./src/app/admin/vaccines/edit/[id]/page.tsx [Client Component Browser]
    ./src/app/admin/vaccines/edit/[id]/page.tsx [Server Component]

  Client Component SSR:
    ./src/app/admin/vaccines/edit/[id]/page.tsx [Client Component SSR]
    ./src/app/admin/vaccines/edit/[id]/page.tsx [Server Component] @ http://localhost:3000/_next/static/chunks/node_modules_next_dist_1e8vcs8._.js:1052
[  909231ms] [ERROR] ./src/app/admin/vaccines/edit/[id]/page.tsx:170:11
Error: Expected '</', got '}'
  168 |             className="mt-2"
  169 |             disabled={isSubmitting}
> 170 |           } 
      |           ^
  171 |         />
  172 |         </div>
  173 |         <label className="flex items-center gap-2">

Parsing ecmascript source code failed

Import traces:
  Client Component Browser:
    ./src/app/admin/vaccines/edit/[id]/page.tsx [Client Component Browser]
    ./src/app/admin/vaccines/edit/[id]/page.tsx [Server Component]

  Client Component SSR:
    ./src/app/admin/vaccines/edit/[id]/page.tsx [Client Component SSR]
    ./src/app/admin/vaccines/edit/[id]/page.tsx [Server Component] @ http://localhost:3000/_next/static/chunks/node_modules_next_dist_1e8vcs8._.js:1052
[  909604ms] [ERROR] ./src/app/admin/vaccines/edit/[id]/page.tsx:170:11
Error: Expected '</', got '}'
  168 |             className="mt-2"
  169 |             disabled={isSubmitting}
> 170 |           } 
      |           ^
  171 |         />
  172 |         </div>
  173 |         <label className="flex items-center gap-2">

Parsing ecmascript source code failed

Import traces:
  Client Component Browser:
    ./src/app/admin/vaccines/edit/[id]/page.tsx [Client Component Browser]
    ./src/app/admin/vaccines/edit/[id]/page.tsx [Server Component]

  Client Component SSR:
    ./src/app/admin/vaccines/edit/[id]/page.tsx [Client Component SSR]
    ./src/app/admin/vaccines/edit/[id]/page.tsx [Server Component] @ http://localhost:3000/_next/static/chunks/node_modules_next_dist_1e8vcs8._.js:1052
[  909737ms] [ERROR] ./src/app/admin/vaccines/edit/[id]/page.tsx:170:11
Error: Expected '</', got '}'
  168 |             className="mt-2"
  169 |             disabled={isSubmitting}
> 170 |           } 
      |           ^
  171 |         />
  172 |         </div>
  173 |         <label className="flex items-center gap-2">

Parsing ecmascript source code failed

Import traces:
  Client Component Browser:
    ./src/app/admin/vaccines/edit/[id]/page.tsx [Client Component Browser]
    ./src/app/admin/vaccines/edit/[id]/page.tsx [Server Component]

  Client Component SSR:
    ./src/app/admin/vaccines/edit/[id]/page.tsx [Client Component SSR]
    ./src/app/admin/vaccines/edit/[id]/page.tsx [Server Component] @ http://localhost:3000/_next/static/chunks/node_modules_next_dist_1e8vcs8._.js:1052
[  909907ms] [ERROR] ./src/app/admin/vaccines/edit/[id]/page.tsx:170:11
Error: Expected '</', got '}'
  168 |             className="mt-2"
  169 |             disabled={isSubmitting}
> 170 |           } 
      |           ^
  171 |         />
  172 |         </div>
  173 |         <label className="flex items-center gap-2">

Parsing ecmascript source code failed

Import traces:
  Client Component Browser:
    ./src/app/admin/vaccines/edit/[id]/page.tsx [Client Component Browser]
    ./src/app/admin/vaccines/edit/[id]/page.tsx [Server Component]

  Client Component SSR:
    ./src/app/admin/vaccines/edit/[id]/page.tsx [Client Component SSR]
    ./src/app/admin/vaccines/edit/[id]/page.tsx [Server Component] @ http://localhost:3000/_next/static/chunks/node_modules_next_dist_1e8vcs8._.js:1052
[  910164ms] [ERROR] ./src/app/admin/vaccines/edit/[id]/page.tsx:170:11
Error: Expected '</', got '}'
  168 |             className="mt-2"
  169 |             disabled={isSubmitting}
> 170 |           } 
      |           ^
  171 |         />
  172 |         </div>
  173 |         <label className="flex items-center gap-2">

Parsing ecmascript source code failed

Import traces:
  Client Component Browser:
    ./src/app/admin/vaccines/edit/[id]/page.tsx [Client Component Browser]
    ./src/app/admin/vaccines/edit/[id]/page.tsx [Server Component]

  Client Component SSR:
    ./src/app/admin/vaccines/edit/[id]/page.tsx [Client Component SSR]
    ./src/app/admin/vaccines/edit/[id]/page.tsx [Server Component] @ http://localhost:3000/_next/static/chunks/node_modules_next_dist_1e8vcs8._.js:1052
[  910216ms] [ERROR] ./src/app/admin/vaccines/edit/[id]/page.tsx:170:11
Error: Expected '</', got '}'
  168 |             className="mt-2"
  169 |             disabled={isSubmitting}
> 170 |           } 
      |           ^
  171 |         />
  172 |         </div>
  173 |         <label className="flex items-center gap-2">

Parsing ecmascript source code failed

Import traces:
  Client Component Browser:
    ./src/app/admin/vaccines/edit/[id]/page.tsx [Client Component Browser]
    ./src/app/admin/vaccines/edit/[id]/page.tsx [Server Component]

  Client Component SSR:
    ./src/app/admin/vaccines/edit/[id]/page.tsx [Client Component SSR]
    ./src/app/admin/vaccines/edit/[id]/page.tsx [Server Component] @ http://localhost:3000/_next/static/chunks/node_modules_next_dist_1e8vcs8._.js:1052
[  910477ms] [ERROR] ./src/app/admin/vaccines/edit/[id]/page.tsx:170:11
Error: Expected '</', got '}'
  168 |             className="mt-2"
  169 |             disabled={isSubmitting}
> 170 |           } 
      |           ^
  171 |         />
  172 |         </div>
  173 |         <label className="flex items-center gap-2">

Parsing ecmascript source code failed

Import traces:
  Client Component Browser:
    ./src/app/admin/vaccines/edit/[id]/page.tsx [Client Component Browser]
    ./src/app/admin/vaccines/edit/[id]/page.tsx [Server Component]

  Client Component SSR:
    ./src/app/admin/vaccines/edit/[id]/page.tsx [Client Component SSR]
    ./src/app/admin/vaccines/edit/[id]/page.tsx [Server Component] @ http://localhost:3000/_next/static/chunks/node_modules_next_dist_1e8vcs8._.js:1052
[  910720ms] [ERROR] ./src/app/admin/vaccines/edit/[id]/page.tsx:170:11
Error: Expected '</', got '}'
  168 |             className="mt-2"
  169 |             disabled={isSubmitting}
> 170 |           } 
      |           ^
  171 |         />
  172 |         </div>
  173 |         <label className="flex items-center gap-2">

Parsing ecmascript source code failed

Import traces:
  Client Component Browser:
    ./src/app/admin/vaccines/edit/[id]/page.tsx [Client Component Browser]
    ./src/app/admin/vaccines/edit/[id]/page.tsx [Server Component]

  Client Component SSR:
    ./src/app/admin/vaccines/edit/[id]/page.tsx [Client Component SSR]
    ./src/app/admin/vaccines/edit/[id]/page.tsx [Server Component] @ http://localhost:3000/_next/static/chunks/node_modules_next_dist_1e8vcs8._.js:1052
[  910767ms] [ERROR] ./src/app/admin/vaccines/edit/[id]/page.tsx:170:11
Error: Expected '</', got '}'
  168 |             className="mt-2"
  169 |             disabled={isSubmitting}
> 170 |           } 
      |           ^
  171 |         />
  172 |         </div>
  173 |         <label className="flex items-center gap-2">

Parsing ecmascript source code failed

Import traces:
  Client Component Browser:
    ./src/app/admin/vaccines/edit/[id]/page.tsx [Client Component Browser]
    ./src/app/admin/vaccines/edit/[id]/page.tsx [Server Component]

  Client Component SSR:
    ./src/app/admin/vaccines/edit/[id]/page.tsx [Client Component SSR]
    ./src/app/admin/vaccines/edit/[id]/page.tsx [Server Component] @ http://localhost:3000/_next/static/chunks/node_modules_next_dist_1e8vcs8._.js:1052
[  911044ms] [ERROR] ./src/app/admin/vaccines/edit/[id]/page.tsx:170:11
Error: Expected '</', got '}'
  168 |             className="mt-2"
  169 |             disabled={isSubmitting}
> 170 |           } 
      |           ^
  171 |         />
  172 |         </div>
  173 |         <label className="flex items-center gap-2">

Parsing ecmascript source code failed

Import traces:
  Client Component Browser:
    ./src/app/admin/vaccines/edit/[id]/page.tsx [Client Component Browser]
    ./src/app/admin/vaccines/edit/[id]/page.tsx [Server Component]

  Client Component SSR:
    ./src/app/admin/vaccines/edit/[id]/page.tsx [Client Component SSR]
    ./src/app/admin/vaccines/edit/[id]/page.tsx [Server Component] @ http://localhost:3000/_next/static/chunks/node_modules_next_dist_1e8vcs8._.js:1052
[  911204ms] [ERROR] ./src/app/admin/vaccines/edit/[id]/page.tsx:170:11
Error: Expected '</', got '}'
  168 |             className="mt-2"
  169 |             disabled={isSubmitting}
> 170 |           } 
      |           ^
  171 |         />
  172 |         </div>
  173 |         <label className="flex items-center gap-2">

Parsing ecmascript source code failed

Import traces:
  Client Component Browser:
    ./src/app/admin/vaccines/edit/[id]/page.tsx [Client Component Browser]
    ./src/app/admin/vaccines/edit/[id]/page.tsx [Server Component]

  Client Component SSR:
    ./src/app/admin/vaccines/edit/[id]/page.tsx [Client Component SSR]
    ./src/app/admin/vaccines/edit/[id]/page.tsx [Server Component] @ http://localhost:3000/_next/static/chunks/node_modules_next_dist_1e8vcs8._.js:1052
[  911340ms] [ERROR] ./src/app/admin/vaccines/edit/[id]/page.tsx:170:11
Error: Expected '</', got '}'
  168 |             className="mt-2"
  169 |             disabled={isSubmitting}
> 170 |           } 
      |           ^
  171 |         />
  172 |         </div>
  173 |         <label className="flex items-center gap-2">

Parsing ecmascript source code failed

Import traces:
  Client Component Browser:
    ./src/app/admin/vaccines/edit/[id]/page.tsx [Client Component Browser]
    ./src/app/admin/vaccines/edit/[id]/page.tsx [Server Component]

  Client Component SSR:
    ./src/app/admin/vaccines/edit/[id]/page.tsx [Client Component SSR]
    ./src/app/admin/vaccines/edit/[id]/page.tsx [Server Component] @ http://localhost:3000/_next/static/chunks/node_modules_next_dist_1e8vcs8._.js:1052
[  911641ms] [ERROR] ./src/app/admin/vaccines/edit/[id]/page.tsx:170:11
Error: Expected '</', got '}'
  168 |             className="mt-2"
  169 |             disabled={isSubmitting}
> 170 |           } 
      |           ^
  171 |         />
  172 |         </div>
  173 |         <label className="flex items-center gap-2">

Parsing ecmascript source code failed

Import traces:
  Client Component Browser:
    ./src/app/admin/vaccines/edit/[id]/page.tsx [Client Component Browser]
    ./src/app/admin/vaccines/edit/[id]/page.tsx [Server Component]

  Client Component SSR:
    ./src/app/admin/vaccines/edit/[id]/page.tsx [Client Component SSR]
    ./src/app/admin/vaccines/edit/[id]/page.tsx [Server Component] @ http://localhost:3000/_next/static/chunks/node_modules_next_dist_1e8vcs8._.js:1052
[  911751ms] [ERROR] ./src/app/admin/vaccines/edit/[id]/page.tsx:170:11
Error: Expected '</', got '}'
  168 |             className="mt-2"
  169 |             disabled={isSubmitting}
> 170 |           } 
      |           ^
  171 |         />
  172 |         </div>
  173 |         <label className="flex items-center gap-2">

Parsing ecmascript source code failed

Import traces:
  Client Component Browser:
    ./src/app/admin/vaccines/edit/[id]/page.tsx [Client Component Browser]
    ./src/app/admin/vaccines/edit/[id]/page.tsx [Server Component]

  Client Component SSR:
    ./src/app/admin/vaccines/edit/[id]/page.tsx [Client Component SSR]
    ./src/app/admin/vaccines/edit/[id]/page.tsx [Server Component] @ http://localhost:3000/_next/static/chunks/node_modules_next_dist_1e8vcs8._.js:1052
[  911932ms] [ERROR] ./src/app/admin/vaccines/edit/[id]/page.tsx:170:11
Error: Expected '</', got '}'
  168 |             className="mt-2"
  169 |             disabled={isSubmitting}
> 170 |           } 
      |           ^
  171 |         />
  172 |         </div>
  173 |         <label className="flex items-center gap-2">

Parsing ecmascript source code failed

Import traces:
  Client Component Browser:
    ./src/app/admin/vaccines/edit/[id]/page.tsx [Client Component Browser]
    ./src/app/admin/vaccines/edit/[id]/page.tsx [Server Component]

  Client Component SSR:
    ./src/app/admin/vaccines/edit/[id]/page.tsx [Client Component SSR]
    ./src/app/admin/vaccines/edit/[id]/page.tsx [Server Component] @ http://localhost:3000/_next/static/chunks/node_modules_next_dist_1e8vcs8._.js:1052
[  912170ms] [ERROR] ./src/app/admin/vaccines/edit/[id]/page.tsx:170:11
Error: Expected '</', got '}'
  168 |             className="mt-2"
  169 |             disabled={isSubmitting}
> 170 |           } 
      |           ^
  171 |         />
  172 |         </div>
  173 |         <label className="flex items-center gap-2">

Parsing ecmascript source code failed

Import traces:
  Client Component Browser:
    ./src/app/admin/vaccines/edit/[id]/page.tsx [Client Component Browser]
    ./src/app/admin/vaccines/edit/[id]/page.tsx [Server Component]

  Client Component SSR:
    ./src/app/admin/vaccines/edit/[id]/page.tsx [Client Component SSR]
    ./src/app/admin/vaccines/edit/[id]/page.tsx [Server Component] @ http://localhost:3000/_next/static/chunks/node_modules_next_dist_1e8vcs8._.js:1052
[  912237ms] [ERROR] ./src/app/admin/vaccines/edit/[id]/page.tsx:170:11
Error: Expected '</', got '}'
  168 |             className="mt-2"
  169 |             disabled={isSubmitting}
> 170 |           } 
      |           ^
  171 |         />
  172 |         </div>
  173 |         <label className="flex items-center gap-2">

Parsing ecmascript source code failed

Import traces:
  Client Component Browser:
    ./src/app/admin/vaccines/edit/[id]/page.tsx [Client Component Browser]
    ./src/app/admin/vaccines/edit/[id]/page.tsx [Server Component]

  Client Component SSR:
    ./src/app/admin/vaccines/edit/[id]/page.tsx [Client Component SSR]
    ./src/app/admin/vaccines/edit/[id]/page.tsx [Server Component] @ http://localhost:3000/_next/static/chunks/node_modules_next_dist_1e8vcs8._.js:1052
[  912418ms] [ERROR] ./src/app/admin/vaccines/edit/[id]/page.tsx:170:11
Error: Expected '</', got '}'
  168 |             className="mt-2"
  169 |             disabled={isSubmitting}
> 170 |           } 
      |           ^
  171 |         />
  172 |         </div>
  173 |         <label className="flex items-center gap-2">

Parsing ecmascript source code failed

Import traces:
  Client Component Browser:
    ./src/app/admin/vaccines/edit/[id]/page.tsx [Client Component Browser]
    ./src/app/admin/vaccines/edit/[id]/page.tsx [Server Component]

  Client Component SSR:
    ./src/app/admin/vaccines/edit/[id]/page.tsx [Client Component SSR]
    ./src/app/admin/vaccines/edit/[id]/page.tsx [Server Component] @ http://localhost:3000/_next/static/chunks/node_modules_next_dist_1e8vcs8._.js:1052
[  912647ms] [ERROR] ./src/app/admin/vaccines/edit/[id]/page.tsx:170:11
Error: Expected '</', got '}'
  168 |             className="mt-2"
  169 |             disabled={isSubmitting}
> 170 |           } 
      |           ^
  171 |         />
  172 |         </div>
  173 |         <label className="flex items-center gap-2">

Parsing ecmascript source code failed

Import traces:
  Client Component Browser:
    ./src/app/admin/vaccines/edit/[id]/page.tsx [Client Component Browser]
    ./src/app/admin/vaccines/edit/[id]/page.tsx [Server Component]

  Client Component SSR:
    ./src/app/admin/vaccines/edit/[id]/page.tsx [Client Component SSR]
    ./src/app/admin/vaccines/edit/[id]/page.tsx [Server Component] @ http://localhost:3000/_next/static/chunks/node_modules_next_dist_1e8vcs8._.js:1052
[  912722ms] [ERROR] ./src/app/admin/vaccines/edit/[id]/page.tsx:170:11
Error: Expected '</', got '}'
  168 |             className="mt-2"
  169 |             disabled={isSubmitting}
> 170 |           } 
      |           ^
  171 |         />
  172 |         </div>
  173 |         <label className="flex items-center gap-2">

Parsing ecmascript source code failed

Import traces:
  Client Component Browser:
    ./src/app/admin/vaccines/edit/[id]/page.tsx [Client Component Browser]
    ./src/app/admin/vaccines/edit/[id]/page.tsx [Server Component]

  Client Component SSR:
    ./src/app/admin/vaccines/edit/[id]/page.tsx [Client Component SSR]
    ./src/app/admin/vaccines/edit/[id]/page.tsx [Server Component] @ http://localhost:3000/_next/static/chunks/node_modules_next_dist_1e8vcs8._.js:1052
[  912890ms] [ERROR] ./src/app/admin/vaccines/edit/[id]/page.tsx:170:11
Error: Expected '</', got '}'
  168 |             className="mt-2"
  169 |             disabled={isSubmitting}
> 170 |           } 
      |           ^
  171 |         />
  172 |         </div>
  173 |         <label className="flex items-center gap-2">

Parsing ecmascript source code failed

Import traces:
  Client Component Browser:
    ./src/app/admin/vaccines/edit/[id]/page.tsx [Client Component Browser]
    ./src/app/admin/vaccines/edit/[id]/page.tsx [Server Component]

  Client Component SSR:
    ./src/app/admin/vaccines/edit/[id]/page.tsx [Client Component SSR]
    ./src/app/admin/vaccines/edit/[id]/page.tsx [Server Component] @ http://localhost:3000/_next/static/chunks/node_modules_next_dist_1e8vcs8._.js:1052
[  913193ms] [ERROR] ./src/app/admin/vaccines/edit/[id]/page.tsx:170:11
Error: Expected '</', got '}'
  168 |             className="mt-2"
  169 |             disabled={isSubmitting}
> 170 |           } 
      |           ^
  171 |         />
  172 |         </div>
  173 |         <label className="flex items-center gap-2">

Parsing ecmascript source code failed

Import traces:
  Client Component Browser:
    ./src/app/admin/vaccines/edit/[id]/page.tsx [Client Component Browser]
    ./src/app/admin/vaccines/edit/[id]/page.tsx [Server Component]

  Client Component SSR:
    ./src/app/admin/vaccines/edit/[id]/page.tsx [Client Component SSR]
    ./src/app/admin/vaccines/edit/[id]/page.tsx [Server Component] @ http://localhost:3000/_next/static/chunks/node_modules_next_dist_1e8vcs8._.js:1052
[  913368ms] [ERROR] ./src/app/admin/vaccines/edit/[id]/page.tsx:170:11
Error: Expected '</', got '}'
  168 |             className="mt-2"
  169 |             disabled={isSubmitting}
> 170 |           } 
      |           ^
  171 |         />
  172 |         </div>
  173 |         <label className="flex items-center gap-2">

Parsing ecmascript source code failed

Import traces:
  Client Component Browser:
    ./src/app/admin/vaccines/edit/[id]/page.tsx [Client Component Browser]
    ./src/app/admin/vaccines/edit/[id]/page.tsx [Server Component]

  Client Component SSR:
    ./src/app/admin/vaccines/edit/[id]/page.tsx [Client Component SSR]
    ./src/app/admin/vaccines/edit/[id]/page.tsx [Server Component] @ http://localhost:3000/_next/static/chunks/node_modules_next_dist_1e8vcs8._.js:1052
[  913534ms] [ERROR] ./src/app/admin/vaccines/edit/[id]/page.tsx:170:11
Error: Expected '</', got '}'
  168 |             className="mt-2"
  169 |             disabled={isSubmitting}
> 170 |           } 
      |           ^
  171 |         />
  172 |         </div>
  173 |         <label className="flex items-center gap-2">

Parsing ecmascript source code failed

Import traces:
  Client Component Browser:
    ./src/app/admin/vaccines/edit/[id]/page.tsx [Client Component Browser]
    ./src/app/admin/vaccines/edit/[id]/page.tsx [Server Component]

  Client Component SSR:
    ./src/app/admin/vaccines/edit/[id]/page.tsx [Client Component SSR]
    ./src/app/admin/vaccines/edit/[id]/page.tsx [Server Component] @ http://localhost:3000/_next/static/chunks/node_modules_next_dist_1e8vcs8._.js:1052
[  913915ms] [ERROR] ./src/app/admin/vaccines/edit/[id]/page.tsx:170:11
Error: Expected '</', got '}'
  168 |             className="mt-2"
  169 |             disabled={isSubmitting}
> 170 |           } 
      |           ^
  171 |         />
  172 |         </div>
  173 |         <label className="flex items-center gap-2">

Parsing ecmascript source code failed

Import traces:
  Client Component Browser:
    ./src/app/admin/vaccines/edit/[id]/page.tsx [Client Component Browser]
    ./src/app/admin/vaccines/edit/[id]/page.tsx [Server Component]

  Client Component SSR:
    ./src/app/admin/vaccines/edit/[id]/page.tsx [Client Component SSR]
    ./src/app/admin/vaccines/edit/[id]/page.tsx [Server Component] @ http://localhost:3000/_next/static/chunks/node_modules_next_dist_1e8vcs8._.js:1052
[  913985ms] [ERROR] ./src/app/admin/vaccines/edit/[id]/page.tsx:170:11
Error: Expected '</', got '}'
  168 |             className="mt-2"
  169 |             disabled={isSubmitting}
> 170 |           } 
      |           ^
  171 |         />
  172 |         </div>
  173 |         <label className="flex items-center gap-2">

Parsing ecmascript source code failed

Import traces:
  Client Component Browser:
    ./src/app/admin/vaccines/edit/[id]/page.tsx [Client Component Browser]
    ./src/app/admin/vaccines/edit/[id]/page.tsx [Server Component]

  Client Component SSR:
    ./src/app/admin/vaccines/edit/[id]/page.tsx [Client Component SSR]
    ./src/app/admin/vaccines/edit/[id]/page.tsx [Server Component] @ http://localhost:3000/_next/static/chunks/node_modules_next_dist_1e8vcs8._.js:1052
[  914458ms] [ERROR] ./src/app/admin/vaccines/edit/[id]/page.tsx:170:11
Error: Expected '</', got '}'
  168 |             className="mt-2"
  169 |             disabled={isSubmitting}
> 170 |           } 
      |           ^
  171 |         />
  172 |         </div>
  173 |         <label className="flex items-center gap-2">

Parsing ecmascript source code failed

Import traces:
  Client Component Browser:
    ./src/app/admin/vaccines/edit/[id]/page.tsx [Client Component Browser]
    ./src/app/admin/vaccines/edit/[id]/page.tsx [Server Component]

  Client Component SSR:
    ./src/app/admin/vaccines/edit/[id]/page.tsx [Client Component SSR]
    ./src/app/admin/vaccines/edit/[id]/page.tsx [Server Component] @ http://localhost:3000/_next/static/chunks/node_modules_next_dist_1e8vcs8._.js:1052
[  914834ms] [ERROR] ./src/app/admin/vaccines/edit/[id]/page.tsx:170:11
Error: Expected '</', got '}'
  168 |             className="mt-2"
  169 |             disabled={isSubmitting}
> 170 |           } 
      |           ^
  171 |         />
  172 |         </div>
  173 |         <label className="flex items-center gap-2">

Parsing ecmascript source code failed

Import traces:
  Client Component Browser:
    ./src/app/admin/vaccines/edit/[id]/page.tsx [Client Component Browser]
    ./src/app/admin/vaccines/edit/[id]/page.tsx [Server Component]

  Client Component SSR:
    ./src/app/admin/vaccines/edit/[id]/page.tsx [Client Component SSR]
    ./src/app/admin/vaccines/edit/[id]/page.tsx [Server Component] @ http://localhost:3000/_next/static/chunks/node_modules_next_dist_1e8vcs8._.js:1052
[  915026ms] [ERROR] ./src/app/admin/vaccines/edit/[id]/page.tsx:170:11
Error: Expected '</', got '}'
  168 |             className="mt-2"
  169 |             disabled={isSubmitting}
> 170 |           } 
      |           ^
  171 |         />
  172 |         </div>
  173 |         <label className="flex items-center gap-2">

Parsing ecmascript source code failed

Import traces:
  Client Component Browser:
    ./src/app/admin/vaccines/edit/[id]/page.tsx [Client Component Browser]
    ./src/app/admin/vaccines/edit/[id]/page.tsx [Server Component]

  Client Component SSR:
    ./src/app/admin/vaccines/edit/[id]/page.tsx [Client Component SSR]
    ./src/app/admin/vaccines/edit/[id]/page.tsx [Server Component] @ http://localhost:3000/_next/static/chunks/node_modules_next_dist_1e8vcs8._.js:1052
[  915300ms] [LOG] [Fast Refresh] rebuilding @ http://localhost:3000/_next/static/chunks/node_modules_next_dist_1e8vcs8._.js:776
[  918941ms] [ERROR] ./src/app/admin/vaccines/edit/[id]/page.tsx:170:11
Error: Expected '</', got '}'
  168 |             className="mt-2"
  169 |             disabled={isSubmitting}
> 170 |           } 
      |           ^
  171 |         />
  172 |         </div>
  173 |         <label className="flex items-center gap-2">

Parsing ecmascript source code failed

Import traces:
  Client Component Browser:
    ./src/app/admin/vaccines/edit/[id]/page.tsx [Client Component Browser]
    ./src/app/admin/vaccines/edit/[id]/page.tsx [Server Component]

  Client Component SSR:
    ./src/app/admin/vaccines/edit/[id]/page.tsx [Client Component SSR]
    ./src/app/admin/vaccines/edit/[id]/page.tsx [Server Component] @ http://localhost:3000/_next/static/chunks/node_modules_next_dist_1e8vcs8._.js:1052
[  919921ms] [ERROR] ./src/app/admin/vaccines/edit/[id]/page.tsx:170:11
Error: Expected '</', got '}'
  168 |             className="mt-2"
  169 |             disabled={isSubmitting}
> 170 |           } 
      |           ^
  171 |         />
  172 |         </div>
  173 |         <label className="flex items-center gap-2">

Parsing ecmascript source code failed

Import traces:
  Client Component Browser:
    ./src/app/admin/vaccines/edit/[id]/page.tsx [Client Component Browser]
    ./src/app/admin/vaccines/edit/[id]/page.tsx [Server Component]

  Client Component SSR:
    ./src/app/admin/vaccines/edit/[id]/page.tsx [Client Component SSR]
    ./src/app/admin/vaccines/edit/[id]/page.tsx [Server Component] @ http://localhost:3000/_next/static/chunks/node_modules_next_dist_1e8vcs8._.js:1052
[  920455ms] [ERROR] ./src/app/admin/vaccines/edit/[id]/page.tsx:170:11
Error: Expected '</', got '}'
  168 |             className="mt-2"
  169 |             disabled={isSubmitting}
> 170 |           } 
      |           ^
  171 |         />
  172 |         </div>
  173 |         <label className="flex items-center gap-2">

Parsing ecmascript source code failed

Import traces:
  Client Component Browser:
    ./src/app/admin/vaccines/edit/[id]/page.tsx [Client Component Browser]
    ./src/app/admin/vaccines/edit/[id]/page.tsx [Server Component]

  Client Component SSR:
    ./src/app/admin/vaccines/edit/[id]/page.tsx [Client Component SSR]
    ./src/app/admin/vaccines/edit/[id]/page.tsx [Server Component] @ http://localhost:3000/_next/static/chunks/node_modules_next_dist_1e8vcs8._.js:1052
[  920568ms] [ERROR] ./src/app/admin/vaccines/edit/[id]/page.tsx:170:11
Error: Expected '</', got '}'
  168 |             className="mt-2"
  169 |             disabled={isSubmitting}
> 170 |           } 
      |           ^
  171 |         />
  172 |         </div>
  173 |         <label className="flex items-center gap-2">

Parsing ecmascript source code failed

Import traces:
  Client Component Browser:
    ./src/app/admin/vaccines/edit/[id]/page.tsx [Client Component Browser]
    ./src/app/admin/vaccines/edit/[id]/page.tsx [Server Component]

  Client Component SSR:
    ./src/app/admin/vaccines/edit/[id]/page.tsx [Client Component SSR]
    ./src/app/admin/vaccines/edit/[id]/page.tsx [Server Component] @ http://localhost:3000/_next/static/chunks/node_modules_next_dist_1e8vcs8._.js:1052
[  920958ms] [ERROR] ./src/app/admin/vaccines/edit/[id]/page.tsx:170:11
Error: Expected '</', got '}'
  168 |             className="mt-2"
  169 |             disabled={isSubmitting}
> 170 |           } 
      |           ^
  171 |         />
  172 |         </div>
  173 |         <label className="flex items-center gap-2">

Parsing ecmascript source code failed

Import traces:
  Client Component Browser:
    ./src/app/admin/vaccines/edit/[id]/page.tsx [Client Component Browser]
    ./src/app/admin/vaccines/edit/[id]/page.tsx [Server Component]

  Client Component SSR:
    ./src/app/admin/vaccines/edit/[id]/page.tsx [Client Component SSR]
    ./src/app/admin/vaccines/edit/[id]/page.tsx [Server Component] @ http://localhost:3000/_next/static/chunks/node_modules_next_dist_1e8vcs8._.js:1052
[  921150ms] [ERROR] ./src/app/admin/vaccines/edit/[id]/page.tsx:170:11
Error: Expected '</', got '}'
  168 |             className="mt-2"
  169 |             disabled={isSubmitting}
> 170 |           } 
      |           ^
  171 |         />
  172 |         </div>
  173 |         <label className="flex items-center gap-2">

Parsing ecmascript source code failed

Import traces:
  Client Component Browser:
    ./src/app/admin/vaccines/edit/[id]/page.tsx [Client Component Browser]
    ./src/app/admin/vaccines/edit/[id]/page.tsx [Server Component]

  Client Component SSR:
    ./src/app/admin/vaccines/edit/[id]/page.tsx [Client Component SSR]
    ./src/app/admin/vaccines/edit/[id]/page.tsx [Server Component] @ http://localhost:3000/_next/static/chunks/node_modules_next_dist_1e8vcs8._.js:1052
[  921214ms] [ERROR] ./src/app/admin/vaccines/edit/[id]/page.tsx:170:11
Error: Expected '</', got '}'
  168 |             className="mt-2"
  169 |             disabled={isSubmitting}
> 170 |           } 
      |           ^
  171 |         />
  172 |         </div>
  173 |         <label className="flex items-center gap-2">

Parsing ecmascript source code failed

Import traces:
  Client Component Browser:
    ./src/app/admin/vaccines/edit/[id]/page.tsx [Client Component Browser]
    ./src/app/admin/vaccines/edit/[id]/page.tsx [Server Component]

  Client Component SSR:
    ./src/app/admin/vaccines/edit/[id]/page.tsx [Client Component SSR]
    ./src/app/admin/vaccines/edit/[id]/page.tsx [Server Component] @ http://localhost:3000/_next/static/chunks/node_modules_next_dist_1e8vcs8._.js:1052
[  921459ms] [ERROR] ./src/app/admin/vaccines/edit/[id]/page.tsx:170:11
Error: Expected '</', got '}'
  168 |             className="mt-2"
  169 |             disabled={isSubmitting}
> 170 |           } 
      |           ^
  171 |         />
  172 |         </div>
  173 |         <label className="flex items-center gap-2">

Parsing ecmascript source code failed

Import traces:
  Client Component Browser:
    ./src/app/admin/vaccines/edit/[id]/page.tsx [Client Component Browser]
    ./src/app/admin/vaccines/edit/[id]/page.tsx [Server Component]

  Client Component SSR:
    ./src/app/admin/vaccines/edit/[id]/page.tsx [Client Component SSR]
    ./src/app/admin/vaccines/edit/[id]/page.tsx [Server Component] @ http://localhost:3000/_next/static/chunks/node_modules_next_dist_1e8vcs8._.js:1052
[  921635ms] [ERROR] ./src/app/admin/vaccines/edit/[id]/page.tsx:170:11
Error: Expected '</', got '}'
  168 |             className="mt-2"
  169 |             disabled={isSubmitting}
> 170 |           } 
      |           ^
  171 |         />
  172 |         </div>
  173 |         <label className="flex items-center gap-2">

Parsing ecmascript source code failed

Import traces:
  Client Component Browser:
    ./src/app/admin/vaccines/edit/[id]/page.tsx [Client Component Browser]
    ./src/app/admin/vaccines/edit/[id]/page.tsx [Server Component]

  Client Component SSR:
    ./src/app/admin/vaccines/edit/[id]/page.tsx [Client Component SSR]
    ./src/app/admin/vaccines/edit/[id]/page.tsx [Server Component] @ http://localhost:3000/_next/static/chunks/node_modules_next_dist_1e8vcs8._.js:1052
[  921725ms] [ERROR] ./src/app/admin/vaccines/edit/[id]/page.tsx:170:11
Error: Expected '</', got '}'
  168 |             className="mt-2"
  169 |             disabled={isSubmitting}
> 170 |           } 
      |           ^
  171 |         />
  172 |         </div>
  173 |         <label className="flex items-center gap-2">

Parsing ecmascript source code failed

Import traces:
  Client Component Browser:
    ./src/app/admin/vaccines/edit/[id]/page.tsx [Client Component Browser]
    ./src/app/admin/vaccines/edit/[id]/page.tsx [Server Component]

  Client Component SSR:
    ./src/app/admin/vaccines/edit/[id]/page.tsx [Client Component SSR]
    ./src/app/admin/vaccines/edit/[id]/page.tsx [Server Component] @ http://localhost:3000/_next/static/chunks/node_modules_next_dist_1e8vcs8._.js:1052
[  922036ms] [ERROR] ./src/app/admin/vaccines/edit/[id]/page.tsx:170:11
Error: Expected '</', got '}'
  168 |             className="mt-2"
  169 |             disabled={isSubmitting}
> 170 |           } 
      |           ^
  171 |         />
  172 |         </div>
  173 |         <label className="flex items-center gap-2">

Parsing ecmascript source code failed

Import traces:
  Client Component Browser:
    ./src/app/admin/vaccines/edit/[id]/page.tsx [Client Component Browser]
    ./src/app/admin/vaccines/edit/[id]/page.tsx [Server Component]

  Client Component SSR:
    ./src/app/admin/vaccines/edit/[id]/page.tsx [Client Component SSR]
    ./src/app/admin/vaccines/edit/[id]/page.tsx [Server Component] @ http://localhost:3000/_next/static/chunks/node_modules_next_dist_1e8vcs8._.js:1052
[  922183ms] [ERROR] ./src/app/admin/vaccines/edit/[id]/page.tsx:170:11
Error: Expected '</', got '}'
  168 |             className="mt-2"
  169 |             disabled={isSubmitting}
> 170 |           } 
      |           ^
  171 |         />
  172 |         </div>
  173 |         <label className="flex items-center gap-2">

Parsing ecmascript source code failed

Import traces:
  Client Component Browser:
    ./src/app/admin/vaccines/edit/[id]/page.tsx [Client Component Browser]
    ./src/app/admin/vaccines/edit/[id]/page.tsx [Server Component]

  Client Component SSR:
    ./src/app/admin/vaccines/edit/[id]/page.tsx [Client Component SSR]
    ./src/app/admin/vaccines/edit/[id]/page.tsx [Server Component] @ http://localhost:3000/_next/static/chunks/node_modules_next_dist_1e8vcs8._.js:1052
[  922511ms] [ERROR] ./src/app/admin/vaccines/edit/[id]/page.tsx:170:11
Error: Expected '</', got '}'
  168 |             className="mt-2"
  169 |             disabled={isSubmitting}
> 170 |           } 
      |           ^
  171 |         />
  172 |         </div>
  173 |         <label className="flex items-center gap-2">

Parsing ecmascript source code failed

Import traces:
  Client Component Browser:
    ./src/app/admin/vaccines/edit/[id]/page.tsx [Client Component Browser]
    ./src/app/admin/vaccines/edit/[id]/page.tsx [Server Component]

  Client Component SSR:
    ./src/app/admin/vaccines/edit/[id]/page.tsx [Client Component SSR]
    ./src/app/admin/vaccines/edit/[id]/page.tsx [Server Component] @ http://localhost:3000/_next/static/chunks/node_modules_next_dist_1e8vcs8._.js:1052
[  922972ms] [ERROR] ./src/app/admin/vaccines/edit/[id]/page.tsx:170:11
Error: Expected '</', got '}'
  168 |             className="mt-2"
  169 |             disabled={isSubmitting}
> 170 |           } 
      |           ^
  171 |         />
  172 |         </div>
  173 |         <label className="flex items-center gap-2">

Parsing ecmascript source code failed

Import traces:
  Client Component Browser:
    ./src/app/admin/vaccines/edit/[id]/page.tsx [Client Component Browser]
    ./src/app/admin/vaccines/edit/[id]/page.tsx [Server Component]

  Client Component SSR:
    ./src/app/admin/vaccines/edit/[id]/page.tsx [Client Component SSR]
    ./src/app/admin/vaccines/edit/[id]/page.tsx [Server Component] @ http://localhost:3000/_next/static/chunks/node_modules_next_dist_1e8vcs8._.js:1052
[  923192ms] [ERROR] ./src/app/admin/vaccines/edit/[id]/page.tsx:170:11
Error: Expected '</', got '}'
  168 |             className="mt-2"
  169 |             disabled={isSubmitting}
> 170 |           } 
      |           ^
  171 |         />
  172 |         </div>
  173 |         <label className="flex items-center gap-2">

Parsing ecmascript source code failed

Import traces:
  Client Component Browser:
    ./src/app/admin/vaccines/edit/[id]/page.tsx [Client Component Browser]
    ./src/app/admin/vaccines/edit/[id]/page.tsx [Server Component]

  Client Component SSR:
    ./src/app/admin/vaccines/edit/[id]/page.tsx [Client Component SSR]
    ./src/app/admin/vaccines/edit/[id]/page.tsx [Server Component] @ http://localhost:3000/_next/static/chunks/node_modules_next_dist_1e8vcs8._.js:1052
[  923479ms] [ERROR] ./src/app/admin/vaccines/edit/[id]/page.tsx:170:11
Error: Expected '</', got '}'
  168 |             className="mt-2"
  169 |             disabled={isSubmitting}
> 170 |           } 
      |           ^
  171 |         />
  172 |         </div>
  173 |         <label className="flex items-center gap-2">

Parsing ecmascript source code failed

Import traces:
  Client Component Browser:
    ./src/app/admin/vaccines/edit/[id]/page.tsx [Client Component Browser]
    ./src/app/admin/vaccines/edit/[id]/page.tsx [Server Component]

  Client Component SSR:
    ./src/app/admin/vaccines/edit/[id]/page.tsx [Client Component SSR]
    ./src/app/admin/vaccines/edit/[id]/page.tsx [Server Component] @ http://localhost:3000/_next/static/chunks/node_modules_next_dist_1e8vcs8._.js:1052
[  923598ms] [ERROR] ./src/app/admin/vaccines/edit/[id]/page.tsx:170:11
Error: Expected '</', got '}'
  168 |             className="mt-2"
  169 |             disabled={isSubmitting}
> 170 |           } 
      |           ^
  171 |         />
  172 |         </div>
  173 |         <label className="flex items-center gap-2">

Parsing ecmascript source code failed

Import traces:
  Client Component Browser:
    ./src/app/admin/vaccines/edit/[id]/page.tsx [Client Component Browser]
    ./src/app/admin/vaccines/edit/[id]/page.tsx [Server Component]

  Client Component SSR:
    ./src/app/admin/vaccines/edit/[id]/page.tsx [Client Component SSR]
    ./src/app/admin/vaccines/edit/[id]/page.tsx [Server Component] @ http://localhost:3000/_next/static/chunks/node_modules_next_dist_1e8vcs8._.js:1052
[  923877ms] [ERROR] ./src/app/admin/vaccines/edit/[id]/page.tsx:170:11
Error: Expected '</', got '}'
  168 |             className="mt-2"
  169 |             disabled={isSubmitting}
> 170 |           } 
      |           ^
  171 |         />
  172 |         </div>
  173 |         <label className="flex items-center gap-2">

Parsing ecmascript source code failed

Import traces:
  Client Component Browser:
    ./src/app/admin/vaccines/edit/[id]/page.tsx [Client Component Browser]
    ./src/app/admin/vaccines/edit/[id]/page.tsx [Server Component]

  Client Component SSR:
    ./src/app/admin/vaccines/edit/[id]/page.tsx [Client Component SSR]
    ./src/app/admin/vaccines/edit/[id]/page.tsx [Server Component] @ http://localhost:3000/_next/static/chunks/node_modules_next_dist_1e8vcs8._.js:1052
[  924276ms] [ERROR] ./src/app/admin/vaccines/edit/[id]/page.tsx:170:11
Error: Expected '</', got '}'
  168 |             className="mt-2"
  169 |             disabled={isSubmitting}
> 170 |           } 
      |           ^
  171 |         />
  172 |         </div>
  173 |         <label className="flex items-center gap-2">

Parsing ecmascript source code failed

Import traces:
  Client Component Browser:
    ./src/app/admin/vaccines/edit/[id]/page.tsx [Client Component Browser]
    ./src/app/admin/vaccines/edit/[id]/page.tsx [Server Component]

  Client Component SSR:
    ./src/app/admin/vaccines/edit/[id]/page.tsx [Client Component SSR]
    ./src/app/admin/vaccines/edit/[id]/page.tsx [Server Component] @ http://localhost:3000/_next/static/chunks/node_modules_next_dist_1e8vcs8._.js:1052
[  924339ms] [ERROR] ./src/app/admin/vaccines/edit/[id]/page.tsx:170:11
Error: Expected '</', got '}'
  168 |             className="mt-2"
  169 |             disabled={isSubmitting}
> 170 |           } 
      |           ^
  171 |         />
  172 |         </div>
  173 |         <label className="flex items-center gap-2">

Parsing ecmascript source code failed

Import traces:
  Client Component Browser:
    ./src/app/admin/vaccines/edit/[id]/page.tsx [Client Component Browser]
    ./src/app/admin/vaccines/edit/[id]/page.tsx [Server Component]

  Client Component SSR:
    ./src/app/admin/vaccines/edit/[id]/page.tsx [Client Component SSR]
    ./src/app/admin/vaccines/edit/[id]/page.tsx [Server Component] @ http://localhost:3000/_next/static/chunks/node_modules_next_dist_1e8vcs8._.js:1052
[  924590ms] [ERROR] ./src/app/admin/vaccines/edit/[id]/page.tsx:170:11
Error: Expected '</', got '}'
  168 |             className="mt-2"
  169 |             disabled={isSubmitting}
> 170 |           } 
      |           ^
  171 |         />
  172 |         </div>
  173 |         <label className="flex items-center gap-2">

Parsing ecmascript source code failed

Import traces:
  Client Component Browser:
    ./src/app/admin/vaccines/edit/[id]/page.tsx [Client Component Browser]
    ./src/app/admin/vaccines/edit/[id]/page.tsx [Server Component]

  Client Component SSR:
    ./src/app/admin/vaccines/edit/[id]/page.tsx [Client Component SSR]
    ./src/app/admin/vaccines/edit/[id]/page.tsx [Server Component] @ http://localhost:3000/_next/static/chunks/node_modules_next_dist_1e8vcs8._.js:1052
[  924791ms] [ERROR] ./src/app/admin/vaccines/edit/[id]/page.tsx:170:11
Error: Expected '</', got '}'
  168 |             className="mt-2"
  169 |             disabled={isSubmitting}
> 170 |           } 
      |           ^
  171 |         />
  172 |         </div>
  173 |         <label className="flex items-center gap-2">

Parsing ecmascript source code failed

Import traces:
  Client Component Browser:
    ./src/app/admin/vaccines/edit/[id]/page.tsx [Client Component Browser]
    ./src/app/admin/vaccines/edit/[id]/page.tsx [Server Component]

  Client Component SSR:
    ./src/app/admin/vaccines/edit/[id]/page.tsx [Client Component SSR]
    ./src/app/admin/vaccines/edit/[id]/page.tsx [Server Component] @ http://localhost:3000/_next/static/chunks/node_modules_next_dist_1e8vcs8._.js:1052
[  924848ms] [ERROR] ./src/app/admin/vaccines/edit/[id]/page.tsx:170:11
Error: Expected '</', got '}'
  168 |             className="mt-2"
  169 |             disabled={isSubmitting}
> 170 |           } 
      |           ^
  171 |         />
  172 |         </div>
  173 |         <label className="flex items-center gap-2">

Parsing ecmascript source code failed

Import traces:
  Client Component Browser:
    ./src/app/admin/vaccines/edit/[id]/page.tsx [Client Component Browser]
    ./src/app/admin/vaccines/edit/[id]/page.tsx [Server Component]

  Client Component SSR:
    ./src/app/admin/vaccines/edit/[id]/page.tsx [Client Component SSR]
    ./src/app/admin/vaccines/edit/[id]/page.tsx [Server Component] @ http://localhost:3000/_next/static/chunks/node_modules_next_dist_1e8vcs8._.js:1052
[  925131ms] [ERROR] ./src/app/admin/vaccines/edit/[id]/page.tsx:170:11
Error: Expected '</', got '}'
  168 |             className="mt-2"
  169 |             disabled={isSubmitting}
> 170 |           } 
      |           ^
  171 |         />
  172 |         </div>
  173 |         <label className="flex items-center gap-2">

Parsing ecmascript source code failed

Import traces:
  Client Component Browser:
    ./src/app/admin/vaccines/edit/[id]/page.tsx [Client Component Browser]
    ./src/app/admin/vaccines/edit/[id]/page.tsx [Server Component]

  Client Component SSR:
    ./src/app/admin/vaccines/edit/[id]/page.tsx [Client Component SSR]
    ./src/app/admin/vaccines/edit/[id]/page.tsx [Server Component] @ http://localhost:3000/_next/static/chunks/node_modules_next_dist_1e8vcs8._.js:1052
[  925263ms] [ERROR] ./src/app/admin/vaccines/edit/[id]/page.tsx:170:11
Error: Expected '</', got '}'
  168 |             className="mt-2"
  169 |             disabled={isSubmitting}
> 170 |           } 
      |           ^
  171 |         />
  172 |         </div>
  173 |         <label className="flex items-center gap-2">

Parsing ecmascript source code failed

Import traces:
  Client Component Browser:
    ./src/app/admin/vaccines/edit/[id]/page.tsx [Client Component Browser]
    ./src/app/admin/vaccines/edit/[id]/page.tsx [Server Component]

  Client Component SSR:
    ./src/app/admin/vaccines/edit/[id]/page.tsx [Client Component SSR]
    ./src/app/admin/vaccines/edit/[id]/page.tsx [Server Component] @ http://localhost:3000/_next/static/chunks/node_modules_next_dist_1e8vcs8._.js:1052
[  925362ms] [ERROR] ./src/app/admin/vaccines/edit/[id]/page.tsx:170:11
Error: Expected '</', got '}'
  168 |             className="mt-2"
  169 |             disabled={isSubmitting}
> 170 |           } 
      |           ^
  171 |         />
  172 |         </div>
  173 |         <label className="flex items-center gap-2">

Parsing ecmascript source code failed

Import traces:
  Client Component Browser:
    ./src/app/admin/vaccines/edit/[id]/page.tsx [Client Component Browser]
    ./src/app/admin/vaccines/edit/[id]/page.tsx [Server Component]

  Client Component SSR:
    ./src/app/admin/vaccines/edit/[id]/page.tsx [Client Component SSR]
    ./src/app/admin/vaccines/edit/[id]/page.tsx [Server Component] @ http://localhost:3000/_next/static/chunks/node_modules_next_dist_1e8vcs8._.js:1052
[  925652ms] [ERROR] ./src/app/admin/vaccines/edit/[id]/page.tsx:170:11
Error: Expected '</', got '}'
  168 |             className="mt-2"
  169 |             disabled={isSubmitting}
> 170 |           } 
      |           ^
  171 |         />
  172 |         </div>
  173 |         <label className="flex items-center gap-2">

Parsing ecmascript source code failed

Import traces:
  Client Component Browser:
    ./src/app/admin/vaccines/edit/[id]/page.tsx [Client Component Browser]
    ./src/app/admin/vaccines/edit/[id]/page.tsx [Server Component]

  Client Component SSR:
    ./src/app/admin/vaccines/edit/[id]/page.tsx [Client Component SSR]
    ./src/app/admin/vaccines/edit/[id]/page.tsx [Server Component] @ http://localhost:3000/_next/static/chunks/node_modules_next_dist_1e8vcs8._.js:1052
[  925755ms] [ERROR] ./src/app/admin/vaccines/edit/[id]/page.tsx:170:11
Error: Expected '</', got '}'
  168 |             className="mt-2"
  169 |             disabled={isSubmitting}
> 170 |           } 
      |           ^
  171 |         />
  172 |         </div>
  173 |         <label className="flex items-center gap-2">

Parsing ecmascript source code failed

Import traces:
  Client Component Browser:
    ./src/app/admin/vaccines/edit/[id]/page.tsx [Client Component Browser]
    ./src/app/admin/vaccines/edit/[id]/page.tsx [Server Component]

  Client Component SSR:
    ./src/app/admin/vaccines/edit/[id]/page.tsx [Client Component SSR]
    ./src/app/admin/vaccines/edit/[id]/page.tsx [Server Component] @ http://localhost:3000/_next/static/chunks/node_modules_next_dist_1e8vcs8._.js:1052
[  925971ms] [ERROR] ./src/app/admin/vaccines/edit/[id]/page.tsx:170:11
Error: Expected '</', got '}'
  168 |             className="mt-2"
  169 |             disabled={isSubmitting}
> 170 |           } 
      |           ^
  171 |         />
  172 |         </div>
  173 |         <label className="flex items-center gap-2">

Parsing ecmascript source code failed

Import traces:
  Client Component Browser:
    ./src/app/admin/vaccines/edit/[id]/page.tsx [Client Component Browser]
    ./src/app/admin/vaccines/edit/[id]/page.tsx [Server Component]

  Client Component SSR:
    ./src/app/admin/vaccines/edit/[id]/page.tsx [Client Component SSR]
    ./src/app/admin/vaccines/edit/[id]/page.tsx [Server Component] @ http://localhost:3000/_next/static/chunks/node_modules_next_dist_1e8vcs8._.js:1052
[  926254ms] [ERROR] ./src/app/admin/vaccines/edit/[id]/page.tsx:170:11
Error: Expected '</', got '}'
  168 |             className="mt-2"
  169 |             disabled={isSubmitting}
> 170 |           } 
      |           ^
  171 |         />
  172 |         </div>
  173 |         <label className="flex items-center gap-2">

Parsing ecmascript source code failed

Import traces:
  Client Component Browser:
    ./src/app/admin/vaccines/edit/[id]/page.tsx [Client Component Browser]
    ./src/app/admin/vaccines/edit/[id]/page.tsx [Server Component]

  Client Component SSR:
    ./src/app/admin/vaccines/edit/[id]/page.tsx [Client Component SSR]
    ./src/app/admin/vaccines/edit/[id]/page.tsx [Server Component] @ http://localhost:3000/_next/static/chunks/node_modules_next_dist_1e8vcs8._.js:1052
[  926538ms] [ERROR] ./src/app/admin/vaccines/edit/[id]/page.tsx:170:11
Error: Expected '</', got '}'
  168 |             className="mt-2"
  169 |             disabled={isSubmitting}
> 170 |           } 
      |           ^
  171 |         />
  172 |         </div>
  173 |         <label className="flex items-center gap-2">

Parsing ecmascript source code failed

Import traces:
  Client Component Browser:
    ./src/app/admin/vaccines/edit/[id]/page.tsx [Client Component Browser]
    ./src/app/admin/vaccines/edit/[id]/page.tsx [Server Component]

  Client Component SSR:
    ./src/app/admin/vaccines/edit/[id]/page.tsx [Client Component SSR]
    ./src/app/admin/vaccines/edit/[id]/page.tsx [Server Component] @ http://localhost:3000/_next/static/chunks/node_modules_next_dist_1e8vcs8._.js:1052
[  926725ms] [ERROR] ./src/app/admin/vaccines/edit/[id]/page.tsx:170:11
Error: Expected '</', got '}'
  168 |             className="mt-2"
  169 |             disabled={isSubmitting}
> 170 |           } 
      |           ^
  171 |         />
  172 |         </div>
  173 |         <label className="flex items-center gap-2">

Parsing ecmascript source code failed

Import traces:
  Client Component Browser:
    ./src/app/admin/vaccines/edit/[id]/page.tsx [Client Component Browser]
    ./src/app/admin/vaccines/edit/[id]/page.tsx [Server Component]

  Client Component SSR:
    ./src/app/admin/vaccines/edit/[id]/page.tsx [Client Component SSR]
    ./src/app/admin/vaccines/edit/[id]/page.tsx [Server Component] @ http://localhost:3000/_next/static/chunks/node_modules_next_dist_1e8vcs8._.js:1052
[  926796ms] [ERROR] ./src/app/admin/vaccines/edit/[id]/page.tsx:170:11
Error: Expected '</', got '}'
  168 |             className="mt-2"
  169 |             disabled={isSubmitting}
> 170 |           } 
      |           ^
  171 |         />
  172 |         </div>
  173 |         <label className="flex items-center gap-2">

Parsing ecmascript source code failed

Import traces:
  Client Component Browser:
    ./src/app/admin/vaccines/edit/[id]/page.tsx [Client Component Browser]
    ./src/app/admin/vaccines/edit/[id]/page.tsx [Server Component]

  Client Component SSR:
    ./src/app/admin/vaccines/edit/[id]/page.tsx [Client Component SSR]
    ./src/app/admin/vaccines/edit/[id]/page.tsx [Server Component] @ http://localhost:3000/_next/static/chunks/node_modules_next_dist_1e8vcs8._.js:1052
[  927065ms] [ERROR] ./src/app/admin/vaccines/edit/[id]/page.tsx:170:11
Error: Expected '</', got '}'
  168 |             className="mt-2"
  169 |             disabled={isSubmitting}
> 170 |           } 
      |           ^
  171 |         />
  172 |         </div>
  173 |         <label className="flex items-center gap-2">

Parsing ecmascript source code failed

Import traces:
  Client Component Browser:
    ./src/app/admin/vaccines/edit/[id]/page.tsx [Client Component Browser]
    ./src/app/admin/vaccines/edit/[id]/page.tsx [Server Component]

  Client Component SSR:
    ./src/app/admin/vaccines/edit/[id]/page.tsx [Client Component SSR]
    ./src/app/admin/vaccines/edit/[id]/page.tsx [Server Component] @ http://localhost:3000/_next/static/chunks/node_modules_next_dist_1e8vcs8._.js:1052
[  927198ms] [ERROR] ./src/app/admin/vaccines/edit/[id]/page.tsx:170:11
Error: Expected '</', got '}'
  168 |             className="mt-2"
  169 |             disabled={isSubmitting}
> 170 |           } 
      |           ^
  171 |         />
  172 |         </div>
  173 |         <label className="flex items-center gap-2">

Parsing ecmascript source code failed

Import traces:
  Client Component Browser:
    ./src/app/admin/vaccines/edit/[id]/page.tsx [Client Component Browser]
    ./src/app/admin/vaccines/edit/[id]/page.tsx [Server Component]

  Client Component SSR:
    ./src/app/admin/vaccines/edit/[id]/page.tsx [Client Component SSR]
    ./src/app/admin/vaccines/edit/[id]/page.tsx [Server Component] @ http://localhost:3000/_next/static/chunks/node_modules_next_dist_1e8vcs8._.js:1052
[  927351ms] [ERROR] ./src/app/admin/vaccines/edit/[id]/page.tsx:170:11
Error: Expected '</', got '}'
  168 |             className="mt-2"
  169 |             disabled={isSubmitting}
> 170 |           } 
      |           ^
  171 |         />
  172 |         </div>
  173 |         <label className="flex items-center gap-2">

Parsing ecmascript source code failed

Import traces:
  Client Component Browser:
    ./src/app/admin/vaccines/edit/[id]/page.tsx [Client Component Browser]
    ./src/app/admin/vaccines/edit/[id]/page.tsx [Server Component]

  Client Component SSR:
    ./src/app/admin/vaccines/edit/[id]/page.tsx [Client Component SSR]
    ./src/app/admin/vaccines/edit/[id]/page.tsx [Server Component] @ http://localhost:3000/_next/static/chunks/node_modules_next_dist_1e8vcs8._.js:1052
[  927595ms] [ERROR] ./src/app/admin/vaccines/edit/[id]/page.tsx:170:11
Error: Expected '</', got '}'
  168 |             className="mt-2"
  169 |             disabled={isSubmitting}
> 170 |           } 
      |           ^
  171 |         />
  172 |         </div>
  173 |         <label className="flex items-center gap-2">

Parsing ecmascript source code failed

Import traces:
  Client Component Browser:
    ./src/app/admin/vaccines/edit/[id]/page.tsx [Client Component Browser]
    ./src/app/admin/vaccines/edit/[id]/page.tsx [Server Component]

  Client Component SSR:
    ./src/app/admin/vaccines/edit/[id]/page.tsx [Client Component SSR]
    ./src/app/admin/vaccines/edit/[id]/page.tsx [Server Component] @ http://localhost:3000/_next/static/chunks/node_modules_next_dist_1e8vcs8._.js:1052
[  927691ms] [ERROR] ./src/app/admin/vaccines/edit/[id]/page.tsx:170:11
Error: Expected '</', got '}'
  168 |             className="mt-2"
  169 |             disabled={isSubmitting}
> 170 |           } 
      |           ^
  171 |         />
  172 |         </div>
  173 |         <label className="flex items-center gap-2">

Parsing ecmascript source code failed

Import traces:
  Client Component Browser:
    ./src/app/admin/vaccines/edit/[id]/page.tsx [Client Component Browser]
    ./src/app/admin/vaccines/edit/[id]/page.tsx [Server Component]

  Client Component SSR:
    ./src/app/admin/vaccines/edit/[id]/page.tsx [Client Component SSR]
    ./src/app/admin/vaccines/edit/[id]/page.tsx [Server Component] @ http://localhost:3000/_next/static/chunks/node_modules_next_dist_1e8vcs8._.js:1052
[  927881ms] [ERROR] ./src/app/admin/vaccines/edit/[id]/page.tsx:170:11
Error: Expected '</', got '}'
  168 |             className="mt-2"
  169 |             disabled={isSubmitting}
> 170 |           } 
      |           ^
  171 |         />
  172 |         </div>
  173 |         <label className="flex items-center gap-2">

Parsing ecmascript source code failed

Import traces:
  Client Component Browser:
    ./src/app/admin/vaccines/edit/[id]/page.tsx [Client Component Browser]
    ./src/app/admin/vaccines/edit/[id]/page.tsx [Server Component]

  Client Component SSR:
    ./src/app/admin/vaccines/edit/[id]/page.tsx [Client Component SSR]
    ./src/app/admin/vaccines/edit/[id]/page.tsx [Server Component] @ http://localhost:3000/_next/static/chunks/node_modules_next_dist_1e8vcs8._.js:1052
[  928122ms] [ERROR] ./src/app/admin/vaccines/edit/[id]/page.tsx:170:11
Error: Expected '</', got '}'
  168 |             className="mt-2"
  169 |             disabled={isSubmitting}
> 170 |           } 
      |           ^
  171 |         />
  172 |         </div>
  173 |         <label className="flex items-center gap-2">

Parsing ecmascript source code failed

Import traces:
  Client Component Browser:
    ./src/app/admin/vaccines/edit/[id]/page.tsx [Client Component Browser]
    ./src/app/admin/vaccines/edit/[id]/page.tsx [Server Component]

  Client Component SSR:
    ./src/app/admin/vaccines/edit/[id]/page.tsx [Client Component SSR]
    ./src/app/admin/vaccines/edit/[id]/page.tsx [Server Component] @ http://localhost:3000/_next/static/chunks/node_modules_next_dist_1e8vcs8._.js:1052
[  928167ms] [ERROR] ./src/app/admin/vaccines/edit/[id]/page.tsx:170:11
Error: Expected '</', got '}'
  168 |             className="mt-2"
  169 |             disabled={isSubmitting}
> 170 |           } 
      |           ^
  171 |         />
  172 |         </div>
  173 |         <label className="flex items-center gap-2">

Parsing ecmascript source code failed

Import traces:
  Client Component Browser:
    ./src/app/admin/vaccines/edit/[id]/page.tsx [Client Component Browser]
    ./src/app/admin/vaccines/edit/[id]/page.tsx [Server Component]

  Client Component SSR:
    ./src/app/admin/vaccines/edit/[id]/page.tsx [Client Component SSR]
    ./src/app/admin/vaccines/edit/[id]/page.tsx [Server Component] @ http://localhost:3000/_next/static/chunks/node_modules_next_dist_1e8vcs8._.js:1052
[  928352ms] [ERROR] ./src/app/admin/vaccines/edit/[id]/page.tsx:170:11
Error: Expected '</', got '}'
  168 |             className="mt-2"
  169 |             disabled={isSubmitting}
> 170 |           } 
      |           ^
  171 |         />
  172 |         </div>
  173 |         <label className="flex items-center gap-2">

Parsing ecmascript source code failed

Import traces:
  Client Component Browser:
    ./src/app/admin/vaccines/edit/[id]/page.tsx [Client Component Browser]
    ./src/app/admin/vaccines/edit/[id]/page.tsx [Server Component]

  Client Component SSR:
    ./src/app/admin/vaccines/edit/[id]/page.tsx [Client Component SSR]
    ./src/app/admin/vaccines/edit/[id]/page.tsx [Server Component] @ http://localhost:3000/_next/static/chunks/node_modules_next_dist_1e8vcs8._.js:1052
[  928594ms] [ERROR] ./src/app/admin/vaccines/edit/[id]/page.tsx:170:11
Error: Expected '</', got '}'
  168 |             className="mt-2"
  169 |             disabled={isSubmitting}
> 170 |           } 
      |           ^
  171 |         />
  172 |         </div>
  173 |         <label className="flex items-center gap-2">

Parsing ecmascript source code failed

Import traces:
  Client Component Browser:
    ./src/app/admin/vaccines/edit/[id]/page.tsx [Client Component Browser]
    ./src/app/admin/vaccines/edit/[id]/page.tsx [Server Component]

  Client Component SSR:
    ./src/app/admin/vaccines/edit/[id]/page.tsx [Client Component SSR]
    ./src/app/admin/vaccines/edit/[id]/page.tsx [Server Component] @ http://localhost:3000/_next/static/chunks/node_modules_next_dist_1e8vcs8._.js:1052
[  928637ms] [ERROR] ./src/app/admin/vaccines/edit/[id]/page.tsx:170:11
Error: Expected '</', got '}'
  168 |             className="mt-2"
  169 |             disabled={isSubmitting}
> 170 |           } 
      |           ^
  171 |         />
  172 |         </div>
  173 |         <label className="flex items-center gap-2">

Parsing ecmascript source code failed

Import traces:
  Client Component Browser:
    ./src/app/admin/vaccines/edit/[id]/page.tsx [Client Component Browser]
    ./src/app/admin/vaccines/edit/[id]/page.tsx [Server Component]

  Client Component SSR:
    ./src/app/admin/vaccines/edit/[id]/page.tsx [Client Component SSR]
    ./src/app/admin/vaccines/edit/[id]/page.tsx [Server Component] @ http://localhost:3000/_next/static/chunks/node_modules_next_dist_1e8vcs8._.js:1052
[  928816ms] [ERROR] ./src/app/admin/vaccines/edit/[id]/page.tsx:170:11
Error: Expected '</', got '}'
  168 |             className="mt-2"
  169 |             disabled={isSubmitting}
> 170 |           } 
      |           ^
  171 |         />
  172 |         </div>
  173 |         <label className="flex items-center gap-2">

Parsing ecmascript source code failed

Import traces:
  Client Component Browser:
    ./src/app/admin/vaccines/edit/[id]/page.tsx [Client Component Browser]
    ./src/app/admin/vaccines/edit/[id]/page.tsx [Server Component]

  Client Component SSR:
    ./src/app/admin/vaccines/edit/[id]/page.tsx [Client Component SSR]
    ./src/app/admin/vaccines/edit/[id]/page.tsx [Server Component] @ http://localhost:3000/_next/static/chunks/node_modules_next_dist_1e8vcs8._.js:1052
[  929092ms] [ERROR] ./src/app/admin/vaccines/edit/[id]/page.tsx:170:11
Error: Expected '</', got '}'
  168 |             className="mt-2"
  169 |             disabled={isSubmitting}
> 170 |           } 
      |           ^
  171 |         />
  172 |         </div>
  173 |         <label className="flex items-center gap-2">

Parsing ecmascript source code failed

Import traces:
  Client Component Browser:
    ./src/app/admin/vaccines/edit/[id]/page.tsx [Client Component Browser]
    ./src/app/admin/vaccines/edit/[id]/page.tsx [Server Component]

  Client Component SSR:
    ./src/app/admin/vaccines/edit/[id]/page.tsx [Client Component SSR]
    ./src/app/admin/vaccines/edit/[id]/page.tsx [Server Component] @ http://localhost:3000/_next/static/chunks/node_modules_next_dist_1e8vcs8._.js:1052
[  929351ms] [ERROR] ./src/app/admin/vaccines/edit/[id]/page.tsx:170:11
Error: Expected '</', got '}'
  168 |             className="mt-2"
  169 |             disabled={isSubmitting}
> 170 |           } 
      |           ^
  171 |         />
  172 |         </div>
  173 |         <label className="flex items-center gap-2">

Parsing ecmascript source code failed

Import traces:
  Client Component Browser:
    ./src/app/admin/vaccines/edit/[id]/page.tsx [Client Component Browser]
    ./src/app/admin/vaccines/edit/[id]/page.tsx [Server Component]

  Client Component SSR:
    ./src/app/admin/vaccines/edit/[id]/page.tsx [Client Component SSR]
    ./src/app/admin/vaccines/edit/[id]/page.tsx [Server Component] @ http://localhost:3000/_next/static/chunks/node_modules_next_dist_1e8vcs8._.js:1052
[  929542ms] [ERROR] ./src/app/admin/vaccines/edit/[id]/page.tsx:170:11
Error: Expected '</', got '}'
  168 |             className="mt-2"
  169 |             disabled={isSubmitting}
> 170 |           } 
      |           ^
  171 |         />
  172 |         </div>
  173 |         <label className="flex items-center gap-2">

Parsing ecmascript source code failed

Import traces:
  Client Component Browser:
    ./src/app/admin/vaccines/edit/[id]/page.tsx [Client Component Browser]
    ./src/app/admin/vaccines/edit/[id]/page.tsx [Server Component]

  Client Component SSR:
    ./src/app/admin/vaccines/edit/[id]/page.tsx [Client Component SSR]
    ./src/app/admin/vaccines/edit/[id]/page.tsx [Server Component] @ http://localhost:3000/_next/static/chunks/node_modules_next_dist_1e8vcs8._.js:1052
[  929594ms] [ERROR] ./src/app/admin/vaccines/edit/[id]/page.tsx:170:11
Error: Expected '</', got '}'
  168 |             className="mt-2"
  169 |             disabled={isSubmitting}
> 170 |           } 
      |           ^
  171 |         />
  172 |         </div>
  173 |         <label className="flex items-center gap-2">

Parsing ecmascript source code failed

Import traces:
  Client Component Browser:
    ./src/app/admin/vaccines/edit/[id]/page.tsx [Client Component Browser]
    ./src/app/admin/vaccines/edit/[id]/page.tsx [Server Component]

  Client Component SSR:
    ./src/app/admin/vaccines/edit/[id]/page.tsx [Client Component SSR]
    ./src/app/admin/vaccines/edit/[id]/page.tsx [Server Component] @ http://localhost:3000/_next/static/chunks/node_modules_next_dist_1e8vcs8._.js:1052
[  929882ms] [ERROR] ./src/app/admin/vaccines/edit/[id]/page.tsx:170:11
Error: Expected '</', got '}'
  168 |             className="mt-2"
  169 |             disabled={isSubmitting}
> 170 |           } 
      |           ^
  171 |         />
  172 |         </div>
  173 |         <label className="flex items-center gap-2">

Parsing ecmascript source code failed

Import traces:
  Client Component Browser:
    ./src/app/admin/vaccines/edit/[id]/page.tsx [Client Component Browser]
    ./src/app/admin/vaccines/edit/[id]/page.tsx [Server Component]

  Client Component SSR:
    ./src/app/admin/vaccines/edit/[id]/page.tsx [Client Component SSR]
    ./src/app/admin/vaccines/edit/[id]/page.tsx [Server Component] @ http://localhost:3000/_next/static/chunks/node_modules_next_dist_1e8vcs8._.js:1052
[  930113ms] [ERROR] ./src/app/admin/vaccines/edit/[id]/page.tsx:170:11
Error: Expected '</', got '}'
  168 |             className="mt-2"
  169 |             disabled={isSubmitting}
> 170 |           } 
      |           ^
  171 |         />
  172 |         </div>
  173 |         <label className="flex items-center gap-2">

Parsing ecmascript source code failed

Import traces:
  Client Component Browser:
    ./src/app/admin/vaccines/edit/[id]/page.tsx [Client Component Browser]
    ./src/app/admin/vaccines/edit/[id]/page.tsx [Server Component]

  Client Component SSR:
    ./src/app/admin/vaccines/edit/[id]/page.tsx [Client Component SSR]
    ./src/app/admin/vaccines/edit/[id]/page.tsx [Server Component] @ http://localhost:3000/_next/static/chunks/node_modules_next_dist_1e8vcs8._.js:1052
[  930216ms] [ERROR] ./src/app/admin/vaccines/edit/[id]/page.tsx:170:11
Error: Expected '</', got '}'
  168 |             className="mt-2"
  169 |             disabled={isSubmitting}
> 170 |           } 
      |           ^
  171 |         />
  172 |         </div>
  173 |         <label className="flex items-center gap-2">

Parsing ecmascript source code failed

Import traces:
  Client Component Browser:
    ./src/app/admin/vaccines/edit/[id]/page.tsx [Client Component Browser]
    ./src/app/admin/vaccines/edit/[id]/page.tsx [Server Component]

  Client Component SSR:
    ./src/app/admin/vaccines/edit/[id]/page.tsx [Client Component SSR]
    ./src/app/admin/vaccines/edit/[id]/page.tsx [Server Component] @ http://localhost:3000/_next/static/chunks/node_modules_next_dist_1e8vcs8._.js:1052
[  930530ms] [ERROR] ./src/app/admin/vaccines/edit/[id]/page.tsx:170:11
Error: Expected '</', got '}'
  168 |             className="mt-2"
  169 |             disabled={isSubmitting}
> 170 |           } 
      |           ^
  171 |         />
  172 |         </div>
  173 |         <label className="flex items-center gap-2">

Parsing ecmascript source code failed

Import traces:
  Client Component Browser:
    ./src/app/admin/vaccines/edit/[id]/page.tsx [Client Component Browser]
    ./src/app/admin/vaccines/edit/[id]/page.tsx [Server Component]

  Client Component SSR:
    ./src/app/admin/vaccines/edit/[id]/page.tsx [Client Component SSR]
    ./src/app/admin/vaccines/edit/[id]/page.tsx [Server Component] @ http://localhost:3000/_next/static/chunks/node_modules_next_dist_1e8vcs8._.js:1052
[  930743ms] [ERROR] ./src/app/admin/vaccines/edit/[id]/page.tsx:170:11
Error: Expected '</', got '}'
  168 |             className="mt-2"
  169 |             disabled={isSubmitting}
> 170 |           } 
      |           ^
  171 |         />
  172 |         </div>
  173 |         <label className="flex items-center gap-2">

Parsing ecmascript source code failed

Import traces:
  Client Component Browser:
    ./src/app/admin/vaccines/edit/[id]/page.tsx [Client Component Browser]
    ./src/app/admin/vaccines/edit/[id]/page.tsx [Server Component]

  Client Component SSR:
    ./src/app/admin/vaccines/edit/[id]/page.tsx [Client Component SSR]
    ./src/app/admin/vaccines/edit/[id]/page.tsx [Server Component] @ http://localhost:3000/_next/static/chunks/node_modules_next_dist_1e8vcs8._.js:1052
[  931090ms] [ERROR] ./src/app/admin/vaccines/edit/[id]/page.tsx:170:11
Error: Expected '</', got '}'
  168 |             className="mt-2"
  169 |             disabled={isSubmitting}
> 170 |           } 
      |           ^
  171 |         />
  172 |         </div>
  173 |         <label className="flex items-center gap-2">

Parsing ecmascript source code failed

Import traces:
  Client Component Browser:
    ./src/app/admin/vaccines/edit/[id]/page.tsx [Client Component Browser]
    ./src/app/admin/vaccines/edit/[id]/page.tsx [Server Component]

  Client Component SSR:
    ./src/app/admin/vaccines/edit/[id]/page.tsx [Client Component SSR]
    ./src/app/admin/vaccines/edit/[id]/page.tsx [Server Component] @ http://localhost:3000/_next/static/chunks/node_modules_next_dist_1e8vcs8._.js:1052
[  931491ms] [ERROR] ./src/app/admin/vaccines/edit/[id]/page.tsx:170:11
Error: Expected '</', got '}'
  168 |             className="mt-2"
  169 |             disabled={isSubmitting}
> 170 |           } 
      |           ^
  171 |         />
  172 |         </div>
  173 |         <label className="flex items-center gap-2">

Parsing ecmascript source code failed

Import traces:
  Client Component Browser:
    ./src/app/admin/vaccines/edit/[id]/page.tsx [Client Component Browser]
    ./src/app/admin/vaccines/edit/[id]/page.tsx [Server Component]

  Client Component SSR:
    ./src/app/admin/vaccines/edit/[id]/page.tsx [Client Component SSR]
    ./src/app/admin/vaccines/edit/[id]/page.tsx [Server Component] @ http://localhost:3000/_next/static/chunks/node_modules_next_dist_1e8vcs8._.js:1052
[  931586ms] [ERROR] ./src/app/admin/vaccines/edit/[id]/page.tsx:170:11
Error: Expected '</', got '}'
  168 |             className="mt-2"
  169 |             disabled={isSubmitting}
> 170 |           } 
      |           ^
  171 |         />
  172 |         </div>
  173 |         <label className="flex items-center gap-2">

Parsing ecmascript source code failed

Import traces:
  Client Component Browser:
    ./src/app/admin/vaccines/edit/[id]/page.tsx [Client Component Browser]
    ./src/app/admin/vaccines/edit/[id]/page.tsx [Server Component]

  Client Component SSR:
    ./src/app/admin/vaccines/edit/[id]/page.tsx [Client Component SSR]
    ./src/app/admin/vaccines/edit/[id]/page.tsx [Server Component] @ http://localhost:3000/_next/static/chunks/node_modules_next_dist_1e8vcs8._.js:1052
[  931934ms] [ERROR] ./src/app/admin/vaccines/edit/[id]/page.tsx:170:11
Error: Expected '</', got '}'
  168 |             className="mt-2"
  169 |             disabled={isSubmitting}
> 170 |           } 
      |           ^
  171 |         />
  172 |         </div>
  173 |         <label className="flex items-center gap-2">

Parsing ecmascript source code failed

Import traces:
  Client Component Browser:
    ./src/app/admin/vaccines/edit/[id]/page.tsx [Client Component Browser]
    ./src/app/admin/vaccines/edit/[id]/page.tsx [Server Component]

  Client Component SSR:
    ./src/app/admin/vaccines/edit/[id]/page.tsx [Client Component SSR]
    ./src/app/admin/vaccines/edit/[id]/page.tsx [Server Component] @ http://localhost:3000/_next/static/chunks/node_modules_next_dist_1e8vcs8._.js:1052
[  932386ms] [ERROR] ./src/app/admin/vaccines/edit/[id]/page.tsx:170:11
Error: Expected '</', got '}'
  168 |             className="mt-2"
  169 |             disabled={isSubmitting}
> 170 |           } 
      |           ^
  171 |         />
  172 |         </div>
  173 |         <label className="flex items-center gap-2">

Parsing ecmascript source code failed

Import traces:
  Client Component Browser:
    ./src/app/admin/vaccines/edit/[id]/page.tsx [Client Component Browser]
    ./src/app/admin/vaccines/edit/[id]/page.tsx [Server Component]

  Client Component SSR:
    ./src/app/admin/vaccines/edit/[id]/page.tsx [Client Component SSR]
    ./src/app/admin/vaccines/edit/[id]/page.tsx [Server Component] @ http://localhost:3000/_next/static/chunks/node_modules_next_dist_1e8vcs8._.js:1052
[  932581ms] [ERROR] ./src/app/admin/vaccines/edit/[id]/page.tsx:170:11
Error: Expected '</', got '}'
  168 |             className="mt-2"
  169 |             disabled={isSubmitting}
> 170 |           } 
      |           ^
  171 |         />
  172 |         </div>
  173 |         <label className="flex items-center gap-2">

Parsing ecmascript source code failed

Import traces:
  Client Component Browser:
    ./src/app/admin/vaccines/edit/[id]/page.tsx [Client Component Browser]
    ./src/app/admin/vaccines/edit/[id]/page.tsx [Server Component]

  Client Component SSR:
    ./src/app/admin/vaccines/edit/[id]/page.tsx [Client Component SSR]
    ./src/app/admin/vaccines/edit/[id]/page.tsx [Server Component] @ http://localhost:3000/_next/static/chunks/node_modules_next_dist_1e8vcs8._.js:1052
[  933137ms] [ERROR] ./src/app/admin/vaccines/edit/[id]/page.tsx:170:11
Error: Expected '</', got '}'
  168 |             className="mt-2"
  169 |             disabled={isSubmitting}
> 170 |           } 
      |           ^
  171 |         />
  172 |         </div>
  173 |         <label className="flex items-center gap-2">

Parsing ecmascript source code failed

Import traces:
  Client Component Browser:
    ./src/app/admin/vaccines/edit/[id]/page.tsx [Client Component Browser]
    ./src/app/admin/vaccines/edit/[id]/page.tsx [Server Component]

  Client Component SSR:
    ./src/app/admin/vaccines/edit/[id]/page.tsx [Client Component SSR]
    ./src/app/admin/vaccines/edit/[id]/page.tsx [Server Component] @ http://localhost:3000/_next/static/chunks/node_modules_next_dist_1e8vcs8._.js:1052
[  933191ms] [ERROR] ./src/app/admin/vaccines/edit/[id]/page.tsx:170:11
Error: Expected '</', got '}'
  168 |             className="mt-2"
  169 |             disabled={isSubmitting}
> 170 |           } 
      |           ^
  171 |         />
  172 |         </div>
  173 |         <label className="flex items-center gap-2">

Parsing ecmascript source code failed

Import traces:
  Client Component Browser:
    ./src/app/admin/vaccines/edit/[id]/page.tsx [Client Component Browser]
    ./src/app/admin/vaccines/edit/[id]/page.tsx [Server Component]

  Client Component SSR:
    ./src/app/admin/vaccines/edit/[id]/page.tsx [Client Component SSR]
    ./src/app/admin/vaccines/edit/[id]/page.tsx [Server Component] @ http://localhost:3000/_next/static/chunks/node_modules_next_dist_1e8vcs8._.js:1052
[  933377ms] [ERROR] ./src/app/admin/vaccines/edit/[id]/page.tsx:170:11
Error: Expected '</', got '}'
  168 |             className="mt-2"
  169 |             disabled={isSubmitting}
> 170 |           } 
      |           ^
  171 |         />
  172 |         </div>
  173 |         <label className="flex items-center gap-2">

Parsing ecmascript source code failed

Import traces:
  Client Component Browser:
    ./src/app/admin/vaccines/edit/[id]/page.tsx [Client Component Browser]
    ./src/app/admin/vaccines/edit/[id]/page.tsx [Server Component]

  Client Component SSR:
    ./src/app/admin/vaccines/edit/[id]/page.tsx [Client Component SSR]
    ./src/app/admin/vaccines/edit/[id]/page.tsx [Server Component] @ http://localhost:3000/_next/static/chunks/node_modules_next_dist_1e8vcs8._.js:1052
[  933648ms] [ERROR] ./src/app/admin/vaccines/edit/[id]/page.tsx:170:11
Error: Expected '</', got '}'
  168 |             className="mt-2"
  169 |             disabled={isSubmitting}
> 170 |           } 
      |           ^
  171 |         />
  172 |         </div>
  173 |         <label className="flex items-center gap-2">

Parsing ecmascript source code failed

Import traces:
  Client Component Browser:
    ./src/app/admin/vaccines/edit/[id]/page.tsx [Client Component Browser]
    ./src/app/admin/vaccines/edit/[id]/page.tsx [Server Component]

  Client Component SSR:
    ./src/app/admin/vaccines/edit/[id]/page.tsx [Client Component SSR]
    ./src/app/admin/vaccines/edit/[id]/page.tsx [Server Component] @ http://localhost:3000/_next/static/chunks/node_modules_next_dist_1e8vcs8._.js:1052
[  933864ms] [ERROR] ./src/app/admin/vaccines/edit/[id]/page.tsx:170:11
Error: Expected '</', got '}'
  168 |             className="mt-2"
  169 |             disabled={isSubmitting}
> 170 |           } 
      |           ^
  171 |         />
  172 |         </div>
  173 |         <label className="flex items-center gap-2">

Parsing ecmascript source code failed

Import traces:
  Client Component Browser:
    ./src/app/admin/vaccines/edit/[id]/page.tsx [Client Component Browser]
    ./src/app/admin/vaccines/edit/[id]/page.tsx [Server Component]

  Client Component SSR:
    ./src/app/admin/vaccines/edit/[id]/page.tsx [Client Component SSR]
    ./src/app/admin/vaccines/edit/[id]/page.tsx [Server Component] @ http://localhost:3000/_next/static/chunks/node_modules_next_dist_1e8vcs8._.js:1052
[  934112ms] [ERROR] ./src/app/admin/vaccines/edit/[id]/page.tsx:170:11
Error: Expected '</', got '}'
  168 |             className="mt-2"
  169 |             disabled={isSubmitting}
> 170 |           } 
      |           ^
  171 |         />
  172 |         </div>
  173 |         <label className="flex items-center gap-2">

Parsing ecmascript source code failed

Import traces:
  Client Component Browser:
    ./src/app/admin/vaccines/edit/[id]/page.tsx [Client Component Browser]
    ./src/app/admin/vaccines/edit/[id]/page.tsx [Server Component]

  Client Component SSR:
    ./src/app/admin/vaccines/edit/[id]/page.tsx [Client Component SSR]
    ./src/app/admin/vaccines/edit/[id]/page.tsx [Server Component] @ http://localhost:3000/_next/static/chunks/node_modules_next_dist_1e8vcs8._.js:1052
[  934153ms] [ERROR] ./src/app/admin/vaccines/edit/[id]/page.tsx:170:11
Error: Expected '</', got '}'
  168 |             className="mt-2"
  169 |             disabled={isSubmitting}
> 170 |           } 
      |           ^
  171 |         />
  172 |         </div>
  173 |         <label className="flex items-center gap-2">

Parsing ecmascript source code failed

Import traces:
  Client Component Browser:
    ./src/app/admin/vaccines/edit/[id]/page.tsx [Client Component Browser]
    ./src/app/admin/vaccines/edit/[id]/page.tsx [Server Component]

  Client Component SSR:
    ./src/app/admin/vaccines/edit/[id]/page.tsx [Client Component SSR]
    ./src/app/admin/vaccines/edit/[id]/page.tsx [Server Component] @ http://localhost:3000/_next/static/chunks/node_modules_next_dist_1e8vcs8._.js:1052
[  934386ms] [ERROR] ./src/app/admin/vaccines/edit/[id]/page.tsx:170:11
Error: Expected '</', got '}'
  168 |             className="mt-2"
  169 |             disabled={isSubmitting}
> 170 |           } 
      |           ^
  171 |         />
  172 |         </div>
  173 |         <label className="flex items-center gap-2">

Parsing ecmascript source code failed

Import traces:
  Client Component Browser:
    ./src/app/admin/vaccines/edit/[id]/page.tsx [Client Component Browser]
    ./src/app/admin/vaccines/edit/[id]/page.tsx [Server Component]

  Client Component SSR:
    ./src/app/admin/vaccines/edit/[id]/page.tsx [Client Component SSR]
    ./src/app/admin/vaccines/edit/[id]/page.tsx [Server Component] @ http://localhost:3000/_next/static/chunks/node_modules_next_dist_1e8vcs8._.js:1052
[  934589ms] [ERROR] ./src/app/admin/vaccines/edit/[id]/page.tsx:170:11
Error: Expected '</', got '}'
  168 |             className="mt-2"
  169 |             disabled={isSubmitting}
> 170 |           } 
      |           ^
  171 |         />
  172 |         </div>
  173 |         <label className="flex items-center gap-2">

Parsing ecmascript source code failed

Import traces:
  Client Component Browser:
    ./src/app/admin/vaccines/edit/[id]/page.tsx [Client Component Browser]
    ./src/app/admin/vaccines/edit/[id]/page.tsx [Server Component]

  Client Component SSR:
    ./src/app/admin/vaccines/edit/[id]/page.tsx [Client Component SSR]
    ./src/app/admin/vaccines/edit/[id]/page.tsx [Server Component] @ http://localhost:3000/_next/static/chunks/node_modules_next_dist_1e8vcs8._.js:1052
[  934627ms] [ERROR] ./src/app/admin/vaccines/edit/[id]/page.tsx:170:11
Error: Expected '</', got '}'
  168 |             className="mt-2"
  169 |             disabled={isSubmitting}
> 170 |           } 
      |           ^
  171 |         />
  172 |         </div>
  173 |         <label className="flex items-center gap-2">

Parsing ecmascript source code failed

Import traces:
  Client Component Browser:
    ./src/app/admin/vaccines/edit/[id]/page.tsx [Client Component Browser]
    ./src/app/admin/vaccines/edit/[id]/page.tsx [Server Component]

  Client Component SSR:
    ./src/app/admin/vaccines/edit/[id]/page.tsx [Client Component SSR]
    ./src/app/admin/vaccines/edit/[id]/page.tsx [Server Component] @ http://localhost:3000/_next/static/chunks/node_modules_next_dist_1e8vcs8._.js:1052
[  934879ms] [ERROR] ./src/app/admin/vaccines/edit/[id]/page.tsx:170:11
Error: Expected '</', got '}'
  168 |             className="mt-2"
  169 |             disabled={isSubmitting}
> 170 |           } 
      |           ^
  171 |         />
  172 |         </div>
  173 |         <label className="flex items-center gap-2">

Parsing ecmascript source code failed

Import traces:
  Client Component Browser:
    ./src/app/admin/vaccines/edit/[id]/page.tsx [Client Component Browser]
    ./src/app/admin/vaccines/edit/[id]/page.tsx [Server Component]

  Client Component SSR:
    ./src/app/admin/vaccines/edit/[id]/page.tsx [Client Component SSR]
    ./src/app/admin/vaccines/edit/[id]/page.tsx [Server Component] @ http://localhost:3000/_next/static/chunks/node_modules_next_dist_1e8vcs8._.js:1052
[  935073ms] [ERROR] ./src/app/admin/vaccines/edit/[id]/page.tsx:170:11
Error: Expected '</', got '}'
  168 |             className="mt-2"
  169 |             disabled={isSubmitting}
> 170 |           } 
      |           ^
  171 |         />
  172 |         </div>
  173 |         <label className="flex items-center gap-2">

Parsing ecmascript source code failed

Import traces:
  Client Component Browser:
    ./src/app/admin/vaccines/edit/[id]/page.tsx [Client Component Browser]
    ./src/app/admin/vaccines/edit/[id]/page.tsx [Server Component]

  Client Component SSR:
    ./src/app/admin/vaccines/edit/[id]/page.tsx [Client Component SSR]
    ./src/app/admin/vaccines/edit/[id]/page.tsx [Server Component] @ http://localhost:3000/_next/static/chunks/node_modules_next_dist_1e8vcs8._.js:1052
[  935126ms] [ERROR] ./src/app/admin/vaccines/edit/[id]/page.tsx:170:11
Error: Expected '</', got '}'
  168 |             className="mt-2"
  169 |             disabled={isSubmitting}
> 170 |           } 
      |           ^
  171 |         />
  172 |         </div>
  173 |         <label className="flex items-center gap-2">

Parsing ecmascript source code failed

Import traces:
  Client Component Browser:
    ./src/app/admin/vaccines/edit/[id]/page.tsx [Client Component Browser]
    ./src/app/admin/vaccines/edit/[id]/page.tsx [Server Component]

  Client Component SSR:
    ./src/app/admin/vaccines/edit/[id]/page.tsx [Client Component SSR]
    ./src/app/admin/vaccines/edit/[id]/page.tsx [Server Component] @ http://localhost:3000/_next/static/chunks/node_modules_next_dist_1e8vcs8._.js:1052
[  935377ms] [ERROR] ./src/app/admin/vaccines/edit/[id]/page.tsx:170:11
Error: Expected '</', got '}'
  168 |             className="mt-2"
  169 |             disabled={isSubmitting}
> 170 |           } 
      |           ^
  171 |         />
  172 |         </div>
  173 |         <label className="flex items-center gap-2">

Parsing ecmascript source code failed

Import traces:
  Client Component Browser:
    ./src/app/admin/vaccines/edit/[id]/page.tsx [Client Component Browser]
    ./src/app/admin/vaccines/edit/[id]/page.tsx [Server Component]

  Client Component SSR:
    ./src/app/admin/vaccines/edit/[id]/page.tsx [Client Component SSR]
    ./src/app/admin/vaccines/edit/[id]/page.tsx [Server Component] @ http://localhost:3000/_next/static/chunks/node_modules_next_dist_1e8vcs8._.js:1052
[  935519ms] [ERROR] ./src/app/admin/vaccines/edit/[id]/page.tsx:170:11
Error: Expected '</', got '}'
  168 |             className="mt-2"
  169 |             disabled={isSubmitting}
> 170 |           } 
      |           ^
  171 |         />
  172 |         </div>
  173 |         <label className="flex items-center gap-2">

Parsing ecmascript source code failed

Import traces:
  Client Component Browser:
    ./src/app/admin/vaccines/edit/[id]/page.tsx [Client Component Browser]
    ./src/app/admin/vaccines/edit/[id]/page.tsx [Server Component]

  Client Component SSR:
    ./src/app/admin/vaccines/edit/[id]/page.tsx [Client Component SSR]
    ./src/app/admin/vaccines/edit/[id]/page.tsx [Server Component] @ http://localhost:3000/_next/static/chunks/node_modules_next_dist_1e8vcs8._.js:1052
[  935650ms] [ERROR] ./src/app/admin/vaccines/edit/[id]/page.tsx:170:11
Error: Expected '</', got '}'
  168 |             className="mt-2"
  169 |             disabled={isSubmitting}
> 170 |           } 
      |           ^
  171 |         />
  172 |         </div>
  173 |         <label className="flex items-center gap-2">

Parsing ecmascript source code failed

Import traces:
  Client Component Browser:
    ./src/app/admin/vaccines/edit/[id]/page.tsx [Client Component Browser]
    ./src/app/admin/vaccines/edit/[id]/page.tsx [Server Component]

  Client Component SSR:
    ./src/app/admin/vaccines/edit/[id]/page.tsx [Client Component SSR]
    ./src/app/admin/vaccines/edit/[id]/page.tsx [Server Component] @ http://localhost:3000/_next/static/chunks/node_modules_next_dist_1e8vcs8._.js:1052
[  935961ms] [ERROR] ./src/app/admin/vaccines/edit/[id]/page.tsx:170:11
Error: Expected '</', got '}'
  168 |             className="mt-2"
  169 |             disabled={isSubmitting}
> 170 |           } 
      |           ^
  171 |         />
  172 |         </div>
  173 |         <label className="flex items-center gap-2">

Parsing ecmascript source code failed

Import traces:
  Client Component Browser:
    ./src/app/admin/vaccines/edit/[id]/page.tsx [Client Component Browser]
    ./src/app/admin/vaccines/edit/[id]/page.tsx [Server Component]

  Client Component SSR:
    ./src/app/admin/vaccines/edit/[id]/page.tsx [Client Component SSR]
    ./src/app/admin/vaccines/edit/[id]/page.tsx [Server Component] @ http://localhost:3000/_next/static/chunks/node_modules_next_dist_1e8vcs8._.js:1052
[  936227ms] [ERROR] ./src/app/admin/vaccines/edit/[id]/page.tsx:170:11
Error: Expected '</', got '}'
  168 |             className="mt-2"
  169 |             disabled={isSubmitting}
> 170 |           } 
      |           ^
  171 |         />
  172 |         </div>
  173 |         <label className="flex items-center gap-2">

Parsing ecmascript source code failed

Import traces:
  Client Component Browser:
    ./src/app/admin/vaccines/edit/[id]/page.tsx [Client Component Browser]
    ./src/app/admin/vaccines/edit/[id]/page.tsx [Server Component]

  Client Component SSR:
    ./src/app/admin/vaccines/edit/[id]/page.tsx [Client Component SSR]
    ./src/app/admin/vaccines/edit/[id]/page.tsx [Server Component] @ http://localhost:3000/_next/static/chunks/node_modules_next_dist_1e8vcs8._.js:1052
[  936566ms] [ERROR] ./src/app/admin/vaccines/edit/[id]/page.tsx:170:11
Error: Expected '</', got '}'
  168 |             className="mt-2"
  169 |             disabled={isSubmitting}
> 170 |           } 
      |           ^
  171 |         />
  172 |         </div>
  173 |         <label className="flex items-center gap-2">

Parsing ecmascript source code failed

Import traces:
  Client Component Browser:
    ./src/app/admin/vaccines/edit/[id]/page.tsx [Client Component Browser]
    ./src/app/admin/vaccines/edit/[id]/page.tsx [Server Component]

  Client Component SSR:
    ./src/app/admin/vaccines/edit/[id]/page.tsx [Client Component SSR]
    ./src/app/admin/vaccines/edit/[id]/page.tsx [Server Component] @ http://localhost:3000/_next/static/chunks/node_modules_next_dist_1e8vcs8._.js:1052
[  936672ms] [ERROR] ./src/app/admin/vaccines/edit/[id]/page.tsx:170:11
Error: Expected '</', got '}'
  168 |             className="mt-2"
  169 |             disabled={isSubmitting}
> 170 |           } 
      |           ^
  171 |         />
  172 |         </div>
  173 |         <label className="flex items-center gap-2">

Parsing ecmascript source code failed

Import traces:
  Client Component Browser:
    ./src/app/admin/vaccines/edit/[id]/page.tsx [Client Component Browser]
    ./src/app/admin/vaccines/edit/[id]/page.tsx [Server Component]

  Client Component SSR:
    ./src/app/admin/vaccines/edit/[id]/page.tsx [Client Component SSR]
    ./src/app/admin/vaccines/edit/[id]/page.tsx [Server Component] @ http://localhost:3000/_next/static/chunks/node_modules_next_dist_1e8vcs8._.js:1052
[  937007ms] [ERROR] ./src/app/admin/vaccines/edit/[id]/page.tsx:170:11
Error: Expected '</', got '}'
  168 |             className="mt-2"
  169 |             disabled={isSubmitting}
> 170 |           } 
      |           ^
  171 |         />
  172 |         </div>
  173 |         <label className="flex items-center gap-2">

Parsing ecmascript source code failed

Import traces:
  Client Component Browser:
    ./src/app/admin/vaccines/edit/[id]/page.tsx [Client Component Browser]
    ./src/app/admin/vaccines/edit/[id]/page.tsx [Server Component]

  Client Component SSR:
    ./src/app/admin/vaccines/edit/[id]/page.tsx [Client Component SSR]
    ./src/app/admin/vaccines/edit/[id]/page.tsx [Server Component] @ http://localhost:3000/_next/static/chunks/node_modules_next_dist_1e8vcs8._.js:1052
[  937606ms] [ERROR] ./src/app/admin/vaccines/edit/[id]/page.tsx:170:11
Error: Expected '</', got '}'
  168 |             className="mt-2"
  169 |             disabled={isSubmitting}
> 170 |           } 
      |           ^
  171 |         />
  172 |         </div>
  173 |         <label className="flex items-center gap-2">

Parsing ecmascript source code failed

Import traces:
  Client Component Browser:
    ./src/app/admin/vaccines/edit/[id]/page.tsx [Client Component Browser]
    ./src/app/admin/vaccines/edit/[id]/page.tsx [Server Component]

  Client Component SSR:
    ./src/app/admin/vaccines/edit/[id]/page.tsx [Client Component SSR]
    ./src/app/admin/vaccines/edit/[id]/page.tsx [Server Component] @ http://localhost:3000/_next/static/chunks/node_modules_next_dist_1e8vcs8._.js:1052
[  937714ms] [ERROR] ./src/app/admin/vaccines/edit/[id]/page.tsx:170:11
Error: Expected '</', got '}'
  168 |             className="mt-2"
  169 |             disabled={isSubmitting}
> 170 |           } 
      |           ^
  171 |         />
  172 |         </div>
  173 |         <label className="flex items-center gap-2">

Parsing ecmascript source code failed

Import traces:
  Client Component Browser:
    ./src/app/admin/vaccines/edit/[id]/page.tsx [Client Component Browser]
    ./src/app/admin/vaccines/edit/[id]/page.tsx [Server Component]

  Client Component SSR:
    ./src/app/admin/vaccines/edit/[id]/page.tsx [Client Component SSR]
    ./src/app/admin/vaccines/edit/[id]/page.tsx [Server Component] @ http://localhost:3000/_next/static/chunks/node_modules_next_dist_1e8vcs8._.js:1052
[  937967ms] [ERROR] ./src/app/admin/vaccines/edit/[id]/page.tsx:170:11
Error: Expected '</', got '}'
  168 |             className="mt-2"
  169 |             disabled={isSubmitting}
> 170 |           } 
      |           ^
  171 |         />
  172 |         </div>
  173 |         <label className="flex items-center gap-2">

Parsing ecmascript source code failed

Import traces:
  Client Component Browser:
    ./src/app/admin/vaccines/edit/[id]/page.tsx [Client Component Browser]
    ./src/app/admin/vaccines/edit/[id]/page.tsx [Server Component]

  Client Component SSR:
    ./src/app/admin/vaccines/edit/[id]/page.tsx [Client Component SSR]
    ./src/app/admin/vaccines/edit/[id]/page.tsx [Server Component] @ http://localhost:3000/_next/static/chunks/node_modules_next_dist_1e8vcs8._.js:1052
[  938114ms] [ERROR] ./src/app/admin/vaccines/edit/[id]/page.tsx:170:11
Error: Expected '</', got '}'
  168 |             className="mt-2"
  169 |             disabled={isSubmitting}
> 170 |           } 
      |           ^
  171 |         />
  172 |         </div>
  173 |         <label className="flex items-center gap-2">

Parsing ecmascript source code failed

Import traces:
  Client Component Browser:
    ./src/app/admin/vaccines/edit/[id]/page.tsx [Client Component Browser]
    ./src/app/admin/vaccines/edit/[id]/page.tsx [Server Component]

  Client Component SSR:
    ./src/app/admin/vaccines/edit/[id]/page.tsx [Client Component SSR]
    ./src/app/admin/vaccines/edit/[id]/page.tsx [Server Component] @ http://localhost:3000/_next/static/chunks/node_modules_next_dist_1e8vcs8._.js:1052
[  938257ms] [ERROR] ./src/app/admin/vaccines/edit/[id]/page.tsx:170:11
Error: Expected '</', got '}'
  168 |             className="mt-2"
  169 |             disabled={isSubmitting}
> 170 |           } 
      |           ^
  171 |         />
  172 |         </div>
  173 |         <label className="flex items-center gap-2">

Parsing ecmascript source code failed

Import traces:
  Client Component Browser:
    ./src/app/admin/vaccines/edit/[id]/page.tsx [Client Component Browser]
    ./src/app/admin/vaccines/edit/[id]/page.tsx [Server Component]

  Client Component SSR:
    ./src/app/admin/vaccines/edit/[id]/page.tsx [Client Component SSR]
    ./src/app/admin/vaccines/edit/[id]/page.tsx [Server Component] @ http://localhost:3000/_next/static/chunks/node_modules_next_dist_1e8vcs8._.js:1052
[  938536ms] [ERROR] ./src/app/admin/vaccines/edit/[id]/page.tsx:170:11
Error: Expected '</', got '}'
  168 |             className="mt-2"
  169 |             disabled={isSubmitting}
> 170 |           } 
      |           ^
  171 |         />
  172 |         </div>
  173 |         <label className="flex items-center gap-2">

Parsing ecmascript source code failed

Import traces:
  Client Component Browser:
    ./src/app/admin/vaccines/edit/[id]/page.tsx [Client Component Browser]
    ./src/app/admin/vaccines/edit/[id]/page.tsx [Server Component]

  Client Component SSR:
    ./src/app/admin/vaccines/edit/[id]/page.tsx [Client Component SSR]
    ./src/app/admin/vaccines/edit/[id]/page.tsx [Server Component] @ http://localhost:3000/_next/static/chunks/node_modules_next_dist_1e8vcs8._.js:1052
[  938652ms] [ERROR] ./src/app/admin/vaccines/edit/[id]/page.tsx:170:11
Error: Expected '</', got '}'
  168 |             className="mt-2"
  169 |             disabled={isSubmitting}
> 170 |           } 
      |           ^
  171 |         />
  172 |         </div>
  173 |         <label className="flex items-center gap-2">

Parsing ecmascript source code failed

Import traces:
  Client Component Browser:
    ./src/app/admin/vaccines/edit/[id]/page.tsx [Client Component Browser]
    ./src/app/admin/vaccines/edit/[id]/page.tsx [Server Component]

  Client Component SSR:
    ./src/app/admin/vaccines/edit/[id]/page.tsx [Client Component SSR]
    ./src/app/admin/vaccines/edit/[id]/page.tsx [Server Component] @ http://localhost:3000/_next/static/chunks/node_modules_next_dist_1e8vcs8._.js:1052
[  938835ms] [ERROR] ./src/app/admin/vaccines/edit/[id]/page.tsx:170:11
Error: Expected '</', got '}'
  168 |             className="mt-2"
  169 |             disabled={isSubmitting}
> 170 |           } 
      |           ^
  171 |         />
  172 |         </div>
  173 |         <label className="flex items-center gap-2">

Parsing ecmascript source code failed

Import traces:
  Client Component Browser:
    ./src/app/admin/vaccines/edit/[id]/page.tsx [Client Component Browser]
    ./src/app/admin/vaccines/edit/[id]/page.tsx [Server Component]

  Client Component SSR:
    ./src/app/admin/vaccines/edit/[id]/page.tsx [Client Component SSR]
    ./src/app/admin/vaccines/edit/[id]/page.tsx [Server Component] @ http://localhost:3000/_next/static/chunks/node_modules_next_dist_1e8vcs8._.js:1052
[  939104ms] [ERROR] ./src/app/admin/vaccines/edit/[id]/page.tsx:170:11
Error: Expected '</', got '}'
  168 |             className="mt-2"
  169 |             disabled={isSubmitting}
> 170 |           } 
      |           ^
  171 |         />
  172 |         </div>
  173 |         <label className="flex items-center gap-2">

Parsing ecmascript source code failed

Import traces:
  Client Component Browser:
    ./src/app/admin/vaccines/edit/[id]/page.tsx [Client Component Browser]
    ./src/app/admin/vaccines/edit/[id]/page.tsx [Server Component]

  Client Component SSR:
    ./src/app/admin/vaccines/edit/[id]/page.tsx [Client Component SSR]
    ./src/app/admin/vaccines/edit/[id]/page.tsx [Server Component] @ http://localhost:3000/_next/static/chunks/node_modules_next_dist_1e8vcs8._.js:1052
[  939338ms] [ERROR] ./src/app/admin/vaccines/edit/[id]/page.tsx:170:11
Error: Expected '</', got '}'
  168 |             className="mt-2"
  169 |             disabled={isSubmitting}
> 170 |           } 
      |           ^
  171 |         />
  172 |         </div>
  173 |         <label className="flex items-center gap-2">

Parsing ecmascript source code failed

Import traces:
  Client Component Browser:
    ./src/app/admin/vaccines/edit/[id]/page.tsx [Client Component Browser]
    ./src/app/admin/vaccines/edit/[id]/page.tsx [Server Component]

  Client Component SSR:
    ./src/app/admin/vaccines/edit/[id]/page.tsx [Client Component SSR]
    ./src/app/admin/vaccines/edit/[id]/page.tsx [Server Component] @ http://localhost:3000/_next/static/chunks/node_modules_next_dist_1e8vcs8._.js:1052
[  939454ms] [ERROR] ./src/app/admin/vaccines/edit/[id]/page.tsx:170:11
Error: Expected '</', got '}'
  168 |             className="mt-2"
  169 |             disabled={isSubmitting}
> 170 |           } 
      |           ^
  171 |         />
  172 |         </div>
  173 |         <label className="flex items-center gap-2">

Parsing ecmascript source code failed

Import traces:
  Client Component Browser:
    ./src/app/admin/vaccines/edit/[id]/page.tsx [Client Component Browser]
    ./src/app/admin/vaccines/edit/[id]/page.tsx [Server Component]

  Client Component SSR:
    ./src/app/admin/vaccines/edit/[id]/page.tsx [Client Component SSR]
    ./src/app/admin/vaccines/edit/[id]/page.tsx [Server Component] @ http://localhost:3000/_next/static/chunks/node_modules_next_dist_1e8vcs8._.js:1052
[  939910ms] [ERROR] ./src/app/admin/vaccines/edit/[id]/page.tsx:170:11
Error: Expected '</', got '}'
  168 |             className="mt-2"
  169 |             disabled={isSubmitting}
> 170 |           } 
      |           ^
  171 |         />
  172 |         </div>
  173 |         <label className="flex items-center gap-2">

Parsing ecmascript source code failed

Import traces:
  Client Component Browser:
    ./src/app/admin/vaccines/edit/[id]/page.tsx [Client Component Browser]
    ./src/app/admin/vaccines/edit/[id]/page.tsx [Server Component]

  Client Component SSR:
    ./src/app/admin/vaccines/edit/[id]/page.tsx [Client Component SSR]
    ./src/app/admin/vaccines/edit/[id]/page.tsx [Server Component] @ http://localhost:3000/_next/static/chunks/node_modules_next_dist_1e8vcs8._.js:1052
[  940080ms] [ERROR] ./src/app/admin/vaccines/edit/[id]/page.tsx:170:11
Error: Expected '</', got '}'
  168 |             className="mt-2"
  169 |             disabled={isSubmitting}
> 170 |           } 
      |           ^
  171 |         />
  172 |         </div>
  173 |         <label className="flex items-center gap-2">

Parsing ecmascript source code failed

Import traces:
  Client Component Browser:
    ./src/app/admin/vaccines/edit/[id]/page.tsx [Client Component Browser]
    ./src/app/admin/vaccines/edit/[id]/page.tsx [Server Component]

  Client Component SSR:
    ./src/app/admin/vaccines/edit/[id]/page.tsx [Client Component SSR]
    ./src/app/admin/vaccines/edit/[id]/page.tsx [Server Component] @ http://localhost:3000/_next/static/chunks/node_modules_next_dist_1e8vcs8._.js:1052
[  940332ms] [ERROR] ./src/app/admin/vaccines/edit/[id]/page.tsx:170:11
Error: Expected '</', got '}'
  168 |             className="mt-2"
  169 |             disabled={isSubmitting}
> 170 |           } 
      |           ^
  171 |         />
  172 |         </div>
  173 |         <label className="flex items-center gap-2">

Parsing ecmascript source code failed

Import traces:
  Client Component Browser:
    ./src/app/admin/vaccines/edit/[id]/page.tsx [Client Component Browser]
    ./src/app/admin/vaccines/edit/[id]/page.tsx [Server Component]

  Client Component SSR:
    ./src/app/admin/vaccines/edit/[id]/page.tsx [Client Component SSR]
    ./src/app/admin/vaccines/edit/[id]/page.tsx [Server Component] @ http://localhost:3000/_next/static/chunks/node_modules_next_dist_1e8vcs8._.js:1052
[  940672ms] [ERROR] ./src/app/admin/vaccines/edit/[id]/page.tsx:170:11
Error: Expected '</', got '}'
  168 |             className="mt-2"
  169 |             disabled={isSubmitting}
> 170 |           } 
      |           ^
  171 |         />
  172 |         </div>
  173 |         <label className="flex items-center gap-2">

Parsing ecmascript source code failed

Import traces:
  Client Component Browser:
    ./src/app/admin/vaccines/edit/[id]/page.tsx [Client Component Browser]
    ./src/app/admin/vaccines/edit/[id]/page.tsx [Server Component]

  Client Component SSR:
    ./src/app/admin/vaccines/edit/[id]/page.tsx [Client Component SSR]
    ./src/app/admin/vaccines/edit/[id]/page.tsx [Server Component] @ http://localhost:3000/_next/static/chunks/node_modules_next_dist_1e8vcs8._.js:1052
[  940732ms] [ERROR] ./src/app/admin/vaccines/edit/[id]/page.tsx:170:11
Error: Expected '</', got '}'
  168 |             className="mt-2"
  169 |             disabled={isSubmitting}
> 170 |           } 
      |           ^
  171 |         />
  172 |         </div>
  173 |         <label className="flex items-center gap-2">

Parsing ecmascript source code failed

Import traces:
  Client Component Browser:
    ./src/app/admin/vaccines/edit/[id]/page.tsx [Client Component Browser]
    ./src/app/admin/vaccines/edit/[id]/page.tsx [Server Component]

  Client Component SSR:
    ./src/app/admin/vaccines/edit/[id]/page.tsx [Client Component SSR]
    ./src/app/admin/vaccines/edit/[id]/page.tsx [Server Component] @ http://localhost:3000/_next/static/chunks/node_modules_next_dist_1e8vcs8._.js:1052
[  940985ms] [ERROR] ./src/app/admin/vaccines/edit/[id]/page.tsx:170:11
Error: Expected '</', got '}'
  168 |             className="mt-2"
  169 |             disabled={isSubmitting}
> 170 |           } 
      |           ^
  171 |         />
  172 |         </div>
  173 |         <label className="flex items-center gap-2">

Parsing ecmascript source code failed

Import traces:
  Client Component Browser:
    ./src/app/admin/vaccines/edit/[id]/page.tsx [Client Component Browser]
    ./src/app/admin/vaccines/edit/[id]/page.tsx [Server Component]

  Client Component SSR:
    ./src/app/admin/vaccines/edit/[id]/page.tsx [Client Component SSR]
    ./src/app/admin/vaccines/edit/[id]/page.tsx [Server Component] @ http://localhost:3000/_next/static/chunks/node_modules_next_dist_1e8vcs8._.js:1052
[  941238ms] [ERROR] ./src/app/admin/vaccines/edit/[id]/page.tsx:170:11
Error: Expected '</', got '}'
  168 |             className="mt-2"
  169 |             disabled={isSubmitting}
> 170 |           } 
      |           ^
  171 |         />
  172 |         </div>
  173 |         <label className="flex items-center gap-2">

Parsing ecmascript source code failed

Import traces:
  Client Component Browser:
    ./src/app/admin/vaccines/edit/[id]/page.tsx [Client Component Browser]
    ./src/app/admin/vaccines/edit/[id]/page.tsx [Server Component]

  Client Component SSR:
    ./src/app/admin/vaccines/edit/[id]/page.tsx [Client Component SSR]
    ./src/app/admin/vaccines/edit/[id]/page.tsx [Server Component] @ http://localhost:3000/_next/static/chunks/node_modules_next_dist_1e8vcs8._.js:1052
[  941276ms] [ERROR] ./src/app/admin/vaccines/edit/[id]/page.tsx:170:11
Error: Expected '</', got '}'
  168 |             className="mt-2"
  169 |             disabled={isSubmitting}
> 170 |           } 
      |           ^
  171 |         />
  172 |         </div>
  173 |         <label className="flex items-center gap-2">

Parsing ecmascript source code failed

Import traces:
  Client Component Browser:
    ./src/app/admin/vaccines/edit/[id]/page.tsx [Client Component Browser]
    ./src/app/admin/vaccines/edit/[id]/page.tsx [Server Component]

  Client Component SSR:
    ./src/app/admin/vaccines/edit/[id]/page.tsx [Client Component SSR]
    ./src/app/admin/vaccines/edit/[id]/page.tsx [Server Component] @ http://localhost:3000/_next/static/chunks/node_modules_next_dist_1e8vcs8._.js:1052
[  941496ms] [ERROR] ./src/app/admin/vaccines/edit/[id]/page.tsx:170:11
Error: Expected '</', got '}'
  168 |             className="mt-2"
  169 |             disabled={isSubmitting}
> 170 |           } 
      |           ^
  171 |         />
  172 |         </div>
  173 |         <label className="flex items-center gap-2">

Parsing ecmascript source code failed

Import traces:
  Client Component Browser:
    ./src/app/admin/vaccines/edit/[id]/page.tsx [Client Component Browser]
    ./src/app/admin/vaccines/edit/[id]/page.tsx [Server Component]

  Client Component SSR:
    ./src/app/admin/vaccines/edit/[id]/page.tsx [Client Component SSR]
    ./src/app/admin/vaccines/edit/[id]/page.tsx [Server Component] @ http://localhost:3000/_next/static/chunks/node_modules_next_dist_1e8vcs8._.js:1052
[  941708ms] [ERROR] ./src/app/admin/vaccines/edit/[id]/page.tsx:170:11
Error: Expected '</', got '}'
  168 |             className="mt-2"
  169 |             disabled={isSubmitting}
> 170 |           } 
      |           ^
  171 |         />
  172 |         </div>
  173 |         <label className="flex items-center gap-2">

Parsing ecmascript source code failed

Import traces:
  Client Component Browser:
    ./src/app/admin/vaccines/edit/[id]/page.tsx [Client Component Browser]
    ./src/app/admin/vaccines/edit/[id]/page.tsx [Server Component]

  Client Component SSR:
    ./src/app/admin/vaccines/edit/[id]/page.tsx [Client Component SSR]
    ./src/app/admin/vaccines/edit/[id]/page.tsx [Server Component] @ http://localhost:3000/_next/static/chunks/node_modules_next_dist_1e8vcs8._.js:1052
[  941743ms] [ERROR] ./src/app/admin/vaccines/edit/[id]/page.tsx:170:11
Error: Expected '</', got '}'
  168 |             className="mt-2"
  169 |             disabled={isSubmitting}
> 170 |           } 
      |           ^
  171 |         />
  172 |         </div>
  173 |         <label className="flex items-center gap-2">

Parsing ecmascript source code failed

Import traces:
  Client Component Browser:
    ./src/app/admin/vaccines/edit/[id]/page.tsx [Client Component Browser]
    ./src/app/admin/vaccines/edit/[id]/page.tsx [Server Component]

  Client Component SSR:
    ./src/app/admin/vaccines/edit/[id]/page.tsx [Client Component SSR]
    ./src/app/admin/vaccines/edit/[id]/page.tsx [Server Component] @ http://localhost:3000/_next/static/chunks/node_modules_next_dist_1e8vcs8._.js:1052
[  942012ms] [ERROR] ./src/app/admin/vaccines/edit/[id]/page.tsx:170:11
Error: Expected '</', got '}'
  168 |             className="mt-2"
  169 |             disabled={isSubmitting}
> 170 |           } 
      |           ^
  171 |         />
  172 |         </div>
  173 |         <label className="flex items-center gap-2">

Parsing ecmascript source code failed

Import traces:
  Client Component Browser:
    ./src/app/admin/vaccines/edit/[id]/page.tsx [Client Component Browser]
    ./src/app/admin/vaccines/edit/[id]/page.tsx [Server Component]

  Client Component SSR:
    ./src/app/admin/vaccines/edit/[id]/page.tsx [Client Component SSR]
    ./src/app/admin/vaccines/edit/[id]/page.tsx [Server Component] @ http://localhost:3000/_next/static/chunks/node_modules_next_dist_1e8vcs8._.js:1052
[  942189ms] [ERROR] ./src/app/admin/vaccines/edit/[id]/page.tsx:170:11
Error: Expected '</', got '}'
  168 |             className="mt-2"
  169 |             disabled={isSubmitting}
> 170 |           } 
      |           ^
  171 |         />
  172 |         </div>
  173 |         <label className="flex items-center gap-2">

Parsing ecmascript source code failed

Import traces:
  Client Component Browser:
    ./src/app/admin/vaccines/edit/[id]/page.tsx [Client Component Browser]
    ./src/app/admin/vaccines/edit/[id]/page.tsx [Server Component]

  Client Component SSR:
    ./src/app/admin/vaccines/edit/[id]/page.tsx [Client Component SSR]
    ./src/app/admin/vaccines/edit/[id]/page.tsx [Server Component] @ http://localhost:3000/_next/static/chunks/node_modules_next_dist_1e8vcs8._.js:1052
[  942312ms] [ERROR] ./src/app/admin/vaccines/edit/[id]/page.tsx:170:11
Error: Expected '</', got '}'
  168 |             className="mt-2"
  169 |             disabled={isSubmitting}
> 170 |           } 
      |           ^
  171 |         />
  172 |         </div>
  173 |         <label className="flex items-center gap-2">

Parsing ecmascript source code failed

Import traces:
  Client Component Browser:
    ./src/app/admin/vaccines/edit/[id]/page.tsx [Client Component Browser]
    ./src/app/admin/vaccines/edit/[id]/page.tsx [Server Component]

  Client Component SSR:
    ./src/app/admin/vaccines/edit/[id]/page.tsx [Client Component SSR]
    ./src/app/admin/vaccines/edit/[id]/page.tsx [Server Component] @ http://localhost:3000/_next/static/chunks/node_modules_next_dist_1e8vcs8._.js:1052
[  942558ms] [ERROR] ./src/app/admin/vaccines/edit/[id]/page.tsx:170:11
Error: Expected '</', got '}'
  168 |             className="mt-2"
  169 |             disabled={isSubmitting}
> 170 |           } 
      |           ^
  171 |         />
  172 |         </div>
  173 |         <label className="flex items-center gap-2">

Parsing ecmascript source code failed

Import traces:
  Client Component Browser:
    ./src/app/admin/vaccines/edit/[id]/page.tsx [Client Component Browser]
    ./src/app/admin/vaccines/edit/[id]/page.tsx [Server Component]

  Client Component SSR:
    ./src/app/admin/vaccines/edit/[id]/page.tsx [Client Component SSR]
    ./src/app/admin/vaccines/edit/[id]/page.tsx [Server Component] @ http://localhost:3000/_next/static/chunks/node_modules_next_dist_1e8vcs8._.js:1052
[  942707ms] [ERROR] ./src/app/admin/vaccines/edit/[id]/page.tsx:170:11
Error: Expected '</', got '}'
  168 |             className="mt-2"
  169 |             disabled={isSubmitting}
> 170 |           } 
      |           ^
  171 |         />
  172 |         </div>
  173 |         <label className="flex items-center gap-2">

Parsing ecmascript source code failed

Import traces:
  Client Component Browser:
    ./src/app/admin/vaccines/edit/[id]/page.tsx [Client Component Browser]
    ./src/app/admin/vaccines/edit/[id]/page.tsx [Server Component]

  Client Component SSR:
    ./src/app/admin/vaccines/edit/[id]/page.tsx [Client Component SSR]
    ./src/app/admin/vaccines/edit/[id]/page.tsx [Server Component] @ http://localhost:3000/_next/static/chunks/node_modules_next_dist_1e8vcs8._.js:1052
[  942809ms] [ERROR] ./src/app/admin/vaccines/edit/[id]/page.tsx:170:11
Error: Expected '</', got '}'
  168 |             className="mt-2"
  169 |             disabled={isSubmitting}
> 170 |           } 
      |           ^
  171 |         />
  172 |         </div>
  173 |         <label className="flex items-center gap-2">

Parsing ecmascript source code failed

Import traces:
  Client Component Browser:
    ./src/app/admin/vaccines/edit/[id]/page.tsx [Client Component Browser]
    ./src/app/admin/vaccines/edit/[id]/page.tsx [Server Component]

  Client Component SSR:
    ./src/app/admin/vaccines/edit/[id]/page.tsx [Client Component SSR]
    ./src/app/admin/vaccines/edit/[id]/page.tsx [Server Component] @ http://localhost:3000/_next/static/chunks/node_modules_next_dist_1e8vcs8._.js:1052
[  943077ms] [ERROR] ./src/app/admin/vaccines/edit/[id]/page.tsx:170:11
Error: Expected '</', got '}'
  168 |             className="mt-2"
  169 |             disabled={isSubmitting}
> 170 |           } 
      |           ^
  171 |         />
  172 |         </div>
  173 |         <label className="flex items-center gap-2">

Parsing ecmascript source code failed

Import traces:
  Client Component Browser:
    ./src/app/admin/vaccines/edit/[id]/page.tsx [Client Component Browser]
    ./src/app/admin/vaccines/edit/[id]/page.tsx [Server Component]

  Client Component SSR:
    ./src/app/admin/vaccines/edit/[id]/page.tsx [Client Component SSR]
    ./src/app/admin/vaccines/edit/[id]/page.tsx [Server Component] @ http://localhost:3000/_next/static/chunks/node_modules_next_dist_1e8vcs8._.js:1052
[  943169ms] [ERROR] ./src/app/admin/vaccines/edit/[id]/page.tsx:170:11
Error: Expected '</', got '}'
  168 |             className="mt-2"
  169 |             disabled={isSubmitting}
> 170 |           } 
      |           ^
  171 |         />
  172 |         </div>
  173 |         <label className="flex items-center gap-2">

Parsing ecmascript source code failed

Import traces:
  Client Component Browser:
    ./src/app/admin/vaccines/edit/[id]/page.tsx [Client Component Browser]
    ./src/app/admin/vaccines/edit/[id]/page.tsx [Server Component]

  Client Component SSR:
    ./src/app/admin/vaccines/edit/[id]/page.tsx [Client Component SSR]
    ./src/app/admin/vaccines/edit/[id]/page.tsx [Server Component] @ http://localhost:3000/_next/static/chunks/node_modules_next_dist_1e8vcs8._.js:1052
[  943356ms] [ERROR] ./src/app/admin/vaccines/edit/[id]/page.tsx:170:11
Error: Expected '</', got '}'
  168 |             className="mt-2"
  169 |             disabled={isSubmitting}
> 170 |           } 
      |           ^
  171 |         />
  172 |         </div>
  173 |         <label className="flex items-center gap-2">

Parsing ecmascript source code failed

Import traces:
  Client Component Browser:
    ./src/app/admin/vaccines/edit/[id]/page.tsx [Client Component Browser]
    ./src/app/admin/vaccines/edit/[id]/page.tsx [Server Component]

  Client Component SSR:
    ./src/app/admin/vaccines/edit/[id]/page.tsx [Client Component SSR]
    ./src/app/admin/vaccines/edit/[id]/page.tsx [Server Component] @ http://localhost:3000/_next/static/chunks/node_modules_next_dist_1e8vcs8._.js:1052
[  943667ms] [ERROR] ./src/app/admin/vaccines/edit/[id]/page.tsx:170:11
Error: Expected '</', got '}'
  168 |             className="mt-2"
  169 |             disabled={isSubmitting}
> 170 |           } 
      |           ^
  171 |         />
  172 |         </div>
  173 |         <label className="flex items-center gap-2">

Parsing ecmascript source code failed

Import traces:
  Client Component Browser:
    ./src/app/admin/vaccines/edit/[id]/page.tsx [Client Component Browser]
    ./src/app/admin/vaccines/edit/[id]/page.tsx [Server Component]

  Client Component SSR:
    ./src/app/admin/vaccines/edit/[id]/page.tsx [Client Component SSR]
    ./src/app/admin/vaccines/edit/[id]/page.tsx [Server Component] @ http://localhost:3000/_next/static/chunks/node_modules_next_dist_1e8vcs8._.js:1052
[  943744ms] [ERROR] ./src/app/admin/vaccines/edit/[id]/page.tsx:170:11
Error: Expected '</', got '}'
  168 |             className="mt-2"
  169 |             disabled={isSubmitting}
> 170 |           } 
      |           ^
  171 |         />
  172 |         </div>
  173 |         <label className="flex items-center gap-2">

Parsing ecmascript source code failed

Import traces:
  Client Component Browser:
    ./src/app/admin/vaccines/edit/[id]/page.tsx [Client Component Browser]
    ./src/app/admin/vaccines/edit/[id]/page.tsx [Server Component]

  Client Component SSR:
    ./src/app/admin/vaccines/edit/[id]/page.tsx [Client Component SSR]
    ./src/app/admin/vaccines/edit/[id]/page.tsx [Server Component] @ http://localhost:3000/_next/static/chunks/node_modules_next_dist_1e8vcs8._.js:1052
[  943965ms] [ERROR] ./src/app/admin/vaccines/edit/[id]/page.tsx:170:11
Error: Expected '</', got '}'
  168 |             className="mt-2"
  169 |             disabled={isSubmitting}
> 170 |           } 
      |           ^
  171 |         />
  172 |         </div>
  173 |         <label className="flex items-center gap-2">

Parsing ecmascript source code failed

Import traces:
  Client Component Browser:
    ./src/app/admin/vaccines/edit/[id]/page.tsx [Client Component Browser]
    ./src/app/admin/vaccines/edit/[id]/page.tsx [Server Component]

  Client Component SSR:
    ./src/app/admin/vaccines/edit/[id]/page.tsx [Client Component SSR]
    ./src/app/admin/vaccines/edit/[id]/page.tsx [Server Component] @ http://localhost:3000/_next/static/chunks/node_modules_next_dist_1e8vcs8._.js:1052
[  944522ms] [ERROR] ./src/app/admin/vaccines/edit/[id]/page.tsx:170:11
Error: Expected '</', got '}'
  168 |             className="mt-2"
  169 |             disabled={isSubmitting}
> 170 |           } 
      |           ^
  171 |         />
  172 |         </div>
  173 |         <label className="flex items-center gap-2">

Parsing ecmascript source code failed

Import traces:
  Client Component Browser:
    ./src/app/admin/vaccines/edit/[id]/page.tsx [Client Component Browser]
    ./src/app/admin/vaccines/edit/[id]/page.tsx [Server Component]

  Client Component SSR:
    ./src/app/admin/vaccines/edit/[id]/page.tsx [Client Component SSR]
    ./src/app/admin/vaccines/edit/[id]/page.tsx [Server Component] @ http://localhost:3000/_next/static/chunks/node_modules_next_dist_1e8vcs8._.js:1052
[  944790ms] [ERROR] ./src/app/admin/vaccines/edit/[id]/page.tsx:170:11
Error: Expected '</', got '}'
  168 |             className="mt-2"
  169 |             disabled={isSubmitting}
> 170 |           } 
      |           ^
  171 |         />
  172 |         </div>
  173 |         <label className="flex items-center gap-2">

Parsing ecmascript source code failed

Import traces:
  Client Component Browser:
    ./src/app/admin/vaccines/edit/[id]/page.tsx [Client Component Browser]
    ./src/app/admin/vaccines/edit/[id]/page.tsx [Server Component]

  Client Component SSR:
    ./src/app/admin/vaccines/edit/[id]/page.tsx [Client Component SSR]
    ./src/app/admin/vaccines/edit/[id]/page.tsx [Server Component] @ http://localhost:3000/_next/static/chunks/node_modules_next_dist_1e8vcs8._.js:1052
[  945041ms] [ERROR] ./src/app/admin/vaccines/edit/[id]/page.tsx:170:11
Error: Expected '</', got '}'
  168 |             className="mt-2"
  169 |             disabled={isSubmitting}
> 170 |           } 
      |           ^
  171 |         />
  172 |         </div>
  173 |         <label className="flex items-center gap-2">

Parsing ecmascript source code failed

Import traces:
  Client Component Browser:
    ./src/app/admin/vaccines/edit/[id]/page.tsx [Client Component Browser]
    ./src/app/admin/vaccines/edit/[id]/page.tsx [Server Component]

  Client Component SSR:
    ./src/app/admin/vaccines/edit/[id]/page.tsx [Client Component SSR]
    ./src/app/admin/vaccines/edit/[id]/page.tsx [Server Component] @ http://localhost:3000/_next/static/chunks/node_modules_next_dist_1e8vcs8._.js:1052
[  945280ms] [ERROR] ./src/app/admin/vaccines/edit/[id]/page.tsx:170:11
Error: Expected '</', got '}'
  168 |             className="mt-2"
  169 |             disabled={isSubmitting}
> 170 |           } 
      |           ^
  171 |         />
  172 |         </div>
  173 |         <label className="flex items-center gap-2">

Parsing ecmascript source code failed

Import traces:
  Client Component Browser:
    ./src/app/admin/vaccines/edit/[id]/page.tsx [Client Component Browser]
    ./src/app/admin/vaccines/edit/[id]/page.tsx [Server Component]

  Client Component SSR:
    ./src/app/admin/vaccines/edit/[id]/page.tsx [Client Component SSR]
    ./src/app/admin/vaccines/edit/[id]/page.tsx [Server Component] @ http://localhost:3000/_next/static/chunks/node_modules_next_dist_1e8vcs8._.js:1052
[  945831ms] [ERROR] ./src/app/admin/vaccines/edit/[id]/page.tsx:170:11
Error: Expected '</', got '}'
  168 |             className="mt-2"
  169 |             disabled={isSubmitting}
> 170 |           } 
      |           ^
  171 |         />
  172 |         </div>
  173 |         <label className="flex items-center gap-2">

Parsing ecmascript source code failed

Import traces:
  Client Component Browser:
    ./src/app/admin/vaccines/edit/[id]/page.tsx [Client Component Browser]
    ./src/app/admin/vaccines/edit/[id]/page.tsx [Server Component]

  Client Component SSR:
    ./src/app/admin/vaccines/edit/[id]/page.tsx [Client Component SSR]
    ./src/app/admin/vaccines/edit/[id]/page.tsx [Server Component] @ http://localhost:3000/_next/static/chunks/node_modules_next_dist_1e8vcs8._.js:1052
[  946239ms] [ERROR] ./src/app/admin/vaccines/edit/[id]/page.tsx:170:11
Error: Expected '</', got '}'
  168 |             className="mt-2"
  169 |             disabled={isSubmitting}
> 170 |           } 
      |           ^
  171 |         />
  172 |         </div>
  173 |         <label className="flex items-center gap-2">

Parsing ecmascript source code failed

Import traces:
  Client Component Browser:
    ./src/app/admin/vaccines/edit/[id]/page.tsx [Client Component Browser]
    ./src/app/admin/vaccines/edit/[id]/page.tsx [Server Component]

  Client Component SSR:
    ./src/app/admin/vaccines/edit/[id]/page.tsx [Client Component SSR]
    ./src/app/admin/vaccines/edit/[id]/page.tsx [Server Component] @ http://localhost:3000/_next/static/chunks/node_modules_next_dist_1e8vcs8._.js:1052
[  946421ms] [ERROR] ./src/app/admin/vaccines/edit/[id]/page.tsx:170:11
Error: Expected '</', got '}'
  168 |             className="mt-2"
  169 |             disabled={isSubmitting}
> 170 |           } 
      |           ^
  171 |         />
  172 |         </div>
  173 |         <label className="flex items-center gap-2">

Parsing ecmascript source code failed

Import traces:
  Client Component Browser:
    ./src/app/admin/vaccines/edit/[id]/page.tsx [Client Component Browser]
    ./src/app/admin/vaccines/edit/[id]/page.tsx [Server Component]

  Client Component SSR:
    ./src/app/admin/vaccines/edit/[id]/page.tsx [Client Component SSR]
    ./src/app/admin/vaccines/edit/[id]/page.tsx [Server Component] @ http://localhost:3000/_next/static/chunks/node_modules_next_dist_1e8vcs8._.js:1052
[  946499ms] [ERROR] ./src/app/admin/vaccines/edit/[id]/page.tsx:170:11
Error: Expected '</', got '}'
  168 |             className="mt-2"
  169 |             disabled={isSubmitting}
> 170 |           } 
      |           ^
  171 |         />
  172 |         </div>
  173 |         <label className="flex items-center gap-2">

Parsing ecmascript source code failed

Import traces:
  Client Component Browser:
    ./src/app/admin/vaccines/edit/[id]/page.tsx [Client Component Browser]
    ./src/app/admin/vaccines/edit/[id]/page.tsx [Server Component]

  Client Component SSR:
    ./src/app/admin/vaccines/edit/[id]/page.tsx [Client Component SSR]
    ./src/app/admin/vaccines/edit/[id]/page.tsx [Server Component] @ http://localhost:3000/_next/static/chunks/node_modules_next_dist_1e8vcs8._.js:1052
[  946816ms] [ERROR] ./src/app/admin/vaccines/edit/[id]/page.tsx:170:11
Error: Expected '</', got '}'
  168 |             className="mt-2"
  169 |             disabled={isSubmitting}
> 170 |           } 
      |           ^
  171 |         />
  172 |         </div>
  173 |         <label className="flex items-center gap-2">

Parsing ecmascript source code failed

Import traces:
  Client Component Browser:
    ./src/app/admin/vaccines/edit/[id]/page.tsx [Client Component Browser]
    ./src/app/admin/vaccines/edit/[id]/page.tsx [Server Component]

  Client Component SSR:
    ./src/app/admin/vaccines/edit/[id]/page.tsx [Client Component SSR]
    ./src/app/admin/vaccines/edit/[id]/page.tsx [Server Component] @ http://localhost:3000/_next/static/chunks/node_modules_next_dist_1e8vcs8._.js:1052
[  946918ms] [ERROR] ./src/app/admin/vaccines/edit/[id]/page.tsx:170:11
Error: Expected '</', got '}'
  168 |             className="mt-2"
  169 |             disabled={isSubmitting}
> 170 |           } 
      |           ^
  171 |         />
  172 |         </div>
  173 |         <label className="flex items-center gap-2">

Parsing ecmascript source code failed

Import traces:
  Client Component Browser:
    ./src/app/admin/vaccines/edit/[id]/page.tsx [Client Component Browser]
    ./src/app/admin/vaccines/edit/[id]/page.tsx [Server Component]

  Client Component SSR:
    ./src/app/admin/vaccines/edit/[id]/page.tsx [Client Component SSR]
    ./src/app/admin/vaccines/edit/[id]/page.tsx [Server Component] @ http://localhost:3000/_next/static/chunks/node_modules_next_dist_1e8vcs8._.js:1052
[  947112ms] [ERROR] ./src/app/admin/vaccines/edit/[id]/page.tsx:170:11
Error: Expected '</', got '}'
  168 |             className="mt-2"
  169 |             disabled={isSubmitting}
> 170 |           } 
      |           ^
  171 |         />
  172 |         </div>
  173 |         <label className="flex items-center gap-2">

Parsing ecmascript source code failed

Import traces:
  Client Component Browser:
    ./src/app/admin/vaccines/edit/[id]/page.tsx [Client Component Browser]
    ./src/app/admin/vaccines/edit/[id]/page.tsx [Server Component]

  Client Component SSR:
    ./src/app/admin/vaccines/edit/[id]/page.tsx [Client Component SSR]
    ./src/app/admin/vaccines/edit/[id]/page.tsx [Server Component] @ http://localhost:3000/_next/static/chunks/node_modules_next_dist_1e8vcs8._.js:1052
[  947352ms] [ERROR] ./src/app/admin/vaccines/edit/[id]/page.tsx:170:11
Error: Expected '</', got '}'
  168 |             className="mt-2"
  169 |             disabled={isSubmitting}
> 170 |           } 
      |           ^
  171 |         />
  172 |         </div>
  173 |         <label className="flex items-center gap-2">

Parsing ecmascript source code failed

Import traces:
  Client Component Browser:
    ./src/app/admin/vaccines/edit/[id]/page.tsx [Client Component Browser]
    ./src/app/admin/vaccines/edit/[id]/page.tsx [Server Component]

  Client Component SSR:
    ./src/app/admin/vaccines/edit/[id]/page.tsx [Client Component SSR]
    ./src/app/admin/vaccines/edit/[id]/page.tsx [Server Component] @ http://localhost:3000/_next/static/chunks/node_modules_next_dist_1e8vcs8._.js:1052
[  947399ms] [ERROR] ./src/app/admin/vaccines/edit/[id]/page.tsx:170:11
Error: Expected '</', got '}'
  168 |             className="mt-2"
  169 |             disabled={isSubmitting}
> 170 |           } 
      |           ^
  171 |         />
  172 |         </div>
  173 |         <label className="flex items-center gap-2">

Parsing ecmascript source code failed

Import traces:
  Client Component Browser:
    ./src/app/admin/vaccines/edit/[id]/page.tsx [Client Component Browser]
    ./src/app/admin/vaccines/edit/[id]/page.tsx [Server Component]

  Client Component SSR:
    ./src/app/admin/vaccines/edit/[id]/page.tsx [Client Component SSR]
    ./src/app/admin/vaccines/edit/[id]/page.tsx [Server Component] @ http://localhost:3000/_next/static/chunks/node_modules_next_dist_1e8vcs8._.js:1052
[  947723ms] [ERROR] ./src/app/admin/vaccines/edit/[id]/page.tsx:170:11
Error: Expected '</', got '}'
  168 |             className="mt-2"
  169 |             disabled={isSubmitting}
> 170 |           } 
      |           ^
  171 |         />
  172 |         </div>
  173 |         <label className="flex items-center gap-2">

Parsing ecmascript source code failed

Import traces:
  Client Component Browser:
    ./src/app/admin/vaccines/edit/[id]/page.tsx [Client Component Browser]
    ./src/app/admin/vaccines/edit/[id]/page.tsx [Server Component]

  Client Component SSR:
    ./src/app/admin/vaccines/edit/[id]/page.tsx [Client Component SSR]
    ./src/app/admin/vaccines/edit/[id]/page.tsx [Server Component] @ http://localhost:3000/_next/static/chunks/node_modules_next_dist_1e8vcs8._.js:1052
[  948015ms] [ERROR] ./src/app/admin/vaccines/edit/[id]/page.tsx:170:11
Error: Expected '</', got '}'
  168 |             className="mt-2"
  169 |             disabled={isSubmitting}
> 170 |           } 
      |           ^
  171 |         />
  172 |         </div>
  173 |         <label className="flex items-center gap-2">

Parsing ecmascript source code failed

Import traces:
  Client Component Browser:
    ./src/app/admin/vaccines/edit/[id]/page.tsx [Client Component Browser]
    ./src/app/admin/vaccines/edit/[id]/page.tsx [Server Component]

  Client Component SSR:
    ./src/app/admin/vaccines/edit/[id]/page.tsx [Client Component SSR]
    ./src/app/admin/vaccines/edit/[id]/page.tsx [Server Component] @ http://localhost:3000/_next/static/chunks/node_modules_next_dist_1e8vcs8._.js:1052
[  948058ms] [ERROR] ./src/app/admin/vaccines/edit/[id]/page.tsx:170:11
Error: Expected '</', got '}'
  168 |             className="mt-2"
  169 |             disabled={isSubmitting}
> 170 |           } 
      |           ^
  171 |         />
  172 |         </div>
  173 |         <label className="flex items-center gap-2">

Parsing ecmascript source code failed

Import traces:
  Client Component Browser:
    ./src/app/admin/vaccines/edit/[id]/page.tsx [Client Component Browser]
    ./src/app/admin/vaccines/edit/[id]/page.tsx [Server Component]

  Client Component SSR:
    ./src/app/admin/vaccines/edit/[id]/page.tsx [Client Component SSR]
    ./src/app/admin/vaccines/edit/[id]/page.tsx [Server Component] @ http://localhost:3000/_next/static/chunks/node_modules_next_dist_1e8vcs8._.js:1052
[  948295ms] [ERROR] ./src/app/admin/vaccines/edit/[id]/page.tsx:170:11
Error: Expected '</', got '}'
  168 |             className="mt-2"
  169 |             disabled={isSubmitting}
> 170 |           } 
      |           ^
  171 |         />
  172 |         </div>
  173 |         <label className="flex items-center gap-2">

Parsing ecmascript source code failed

Import traces:
  Client Component Browser:
    ./src/app/admin/vaccines/edit/[id]/page.tsx [Client Component Browser]
    ./src/app/admin/vaccines/edit/[id]/page.tsx [Server Component]

  Client Component SSR:
    ./src/app/admin/vaccines/edit/[id]/page.tsx [Client Component SSR]
    ./src/app/admin/vaccines/edit/[id]/page.tsx [Server Component] @ http://localhost:3000/_next/static/chunks/node_modules_next_dist_1e8vcs8._.js:1052
[  948564ms] [ERROR] ./src/app/admin/vaccines/edit/[id]/page.tsx:170:11
Error: Expected '</', got '}'
  168 |             className="mt-2"
  169 |             disabled={isSubmitting}
> 170 |           } 
      |           ^
  171 |         />
  172 |         </div>
  173 |         <label className="flex items-center gap-2">

Parsing ecmascript source code failed

Import traces:
  Client Component Browser:
    ./src/app/admin/vaccines/edit/[id]/page.tsx [Client Component Browser]
    ./src/app/admin/vaccines/edit/[id]/page.tsx [Server Component]

  Client Component SSR:
    ./src/app/admin/vaccines/edit/[id]/page.tsx [Client Component SSR]
    ./src/app/admin/vaccines/edit/[id]/page.tsx [Server Component] @ http://localhost:3000/_next/static/chunks/node_modules_next_dist_1e8vcs8._.js:1052
[  948624ms] [ERROR] ./src/app/admin/vaccines/edit/[id]/page.tsx:170:11
Error: Expected '</', got '}'
  168 |             className="mt-2"
  169 |             disabled={isSubmitting}
> 170 |           } 
      |           ^
  171 |         />
  172 |         </div>
  173 |         <label className="flex items-center gap-2">

Parsing ecmascript source code failed

Import traces:
  Client Component Browser:
    ./src/app/admin/vaccines/edit/[id]/page.tsx [Client Component Browser]
    ./src/app/admin/vaccines/edit/[id]/page.tsx [Server Component]

  Client Component SSR:
    ./src/app/admin/vaccines/edit/[id]/page.tsx [Client Component SSR]
    ./src/app/admin/vaccines/edit/[id]/page.tsx [Server Component] @ http://localhost:3000/_next/static/chunks/node_modules_next_dist_1e8vcs8._.js:1052
[  948834ms] [ERROR] ./src/app/admin/vaccines/edit/[id]/page.tsx:170:11
Error: Expected '</', got '}'
  168 |             className="mt-2"
  169 |             disabled={isSubmitting}
> 170 |           } 
      |           ^
  171 |         />
  172 |         </div>
  173 |         <label className="flex items-center gap-2">

Parsing ecmascript source code failed

Import traces:
  Client Component Browser:
    ./src/app/admin/vaccines/edit/[id]/page.tsx [Client Component Browser]
    ./src/app/admin/vaccines/edit/[id]/page.tsx [Server Component]

  Client Component SSR:
    ./src/app/admin/vaccines/edit/[id]/page.tsx [Client Component SSR]
    ./src/app/admin/vaccines/edit/[id]/page.tsx [Server Component] @ http://localhost:3000/_next/static/chunks/node_modules_next_dist_1e8vcs8._.js:1052
[  949088ms] [ERROR] ./src/app/admin/vaccines/edit/[id]/page.tsx:170:11
Error: Expected '</', got '}'
  168 |             className="mt-2"
  169 |             disabled={isSubmitting}
> 170 |           } 
      |           ^
  171 |         />
  172 |         </div>
  173 |         <label className="flex items-center gap-2">

Parsing ecmascript source code failed

Import traces:
  Client Component Browser:
    ./src/app/admin/vaccines/edit/[id]/page.tsx [Client Component Browser]
    ./src/app/admin/vaccines/edit/[id]/page.tsx [Server Component]

  Client Component SSR:
    ./src/app/admin/vaccines/edit/[id]/page.tsx [Client Component SSR]
    ./src/app/admin/vaccines/edit/[id]/page.tsx [Server Component] @ http://localhost:3000/_next/static/chunks/node_modules_next_dist_1e8vcs8._.js:1052
[  949133ms] [ERROR] ./src/app/admin/vaccines/edit/[id]/page.tsx:170:11
Error: Expected '</', got '}'
  168 |             className="mt-2"
  169 |             disabled={isSubmitting}
> 170 |           } 
      |           ^
  171 |         />
  172 |         </div>
  173 |         <label className="flex items-center gap-2">

Parsing ecmascript source code failed

Import traces:
  Client Component Browser:
    ./src/app/admin/vaccines/edit/[id]/page.tsx [Client Component Browser]
    ./src/app/admin/vaccines/edit/[id]/page.tsx [Server Component]

  Client Component SSR:
    ./src/app/admin/vaccines/edit/[id]/page.tsx [Client Component SSR]
    ./src/app/admin/vaccines/edit/[id]/page.tsx [Server Component] @ http://localhost:3000/_next/static/chunks/node_modules_next_dist_1e8vcs8._.js:1052
[  949319ms] [ERROR] ./src/app/admin/vaccines/edit/[id]/page.tsx:170:11
Error: Expected '</', got '}'
  168 |             className="mt-2"
  169 |             disabled={isSubmitting}
> 170 |           } 
      |           ^
  171 |         />
  172 |         </div>
  173 |         <label className="flex items-center gap-2">

Parsing ecmascript source code failed

Import traces:
  Client Component Browser:
    ./src/app/admin/vaccines/edit/[id]/page.tsx [Client Component Browser]
    ./src/app/admin/vaccines/edit/[id]/page.tsx [Server Component]

  Client Component SSR:
    ./src/app/admin/vaccines/edit/[id]/page.tsx [Client Component SSR]
    ./src/app/admin/vaccines/edit/[id]/page.tsx [Server Component] @ http://localhost:3000/_next/static/chunks/node_modules_next_dist_1e8vcs8._.js:1052
[  949558ms] [ERROR] ./src/app/admin/vaccines/edit/[id]/page.tsx:170:11
Error: Expected '</', got '}'
  168 |             className="mt-2"
  169 |             disabled={isSubmitting}
> 170 |           } 
      |           ^
  171 |         />
  172 |         </div>
  173 |         <label className="flex items-center gap-2">

Parsing ecmascript source code failed

Import traces:
  Client Component Browser:
    ./src/app/admin/vaccines/edit/[id]/page.tsx [Client Component Browser]
    ./src/app/admin/vaccines/edit/[id]/page.tsx [Server Component]

  Client Component SSR:
    ./src/app/admin/vaccines/edit/[id]/page.tsx [Client Component SSR]
    ./src/app/admin/vaccines/edit/[id]/page.tsx [Server Component] @ http://localhost:3000/_next/static/chunks/node_modules_next_dist_1e8vcs8._.js:1052
[  949798ms] [ERROR] ./src/app/admin/vaccines/edit/[id]/page.tsx:170:11
Error: Expected '</', got '}'
  168 |             className="mt-2"
  169 |             disabled={isSubmitting}
> 170 |           } 
      |           ^
  171 |         />
  172 |         </div>
  173 |         <label className="flex items-center gap-2">

Parsing ecmascript source code failed

Import traces:
  Client Component Browser:
    ./src/app/admin/vaccines/edit/[id]/page.tsx [Client Component Browser]
    ./src/app/admin/vaccines/edit/[id]/page.tsx [Server Component]

  Client Component SSR:
    ./src/app/admin/vaccines/edit/[id]/page.tsx [Client Component SSR]
    ./src/app/admin/vaccines/edit/[id]/page.tsx [Server Component] @ http://localhost:3000/_next/static/chunks/node_modules_next_dist_1e8vcs8._.js:1052
[  950037ms] [ERROR] ./src/app/admin/vaccines/edit/[id]/page.tsx:170:11
Error: Expected '</', got '}'
  168 |             className="mt-2"
  169 |             disabled={isSubmitting}
> 170 |           } 
      |           ^
  171 |         />
  172 |         </div>
  173 |         <label className="flex items-center gap-2">

Parsing ecmascript source code failed

Import traces:
  Client Component Browser:
    ./src/app/admin/vaccines/edit/[id]/page.tsx [Client Component Browser]
    ./src/app/admin/vaccines/edit/[id]/page.tsx [Server Component]

  Client Component SSR:
    ./src/app/admin/vaccines/edit/[id]/page.tsx [Client Component SSR]
    ./src/app/admin/vaccines/edit/[id]/page.tsx [Server Component] @ http://localhost:3000/_next/static/chunks/node_modules_next_dist_1e8vcs8._.js:1052
[  950070ms] [ERROR] ./src/app/admin/vaccines/edit/[id]/page.tsx:170:11
Error: Expected '</', got '}'
  168 |             className="mt-2"
  169 |             disabled={isSubmitting}
> 170 |           } 
      |           ^
  171 |         />
  172 |         </div>
  173 |         <label className="flex items-center gap-2">

Parsing ecmascript source code failed

Import traces:
  Client Component Browser:
    ./src/app/admin/vaccines/edit/[id]/page.tsx [Client Component Browser]
    ./src/app/admin/vaccines/edit/[id]/page.tsx [Server Component]

  Client Component SSR:
    ./src/app/admin/vaccines/edit/[id]/page.tsx [Client Component SSR]
    ./src/app/admin/vaccines/edit/[id]/page.tsx [Server Component] @ http://localhost:3000/_next/static/chunks/node_modules_next_dist_1e8vcs8._.js:1052
[  950312ms] [ERROR] ./src/app/admin/vaccines/edit/[id]/page.tsx:170:11
Error: Expected '</', got '}'
  168 |             className="mt-2"
  169 |             disabled={isSubmitting}
> 170 |           } 
      |           ^
  171 |         />
  172 |         </div>
  173 |         <label className="flex items-center gap-2">

Parsing ecmascript source code failed

Import traces:
  Client Component Browser:
    ./src/app/admin/vaccines/edit/[id]/page.tsx [Client Component Browser]
    ./src/app/admin/vaccines/edit/[id]/page.tsx [Server Component]

  Client Component SSR:
    ./src/app/admin/vaccines/edit/[id]/page.tsx [Client Component SSR]
    ./src/app/admin/vaccines/edit/[id]/page.tsx [Server Component] @ http://localhost:3000/_next/static/chunks/node_modules_next_dist_1e8vcs8._.js:1052
[  950541ms] [ERROR] ./src/app/admin/vaccines/edit/[id]/page.tsx:170:11
Error: Expected '</', got '}'
  168 |             className="mt-2"
  169 |             disabled={isSubmitting}
> 170 |           } 
      |           ^
  171 |         />
  172 |         </div>
  173 |         <label className="flex items-center gap-2">

Parsing ecmascript source code failed

Import traces:
  Client Component Browser:
    ./src/app/admin/vaccines/edit/[id]/page.tsx [Client Component Browser]
    ./src/app/admin/vaccines/edit/[id]/page.tsx [Server Component]

  Client Component SSR:
    ./src/app/admin/vaccines/edit/[id]/page.tsx [Client Component SSR]
    ./src/app/admin/vaccines/edit/[id]/page.tsx [Server Component] @ http://localhost:3000/_next/static/chunks/node_modules_next_dist_1e8vcs8._.js:1052
[  950587ms] [ERROR] ./src/app/admin/vaccines/edit/[id]/page.tsx:170:11
Error: Expected '</', got '}'
  168 |             className="mt-2"
  169 |             disabled={isSubmitting}
> 170 |           } 
      |           ^
  171 |         />
  172 |         </div>
  173 |         <label className="flex items-center gap-2">

Parsing ecmascript source code failed

Import traces:
  Client Component Browser:
    ./src/app/admin/vaccines/edit/[id]/page.tsx [Client Component Browser]
    ./src/app/admin/vaccines/edit/[id]/page.tsx [Server Component]

  Client Component SSR:
    ./src/app/admin/vaccines/edit/[id]/page.tsx [Client Component SSR]
    ./src/app/admin/vaccines/edit/[id]/page.tsx [Server Component] @ http://localhost:3000/_next/static/chunks/node_modules_next_dist_1e8vcs8._.js:1052
[  950837ms] [ERROR] ./src/app/admin/vaccines/edit/[id]/page.tsx:170:11
Error: Expected '</', got '}'
  168 |             className="mt-2"
  169 |             disabled={isSubmitting}
> 170 |           } 
      |           ^
  171 |         />
  172 |         </div>
  173 |         <label className="flex items-center gap-2">

Parsing ecmascript source code failed

Import traces:
  Client Component Browser:
    ./src/app/admin/vaccines/edit/[id]/page.tsx [Client Component Browser]
    ./src/app/admin/vaccines/edit/[id]/page.tsx [Server Component]

  Client Component SSR:
    ./src/app/admin/vaccines/edit/[id]/page.tsx [Client Component SSR]
    ./src/app/admin/vaccines/edit/[id]/page.tsx [Server Component] @ http://localhost:3000/_next/static/chunks/node_modules_next_dist_1e8vcs8._.js:1052
[  950988ms] [ERROR] ./src/app/admin/vaccines/edit/[id]/page.tsx:170:11
Error: Expected '</', got '}'
  168 |             className="mt-2"
  169 |             disabled={isSubmitting}
> 170 |           } 
      |           ^
  171 |         />
  172 |         </div>
  173 |         <label className="flex items-center gap-2">

Parsing ecmascript source code failed

Import traces:
  Client Component Browser:
    ./src/app/admin/vaccines/edit/[id]/page.tsx [Client Component Browser]
    ./src/app/admin/vaccines/edit/[id]/page.tsx [Server Component]

  Client Component SSR:
    ./src/app/admin/vaccines/edit/[id]/page.tsx [Client Component SSR]
    ./src/app/admin/vaccines/edit/[id]/page.tsx [Server Component] @ http://localhost:3000/_next/static/chunks/node_modules_next_dist_1e8vcs8._.js:1052
[  951064ms] [ERROR] ./src/app/admin/vaccines/edit/[id]/page.tsx:170:11
Error: Expected '</', got '}'
  168 |             className="mt-2"
  169 |             disabled={isSubmitting}
> 170 |           } 
      |           ^
  171 |         />
  172 |         </div>
  173 |         <label className="flex items-center gap-2">

Parsing ecmascript source code failed

Import traces:
  Client Component Browser:
    ./src/app/admin/vaccines/edit/[id]/page.tsx [Client Component Browser]
    ./src/app/admin/vaccines/edit/[id]/page.tsx [Server Component]

  Client Component SSR:
    ./src/app/admin/vaccines/edit/[id]/page.tsx [Client Component SSR]
    ./src/app/admin/vaccines/edit/[id]/page.tsx [Server Component] @ http://localhost:3000/_next/static/chunks/node_modules_next_dist_1e8vcs8._.js:1052
[  951302ms] [ERROR] ./src/app/admin/vaccines/edit/[id]/page.tsx:170:11
Error: Expected '</', got '}'
  168 |             className="mt-2"
  169 |             disabled={isSubmitting}
> 170 |           } 
      |           ^
  171 |         />
  172 |         </div>
  173 |         <label className="flex items-center gap-2">

Parsing ecmascript source code failed

Import traces:
  Client Component Browser:
    ./src/app/admin/vaccines/edit/[id]/page.tsx [Client Component Browser]
    ./src/app/admin/vaccines/edit/[id]/page.tsx [Server Component]

  Client Component SSR:
    ./src/app/admin/vaccines/edit/[id]/page.tsx [Client Component SSR]
    ./src/app/admin/vaccines/edit/[id]/page.tsx [Server Component] @ http://localhost:3000/_next/static/chunks/node_modules_next_dist_1e8vcs8._.js:1052
[  951434ms] [ERROR] ./src/app/admin/vaccines/edit/[id]/page.tsx:170:11
Error: Expected '</', got '}'
  168 |             className="mt-2"
  169 |             disabled={isSubmitting}
> 170 |           } 
      |           ^
  171 |         />
  172 |         </div>
  173 |         <label className="flex items-center gap-2">

Parsing ecmascript source code failed

Import traces:
  Client Component Browser:
    ./src/app/admin/vaccines/edit/[id]/page.tsx [Client Component Browser]
    ./src/app/admin/vaccines/edit/[id]/page.tsx [Server Component]

  Client Component SSR:
    ./src/app/admin/vaccines/edit/[id]/page.tsx [Client Component SSR]
    ./src/app/admin/vaccines/edit/[id]/page.tsx [Server Component] @ http://localhost:3000/_next/static/chunks/node_modules_next_dist_1e8vcs8._.js:1052
[  951580ms] [ERROR] ./src/app/admin/vaccines/edit/[id]/page.tsx:170:11
Error: Expected '</', got '}'
  168 |             className="mt-2"
  169 |             disabled={isSubmitting}
> 170 |           } 
      |           ^
  171 |         />
  172 |         </div>
  173 |         <label className="flex items-center gap-2">

Parsing ecmascript source code failed

Import traces:
  Client Component Browser:
    ./src/app/admin/vaccines/edit/[id]/page.tsx [Client Component Browser]
    ./src/app/admin/vaccines/edit/[id]/page.tsx [Server Component]

  Client Component SSR:
    ./src/app/admin/vaccines/edit/[id]/page.tsx [Client Component SSR]
    ./src/app/admin/vaccines/edit/[id]/page.tsx [Server Component] @ http://localhost:3000/_next/static/chunks/node_modules_next_dist_1e8vcs8._.js:1052
[  951814ms] [ERROR] ./src/app/admin/vaccines/edit/[id]/page.tsx:170:11
Error: Expected '</', got '}'
  168 |             className="mt-2"
  169 |             disabled={isSubmitting}
> 170 |           } 
      |           ^
  171 |         />
  172 |         </div>
  173 |         <label className="flex items-center gap-2">

Parsing ecmascript source code failed

Import traces:
  Client Component Browser:
    ./src/app/admin/vaccines/edit/[id]/page.tsx [Client Component Browser]
    ./src/app/admin/vaccines/edit/[id]/page.tsx [Server Component]

  Client Component SSR:
    ./src/app/admin/vaccines/edit/[id]/page.tsx [Client Component SSR]
    ./src/app/admin/vaccines/edit/[id]/page.tsx [Server Component] @ http://localhost:3000/_next/static/chunks/node_modules_next_dist_1e8vcs8._.js:1052
[  951869ms] [ERROR] ./src/app/admin/vaccines/edit/[id]/page.tsx:170:11
Error: Expected '</', got '}'
  168 |             className="mt-2"
  169 |             disabled={isSubmitting}
> 170 |           } 
      |           ^
  171 |         />
  172 |         </div>
  173 |         <label className="flex items-center gap-2">

Parsing ecmascript source code failed

Import traces:
  Client Component Browser:
    ./src/app/admin/vaccines/edit/[id]/page.tsx [Client Component Browser]
    ./src/app/admin/vaccines/edit/[id]/page.tsx [Server Component]

  Client Component SSR:
    ./src/app/admin/vaccines/edit/[id]/page.tsx [Client Component SSR]
    ./src/app/admin/vaccines/edit/[id]/page.tsx [Server Component] @ http://localhost:3000/_next/static/chunks/node_modules_next_dist_1e8vcs8._.js:1052
[  952068ms] [ERROR] ./src/app/admin/vaccines/edit/[id]/page.tsx:170:11
Error: Expected '</', got '}'
  168 |             className="mt-2"
  169 |             disabled={isSubmitting}
> 170 |           } 
      |           ^
  171 |         />
  172 |         </div>
  173 |         <label className="flex items-center gap-2">

Parsing ecmascript source code failed

Import traces:
  Client Component Browser:
    ./src/app/admin/vaccines/edit/[id]/page.tsx [Client Component Browser]
    ./src/app/admin/vaccines/edit/[id]/page.tsx [Server Component]

  Client Component SSR:
    ./src/app/admin/vaccines/edit/[id]/page.tsx [Client Component SSR]
    ./src/app/admin/vaccines/edit/[id]/page.tsx [Server Component] @ http://localhost:3000/_next/static/chunks/node_modules_next_dist_1e8vcs8._.js:1052
[  952306ms] [ERROR] ./src/app/admin/vaccines/edit/[id]/page.tsx:170:11
Error: Expected '</', got '}'
  168 |             className="mt-2"
  169 |             disabled={isSubmitting}
> 170 |           } 
      |           ^
  171 |         />
  172 |         </div>
  173 |         <label className="flex items-center gap-2">

Parsing ecmascript source code failed

Import traces:
  Client Component Browser:
    ./src/app/admin/vaccines/edit/[id]/page.tsx [Client Component Browser]
    ./src/app/admin/vaccines/edit/[id]/page.tsx [Server Component]

  Client Component SSR:
    ./src/app/admin/vaccines/edit/[id]/page.tsx [Client Component SSR]
    ./src/app/admin/vaccines/edit/[id]/page.tsx [Server Component] @ http://localhost:3000/_next/static/chunks/node_modules_next_dist_1e8vcs8._.js:1052
[  952347ms] [ERROR] ./src/app/admin/vaccines/edit/[id]/page.tsx:170:11
Error: Expected '</', got '}'
  168 |             className="mt-2"
  169 |             disabled={isSubmitting}
> 170 |           } 
      |           ^
  171 |         />
  172 |         </div>
  173 |         <label className="flex items-center gap-2">

Parsing ecmascript source code failed

Import traces:
  Client Component Browser:
    ./src/app/admin/vaccines/edit/[id]/page.tsx [Client Component Browser]
    ./src/app/admin/vaccines/edit/[id]/page.tsx [Server Component]

  Client Component SSR:
    ./src/app/admin/vaccines/edit/[id]/page.tsx [Client Component SSR]
    ./src/app/admin/vaccines/edit/[id]/page.tsx [Server Component] @ http://localhost:3000/_next/static/chunks/node_modules_next_dist_1e8vcs8._.js:1052
[  952545ms] [ERROR] ./src/app/admin/vaccines/edit/[id]/page.tsx:170:11
Error: Expected '</', got '}'
  168 |             className="mt-2"
  169 |             disabled={isSubmitting}
> 170 |           } 
      |           ^
  171 |         />
  172 |         </div>
  173 |         <label className="flex items-center gap-2">

Parsing ecmascript source code failed

Import traces:
  Client Component Browser:
    ./src/app/admin/vaccines/edit/[id]/page.tsx [Client Component Browser]
    ./src/app/admin/vaccines/edit/[id]/page.tsx [Server Component]

  Client Component SSR:
    ./src/app/admin/vaccines/edit/[id]/page.tsx [Client Component SSR]
    ./src/app/admin/vaccines/edit/[id]/page.tsx [Server Component] @ http://localhost:3000/_next/static/chunks/node_modules_next_dist_1e8vcs8._.js:1052
[  952800ms] [ERROR] ./src/app/admin/vaccines/edit/[id]/page.tsx:170:11
Error: Expected '</', got '}'
  168 |             className="mt-2"
  169 |             disabled={isSubmitting}
> 170 |           } 
      |           ^
  171 |         />
  172 |         </div>
  173 |         <label className="flex items-center gap-2">

Parsing ecmascript source code failed

Import traces:
  Client Component Browser:
    ./src/app/admin/vaccines/edit/[id]/page.tsx [Client Component Browser]
    ./src/app/admin/vaccines/edit/[id]/page.tsx [Server Component]

  Client Component SSR:
    ./src/app/admin/vaccines/edit/[id]/page.tsx [Client Component SSR]
    ./src/app/admin/vaccines/edit/[id]/page.tsx [Server Component] @ http://localhost:3000/_next/static/chunks/node_modules_next_dist_1e8vcs8._.js:1052
[  952834ms] [ERROR] ./src/app/admin/vaccines/edit/[id]/page.tsx:170:11
Error: Expected '</', got '}'
  168 |             className="mt-2"
  169 |             disabled={isSubmitting}
> 170 |           } 
      |           ^
  171 |         />
  172 |         </div>
  173 |         <label className="flex items-center gap-2">

Parsing ecmascript source code failed

Import traces:
  Client Component Browser:
    ./src/app/admin/vaccines/edit/[id]/page.tsx [Client Component Browser]
    ./src/app/admin/vaccines/edit/[id]/page.tsx [Server Component]

  Client Component SSR:
    ./src/app/admin/vaccines/edit/[id]/page.tsx [Client Component SSR]
    ./src/app/admin/vaccines/edit/[id]/page.tsx [Server Component] @ http://localhost:3000/_next/static/chunks/node_modules_next_dist_1e8vcs8._.js:1052
[  953024ms] [ERROR] ./src/app/admin/vaccines/edit/[id]/page.tsx:170:11
Error: Expected '</', got '}'
  168 |             className="mt-2"
  169 |             disabled={isSubmitting}
> 170 |           } 
      |           ^
  171 |         />
  172 |         </div>
  173 |         <label className="flex items-center gap-2">

Parsing ecmascript source code failed

Import traces:
  Client Component Browser:
    ./src/app/admin/vaccines/edit/[id]/page.tsx [Client Component Browser]
    ./src/app/admin/vaccines/edit/[id]/page.tsx [Server Component]

  Client Component SSR:
    ./src/app/admin/vaccines/edit/[id]/page.tsx [Client Component SSR]
    ./src/app/admin/vaccines/edit/[id]/page.tsx [Server Component] @ http://localhost:3000/_next/static/chunks/node_modules_next_dist_1e8vcs8._.js:1052
[  953269ms] [ERROR] ./src/app/admin/vaccines/edit/[id]/page.tsx:170:11
Error: Expected '</', got '}'
  168 |             className="mt-2"
  169 |             disabled={isSubmitting}
> 170 |           } 
      |           ^
  171 |         />
  172 |         </div>
  173 |         <label className="flex items-center gap-2">

Parsing ecmascript source code failed

Import traces:
  Client Component Browser:
    ./src/app/admin/vaccines/edit/[id]/page.tsx [Client Component Browser]
    ./src/app/admin/vaccines/edit/[id]/page.tsx [Server Component]

  Client Component SSR:
    ./src/app/admin/vaccines/edit/[id]/page.tsx [Client Component SSR]
    ./src/app/admin/vaccines/edit/[id]/page.tsx [Server Component] @ http://localhost:3000/_next/static/chunks/node_modules_next_dist_1e8vcs8._.js:1052
[  953534ms] [ERROR] ./src/app/admin/vaccines/edit/[id]/page.tsx:170:11
Error: Expected '</', got '}'
  168 |             className="mt-2"
  169 |             disabled={isSubmitting}
> 170 |           } 
      |           ^
  171 |         />
  172 |         </div>
  173 |         <label className="flex items-center gap-2">

Parsing ecmascript source code failed

Import traces:
  Client Component Browser:
    ./src/app/admin/vaccines/edit/[id]/page.tsx [Client Component Browser]
    ./src/app/admin/vaccines/edit/[id]/page.tsx [Server Component]

  Client Component SSR:
    ./src/app/admin/vaccines/edit/[id]/page.tsx [Client Component SSR]
    ./src/app/admin/vaccines/edit/[id]/page.tsx [Server Component] @ http://localhost:3000/_next/static/chunks/node_modules_next_dist_1e8vcs8._.js:1052
[  953704ms] [ERROR] ./src/app/admin/vaccines/edit/[id]/page.tsx:170:11
Error: Expected '</', got '}'
  168 |             className="mt-2"
  169 |             disabled={isSubmitting}
> 170 |           } 
      |           ^
  171 |         />
  172 |         </div>
  173 |         <label className="flex items-center gap-2">

Parsing ecmascript source code failed

Import traces:
  Client Component Browser:
    ./src/app/admin/vaccines/edit/[id]/page.tsx [Client Component Browser]
    ./src/app/admin/vaccines/edit/[id]/page.tsx [Server Component]

  Client Component SSR:
    ./src/app/admin/vaccines/edit/[id]/page.tsx [Client Component SSR]
    ./src/app/admin/vaccines/edit/[id]/page.tsx [Server Component] @ http://localhost:3000/_next/static/chunks/node_modules_next_dist_1e8vcs8._.js:1052
[  953777ms] [ERROR] ./src/app/admin/vaccines/edit/[id]/page.tsx:170:11
Error: Expected '</', got '}'
  168 |             className="mt-2"
  169 |             disabled={isSubmitting}
> 170 |           } 
      |           ^
  171 |         />
  172 |         </div>
  173 |         <label className="flex items-center gap-2">

Parsing ecmascript source code failed

Import traces:
  Client Component Browser:
    ./src/app/admin/vaccines/edit/[id]/page.tsx [Client Component Browser]
    ./src/app/admin/vaccines/edit/[id]/page.tsx [Server Component]

  Client Component SSR:
    ./src/app/admin/vaccines/edit/[id]/page.tsx [Client Component SSR]
    ./src/app/admin/vaccines/edit/[id]/page.tsx [Server Component] @ http://localhost:3000/_next/static/chunks/node_modules_next_dist_1e8vcs8._.js:1052
[  954019ms] [ERROR] ./src/app/admin/vaccines/edit/[id]/page.tsx:170:11
Error: Expected '</', got '}'
  168 |             className="mt-2"
  169 |             disabled={isSubmitting}
> 170 |           } 
      |           ^
  171 |         />
  172 |         </div>
  173 |         <label className="flex items-center gap-2">

Parsing ecmascript source code failed

Import traces:
  Client Component Browser:
    ./src/app/admin/vaccines/edit/[id]/page.tsx [Client Component Browser]
    ./src/app/admin/vaccines/edit/[id]/page.tsx [Server Component]

  Client Component SSR:
    ./src/app/admin/vaccines/edit/[id]/page.tsx [Client Component SSR]
    ./src/app/admin/vaccines/edit/[id]/page.tsx [Server Component] @ http://localhost:3000/_next/static/chunks/node_modules_next_dist_1e8vcs8._.js:1052
[  954239ms] [ERROR] ./src/app/admin/vaccines/edit/[id]/page.tsx:170:11
Error: Expected '</', got '}'
  168 |             className="mt-2"
  169 |             disabled={isSubmitting}
> 170 |           } 
      |           ^
  171 |         />
  172 |         </div>
  173 |         <label className="flex items-center gap-2">

Parsing ecmascript source code failed

Import traces:
  Client Component Browser:
    ./src/app/admin/vaccines/edit/[id]/page.tsx [Client Component Browser]
    ./src/app/admin/vaccines/edit/[id]/page.tsx [Server Component]

  Client Component SSR:
    ./src/app/admin/vaccines/edit/[id]/page.tsx [Client Component SSR]
    ./src/app/admin/vaccines/edit/[id]/page.tsx [Server Component] @ http://localhost:3000/_next/static/chunks/node_modules_next_dist_1e8vcs8._.js:1052
[  954291ms] [ERROR] ./src/app/admin/vaccines/edit/[id]/page.tsx:170:11
Error: Expected '</', got '}'
  168 |             className="mt-2"
  169 |             disabled={isSubmitting}
> 170 |           } 
      |           ^
  171 |         />
  172 |         </div>
  173 |         <label className="flex items-center gap-2">

Parsing ecmascript source code failed

Import traces:
  Client Component Browser:
    ./src/app/admin/vaccines/edit/[id]/page.tsx [Client Component Browser]
    ./src/app/admin/vaccines/edit/[id]/page.tsx [Server Component]

  Client Component SSR:
    ./src/app/admin/vaccines/edit/[id]/page.tsx [Client Component SSR]
    ./src/app/admin/vaccines/edit/[id]/page.tsx [Server Component] @ http://localhost:3000/_next/static/chunks/node_modules_next_dist_1e8vcs8._.js:1052
[  954517ms] [ERROR] ./src/app/admin/vaccines/edit/[id]/page.tsx:170:11
Error: Expected '</', got '}'
  168 |             className="mt-2"
  169 |             disabled={isSubmitting}
> 170 |           } 
      |           ^
  171 |         />
  172 |         </div>
  173 |         <label className="flex items-center gap-2">

Parsing ecmascript source code failed

Import traces:
  Client Component Browser:
    ./src/app/admin/vaccines/edit/[id]/page.tsx [Client Component Browser]
    ./src/app/admin/vaccines/edit/[id]/page.tsx [Server Component]

  Client Component SSR:
    ./src/app/admin/vaccines/edit/[id]/page.tsx [Client Component SSR]
    ./src/app/admin/vaccines/edit/[id]/page.tsx [Server Component] @ http://localhost:3000/_next/static/chunks/node_modules_next_dist_1e8vcs8._.js:1052
[  954726ms] [ERROR] ./src/app/admin/vaccines/edit/[id]/page.tsx:170:11
Error: Expected '</', got '}'
  168 |             className="mt-2"
  169 |             disabled={isSubmitting}
> 170 |           } 
      |           ^
  171 |         />
  172 |         </div>
  173 |         <label className="flex items-center gap-2">

Parsing ecmascript source code failed

Import traces:
  Client Component Browser:
    ./src/app/admin/vaccines/edit/[id]/page.tsx [Client Component Browser]
    ./src/app/admin/vaccines/edit/[id]/page.tsx [Server Component]

  Client Component SSR:
    ./src/app/admin/vaccines/edit/[id]/page.tsx [Client Component SSR]
    ./src/app/admin/vaccines/edit/[id]/page.tsx [Server Component] @ http://localhost:3000/_next/static/chunks/node_modules_next_dist_1e8vcs8._.js:1052
[  954824ms] [ERROR] ./src/app/admin/vaccines/edit/[id]/page.tsx:170:11
Error: Expected '</', got '}'
  168 |             className="mt-2"
  169 |             disabled={isSubmitting}
> 170 |           } 
      |           ^
  171 |         />
  172 |         </div>
  173 |         <label className="flex items-center gap-2">

Parsing ecmascript source code failed

Import traces:
  Client Component Browser:
    ./src/app/admin/vaccines/edit/[id]/page.tsx [Client Component Browser]
    ./src/app/admin/vaccines/edit/[id]/page.tsx [Server Component]

  Client Component SSR:
    ./src/app/admin/vaccines/edit/[id]/page.tsx [Client Component SSR]
    ./src/app/admin/vaccines/edit/[id]/page.tsx [Server Component] @ http://localhost:3000/_next/static/chunks/node_modules_next_dist_1e8vcs8._.js:1052
[  955065ms] [ERROR] ./src/app/admin/vaccines/edit/[id]/page.tsx:170:11
Error: Expected '</', got '}'
  168 |             className="mt-2"
  169 |             disabled={isSubmitting}
> 170 |           } 
      |           ^
  171 |         />
  172 |         </div>
  173 |         <label className="flex items-center gap-2">

Parsing ecmascript source code failed

Import traces:
  Client Component Browser:
    ./src/app/admin/vaccines/edit/[id]/page.tsx [Client Component Browser]
    ./src/app/admin/vaccines/edit/[id]/page.tsx [Server Component]

  Client Component SSR:
    ./src/app/admin/vaccines/edit/[id]/page.tsx [Client Component SSR]
    ./src/app/admin/vaccines/edit/[id]/page.tsx [Server Component] @ http://localhost:3000/_next/static/chunks/node_modules_next_dist_1e8vcs8._.js:1052
[  955219ms] [ERROR] ./src/app/admin/vaccines/edit/[id]/page.tsx:170:11
Error: Expected '</', got '}'
  168 |             className="mt-2"
  169 |             disabled={isSubmitting}
> 170 |           } 
      |           ^
  171 |         />
  172 |         </div>
  173 |         <label className="flex items-center gap-2">

Parsing ecmascript source code failed

Import traces:
  Client Component Browser:
    ./src/app/admin/vaccines/edit/[id]/page.tsx [Client Component Browser]
    ./src/app/admin/vaccines/edit/[id]/page.tsx [Server Component]

  Client Component SSR:
    ./src/app/admin/vaccines/edit/[id]/page.tsx [Client Component SSR]
    ./src/app/admin/vaccines/edit/[id]/page.tsx [Server Component] @ http://localhost:3000/_next/static/chunks/node_modules_next_dist_1e8vcs8._.js:1052
[  955291ms] [ERROR] ./src/app/admin/vaccines/edit/[id]/page.tsx:170:11
Error: Expected '</', got '}'
  168 |             className="mt-2"
  169 |             disabled={isSubmitting}
> 170 |           } 
      |           ^
  171 |         />
  172 |         </div>
  173 |         <label className="flex items-center gap-2">

Parsing ecmascript source code failed

Import traces:
  Client Component Browser:
    ./src/app/admin/vaccines/edit/[id]/page.tsx [Client Component Browser]
    ./src/app/admin/vaccines/edit/[id]/page.tsx [Server Component]

  Client Component SSR:
    ./src/app/admin/vaccines/edit/[id]/page.tsx [Client Component SSR]
    ./src/app/admin/vaccines/edit/[id]/page.tsx [Server Component] @ http://localhost:3000/_next/static/chunks/node_modules_next_dist_1e8vcs8._.js:1052
[  955529ms] [ERROR] ./src/app/admin/vaccines/edit/[id]/page.tsx:170:11
Error: Expected '</', got '}'
  168 |             className="mt-2"
  169 |             disabled={isSubmitting}
> 170 |           } 
      |           ^
  171 |         />
  172 |         </div>
  173 |         <label className="flex items-center gap-2">

Parsing ecmascript source code failed

Import traces:
  Client Component Browser:
    ./src/app/admin/vaccines/edit/[id]/page.tsx [Client Component Browser]
    ./src/app/admin/vaccines/edit/[id]/page.tsx [Server Component]

  Client Component SSR:
    ./src/app/admin/vaccines/edit/[id]/page.tsx [Client Component SSR]
    ./src/app/admin/vaccines/edit/[id]/page.tsx [Server Component] @ http://localhost:3000/_next/static/chunks/node_modules_next_dist_1e8vcs8._.js:1052
[  955697ms] [ERROR] ./src/app/admin/vaccines/edit/[id]/page.tsx:170:11
Error: Expected '</', got '}'
  168 |             className="mt-2"
  169 |             disabled={isSubmitting}
> 170 |           } 
      |           ^
  171 |         />
  172 |         </div>
  173 |         <label className="flex items-center gap-2">

Parsing ecmascript source code failed

Import traces:
  Client Component Browser:
    ./src/app/admin/vaccines/edit/[id]/page.tsx [Client Component Browser]
    ./src/app/admin/vaccines/edit/[id]/page.tsx [Server Component]

  Client Component SSR:
    ./src/app/admin/vaccines/edit/[id]/page.tsx [Client Component SSR]
    ./src/app/admin/vaccines/edit/[id]/page.tsx [Server Component] @ http://localhost:3000/_next/static/chunks/node_modules_next_dist_1e8vcs8._.js:1052
[  955832ms] [ERROR] ./src/app/admin/vaccines/edit/[id]/page.tsx:170:11
Error: Expected '</', got '}'
  168 |             className="mt-2"
  169 |             disabled={isSubmitting}
> 170 |           } 
      |           ^
  171 |         />
  172 |         </div>
  173 |         <label className="flex items-center gap-2">

Parsing ecmascript source code failed

Import traces:
  Client Component Browser:
    ./src/app/admin/vaccines/edit/[id]/page.tsx [Client Component Browser]
    ./src/app/admin/vaccines/edit/[id]/page.tsx [Server Component]

  Client Component SSR:
    ./src/app/admin/vaccines/edit/[id]/page.tsx [Client Component SSR]
    ./src/app/admin/vaccines/edit/[id]/page.tsx [Server Component] @ http://localhost:3000/_next/static/chunks/node_modules_next_dist_1e8vcs8._.js:1052
[  956157ms] [ERROR] ./src/app/admin/vaccines/edit/[id]/page.tsx:170:11
Error: Expected '</', got '}'
  168 |             className="mt-2"
  169 |             disabled={isSubmitting}
> 170 |           } 
      |           ^
  171 |         />
  172 |         </div>
  173 |         <label className="flex items-center gap-2">

Parsing ecmascript source code failed

Import traces:
  Client Component Browser:
    ./src/app/admin/vaccines/edit/[id]/page.tsx [Client Component Browser]
    ./src/app/admin/vaccines/edit/[id]/page.tsx [Server Component]

  Client Component SSR:
    ./src/app/admin/vaccines/edit/[id]/page.tsx [Client Component SSR]
    ./src/app/admin/vaccines/edit/[id]/page.tsx [Server Component] @ http://localhost:3000/_next/static/chunks/node_modules_next_dist_1e8vcs8._.js:1052
[  956311ms] [ERROR] ./src/app/admin/vaccines/edit/[id]/page.tsx:170:11
Error: Expected '</', got '}'
  168 |             className="mt-2"
  169 |             disabled={isSubmitting}
> 170 |           } 
      |           ^
  171 |         />
  172 |         </div>
  173 |         <label className="flex items-center gap-2">

Parsing ecmascript source code failed

Import traces:
  Client Component Browser:
    ./src/app/admin/vaccines/edit/[id]/page.tsx [Client Component Browser]
    ./src/app/admin/vaccines/edit/[id]/page.tsx [Server Component]

  Client Component SSR:
    ./src/app/admin/vaccines/edit/[id]/page.tsx [Client Component SSR]
    ./src/app/admin/vaccines/edit/[id]/page.tsx [Server Component] @ http://localhost:3000/_next/static/chunks/node_modules_next_dist_1e8vcs8._.js:1052
[  956521ms] [ERROR] ./src/app/admin/vaccines/edit/[id]/page.tsx:170:11
Error: Expected '</', got '}'
  168 |             className="mt-2"
  169 |             disabled={isSubmitting}
> 170 |           } 
      |           ^
  171 |         />
  172 |         </div>
  173 |         <label className="flex items-center gap-2">

Parsing ecmascript source code failed

Import traces:
  Client Component Browser:
    ./src/app/admin/vaccines/edit/[id]/page.tsx [Client Component Browser]
    ./src/app/admin/vaccines/edit/[id]/page.tsx [Server Component]

  Client Component SSR:
    ./src/app/admin/vaccines/edit/[id]/page.tsx [Client Component SSR]
    ./src/app/admin/vaccines/edit/[id]/page.tsx [Server Component] @ http://localhost:3000/_next/static/chunks/node_modules_next_dist_1e8vcs8._.js:1052
[  956766ms] [ERROR] ./src/app/admin/vaccines/edit/[id]/page.tsx:170:11
Error: Expected '</', got '}'
  168 |             className="mt-2"
  169 |             disabled={isSubmitting}
> 170 |           } 
      |           ^
  171 |         />
  172 |         </div>
  173 |         <label className="flex items-center gap-2">

Parsing ecmascript source code failed

Import traces:
  Client Component Browser:
    ./src/app/admin/vaccines/edit/[id]/page.tsx [Client Component Browser]
    ./src/app/admin/vaccines/edit/[id]/page.tsx [Server Component]

  Client Component SSR:
    ./src/app/admin/vaccines/edit/[id]/page.tsx [Client Component SSR]
    ./src/app/admin/vaccines/edit/[id]/page.tsx [Server Component] @ http://localhost:3000/_next/static/chunks/node_modules_next_dist_1e8vcs8._.js:1052
[  956825ms] [ERROR] ./src/app/admin/vaccines/edit/[id]/page.tsx:170:11
Error: Expected '</', got '}'
  168 |             className="mt-2"
  169 |             disabled={isSubmitting}
> 170 |           } 
      |           ^
  171 |         />
  172 |         </div>
  173 |         <label className="flex items-center gap-2">

Parsing ecmascript source code failed

Import traces:
  Client Component Browser:
    ./src/app/admin/vaccines/edit/[id]/page.tsx [Client Component Browser]
    ./src/app/admin/vaccines/edit/[id]/page.tsx [Server Component]

  Client Component SSR:
    ./src/app/admin/vaccines/edit/[id]/page.tsx [Client Component SSR]
    ./src/app/admin/vaccines/edit/[id]/page.tsx [Server Component] @ http://localhost:3000/_next/static/chunks/node_modules_next_dist_1e8vcs8._.js:1052
[  957534ms] [ERROR] ./src/app/admin/vaccines/edit/[id]/page.tsx:170:11
Error: Expected '</', got '}'
  168 |             className="mt-2"
  169 |             disabled={isSubmitting}
> 170 |           } 
      |           ^
  171 |         />
  172 |         </div>
  173 |         <label className="flex items-center gap-2">

Parsing ecmascript source code failed

Import traces:
  Client Component Browser:
    ./src/app/admin/vaccines/edit/[id]/page.tsx [Client Component Browser]
    ./src/app/admin/vaccines/edit/[id]/page.tsx [Server Component]

  Client Component SSR:
    ./src/app/admin/vaccines/edit/[id]/page.tsx [Client Component SSR]
    ./src/app/admin/vaccines/edit/[id]/page.tsx [Server Component] @ http://localhost:3000/_next/static/chunks/node_modules_next_dist_1e8vcs8._.js:1052
[  957893ms] [ERROR] ./src/app/admin/vaccines/edit/[id]/page.tsx:170:11
Error: Expected '</', got '}'
  168 |             className="mt-2"
  169 |             disabled={isSubmitting}
> 170 |           } 
      |           ^
  171 |         />
  172 |         </div>
  173 |         <label className="flex items-center gap-2">

Parsing ecmascript source code failed

Import traces:
  Client Component Browser:
    ./src/app/admin/vaccines/edit/[id]/page.tsx [Client Component Browser]
    ./src/app/admin/vaccines/edit/[id]/page.tsx [Server Component]

  Client Component SSR:
    ./src/app/admin/vaccines/edit/[id]/page.tsx [Client Component SSR]
    ./src/app/admin/vaccines/edit/[id]/page.tsx [Server Component] @ http://localhost:3000/_next/static/chunks/node_modules_next_dist_1e8vcs8._.js:1052
[  958069ms] [ERROR] ./src/app/admin/vaccines/edit/[id]/page.tsx:170:11
Error: Expected '</', got '}'
  168 |             className="mt-2"
  169 |             disabled={isSubmitting}
> 170 |           } 
      |           ^
  171 |         />
  172 |         </div>
  173 |         <label className="flex items-center gap-2">

Parsing ecmascript source code failed

Import traces:
  Client Component Browser:
    ./src/app/admin/vaccines/edit/[id]/page.tsx [Client Component Browser]
    ./src/app/admin/vaccines/edit/[id]/page.tsx [Server Component]

  Client Component SSR:
    ./src/app/admin/vaccines/edit/[id]/page.tsx [Client Component SSR]
    ./src/app/admin/vaccines/edit/[id]/page.tsx [Server Component] @ http://localhost:3000/_next/static/chunks/node_modules_next_dist_1e8vcs8._.js:1052
[  958359ms] [ERROR] ./src/app/admin/vaccines/edit/[id]/page.tsx:170:11
Error: Expected '</', got '}'
  168 |             className="mt-2"
  169 |             disabled={isSubmitting}
> 170 |           } 
      |           ^
  171 |         />
  172 |         </div>
  173 |         <label className="flex items-center gap-2">

Parsing ecmascript source code failed

Import traces:
  Client Component Browser:
    ./src/app/admin/vaccines/edit/[id]/page.tsx [Client Component Browser]
    ./src/app/admin/vaccines/edit/[id]/page.tsx [Server Component]

  Client Component SSR:
    ./src/app/admin/vaccines/edit/[id]/page.tsx [Client Component SSR]
    ./src/app/admin/vaccines/edit/[id]/page.tsx [Server Component] @ http://localhost:3000/_next/static/chunks/node_modules_next_dist_1e8vcs8._.js:1052
[  958557ms] [ERROR] ./src/app/admin/vaccines/edit/[id]/page.tsx:170:11
Error: Expected '</', got '}'
  168 |             className="mt-2"
  169 |             disabled={isSubmitting}
> 170 |           } 
      |           ^
  171 |         />
  172 |         </div>
  173 |         <label className="flex items-center gap-2">

Parsing ecmascript source code failed

Import traces:
  Client Component Browser:
    ./src/app/admin/vaccines/edit/[id]/page.tsx [Client Component Browser]
    ./src/app/admin/vaccines/edit/[id]/page.tsx [Server Component]

  Client Component SSR:
    ./src/app/admin/vaccines/edit/[id]/page.tsx [Client Component SSR]
    ./src/app/admin/vaccines/edit/[id]/page.tsx [Server Component] @ http://localhost:3000/_next/static/chunks/node_modules_next_dist_1e8vcs8._.js:1052
[  958700ms] [ERROR] ./src/app/admin/vaccines/edit/[id]/page.tsx:170:11
Error: Expected '</', got '}'
  168 |             className="mt-2"
  169 |             disabled={isSubmitting}
> 170 |           } 
      |           ^
  171 |         />
  172 |         </div>
  173 |         <label className="flex items-center gap-2">

Parsing ecmascript source code failed

Import traces:
  Client Component Browser:
    ./src/app/admin/vaccines/edit/[id]/page.tsx [Client Component Browser]
    ./src/app/admin/vaccines/edit/[id]/page.tsx [Server Component]

  Client Component SSR:
    ./src/app/admin/vaccines/edit/[id]/page.tsx [Client Component SSR]
    ./src/app/admin/vaccines/edit/[id]/page.tsx [Server Component] @ http://localhost:3000/_next/static/chunks/node_modules_next_dist_1e8vcs8._.js:1052
[  958930ms] [ERROR] ./src/app/admin/vaccines/edit/[id]/page.tsx:170:11
Error: Expected '</', got '}'
  168 |             className="mt-2"
  169 |             disabled={isSubmitting}
> 170 |           } 
      |           ^
  171 |         />
  172 |         </div>
  173 |         <label className="flex items-center gap-2">

Parsing ecmascript source code failed

Import traces:
  Client Component Browser:
    ./src/app/admin/vaccines/edit/[id]/page.tsx [Client Component Browser]
    ./src/app/admin/vaccines/edit/[id]/page.tsx [Server Component]

  Client Component SSR:
    ./src/app/admin/vaccines/edit/[id]/page.tsx [Client Component SSR]
    ./src/app/admin/vaccines/edit/[id]/page.tsx [Server Component] @ http://localhost:3000/_next/static/chunks/node_modules_next_dist_1e8vcs8._.js:1052
[  959003ms] [ERROR] ./src/app/admin/vaccines/edit/[id]/page.tsx:170:11
Error: Expected '</', got '}'
  168 |             className="mt-2"
  169 |             disabled={isSubmitting}
> 170 |           } 
      |           ^
  171 |         />
  172 |         </div>
  173 |         <label className="flex items-center gap-2">

Parsing ecmascript source code failed

Import traces:
  Client Component Browser:
    ./src/app/admin/vaccines/edit/[id]/page.tsx [Client Component Browser]
    ./src/app/admin/vaccines/edit/[id]/page.tsx [Server Component]

  Client Component SSR:
    ./src/app/admin/vaccines/edit/[id]/page.tsx [Client Component SSR]
    ./src/app/admin/vaccines/edit/[id]/page.tsx [Server Component] @ http://localhost:3000/_next/static/chunks/node_modules_next_dist_1e8vcs8._.js:1052
[  959156ms] [ERROR] ./src/app/admin/vaccines/edit/[id]/page.tsx:170:11
Error: Expected '</', got '}'
  168 |             className="mt-2"
  169 |             disabled={isSubmitting}
> 170 |           } 
      |           ^
  171 |         />
  172 |         </div>
  173 |         <label className="flex items-center gap-2">

Parsing ecmascript source code failed

Import traces:
  Client Component Browser:
    ./src/app/admin/vaccines/edit/[id]/page.tsx [Client Component Browser]
    ./src/app/admin/vaccines/edit/[id]/page.tsx [Server Component]

  Client Component SSR:
    ./src/app/admin/vaccines/edit/[id]/page.tsx [Client Component SSR]
    ./src/app/admin/vaccines/edit/[id]/page.tsx [Server Component] @ http://localhost:3000/_next/static/chunks/node_modules_next_dist_1e8vcs8._.js:1052
[  959395ms] [ERROR] ./src/app/admin/vaccines/edit/[id]/page.tsx:170:11
Error: Expected '</', got '}'
  168 |             className="mt-2"
  169 |             disabled={isSubmitting}
> 170 |           } 
      |           ^
  171 |         />
  172 |         </div>
  173 |         <label className="flex items-center gap-2">

Parsing ecmascript source code failed

Import traces:
  Client Component Browser:
    ./src/app/admin/vaccines/edit/[id]/page.tsx [Client Component Browser]
    ./src/app/admin/vaccines/edit/[id]/page.tsx [Server Component]

  Client Component SSR:
    ./src/app/admin/vaccines/edit/[id]/page.tsx [Client Component SSR]
    ./src/app/admin/vaccines/edit/[id]/page.tsx [Server Component] @ http://localhost:3000/_next/static/chunks/node_modules_next_dist_1e8vcs8._.js:1052
[  959475ms] [ERROR] ./src/app/admin/vaccines/edit/[id]/page.tsx:170:11
Error: Expected '</', got '}'
  168 |             className="mt-2"
  169 |             disabled={isSubmitting}
> 170 |           } 
      |           ^
  171 |         />
  172 |         </div>
  173 |         <label className="flex items-center gap-2">

Parsing ecmascript source code failed

Import traces:
  Client Component Browser:
    ./src/app/admin/vaccines/edit/[id]/page.tsx [Client Component Browser]
    ./src/app/admin/vaccines/edit/[id]/page.tsx [Server Component]

  Client Component SSR:
    ./src/app/admin/vaccines/edit/[id]/page.tsx [Client Component SSR]
    ./src/app/admin/vaccines/edit/[id]/page.tsx [Server Component] @ http://localhost:3000/_next/static/chunks/node_modules_next_dist_1e8vcs8._.js:1052
[  959759ms] [ERROR] ./src/app/admin/vaccines/edit/[id]/page.tsx:170:11
Error: Expected '</', got '}'
  168 |             className="mt-2"
  169 |             disabled={isSubmitting}
> 170 |           } 
      |           ^
  171 |         />
  172 |         </div>
  173 |         <label className="flex items-center gap-2">

Parsing ecmascript source code failed

Import traces:
  Client Component Browser:
    ./src/app/admin/vaccines/edit/[id]/page.tsx [Client Component Browser]
    ./src/app/admin/vaccines/edit/[id]/page.tsx [Server Component]

  Client Component SSR:
    ./src/app/admin/vaccines/edit/[id]/page.tsx [Client Component SSR]
    ./src/app/admin/vaccines/edit/[id]/page.tsx [Server Component] @ http://localhost:3000/_next/static/chunks/node_modules_next_dist_1e8vcs8._.js:1052
[  959942ms] [ERROR] ./src/app/admin/vaccines/edit/[id]/page.tsx:170:11
Error: Expected '</', got '}'
  168 |             className="mt-2"
  169 |             disabled={isSubmitting}
> 170 |           } 
      |           ^
  171 |         />
  172 |         </div>
  173 |         <label className="flex items-center gap-2">

Parsing ecmascript source code failed

Import traces:
  Client Component Browser:
    ./src/app/admin/vaccines/edit/[id]/page.tsx [Client Component Browser]
    ./src/app/admin/vaccines/edit/[id]/page.tsx [Server Component]

  Client Component SSR:
    ./src/app/admin/vaccines/edit/[id]/page.tsx [Client Component SSR]
    ./src/app/admin/vaccines/edit/[id]/page.tsx [Server Component] @ http://localhost:3000/_next/static/chunks/node_modules_next_dist_1e8vcs8._.js:1052
[  959996ms] [ERROR] ./src/app/admin/vaccines/edit/[id]/page.tsx:170:11
Error: Expected '</', got '}'
  168 |             className="mt-2"
  169 |             disabled={isSubmitting}
> 170 |           } 
      |           ^
  171 |         />
  172 |         </div>
  173 |         <label className="flex items-center gap-2">

Parsing ecmascript source code failed

Import traces:
  Client Component Browser:
    ./src/app/admin/vaccines/edit/[id]/page.tsx [Client Component Browser]
    ./src/app/admin/vaccines/edit/[id]/page.tsx [Server Component]

  Client Component SSR:
    ./src/app/admin/vaccines/edit/[id]/page.tsx [Client Component SSR]
    ./src/app/admin/vaccines/edit/[id]/page.tsx [Server Component] @ http://localhost:3000/_next/static/chunks/node_modules_next_dist_1e8vcs8._.js:1052
[  960606ms] [ERROR] ./src/app/admin/vaccines/edit/[id]/page.tsx:170:11
Error: Expected '</', got '}'
  168 |             className="mt-2"
  169 |             disabled={isSubmitting}
> 170 |           } 
      |           ^
  171 |         />
  172 |         </div>
  173 |         <label className="flex items-center gap-2">

Parsing ecmascript source code failed

Import traces:
  Client Component Browser:
    ./src/app/admin/vaccines/edit/[id]/page.tsx [Client Component Browser]
    ./src/app/admin/vaccines/edit/[id]/page.tsx [Server Component]

  Client Component SSR:
    ./src/app/admin/vaccines/edit/[id]/page.tsx [Client Component SSR]
    ./src/app/admin/vaccines/edit/[id]/page.tsx [Server Component] @ http://localhost:3000/_next/static/chunks/node_modules_next_dist_1e8vcs8._.js:1052
[  960752ms] [ERROR] ./src/app/admin/vaccines/edit/[id]/page.tsx:170:11
Error: Expected '</', got '}'
  168 |             className="mt-2"
  169 |             disabled={isSubmitting}
> 170 |           } 
      |           ^
  171 |         />
  172 |         </div>
  173 |         <label className="flex items-center gap-2">

Parsing ecmascript source code failed

Import traces:
  Client Component Browser:
    ./src/app/admin/vaccines/edit/[id]/page.tsx [Client Component Browser]
    ./src/app/admin/vaccines/edit/[id]/page.tsx [Server Component]

  Client Component SSR:
    ./src/app/admin/vaccines/edit/[id]/page.tsx [Client Component SSR]
    ./src/app/admin/vaccines/edit/[id]/page.tsx [Server Component] @ http://localhost:3000/_next/static/chunks/node_modules_next_dist_1e8vcs8._.js:1052
[  961078ms] [ERROR] ./src/app/admin/vaccines/edit/[id]/page.tsx:170:11
Error: Expected '</', got '}'
  168 |             className="mt-2"
  169 |             disabled={isSubmitting}
> 170 |           } 
      |           ^
  171 |         />
  172 |         </div>
  173 |         <label className="flex items-center gap-2">

Parsing ecmascript source code failed

Import traces:
  Client Component Browser:
    ./src/app/admin/vaccines/edit/[id]/page.tsx [Client Component Browser]
    ./src/app/admin/vaccines/edit/[id]/page.tsx [Server Component]

  Client Component SSR:
    ./src/app/admin/vaccines/edit/[id]/page.tsx [Client Component SSR]
    ./src/app/admin/vaccines/edit/[id]/page.tsx [Server Component] @ http://localhost:3000/_next/static/chunks/node_modules_next_dist_1e8vcs8._.js:1052
[  961398ms] [ERROR] ./src/app/admin/vaccines/edit/[id]/page.tsx:170:11
Error: Expected '</', got '}'
  168 |             className="mt-2"
  169 |             disabled={isSubmitting}
> 170 |           } 
      |           ^
  171 |         />
  172 |         </div>
  173 |         <label className="flex items-center gap-2">

Parsing ecmascript source code failed

Import traces:
  Client Component Browser:
    ./src/app/admin/vaccines/edit/[id]/page.tsx [Client Component Browser]
    ./src/app/admin/vaccines/edit/[id]/page.tsx [Server Component]

  Client Component SSR:
    ./src/app/admin/vaccines/edit/[id]/page.tsx [Client Component SSR]
    ./src/app/admin/vaccines/edit/[id]/page.tsx [Server Component] @ http://localhost:3000/_next/static/chunks/node_modules_next_dist_1e8vcs8._.js:1052
[  961870ms] [ERROR] ./src/app/admin/vaccines/edit/[id]/page.tsx:170:11
Error: Expected '</', got '}'
  168 |             className="mt-2"
  169 |             disabled={isSubmitting}
> 170 |           } 
      |           ^
  171 |         />
  172 |         </div>
  173 |         <label className="flex items-center gap-2">

Parsing ecmascript source code failed

Import traces:
  Client Component Browser:
    ./src/app/admin/vaccines/edit/[id]/page.tsx [Client Component Browser]
    ./src/app/admin/vaccines/edit/[id]/page.tsx [Server Component]

  Client Component SSR:
    ./src/app/admin/vaccines/edit/[id]/page.tsx [Client Component SSR]
    ./src/app/admin/vaccines/edit/[id]/page.tsx [Server Component] @ http://localhost:3000/_next/static/chunks/node_modules_next_dist_1e8vcs8._.js:1052
[  962224ms] [ERROR] ./src/app/admin/vaccines/edit/[id]/page.tsx:170:11
Error: Expected '</', got '}'
  168 |             className="mt-2"
  169 |             disabled={isSubmitting}
> 170 |           } 
      |           ^
  171 |         />
  172 |         </div>
  173 |         <label className="flex items-center gap-2">

Parsing ecmascript source code failed

Import traces:
  Client Component Browser:
    ./src/app/admin/vaccines/edit/[id]/page.tsx [Client Component Browser]
    ./src/app/admin/vaccines/edit/[id]/page.tsx [Server Component]

  Client Component SSR:
    ./src/app/admin/vaccines/edit/[id]/page.tsx [Client Component SSR]
    ./src/app/admin/vaccines/edit/[id]/page.tsx [Server Component] @ http://localhost:3000/_next/static/chunks/node_modules_next_dist_1e8vcs8._.js:1052
[  962360ms] [ERROR] ./src/app/admin/vaccines/edit/[id]/page.tsx:170:11
Error: Expected '</', got '}'
  168 |             className="mt-2"
  169 |             disabled={isSubmitting}
> 170 |           } 
      |           ^
  171 |         />
  172 |         </div>
  173 |         <label className="flex items-center gap-2">

Parsing ecmascript source code failed

Import traces:
  Client Component Browser:
    ./src/app/admin/vaccines/edit/[id]/page.tsx [Client Component Browser]
    ./src/app/admin/vaccines/edit/[id]/page.tsx [Server Component]

  Client Component SSR:
    ./src/app/admin/vaccines/edit/[id]/page.tsx [Client Component SSR]
    ./src/app/admin/vaccines/edit/[id]/page.tsx [Server Component] @ http://localhost:3000/_next/static/chunks/node_modules_next_dist_1e8vcs8._.js:1052
[  962819ms] [ERROR] ./src/app/admin/vaccines/edit/[id]/page.tsx:170:11
Error: Expected '</', got '}'
  168 |             className="mt-2"
  169 |             disabled={isSubmitting}
> 170 |           } 
      |           ^
  171 |         />
  172 |         </div>
  173 |         <label className="flex items-center gap-2">

Parsing ecmascript source code failed

Import traces:
  Client Component Browser:
    ./src/app/admin/vaccines/edit/[id]/page.tsx [Client Component Browser]
    ./src/app/admin/vaccines/edit/[id]/page.tsx [Server Component]

  Client Component SSR:
    ./src/app/admin/vaccines/edit/[id]/page.tsx [Client Component SSR]
    ./src/app/admin/vaccines/edit/[id]/page.tsx [Server Component] @ http://localhost:3000/_next/static/chunks/node_modules_next_dist_1e8vcs8._.js:1052
[  963191ms] [ERROR] ./src/app/admin/vaccines/edit/[id]/page.tsx:170:11
Error: Expected '</', got '}'
  168 |             className="mt-2"
  169 |             disabled={isSubmitting}
> 170 |           } 
      |           ^
  171 |         />
  172 |         </div>
  173 |         <label className="flex items-center gap-2">

Parsing ecmascript source code failed

Import traces:
  Client Component Browser:
    ./src/app/admin/vaccines/edit/[id]/page.tsx [Client Component Browser]
    ./src/app/admin/vaccines/edit/[id]/page.tsx [Server Component]

  Client Component SSR:
    ./src/app/admin/vaccines/edit/[id]/page.tsx [Client Component SSR]
    ./src/app/admin/vaccines/edit/[id]/page.tsx [Server Component] @ http://localhost:3000/_next/static/chunks/node_modules_next_dist_1e8vcs8._.js:1052
[  963909ms] [ERROR] ./src/app/admin/vaccines/edit/[id]/page.tsx:170:11
Error: Expected '</', got '}'
  168 |             className="mt-2"
  169 |             disabled={isSubmitting}
> 170 |           } 
      |           ^
  171 |         />
  172 |         </div>
  173 |         <label className="flex items-center gap-2">

Parsing ecmascript source code failed

Import traces:
  Client Component Browser:
    ./src/app/admin/vaccines/edit/[id]/page.tsx [Client Component Browser]
    ./src/app/admin/vaccines/edit/[id]/page.tsx [Server Component]

  Client Component SSR:
    ./src/app/admin/vaccines/edit/[id]/page.tsx [Client Component SSR]
    ./src/app/admin/vaccines/edit/[id]/page.tsx [Server Component] @ http://localhost:3000/_next/static/chunks/node_modules_next_dist_1e8vcs8._.js:1052
[  964406ms] [ERROR] ./src/app/admin/vaccines/edit/[id]/page.tsx:170:11
Error: Expected '</', got '}'
  168 |             className="mt-2"
  169 |             disabled={isSubmitting}
> 170 |           } 
      |           ^
  171 |         />
  172 |         </div>
  173 |         <label className="flex items-center gap-2">

Parsing ecmascript source code failed

Import traces:
  Client Component Browser:
    ./src/app/admin/vaccines/edit/[id]/page.tsx [Client Component Browser]
    ./src/app/admin/vaccines/edit/[id]/page.tsx [Server Component]

  Client Component SSR:
    ./src/app/admin/vaccines/edit/[id]/page.tsx [Client Component SSR]
    ./src/app/admin/vaccines/edit/[id]/page.tsx [Server Component] @ http://localhost:3000/_next/static/chunks/node_modules_next_dist_1e8vcs8._.js:1052
[  964528ms] [ERROR] ./src/app/admin/vaccines/edit/[id]/page.tsx:170:11
Error: Expected '</', got '}'
  168 |             className="mt-2"
  169 |             disabled={isSubmitting}
> 170 |           } 
      |           ^
  171 |         />
  172 |         </div>
  173 |         <label className="flex items-center gap-2">

Parsing ecmascript source code failed

Import traces:
  Client Component Browser:
    ./src/app/admin/vaccines/edit/[id]/page.tsx [Client Component Browser]
    ./src/app/admin/vaccines/edit/[id]/page.tsx [Server Component]

  Client Component SSR:
    ./src/app/admin/vaccines/edit/[id]/page.tsx [Client Component SSR]
    ./src/app/admin/vaccines/edit/[id]/page.tsx [Server Component] @ http://localhost:3000/_next/static/chunks/node_modules_next_dist_1e8vcs8._.js:1052
[  964930ms] [ERROR] ./src/app/admin/vaccines/edit/[id]/page.tsx:170:11
Error: Expected '</', got '}'
  168 |             className="mt-2"
  169 |             disabled={isSubmitting}
> 170 |           } 
      |           ^
  171 |         />
  172 |         </div>
  173 |         <label className="flex items-center gap-2">

Parsing ecmascript source code failed

Import traces:
  Client Component Browser:
    ./src/app/admin/vaccines/edit/[id]/page.tsx [Client Component Browser]
    ./src/app/admin/vaccines/edit/[id]/page.tsx [Server Component]

  Client Component SSR:
    ./src/app/admin/vaccines/edit/[id]/page.tsx [Client Component SSR]
    ./src/app/admin/vaccines/edit/[id]/page.tsx [Server Component] @ http://localhost:3000/_next/static/chunks/node_modules_next_dist_1e8vcs8._.js:1052
[  965018ms] [ERROR] ./src/app/admin/vaccines/edit/[id]/page.tsx:170:11
Error: Expected '</', got '}'
  168 |             className="mt-2"
  169 |             disabled={isSubmitting}
> 170 |           } 
      |           ^
  171 |         />
  172 |         </div>
  173 |         <label className="flex items-center gap-2">

Parsing ecmascript source code failed

Import traces:
  Client Component Browser:
    ./src/app/admin/vaccines/edit/[id]/page.tsx [Client Component Browser]
    ./src/app/admin/vaccines/edit/[id]/page.tsx [Server Component]

  Client Component SSR:
    ./src/app/admin/vaccines/edit/[id]/page.tsx [Client Component SSR]
    ./src/app/admin/vaccines/edit/[id]/page.tsx [Server Component] @ http://localhost:3000/_next/static/chunks/node_modules_next_dist_1e8vcs8._.js:1052
[  965264ms] [ERROR] ./src/app/admin/vaccines/edit/[id]/page.tsx:170:11
Error: Expected '</', got '}'
  168 |             className="mt-2"
  169 |             disabled={isSubmitting}
> 170 |           } 
      |           ^
  171 |         />
  172 |         </div>
  173 |         <label className="flex items-center gap-2">

Parsing ecmascript source code failed

Import traces:
  Client Component Browser:
    ./src/app/admin/vaccines/edit/[id]/page.tsx [Client Component Browser]
    ./src/app/admin/vaccines/edit/[id]/page.tsx [Server Component]

  Client Component SSR:
    ./src/app/admin/vaccines/edit/[id]/page.tsx [Client Component SSR]
    ./src/app/admin/vaccines/edit/[id]/page.tsx [Server Component] @ http://localhost:3000/_next/static/chunks/node_modules_next_dist_1e8vcs8._.js:1052
[  965578ms] [ERROR] ./src/app/admin/vaccines/edit/[id]/page.tsx:170:11
Error: Expected '</', got '}'
  168 |             className="mt-2"
  169 |             disabled={isSubmitting}
> 170 |           } 
      |           ^
  171 |         />
  172 |         </div>
  173 |         <label className="flex items-center gap-2">

Parsing ecmascript source code failed

Import traces:
  Client Component Browser:
    ./src/app/admin/vaccines/edit/[id]/page.tsx [Client Component Browser]
    ./src/app/admin/vaccines/edit/[id]/page.tsx [Server Component]

  Client Component SSR:
    ./src/app/admin/vaccines/edit/[id]/page.tsx [Client Component SSR]
    ./src/app/admin/vaccines/edit/[id]/page.tsx [Server Component] @ http://localhost:3000/_next/static/chunks/node_modules_next_dist_1e8vcs8._.js:1052
[  965880ms] [ERROR] ./src/app/admin/vaccines/edit/[id]/page.tsx:170:11
Error: Expected '</', got '}'
  168 |             className="mt-2"
  169 |             disabled={isSubmitting}
> 170 |           } 
      |           ^
  171 |         />
  172 |         </div>
  173 |         <label className="flex items-center gap-2">

Parsing ecmascript source code failed

Import traces:
  Client Component Browser:
    ./src/app/admin/vaccines/edit/[id]/page.tsx [Client Component Browser]
    ./src/app/admin/vaccines/edit/[id]/page.tsx [Server Component]

  Client Component SSR:
    ./src/app/admin/vaccines/edit/[id]/page.tsx [Client Component SSR]
    ./src/app/admin/vaccines/edit/[id]/page.tsx [Server Component] @ http://localhost:3000/_next/static/chunks/node_modules_next_dist_1e8vcs8._.js:1052
[  966151ms] [ERROR] ./src/app/admin/vaccines/edit/[id]/page.tsx:170:11
Error: Expected '</', got '}'
  168 |             className="mt-2"
  169 |             disabled={isSubmitting}
> 170 |           } 
      |           ^
  171 |         />
  172 |         </div>
  173 |         <label className="flex items-center gap-2">

Parsing ecmascript source code failed

Import traces:
  Client Component Browser:
    ./src/app/admin/vaccines/edit/[id]/page.tsx [Client Component Browser]
    ./src/app/admin/vaccines/edit/[id]/page.tsx [Server Component]

  Client Component SSR:
    ./src/app/admin/vaccines/edit/[id]/page.tsx [Client Component SSR]
    ./src/app/admin/vaccines/edit/[id]/page.tsx [Server Component] @ http://localhost:3000/_next/static/chunks/node_modules_next_dist_1e8vcs8._.js:1052
[  966400ms] [ERROR] ./src/app/admin/vaccines/edit/[id]/page.tsx:170:11
Error: Expected '</', got '}'
  168 |             className="mt-2"
  169 |             disabled={isSubmitting}
> 170 |           } 
      |           ^
  171 |         />
  172 |         </div>
  173 |         <label className="flex items-center gap-2">

Parsing ecmascript source code failed

Import traces:
  Client Component Browser:
    ./src/app/admin/vaccines/edit/[id]/page.tsx [Client Component Browser]
    ./src/app/admin/vaccines/edit/[id]/page.tsx [Server Component]

  Client Component SSR:
    ./src/app/admin/vaccines/edit/[id]/page.tsx [Client Component SSR]
    ./src/app/admin/vaccines/edit/[id]/page.tsx [Server Component] @ http://localhost:3000/_next/static/chunks/node_modules_next_dist_1e8vcs8._.js:1052
[  966621ms] [ERROR] ./src/app/admin/vaccines/edit/[id]/page.tsx:170:11
Error: Expected '</', got '}'
  168 |             className="mt-2"
  169 |             disabled={isSubmitting}
> 170 |           } 
      |           ^
  171 |         />
  172 |         </div>
  173 |         <label className="flex items-center gap-2">

Parsing ecmascript source code failed

Import traces:
  Client Component Browser:
    ./src/app/admin/vaccines/edit/[id]/page.tsx [Client Component Browser]
    ./src/app/admin/vaccines/edit/[id]/page.tsx [Server Component]

  Client Component SSR:
    ./src/app/admin/vaccines/edit/[id]/page.tsx [Client Component SSR]
    ./src/app/admin/vaccines/edit/[id]/page.tsx [Server Component] @ http://localhost:3000/_next/static/chunks/node_modules_next_dist_1e8vcs8._.js:1052
[  966660ms] [ERROR] ./src/app/admin/vaccines/edit/[id]/page.tsx:170:11
Error: Expected '</', got '}'
  168 |             className="mt-2"
  169 |             disabled={isSubmitting}
> 170 |           } 
      |           ^
  171 |         />
  172 |         </div>
  173 |         <label className="flex items-center gap-2">

Parsing ecmascript source code failed

Import traces:
  Client Component Browser:
    ./src/app/admin/vaccines/edit/[id]/page.tsx [Client Component Browser]
    ./src/app/admin/vaccines/edit/[id]/page.tsx [Server Component]

  Client Component SSR:
    ./src/app/admin/vaccines/edit/[id]/page.tsx [Client Component SSR]
    ./src/app/admin/vaccines/edit/[id]/page.tsx [Server Component] @ http://localhost:3000/_next/static/chunks/node_modules_next_dist_1e8vcs8._.js:1052
[  966903ms] [ERROR] ./src/app/admin/vaccines/edit/[id]/page.tsx:170:11
Error: Expected '</', got '}'
  168 |             className="mt-2"
  169 |             disabled={isSubmitting}
> 170 |           } 
      |           ^
  171 |         />
  172 |         </div>
  173 |         <label className="flex items-center gap-2">

Parsing ecmascript source code failed

Import traces:
  Client Component Browser:
    ./src/app/admin/vaccines/edit/[id]/page.tsx [Client Component Browser]
    ./src/app/admin/vaccines/edit/[id]/page.tsx [Server Component]

  Client Component SSR:
    ./src/app/admin/vaccines/edit/[id]/page.tsx [Client Component SSR]
    ./src/app/admin/vaccines/edit/[id]/page.tsx [Server Component] @ http://localhost:3000/_next/static/chunks/node_modules_next_dist_1e8vcs8._.js:1052
[  967047ms] [ERROR] ./src/app/admin/vaccines/edit/[id]/page.tsx:170:11
Error: Expected '</', got '}'
  168 |             className="mt-2"
  169 |             disabled={isSubmitting}
> 170 |           } 
      |           ^
  171 |         />
  172 |         </div>
  173 |         <label className="flex items-center gap-2">

Parsing ecmascript source code failed

Import traces:
  Client Component Browser:
    ./src/app/admin/vaccines/edit/[id]/page.tsx [Client Component Browser]
    ./src/app/admin/vaccines/edit/[id]/page.tsx [Server Component]

  Client Component SSR:
    ./src/app/admin/vaccines/edit/[id]/page.tsx [Client Component SSR]
    ./src/app/admin/vaccines/edit/[id]/page.tsx [Server Component] @ http://localhost:3000/_next/static/chunks/node_modules_next_dist_1e8vcs8._.js:1052
[  967186ms] [ERROR] ./src/app/admin/vaccines/edit/[id]/page.tsx:170:11
Error: Expected '</', got '}'
  168 |             className="mt-2"
  169 |             disabled={isSubmitting}
> 170 |           } 
      |           ^
  171 |         />
  172 |         </div>
  173 |         <label className="flex items-center gap-2">

Parsing ecmascript source code failed

Import traces:
  Client Component Browser:
    ./src/app/admin/vaccines/edit/[id]/page.tsx [Client Component Browser]
    ./src/app/admin/vaccines/edit/[id]/page.tsx [Server Component]

  Client Component SSR:
    ./src/app/admin/vaccines/edit/[id]/page.tsx [Client Component SSR]
    ./src/app/admin/vaccines/edit/[id]/page.tsx [Server Component] @ http://localhost:3000/_next/static/chunks/node_modules_next_dist_1e8vcs8._.js:1052
[  967433ms] [ERROR] ./src/app/admin/vaccines/edit/[id]/page.tsx:170:11
Error: Expected '</', got '}'
  168 |             className="mt-2"
  169 |             disabled={isSubmitting}
> 170 |           } 
      |           ^
  171 |         />
  172 |         </div>
  173 |         <label className="flex items-center gap-2">

Parsing ecmascript source code failed

Import traces:
  Client Component Browser:
    ./src/app/admin/vaccines/edit/[id]/page.tsx [Client Component Browser]
    ./src/app/admin/vaccines/edit/[id]/page.tsx [Server Component]

  Client Component SSR:
    ./src/app/admin/vaccines/edit/[id]/page.tsx [Client Component SSR]
    ./src/app/admin/vaccines/edit/[id]/page.tsx [Server Component] @ http://localhost:3000/_next/static/chunks/node_modules_next_dist_1e8vcs8._.js:1052
[  967532ms] [ERROR] ./src/app/admin/vaccines/edit/[id]/page.tsx:170:11
Error: Expected '</', got '}'
  168 |             className="mt-2"
  169 |             disabled={isSubmitting}
> 170 |           } 
      |           ^
  171 |         />
  172 |         </div>
  173 |         <label className="flex items-center gap-2">

Parsing ecmascript source code failed

Import traces:
  Client Component Browser:
    ./src/app/admin/vaccines/edit/[id]/page.tsx [Client Component Browser]
    ./src/app/admin/vaccines/edit/[id]/page.tsx [Server Component]

  Client Component SSR:
    ./src/app/admin/vaccines/edit/[id]/page.tsx [Client Component SSR]
    ./src/app/admin/vaccines/edit/[id]/page.tsx [Server Component] @ http://localhost:3000/_next/static/chunks/node_modules_next_dist_1e8vcs8._.js:1052
[  967761ms] [ERROR] ./src/app/admin/vaccines/edit/[id]/page.tsx:170:11
Error: Expected '</', got '}'
  168 |             className="mt-2"
  169 |             disabled={isSubmitting}
> 170 |           } 
      |           ^
  171 |         />
  172 |         </div>
  173 |         <label className="flex items-center gap-2">

Parsing ecmascript source code failed

Import traces:
  Client Component Browser:
    ./src/app/admin/vaccines/edit/[id]/page.tsx [Client Component Browser]
    ./src/app/admin/vaccines/edit/[id]/page.tsx [Server Component]

  Client Component SSR:
    ./src/app/admin/vaccines/edit/[id]/page.tsx [Client Component SSR]
    ./src/app/admin/vaccines/edit/[id]/page.tsx [Server Component] @ http://localhost:3000/_next/static/chunks/node_modules_next_dist_1e8vcs8._.js:1052
[  968034ms] [ERROR] ./src/app/admin/vaccines/edit/[id]/page.tsx:170:11
Error: Expected '</', got '}'
  168 |             className="mt-2"
  169 |             disabled={isSubmitting}
> 170 |           } 
      |           ^
  171 |         />
  172 |         </div>
  173 |         <label className="flex items-center gap-2">

Parsing ecmascript source code failed

Import traces:
  Client Component Browser:
    ./src/app/admin/vaccines/edit/[id]/page.tsx [Client Component Browser]
    ./src/app/admin/vaccines/edit/[id]/page.tsx [Server Component]

  Client Component SSR:
    ./src/app/admin/vaccines/edit/[id]/page.tsx [Client Component SSR]
    ./src/app/admin/vaccines/edit/[id]/page.tsx [Server Component] @ http://localhost:3000/_next/static/chunks/node_modules_next_dist_1e8vcs8._.js:1052
[  968123ms] [ERROR] ./src/app/admin/vaccines/edit/[id]/page.tsx:170:11
Error: Expected '</', got '}'
  168 |             className="mt-2"
  169 |             disabled={isSubmitting}
> 170 |           } 
      |           ^
  171 |         />
  172 |         </div>
  173 |         <label className="flex items-center gap-2">

Parsing ecmascript source code failed

Import traces:
  Client Component Browser:
    ./src/app/admin/vaccines/edit/[id]/page.tsx [Client Component Browser]
    ./src/app/admin/vaccines/edit/[id]/page.tsx [Server Component]

  Client Component SSR:
    ./src/app/admin/vaccines/edit/[id]/page.tsx [Client Component SSR]
    ./src/app/admin/vaccines/edit/[id]/page.tsx [Server Component] @ http://localhost:3000/_next/static/chunks/node_modules_next_dist_1e8vcs8._.js:1052
[  968321ms] [ERROR] ./src/app/admin/vaccines/edit/[id]/page.tsx:170:11
Error: Expected '</', got '}'
  168 |             className="mt-2"
  169 |             disabled={isSubmitting}
> 170 |           } 
      |           ^
  171 |         />
  172 |         </div>
  173 |         <label className="flex items-center gap-2">

Parsing ecmascript source code failed

Import traces:
  Client Component Browser:
    ./src/app/admin/vaccines/edit/[id]/page.tsx [Client Component Browser]
    ./src/app/admin/vaccines/edit/[id]/page.tsx [Server Component]

  Client Component SSR:
    ./src/app/admin/vaccines/edit/[id]/page.tsx [Client Component SSR]
    ./src/app/admin/vaccines/edit/[id]/page.tsx [Server Component] @ http://localhost:3000/_next/static/chunks/node_modules_next_dist_1e8vcs8._.js:1052
[  968582ms] [ERROR] ./src/app/admin/vaccines/edit/[id]/page.tsx:170:11
Error: Expected '</', got '}'
  168 |             className="mt-2"
  169 |             disabled={isSubmitting}
> 170 |           } 
      |           ^
  171 |         />
  172 |         </div>
  173 |         <label className="flex items-center gap-2">

Parsing ecmascript source code failed

Import traces:
  Client Component Browser:
    ./src/app/admin/vaccines/edit/[id]/page.tsx [Client Component Browser]
    ./src/app/admin/vaccines/edit/[id]/page.tsx [Server Component]

  Client Component SSR:
    ./src/app/admin/vaccines/edit/[id]/page.tsx [Client Component SSR]
    ./src/app/admin/vaccines/edit/[id]/page.tsx [Server Component] @ http://localhost:3000/_next/static/chunks/node_modules_next_dist_1e8vcs8._.js:1052
[  968722ms] [ERROR] ./src/app/admin/vaccines/edit/[id]/page.tsx:170:11
Error: Expected '</', got '}'
  168 |             className="mt-2"
  169 |             disabled={isSubmitting}
> 170 |           } 
      |           ^
  171 |         />
  172 |         </div>
  173 |         <label className="flex items-center gap-2">

Parsing ecmascript source code failed

Import traces:
  Client Component Browser:
    ./src/app/admin/vaccines/edit/[id]/page.tsx [Client Component Browser]
    ./src/app/admin/vaccines/edit/[id]/page.tsx [Server Component]

  Client Component SSR:
    ./src/app/admin/vaccines/edit/[id]/page.tsx [Client Component SSR]
    ./src/app/admin/vaccines/edit/[id]/page.tsx [Server Component] @ http://localhost:3000/_next/static/chunks/node_modules_next_dist_1e8vcs8._.js:1052
[  968923ms] [ERROR] ./src/app/admin/vaccines/edit/[id]/page.tsx:170:11
Error: Expected '</', got '}'
  168 |             className="mt-2"
  169 |             disabled={isSubmitting}
> 170 |           } 
      |           ^
  171 |         />
  172 |         </div>
  173 |         <label className="flex items-center gap-2">

Parsing ecmascript source code failed

Import traces:
  Client Component Browser:
    ./src/app/admin/vaccines/edit/[id]/page.tsx [Client Component Browser]
    ./src/app/admin/vaccines/edit/[id]/page.tsx [Server Component]

  Client Component SSR:
    ./src/app/admin/vaccines/edit/[id]/page.tsx [Client Component SSR]
    ./src/app/admin/vaccines/edit/[id]/page.tsx [Server Component] @ http://localhost:3000/_next/static/chunks/node_modules_next_dist_1e8vcs8._.js:1052
[  969212ms] [ERROR] ./src/app/admin/vaccines/edit/[id]/page.tsx:170:11
Error: Expected '</', got '}'
  168 |             className="mt-2"
  169 |             disabled={isSubmitting}
> 170 |           } 
      |           ^
  171 |         />
  172 |         </div>
  173 |         <label className="flex items-center gap-2">

Parsing ecmascript source code failed

Import traces:
  Client Component Browser:
    ./src/app/admin/vaccines/edit/[id]/page.tsx [Client Component Browser]
    ./src/app/admin/vaccines/edit/[id]/page.tsx [Server Component]

  Client Component SSR:
    ./src/app/admin/vaccines/edit/[id]/page.tsx [Client Component SSR]
    ./src/app/admin/vaccines/edit/[id]/page.tsx [Server Component] @ http://localhost:3000/_next/static/chunks/node_modules_next_dist_1e8vcs8._.js:1052
[  969294ms] [ERROR] ./src/app/admin/vaccines/edit/[id]/page.tsx:170:11
Error: Expected '</', got '}'
  168 |             className="mt-2"
  169 |             disabled={isSubmitting}
> 170 |           } 
      |           ^
  171 |         />
  172 |         </div>
  173 |         <label className="flex items-center gap-2">

Parsing ecmascript source code failed

Import traces:
  Client Component Browser:
    ./src/app/admin/vaccines/edit/[id]/page.tsx [Client Component Browser]
    ./src/app/admin/vaccines/edit/[id]/page.tsx [Server Component]

  Client Component SSR:
    ./src/app/admin/vaccines/edit/[id]/page.tsx [Client Component SSR]
    ./src/app/admin/vaccines/edit/[id]/page.tsx [Server Component] @ http://localhost:3000/_next/static/chunks/node_modules_next_dist_1e8vcs8._.js:1052
[  969482ms] [ERROR] ./src/app/admin/vaccines/edit/[id]/page.tsx:170:11
Error: Expected '</', got '}'
  168 |             className="mt-2"
  169 |             disabled={isSubmitting}
> 170 |           } 
      |           ^
  171 |         />
  172 |         </div>
  173 |         <label className="flex items-center gap-2">

Parsing ecmascript source code failed

Import traces:
  Client Component Browser:
    ./src/app/admin/vaccines/edit/[id]/page.tsx [Client Component Browser]
    ./src/app/admin/vaccines/edit/[id]/page.tsx [Server Component]

  Client Component SSR:
    ./src/app/admin/vaccines/edit/[id]/page.tsx [Client Component SSR]
    ./src/app/admin/vaccines/edit/[id]/page.tsx [Server Component] @ http://localhost:3000/_next/static/chunks/node_modules_next_dist_1e8vcs8._.js:1052
[  969793ms] [ERROR] ./src/app/admin/vaccines/edit/[id]/page.tsx:170:11
Error: Expected '</', got '}'
  168 |             className="mt-2"
  169 |             disabled={isSubmitting}
> 170 |           } 
      |           ^
  171 |         />
  172 |         </div>
  173 |         <label className="flex items-center gap-2">

Parsing ecmascript source code failed

Import traces:
  Client Component Browser:
    ./src/app/admin/vaccines/edit/[id]/page.tsx [Client Component Browser]
    ./src/app/admin/vaccines/edit/[id]/page.tsx [Server Component]

  Client Component SSR:
    ./src/app/admin/vaccines/edit/[id]/page.tsx [Client Component SSR]
    ./src/app/admin/vaccines/edit/[id]/page.tsx [Server Component] @ http://localhost:3000/_next/static/chunks/node_modules_next_dist_1e8vcs8._.js:1052
[  970005ms] [ERROR] ./src/app/admin/vaccines/edit/[id]/page.tsx:170:11
Error: Expected '</', got '}'
  168 |             className="mt-2"
  169 |             disabled={isSubmitting}
> 170 |           } 
      |           ^
  171 |         />
  172 |         </div>
  173 |         <label className="flex items-center gap-2">

Parsing ecmascript source code failed

Import traces:
  Client Component Browser:
    ./src/app/admin/vaccines/edit/[id]/page.tsx [Client Component Browser]
    ./src/app/admin/vaccines/edit/[id]/page.tsx [Server Component]

  Client Component SSR:
    ./src/app/admin/vaccines/edit/[id]/page.tsx [Client Component SSR]
    ./src/app/admin/vaccines/edit/[id]/page.tsx [Server Component] @ http://localhost:3000/_next/static/chunks/node_modules_next_dist_1e8vcs8._.js:1052
[  970253ms] [ERROR] ./src/app/admin/vaccines/edit/[id]/page.tsx:170:11
Error: Expected '</', got '}'
  168 |             className="mt-2"
  169 |             disabled={isSubmitting}
> 170 |           } 
      |           ^
  171 |         />
  172 |         </div>
  173 |         <label className="flex items-center gap-2">

Parsing ecmascript source code failed

Import traces:
  Client Component Browser:
    ./src/app/admin/vaccines/edit/[id]/page.tsx [Client Component Browser]
    ./src/app/admin/vaccines/edit/[id]/page.tsx [Server Component]

  Client Component SSR:
    ./src/app/admin/vaccines/edit/[id]/page.tsx [Client Component SSR]
    ./src/app/admin/vaccines/edit/[id]/page.tsx [Server Component] @ http://localhost:3000/_next/static/chunks/node_modules_next_dist_1e8vcs8._.js:1052
[  970327ms] [ERROR] ./src/app/admin/vaccines/edit/[id]/page.tsx:170:11
Error: Expected '</', got '}'
  168 |             className="mt-2"
  169 |             disabled={isSubmitting}
> 170 |           } 
      |           ^
  171 |         />
  172 |         </div>
  173 |         <label className="flex items-center gap-2">

Parsing ecmascript source code failed

Import traces:
  Client Component Browser:
    ./src/app/admin/vaccines/edit/[id]/page.tsx [Client Component Browser]
    ./src/app/admin/vaccines/edit/[id]/page.tsx [Server Component]

  Client Component SSR:
    ./src/app/admin/vaccines/edit/[id]/page.tsx [Client Component SSR]
    ./src/app/admin/vaccines/edit/[id]/page.tsx [Server Component] @ http://localhost:3000/_next/static/chunks/node_modules_next_dist_1e8vcs8._.js:1052
[  970501ms] [ERROR] ./src/app/admin/vaccines/edit/[id]/page.tsx:170:11
Error: Expected '</', got '}'
  168 |             className="mt-2"
  169 |             disabled={isSubmitting}
> 170 |           } 
      |           ^
  171 |         />
  172 |         </div>
  173 |         <label className="flex items-center gap-2">

Parsing ecmascript source code failed

Import traces:
  Client Component Browser:
    ./src/app/admin/vaccines/edit/[id]/page.tsx [Client Component Browser]
    ./src/app/admin/vaccines/edit/[id]/page.tsx [Server Component]

  Client Component SSR:
    ./src/app/admin/vaccines/edit/[id]/page.tsx [Client Component SSR]
    ./src/app/admin/vaccines/edit/[id]/page.tsx [Server Component] @ http://localhost:3000/_next/static/chunks/node_modules_next_dist_1e8vcs8._.js:1052
[  970760ms] [ERROR] ./src/app/admin/vaccines/edit/[id]/page.tsx:170:11
Error: Expected '</', got '}'
  168 |             className="mt-2"
  169 |             disabled={isSubmitting}
> 170 |           } 
      |           ^
  171 |         />
  172 |         </div>
  173 |         <label className="flex items-center gap-2">

Parsing ecmascript source code failed

Import traces:
  Client Component Browser:
    ./src/app/admin/vaccines/edit/[id]/page.tsx [Client Component Browser]
    ./src/app/admin/vaccines/edit/[id]/page.tsx [Server Component]

  Client Component SSR:
    ./src/app/admin/vaccines/edit/[id]/page.tsx [Client Component SSR]
    ./src/app/admin/vaccines/edit/[id]/page.tsx [Server Component] @ http://localhost:3000/_next/static/chunks/node_modules_next_dist_1e8vcs8._.js:1052
[  970820ms] [ERROR] ./src/app/admin/vaccines/edit/[id]/page.tsx:170:11
Error: Expected '</', got '}'
  168 |             className="mt-2"
  169 |             disabled={isSubmitting}
> 170 |           } 
      |           ^
  171 |         />
  172 |         </div>
  173 |         <label className="flex items-center gap-2">

Parsing ecmascript source code failed

Import traces:
  Client Component Browser:
    ./src/app/admin/vaccines/edit/[id]/page.tsx [Client Component Browser]
    ./src/app/admin/vaccines/edit/[id]/page.tsx [Server Component]

  Client Component SSR:
    ./src/app/admin/vaccines/edit/[id]/page.tsx [Client Component SSR]
    ./src/app/admin/vaccines/edit/[id]/page.tsx [Server Component] @ http://localhost:3000/_next/static/chunks/node_modules_next_dist_1e8vcs8._.js:1052
[  970978ms] [ERROR] ./src/app/admin/vaccines/edit/[id]/page.tsx:170:11
Error: Expected '</', got '}'
  168 |             className="mt-2"
  169 |             disabled={isSubmitting}
> 170 |           } 
      |           ^
  171 |         />
  172 |         </div>
  173 |         <label className="flex items-center gap-2">

Parsing ecmascript source code failed

Import traces:
  Client Component Browser:
    ./src/app/admin/vaccines/edit/[id]/page.tsx [Client Component Browser]
    ./src/app/admin/vaccines/edit/[id]/page.tsx [Server Component]

  Client Component SSR:
    ./src/app/admin/vaccines/edit/[id]/page.tsx [Client Component SSR]
    ./src/app/admin/vaccines/edit/[id]/page.tsx [Server Component] @ http://localhost:3000/_next/static/chunks/node_modules_next_dist_1e8vcs8._.js:1052
[  971228ms] [ERROR] ./src/app/admin/vaccines/edit/[id]/page.tsx:170:11
Error: Expected '</', got '}'
  168 |             className="mt-2"
  169 |             disabled={isSubmitting}
> 170 |           } 
      |           ^
  171 |         />
  172 |         </div>
  173 |         <label className="flex items-center gap-2">

Parsing ecmascript source code failed

Import traces:
  Client Component Browser:
    ./src/app/admin/vaccines/edit/[id]/page.tsx [Client Component Browser]
    ./src/app/admin/vaccines/edit/[id]/page.tsx [Server Component]

  Client Component SSR:
    ./src/app/admin/vaccines/edit/[id]/page.tsx [Client Component SSR]
    ./src/app/admin/vaccines/edit/[id]/page.tsx [Server Component] @ http://localhost:3000/_next/static/chunks/node_modules_next_dist_1e8vcs8._.js:1052
[  971398ms] [ERROR] ./src/app/admin/vaccines/edit/[id]/page.tsx:170:11
Error: Expected '</', got '}'
  168 |             className="mt-2"
  169 |             disabled={isSubmitting}
> 170 |           } 
      |           ^
  171 |         />
  172 |         </div>
  173 |         <label className="flex items-center gap-2">

Parsing ecmascript source code failed

Import traces:
  Client Component Browser:
    ./src/app/admin/vaccines/edit/[id]/page.tsx [Client Component Browser]
    ./src/app/admin/vaccines/edit/[id]/page.tsx [Server Component]

  Client Component SSR:
    ./src/app/admin/vaccines/edit/[id]/page.tsx [Client Component SSR]
    ./src/app/admin/vaccines/edit/[id]/page.tsx [Server Component] @ http://localhost:3000/_next/static/chunks/node_modules_next_dist_1e8vcs8._.js:1052
[  971503ms] [ERROR] ./src/app/admin/vaccines/edit/[id]/page.tsx:170:11
Error: Expected '</', got '}'
  168 |             className="mt-2"
  169 |             disabled={isSubmitting}
> 170 |           } 
      |           ^
  171 |         />
  172 |         </div>
  173 |         <label className="flex items-center gap-2">

Parsing ecmascript source code failed

Import traces:
  Client Component Browser:
    ./src/app/admin/vaccines/edit/[id]/page.tsx [Client Component Browser]
    ./src/app/admin/vaccines/edit/[id]/page.tsx [Server Component]

  Client Component SSR:
    ./src/app/admin/vaccines/edit/[id]/page.tsx [Client Component SSR]
    ./src/app/admin/vaccines/edit/[id]/page.tsx [Server Component] @ http://localhost:3000/_next/static/chunks/node_modules_next_dist_1e8vcs8._.js:1052
[  971775ms] [ERROR] ./src/app/admin/vaccines/edit/[id]/page.tsx:170:11
Error: Expected '</', got '}'
  168 |             className="mt-2"
  169 |             disabled={isSubmitting}
> 170 |           } 
      |           ^
  171 |         />
  172 |         </div>
  173 |         <label className="flex items-center gap-2">

Parsing ecmascript source code failed

Import traces:
  Client Component Browser:
    ./src/app/admin/vaccines/edit/[id]/page.tsx [Client Component Browser]
    ./src/app/admin/vaccines/edit/[id]/page.tsx [Server Component]

  Client Component SSR:
    ./src/app/admin/vaccines/edit/[id]/page.tsx [Client Component SSR]
    ./src/app/admin/vaccines/edit/[id]/page.tsx [Server Component] @ http://localhost:3000/_next/static/chunks/node_modules_next_dist_1e8vcs8._.js:1052
[  971950ms] [ERROR] ./src/app/admin/vaccines/edit/[id]/page.tsx:170:11
Error: Expected '</', got '}'
  168 |             className="mt-2"
  169 |             disabled={isSubmitting}
> 170 |           } 
      |           ^
  171 |         />
  172 |         </div>
  173 |         <label className="flex items-center gap-2">

Parsing ecmascript source code failed

Import traces:
  Client Component Browser:
    ./src/app/admin/vaccines/edit/[id]/page.tsx [Client Component Browser]
    ./src/app/admin/vaccines/edit/[id]/page.tsx [Server Component]

  Client Component SSR:
    ./src/app/admin/vaccines/edit/[id]/page.tsx [Client Component SSR]
    ./src/app/admin/vaccines/edit/[id]/page.tsx [Server Component] @ http://localhost:3000/_next/static/chunks/node_modules_next_dist_1e8vcs8._.js:1052
[  972072ms] [ERROR] ./src/app/admin/vaccines/edit/[id]/page.tsx:170:11
Error: Expected '</', got '}'
  168 |             className="mt-2"
  169 |             disabled={isSubmitting}
> 170 |           } 
      |           ^
  171 |         />
  172 |         </div>
  173 |         <label className="flex items-center gap-2">

Parsing ecmascript source code failed

Import traces:
  Client Component Browser:
    ./src/app/admin/vaccines/edit/[id]/page.tsx [Client Component Browser]
    ./src/app/admin/vaccines/edit/[id]/page.tsx [Server Component]

  Client Component SSR:
    ./src/app/admin/vaccines/edit/[id]/page.tsx [Client Component SSR]
    ./src/app/admin/vaccines/edit/[id]/page.tsx [Server Component] @ http://localhost:3000/_next/static/chunks/node_modules_next_dist_1e8vcs8._.js:1052
[  972301ms] [ERROR] ./src/app/admin/vaccines/edit/[id]/page.tsx:170:11
Error: Expected '</', got '}'
  168 |             className="mt-2"
  169 |             disabled={isSubmitting}
> 170 |           } 
      |           ^
  171 |         />
  172 |         </div>
  173 |         <label className="flex items-center gap-2">

Parsing ecmascript source code failed

Import traces:
  Client Component Browser:
    ./src/app/admin/vaccines/edit/[id]/page.tsx [Client Component Browser]
    ./src/app/admin/vaccines/edit/[id]/page.tsx [Server Component]

  Client Component SSR:
    ./src/app/admin/vaccines/edit/[id]/page.tsx [Client Component SSR]
    ./src/app/admin/vaccines/edit/[id]/page.tsx [Server Component] @ http://localhost:3000/_next/static/chunks/node_modules_next_dist_1e8vcs8._.js:1052
[  972404ms] [ERROR] ./src/app/admin/vaccines/edit/[id]/page.tsx:170:11
Error: Expected '</', got '}'
  168 |             className="mt-2"
  169 |             disabled={isSubmitting}
> 170 |           } 
      |           ^
  171 |         />
  172 |         </div>
  173 |         <label className="flex items-center gap-2">

Parsing ecmascript source code failed

Import traces:
  Client Component Browser:
    ./src/app/admin/vaccines/edit/[id]/page.tsx [Client Component Browser]
    ./src/app/admin/vaccines/edit/[id]/page.tsx [Server Component]

  Client Component SSR:
    ./src/app/admin/vaccines/edit/[id]/page.tsx [Client Component SSR]
    ./src/app/admin/vaccines/edit/[id]/page.tsx [Server Component] @ http://localhost:3000/_next/static/chunks/node_modules_next_dist_1e8vcs8._.js:1052
[  972621ms] [ERROR] ./src/app/admin/vaccines/edit/[id]/page.tsx:170:11
Error: Expected '</', got '}'
  168 |             className="mt-2"
  169 |             disabled={isSubmitting}
> 170 |           } 
      |           ^
  171 |         />
  172 |         </div>
  173 |         <label className="flex items-center gap-2">

Parsing ecmascript source code failed

Import traces:
  Client Component Browser:
    ./src/app/admin/vaccines/edit/[id]/page.tsx [Client Component Browser]
    ./src/app/admin/vaccines/edit/[id]/page.tsx [Server Component]

  Client Component SSR:
    ./src/app/admin/vaccines/edit/[id]/page.tsx [Client Component SSR]
    ./src/app/admin/vaccines/edit/[id]/page.tsx [Server Component] @ http://localhost:3000/_next/static/chunks/node_modules_next_dist_1e8vcs8._.js:1052
[  972862ms] [ERROR] ./src/app/admin/vaccines/edit/[id]/page.tsx:170:11
Error: Expected '</', got '}'
  168 |             className="mt-2"
  169 |             disabled={isSubmitting}
> 170 |           } 
      |           ^
  171 |         />
  172 |         </div>
  173 |         <label className="flex items-center gap-2">

Parsing ecmascript source code failed

Import traces:
  Client Component Browser:
    ./src/app/admin/vaccines/edit/[id]/page.tsx [Client Component Browser]
    ./src/app/admin/vaccines/edit/[id]/page.tsx [Server Component]

  Client Component SSR:
    ./src/app/admin/vaccines/edit/[id]/page.tsx [Client Component SSR]
    ./src/app/admin/vaccines/edit/[id]/page.tsx [Server Component] @ http://localhost:3000/_next/static/chunks/node_modules_next_dist_1e8vcs8._.js:1052
[  972907ms] [ERROR] ./src/app/admin/vaccines/edit/[id]/page.tsx:170:11
Error: Expected '</', got '}'
  168 |             className="mt-2"
  169 |             disabled={isSubmitting}
> 170 |           } 
      |           ^
  171 |         />
  172 |         </div>
  173 |         <label className="flex items-center gap-2">

Parsing ecmascript source code failed

Import traces:
  Client Component Browser:
    ./src/app/admin/vaccines/edit/[id]/page.tsx [Client Component Browser]
    ./src/app/admin/vaccines/edit/[id]/page.tsx [Server Component]

  Client Component SSR:
    ./src/app/admin/vaccines/edit/[id]/page.tsx [Client Component SSR]
    ./src/app/admin/vaccines/edit/[id]/page.tsx [Server Component] @ http://localhost:3000/_next/static/chunks/node_modules_next_dist_1e8vcs8._.js:1052
[  973121ms] [ERROR] ./src/app/admin/vaccines/edit/[id]/page.tsx:170:11
Error: Expected '</', got '}'
  168 |             className="mt-2"
  169 |             disabled={isSubmitting}
> 170 |           } 
      |           ^
  171 |         />
  172 |         </div>
  173 |         <label className="flex items-center gap-2">

Parsing ecmascript source code failed

Import traces:
  Client Component Browser:
    ./src/app/admin/vaccines/edit/[id]/page.tsx [Client Component Browser]
    ./src/app/admin/vaccines/edit/[id]/page.tsx [Server Component]

  Client Component SSR:
    ./src/app/admin/vaccines/edit/[id]/page.tsx [Client Component SSR]
    ./src/app/admin/vaccines/edit/[id]/page.tsx [Server Component] @ http://localhost:3000/_next/static/chunks/node_modules_next_dist_1e8vcs8._.js:1052
[  973341ms] [ERROR] ./src/app/admin/vaccines/edit/[id]/page.tsx:170:11
Error: Expected '</', got '}'
  168 |             className="mt-2"
  169 |             disabled={isSubmitting}
> 170 |           } 
      |           ^
  171 |         />
  172 |         </div>
  173 |         <label className="flex items-center gap-2">

Parsing ecmascript source code failed

Import traces:
  Client Component Browser:
    ./src/app/admin/vaccines/edit/[id]/page.tsx [Client Component Browser]
    ./src/app/admin/vaccines/edit/[id]/page.tsx [Server Component]

  Client Component SSR:
    ./src/app/admin/vaccines/edit/[id]/page.tsx [Client Component SSR]
    ./src/app/admin/vaccines/edit/[id]/page.tsx [Server Component] @ http://localhost:3000/_next/static/chunks/node_modules_next_dist_1e8vcs8._.js:1052
[  973410ms] [ERROR] ./src/app/admin/vaccines/edit/[id]/page.tsx:170:11
Error: Expected '</', got '}'
  168 |             className="mt-2"
  169 |             disabled={isSubmitting}
> 170 |           } 
      |           ^
  171 |         />
  172 |         </div>
  173 |         <label className="flex items-center gap-2">

Parsing ecmascript source code failed

Import traces:
  Client Component Browser:
    ./src/app/admin/vaccines/edit/[id]/page.tsx [Client Component Browser]
    ./src/app/admin/vaccines/edit/[id]/page.tsx [Server Component]

  Client Component SSR:
    ./src/app/admin/vaccines/edit/[id]/page.tsx [Client Component SSR]
    ./src/app/admin/vaccines/edit/[id]/page.tsx [Server Component] @ http://localhost:3000/_next/static/chunks/node_modules_next_dist_1e8vcs8._.js:1052
[  973705ms] [ERROR] ./src/app/admin/vaccines/edit/[id]/page.tsx:170:11
Error: Expected '</', got '}'
  168 |             className="mt-2"
  169 |             disabled={isSubmitting}
> 170 |           } 
      |           ^
  171 |         />
  172 |         </div>
  173 |         <label className="flex items-center gap-2">

Parsing ecmascript source code failed

Import traces:
  Client Component Browser:
    ./src/app/admin/vaccines/edit/[id]/page.tsx [Client Component Browser]
    ./src/app/admin/vaccines/edit/[id]/page.tsx [Server Component]

  Client Component SSR:
    ./src/app/admin/vaccines/edit/[id]/page.tsx [Client Component SSR]
    ./src/app/admin/vaccines/edit/[id]/page.tsx [Server Component] @ http://localhost:3000/_next/static/chunks/node_modules_next_dist_1e8vcs8._.js:1052
[  973910ms] [ERROR] ./src/app/admin/vaccines/edit/[id]/page.tsx:170:11
Error: Expected '</', got '}'
  168 |             className="mt-2"
  169 |             disabled={isSubmitting}
> 170 |           } 
      |           ^
  171 |         />
  172 |         </div>
  173 |         <label className="flex items-center gap-2">

Parsing ecmascript source code failed

Import traces:
  Client Component Browser:
    ./src/app/admin/vaccines/edit/[id]/page.tsx [Client Component Browser]
    ./src/app/admin/vaccines/edit/[id]/page.tsx [Server Component]

  Client Component SSR:
    ./src/app/admin/vaccines/edit/[id]/page.tsx [Client Component SSR]
    ./src/app/admin/vaccines/edit/[id]/page.tsx [Server Component] @ http://localhost:3000/_next/static/chunks/node_modules_next_dist_1e8vcs8._.js:1052
[  973998ms] [ERROR] ./src/app/admin/vaccines/edit/[id]/page.tsx:170:11
Error: Expected '</', got '}'
  168 |             className="mt-2"
  169 |             disabled={isSubmitting}
> 170 |           } 
      |           ^
  171 |         />
  172 |         </div>
  173 |         <label className="flex items-center gap-2">

Parsing ecmascript source code failed

Import traces:
  Client Component Browser:
    ./src/app/admin/vaccines/edit/[id]/page.tsx [Client Component Browser]
    ./src/app/admin/vaccines/edit/[id]/page.tsx [Server Component]

  Client Component SSR:
    ./src/app/admin/vaccines/edit/[id]/page.tsx [Client Component SSR]
    ./src/app/admin/vaccines/edit/[id]/page.tsx [Server Component] @ http://localhost:3000/_next/static/chunks/node_modules_next_dist_1e8vcs8._.js:1052
[  974295ms] [ERROR] ./src/app/admin/vaccines/edit/[id]/page.tsx:170:11
Error: Expected '</', got '}'
  168 |             className="mt-2"
  169 |             disabled={isSubmitting}
> 170 |           } 
      |           ^
  171 |         />
  172 |         </div>
  173 |         <label className="flex items-center gap-2">

Parsing ecmascript source code failed

Import traces:
  Client Component Browser:
    ./src/app/admin/vaccines/edit/[id]/page.tsx [Client Component Browser]
    ./src/app/admin/vaccines/edit/[id]/page.tsx [Server Component]

  Client Component SSR:
    ./src/app/admin/vaccines/edit/[id]/page.tsx [Client Component SSR]
    ./src/app/admin/vaccines/edit/[id]/page.tsx [Server Component] @ http://localhost:3000/_next/static/chunks/node_modules_next_dist_1e8vcs8._.js:1052
[  974407ms] [ERROR] ./src/app/admin/vaccines/edit/[id]/page.tsx:170:11
Error: Expected '</', got '}'
  168 |             className="mt-2"
  169 |             disabled={isSubmitting}
> 170 |           } 
      |           ^
  171 |         />
  172 |         </div>
  173 |         <label className="flex items-center gap-2">

Parsing ecmascript source code failed

Import traces:
  Client Component Browser:
    ./src/app/admin/vaccines/edit/[id]/page.tsx [Client Component Browser]
    ./src/app/admin/vaccines/edit/[id]/page.tsx [Server Component]

  Client Component SSR:
    ./src/app/admin/vaccines/edit/[id]/page.tsx [Client Component SSR]
    ./src/app/admin/vaccines/edit/[id]/page.tsx [Server Component] @ http://localhost:3000/_next/static/chunks/node_modules_next_dist_1e8vcs8._.js:1052
[  974560ms] [ERROR] ./src/app/admin/vaccines/edit/[id]/page.tsx:170:11
Error: Expected '</', got '}'
  168 |             className="mt-2"
  169 |             disabled={isSubmitting}
> 170 |           } 
      |           ^
  171 |         />
  172 |         </div>
  173 |         <label className="flex items-center gap-2">

Parsing ecmascript source code failed

Import traces:
  Client Component Browser:
    ./src/app/admin/vaccines/edit/[id]/page.tsx [Client Component Browser]
    ./src/app/admin/vaccines/edit/[id]/page.tsx [Server Component]

  Client Component SSR:
    ./src/app/admin/vaccines/edit/[id]/page.tsx [Client Component SSR]
    ./src/app/admin/vaccines/edit/[id]/page.tsx [Server Component] @ http://localhost:3000/_next/static/chunks/node_modules_next_dist_1e8vcs8._.js:1052
[  974840ms] [ERROR] ./src/app/admin/vaccines/edit/[id]/page.tsx:170:11
Error: Expected '</', got '}'
  168 |             className="mt-2"
  169 |             disabled={isSubmitting}
> 170 |           } 
      |           ^
  171 |         />
  172 |         </div>
  173 |         <label className="flex items-center gap-2">

Parsing ecmascript source code failed

Import traces:
  Client Component Browser:
    ./src/app/admin/vaccines/edit/[id]/page.tsx [Client Component Browser]
    ./src/app/admin/vaccines/edit/[id]/page.tsx [Server Component]

  Client Component SSR:
    ./src/app/admin/vaccines/edit/[id]/page.tsx [Client Component SSR]
    ./src/app/admin/vaccines/edit/[id]/page.tsx [Server Component] @ http://localhost:3000/_next/static/chunks/node_modules_next_dist_1e8vcs8._.js:1052
[  974896ms] [ERROR] ./src/app/admin/vaccines/edit/[id]/page.tsx:170:11
Error: Expected '</', got '}'
  168 |             className="mt-2"
  169 |             disabled={isSubmitting}
> 170 |           } 
      |           ^
  171 |         />
  172 |         </div>
  173 |         <label className="flex items-center gap-2">

Parsing ecmascript source code failed

Import traces:
  Client Component Browser:
    ./src/app/admin/vaccines/edit/[id]/page.tsx [Client Component Browser]
    ./src/app/admin/vaccines/edit/[id]/page.tsx [Server Component]

  Client Component SSR:
    ./src/app/admin/vaccines/edit/[id]/page.tsx [Client Component SSR]
    ./src/app/admin/vaccines/edit/[id]/page.tsx [Server Component] @ http://localhost:3000/_next/static/chunks/node_modules_next_dist_1e8vcs8._.js:1052
[  975076ms] [ERROR] ./src/app/admin/vaccines/edit/[id]/page.tsx:170:11
Error: Expected '</', got '}'
  168 |             className="mt-2"
  169 |             disabled={isSubmitting}
> 170 |           } 
      |           ^
  171 |         />
  172 |         </div>
  173 |         <label className="flex items-center gap-2">

Parsing ecmascript source code failed

Import traces:
  Client Component Browser:
    ./src/app/admin/vaccines/edit/[id]/page.tsx [Client Component Browser]
    ./src/app/admin/vaccines/edit/[id]/page.tsx [Server Component]

  Client Component SSR:
    ./src/app/admin/vaccines/edit/[id]/page.tsx [Client Component SSR]
    ./src/app/admin/vaccines/edit/[id]/page.tsx [Server Component] @ http://localhost:3000/_next/static/chunks/node_modules_next_dist_1e8vcs8._.js:1052
[  975324ms] [ERROR] ./src/app/admin/vaccines/edit/[id]/page.tsx:170:11
Error: Expected '</', got '}'
  168 |             className="mt-2"
  169 |             disabled={isSubmitting}
> 170 |           } 
      |           ^
  171 |         />
  172 |         </div>
  173 |         <label className="flex items-center gap-2">

Parsing ecmascript source code failed

Import traces:
  Client Component Browser:
    ./src/app/admin/vaccines/edit/[id]/page.tsx [Client Component Browser]
    ./src/app/admin/vaccines/edit/[id]/page.tsx [Server Component]

  Client Component SSR:
    ./src/app/admin/vaccines/edit/[id]/page.tsx [Client Component SSR]
    ./src/app/admin/vaccines/edit/[id]/page.tsx [Server Component] @ http://localhost:3000/_next/static/chunks/node_modules_next_dist_1e8vcs8._.js:1052
[  975374ms] [ERROR] ./src/app/admin/vaccines/edit/[id]/page.tsx:170:11
Error: Expected '</', got '}'
  168 |             className="mt-2"
  169 |             disabled={isSubmitting}
> 170 |           } 
      |           ^
  171 |         />
  172 |         </div>
  173 |         <label className="flex items-center gap-2">

Parsing ecmascript source code failed

Import traces:
  Client Component Browser:
    ./src/app/admin/vaccines/edit/[id]/page.tsx [Client Component Browser]
    ./src/app/admin/vaccines/edit/[id]/page.tsx [Server Component]

  Client Component SSR:
    ./src/app/admin/vaccines/edit/[id]/page.tsx [Client Component SSR]
    ./src/app/admin/vaccines/edit/[id]/page.tsx [Server Component] @ http://localhost:3000/_next/static/chunks/node_modules_next_dist_1e8vcs8._.js:1052
[  975741ms] [ERROR] ./src/app/admin/vaccines/edit/[id]/page.tsx:170:11
Error: Expected '</', got '}'
  168 |             className="mt-2"
  169 |             disabled={isSubmitting}
> 170 |           } 
      |           ^
  171 |         />
  172 |         </div>
  173 |         <label className="flex items-center gap-2">

Parsing ecmascript source code failed

Import traces:
  Client Component Browser:
    ./src/app/admin/vaccines/edit/[id]/page.tsx [Client Component Browser]
    ./src/app/admin/vaccines/edit/[id]/page.tsx [Server Component]

  Client Component SSR:
    ./src/app/admin/vaccines/edit/[id]/page.tsx [Client Component SSR]
    ./src/app/admin/vaccines/edit/[id]/page.tsx [Server Component] @ http://localhost:3000/_next/static/chunks/node_modules_next_dist_1e8vcs8._.js:1052
[  976052ms] [ERROR] ./src/app/admin/vaccines/edit/[id]/page.tsx:170:11
Error: Expected '</', got '}'
  168 |             className="mt-2"
  169 |             disabled={isSubmitting}
> 170 |           } 
      |           ^
  171 |         />
  172 |         </div>
  173 |         <label className="flex items-center gap-2">

Parsing ecmascript source code failed

Import traces:
  Client Component Browser:
    ./src/app/admin/vaccines/edit/[id]/page.tsx [Client Component Browser]
    ./src/app/admin/vaccines/edit/[id]/page.tsx [Server Component]

  Client Component SSR:
    ./src/app/admin/vaccines/edit/[id]/page.tsx [Client Component SSR]
    ./src/app/admin/vaccines/edit/[id]/page.tsx [Server Component] @ http://localhost:3000/_next/static/chunks/node_modules_next_dist_1e8vcs8._.js:1052
[  976206ms] [ERROR] ./src/app/admin/vaccines/edit/[id]/page.tsx:170:11
Error: Expected '</', got '}'
  168 |             className="mt-2"
  169 |             disabled={isSubmitting}
> 170 |           } 
      |           ^
  171 |         />
  172 |         </div>
  173 |         <label className="flex items-center gap-2">

Parsing ecmascript source code failed

Import traces:
  Client Component Browser:
    ./src/app/admin/vaccines/edit/[id]/page.tsx [Client Component Browser]
    ./src/app/admin/vaccines/edit/[id]/page.tsx [Server Component]

  Client Component SSR:
    ./src/app/admin/vaccines/edit/[id]/page.tsx [Client Component SSR]
    ./src/app/admin/vaccines/edit/[id]/page.tsx [Server Component] @ http://localhost:3000/_next/static/chunks/node_modules_next_dist_1e8vcs8._.js:1052
[  976844ms] [ERROR] ./src/app/admin/vaccines/edit/[id]/page.tsx:170:11
Error: Expected '</', got '}'
  168 |             className="mt-2"
  169 |             disabled={isSubmitting}
> 170 |           } 
      |           ^
  171 |         />
  172 |         </div>
  173 |         <label className="flex items-center gap-2">

Parsing ecmascript source code failed

Import traces:
  Client Component Browser:
    ./src/app/admin/vaccines/edit/[id]/page.tsx [Client Component Browser]
    ./src/app/admin/vaccines/edit/[id]/page.tsx [Server Component]

  Client Component SSR:
    ./src/app/admin/vaccines/edit/[id]/page.tsx [Client Component SSR]
    ./src/app/admin/vaccines/edit/[id]/page.tsx [Server Component] @ http://localhost:3000/_next/static/chunks/node_modules_next_dist_1e8vcs8._.js:1052
[  977105ms] [ERROR] ./src/app/admin/vaccines/edit/[id]/page.tsx:170:11
Error: Expected '</', got '}'
  168 |             className="mt-2"
  169 |             disabled={isSubmitting}
> 170 |           } 
      |           ^
  171 |         />
  172 |         </div>
  173 |         <label className="flex items-center gap-2">

Parsing ecmascript source code failed

Import traces:
  Client Component Browser:
    ./src/app/admin/vaccines/edit/[id]/page.tsx [Client Component Browser]
    ./src/app/admin/vaccines/edit/[id]/page.tsx [Server Component]

  Client Component SSR:
    ./src/app/admin/vaccines/edit/[id]/page.tsx [Client Component SSR]
    ./src/app/admin/vaccines/edit/[id]/page.tsx [Server Component] @ http://localhost:3000/_next/static/chunks/node_modules_next_dist_1e8vcs8._.js:1052
[  977274ms] [ERROR] ./src/app/admin/vaccines/edit/[id]/page.tsx:170:11
Error: Expected '</', got '}'
  168 |             className="mt-2"
  169 |             disabled={isSubmitting}
> 170 |           } 
      |           ^
  171 |         />
  172 |         </div>
  173 |         <label className="flex items-center gap-2">

Parsing ecmascript source code failed

Import traces:
  Client Component Browser:
    ./src/app/admin/vaccines/edit/[id]/page.tsx [Client Component Browser]
    ./src/app/admin/vaccines/edit/[id]/page.tsx [Server Component]

  Client Component SSR:
    ./src/app/admin/vaccines/edit/[id]/page.tsx [Client Component SSR]
    ./src/app/admin/vaccines/edit/[id]/page.tsx [Server Component] @ http://localhost:3000/_next/static/chunks/node_modules_next_dist_1e8vcs8._.js:1052
[  977335ms] [ERROR] ./src/app/admin/vaccines/edit/[id]/page.tsx:170:11
Error: Expected '</', got '}'
  168 |             className="mt-2"
  169 |             disabled={isSubmitting}
> 170 |           } 
      |           ^
  171 |         />
  172 |         </div>
  173 |         <label className="flex items-center gap-2">

Parsing ecmascript source code failed

Import traces:
  Client Component Browser:
    ./src/app/admin/vaccines/edit/[id]/page.tsx [Client Component Browser]
    ./src/app/admin/vaccines/edit/[id]/page.tsx [Server Component]

  Client Component SSR:
    ./src/app/admin/vaccines/edit/[id]/page.tsx [Client Component SSR]
    ./src/app/admin/vaccines/edit/[id]/page.tsx [Server Component] @ http://localhost:3000/_next/static/chunks/node_modules_next_dist_1e8vcs8._.js:1052
[  977568ms] [ERROR] ./src/app/admin/vaccines/edit/[id]/page.tsx:170:11
Error: Expected '</', got '}'
  168 |             className="mt-2"
  169 |             disabled={isSubmitting}
> 170 |           } 
      |           ^
  171 |         />
  172 |         </div>
  173 |         <label className="flex items-center gap-2">

Parsing ecmascript source code failed

Import traces:
  Client Component Browser:
    ./src/app/admin/vaccines/edit/[id]/page.tsx [Client Component Browser]
    ./src/app/admin/vaccines/edit/[id]/page.tsx [Server Component]

  Client Component SSR:
    ./src/app/admin/vaccines/edit/[id]/page.tsx [Client Component SSR]
    ./src/app/admin/vaccines/edit/[id]/page.tsx [Server Component] @ http://localhost:3000/_next/static/chunks/node_modules_next_dist_1e8vcs8._.js:1052
[  977746ms] [ERROR] ./src/app/admin/vaccines/edit/[id]/page.tsx:170:11
Error: Expected '</', got '}'
  168 |             className="mt-2"
  169 |             disabled={isSubmitting}
> 170 |           } 
      |           ^
  171 |         />
  172 |         </div>
  173 |         <label className="flex items-center gap-2">

Parsing ecmascript source code failed

Import traces:
  Client Component Browser:
    ./src/app/admin/vaccines/edit/[id]/page.tsx [Client Component Browser]
    ./src/app/admin/vaccines/edit/[id]/page.tsx [Server Component]

  Client Component SSR:
    ./src/app/admin/vaccines/edit/[id]/page.tsx [Client Component SSR]
    ./src/app/admin/vaccines/edit/[id]/page.tsx [Server Component] @ http://localhost:3000/_next/static/chunks/node_modules_next_dist_1e8vcs8._.js:1052
[  977887ms] [ERROR] ./src/app/admin/vaccines/edit/[id]/page.tsx:170:11
Error: Expected '</', got '}'
  168 |             className="mt-2"
  169 |             disabled={isSubmitting}
> 170 |           } 
      |           ^
  171 |         />
  172 |         </div>
  173 |         <label className="flex items-center gap-2">

Parsing ecmascript source code failed

Import traces:
  Client Component Browser:
    ./src/app/admin/vaccines/edit/[id]/page.tsx [Client Component Browser]
    ./src/app/admin/vaccines/edit/[id]/page.tsx [Server Component]

  Client Component SSR:
    ./src/app/admin/vaccines/edit/[id]/page.tsx [Client Component SSR]
    ./src/app/admin/vaccines/edit/[id]/page.tsx [Server Component] @ http://localhost:3000/_next/static/chunks/node_modules_next_dist_1e8vcs8._.js:1052
[  978163ms] [ERROR] ./src/app/admin/vaccines/edit/[id]/page.tsx:170:11
Error: Expected '</', got '}'
  168 |             className="mt-2"
  169 |             disabled={isSubmitting}
> 170 |           } 
      |           ^
  171 |         />
  172 |         </div>
  173 |         <label className="flex items-center gap-2">

Parsing ecmascript source code failed

Import traces:
  Client Component Browser:
    ./src/app/admin/vaccines/edit/[id]/page.tsx [Client Component Browser]
    ./src/app/admin/vaccines/edit/[id]/page.tsx [Server Component]

  Client Component SSR:
    ./src/app/admin/vaccines/edit/[id]/page.tsx [Client Component SSR]
    ./src/app/admin/vaccines/edit/[id]/page.tsx [Server Component] @ http://localhost:3000/_next/static/chunks/node_modules_next_dist_1e8vcs8._.js:1052
[  978214ms] [ERROR] ./src/app/admin/vaccines/edit/[id]/page.tsx:170:11
Error: Expected '</', got '}'
  168 |             className="mt-2"
  169 |             disabled={isSubmitting}
> 170 |           } 
      |           ^
  171 |         />
  172 |         </div>
  173 |         <label className="flex items-center gap-2">

Parsing ecmascript source code failed

Import traces:
  Client Component Browser:
    ./src/app/admin/vaccines/edit/[id]/page.tsx [Client Component Browser]
    ./src/app/admin/vaccines/edit/[id]/page.tsx [Server Component]

  Client Component SSR:
    ./src/app/admin/vaccines/edit/[id]/page.tsx [Client Component SSR]
    ./src/app/admin/vaccines/edit/[id]/page.tsx [Server Component] @ http://localhost:3000/_next/static/chunks/node_modules_next_dist_1e8vcs8._.js:1052
[  978432ms] [ERROR] ./src/app/admin/vaccines/edit/[id]/page.tsx:170:11
Error: Expected '</', got '}'
  168 |             className="mt-2"
  169 |             disabled={isSubmitting}
> 170 |           } 
      |           ^
  171 |         />
  172 |         </div>
  173 |         <label className="flex items-center gap-2">

Parsing ecmascript source code failed

Import traces:
  Client Component Browser:
    ./src/app/admin/vaccines/edit/[id]/page.tsx [Client Component Browser]
    ./src/app/admin/vaccines/edit/[id]/page.tsx [Server Component]

  Client Component SSR:
    ./src/app/admin/vaccines/edit/[id]/page.tsx [Client Component SSR]
    ./src/app/admin/vaccines/edit/[id]/page.tsx [Server Component] @ http://localhost:3000/_next/static/chunks/node_modules_next_dist_1e8vcs8._.js:1052
[  978844ms] [LOG] [Fast Refresh] rebuilding @ http://localhost:3000/_next/static/chunks/node_modules_next_dist_1e8vcs8._.js:776
[ 1024625ms] [ERROR] ./src/app/admin/vaccines/edit/[id]/page.tsx:170:11
Error: Expected '</', got '}'
  168 |             className="mt-2"
  169 |             disabled={isSubmitting}
> 170 |           } 
      |           ^
  171 |         />
  172 |         </div>
  173 |         <label className="flex items-center gap-2">

Parsing ecmascript source code failed

Import traces:
  Client Component Browser:
    ./src/app/admin/vaccines/edit/[id]/page.tsx [Client Component Browser]
    ./src/app/admin/vaccines/edit/[id]/page.tsx [Server Component]

  Client Component SSR:
    ./src/app/admin/vaccines/edit/[id]/page.tsx [Client Component SSR]
    ./src/app/admin/vaccines/edit/[id]/page.tsx [Server Component] @ http://localhost:3000/_next/static/chunks/node_modules_next_dist_1e8vcs8._.js:1052
[ 1028080ms] [ERROR] ./src/app/admin/vaccines/edit/[id]/page.tsx:170:11
Error: Expected '</', got '}'
  168 |             className="mt-2"
  169 |             disabled={isSubmitting}
> 170 |           } 
      |           ^
  171 |         />
  172 |         </div>
  173 |         <label className="flex items-center gap-2">

Parsing ecmascript source code failed

Import traces:
  Client Component Browser:
    ./src/app/admin/vaccines/edit/[id]/page.tsx [Client Component Browser]
    ./src/app/admin/vaccines/edit/[id]/page.tsx [Server Component]

  Client Component SSR:
    ./src/app/admin/vaccines/edit/[id]/page.tsx [Client Component SSR]
    ./src/app/admin/vaccines/edit/[id]/page.tsx [Server Component] @ http://localhost:3000/_next/static/chunks/node_modules_next_dist_1e8vcs8._.js:1052
[ 1028177ms] [ERROR] ./src/app/admin/vaccines/edit/[id]/page.tsx:170:11
Error: Expected '</', got '}'
  168 |             className="mt-2"
  169 |             disabled={isSubmitting}
> 170 |           } 
      |           ^
  171 |         />
  172 |         </div>
  173 |         <label className="flex items-center gap-2">

Parsing ecmascript source code failed

Import traces:
  Client Component Browser:
    ./src/app/admin/vaccines/edit/[id]/page.tsx [Client Component Browser]
    ./src/app/admin/vaccines/edit/[id]/page.tsx [Server Component]

  Client Component SSR:
    ./src/app/admin/vaccines/edit/[id]/page.tsx [Client Component SSR]
    ./src/app/admin/vaccines/edit/[id]/page.tsx [Server Component] @ http://localhost:3000/_next/static/chunks/node_modules_next_dist_1e8vcs8._.js:1052
[ 1028352ms] [ERROR] ./src/app/admin/vaccines/edit/[id]/page.tsx:170:11
Error: Expected '</', got '}'
  168 |             className="mt-2"
  169 |             disabled={isSubmitting}
> 170 |           } 
      |           ^
  171 |         />
  172 |         </div>
  173 |         <label className="flex items-center gap-2">

Parsing ecmascript source code failed

Import traces:
  Client Component Browser:
    ./src/app/admin/vaccines/edit/[id]/page.tsx [Client Component Browser]
    ./src/app/admin/vaccines/edit/[id]/page.tsx [Server Component]

  Client Component SSR:
    ./src/app/admin/vaccines/edit/[id]/page.tsx [Client Component SSR]
    ./src/app/admin/vaccines/edit/[id]/page.tsx [Server Component] @ http://localhost:3000/_next/static/chunks/node_modules_next_dist_1e8vcs8._.js:1052
[ 1028627ms] [ERROR] ./src/app/admin/vaccines/edit/[id]/page.tsx:170:11
Error: Expected '</', got '}'
  168 |             className="mt-2"
  169 |             disabled={isSubmitting}
> 170 |           } 
      |           ^
  171 |         />
  172 |         </div>
  173 |         <label className="flex items-center gap-2">

Parsing ecmascript source code failed

Import traces:
  Client Component Browser:
    ./src/app/admin/vaccines/edit/[id]/page.tsx [Client Component Browser]
    ./src/app/admin/vaccines/edit/[id]/page.tsx [Server Component]

  Client Component SSR:
    ./src/app/admin/vaccines/edit/[id]/page.tsx [Client Component SSR]
    ./src/app/admin/vaccines/edit/[id]/page.tsx [Server Component] @ http://localhost:3000/_next/static/chunks/node_modules_next_dist_1e8vcs8._.js:1052
[ 1028688ms] [ERROR] ./src/app/admin/vaccines/edit/[id]/page.tsx:170:11
Error: Expected '</', got '}'
  168 |             className="mt-2"
  169 |             disabled={isSubmitting}
> 170 |           } 
      |           ^
  171 |         />
  172 |         </div>
  173 |         <label className="flex items-center gap-2">

Parsing ecmascript source code failed

Import traces:
  Client Component Browser:
    ./src/app/admin/vaccines/edit/[id]/page.tsx [Client Component Browser]
    ./src/app/admin/vaccines/edit/[id]/page.tsx [Server Component]

  Client Component SSR:
    ./src/app/admin/vaccines/edit/[id]/page.tsx [Client Component SSR]
    ./src/app/admin/vaccines/edit/[id]/page.tsx [Server Component] @ http://localhost:3000/_next/static/chunks/node_modules_next_dist_1e8vcs8._.js:1052
[ 1028940ms] [ERROR] ./src/app/admin/vaccines/edit/[id]/page.tsx:170:11
Error: Expected '</', got '}'
  168 |             className="mt-2"
  169 |             disabled={isSubmitting}
> 170 |           } 
      |           ^
  171 |         />
  172 |         </div>
  173 |         <label className="flex items-center gap-2">

Parsing ecmascript source code failed

Import traces:
  Client Component Browser:
    ./src/app/admin/vaccines/edit/[id]/page.tsx [Client Component Browser]
    ./src/app/admin/vaccines/edit/[id]/page.tsx [Server Component]

  Client Component SSR:
    ./src/app/admin/vaccines/edit/[id]/page.tsx [Client Component SSR]
    ./src/app/admin/vaccines/edit/[id]/page.tsx [Server Component] @ http://localhost:3000/_next/static/chunks/node_modules_next_dist_1e8vcs8._.js:1052
[ 1029526ms] [ERROR] ./src/app/admin/vaccines/edit/[id]/page.tsx:170:11
Error: Expected '</', got '}'
  168 |             className="mt-2"
  169 |             disabled={isSubmitting}
> 170 |           } 
      |           ^
  171 |         />
  172 |         </div>
  173 |         <label className="flex items-center gap-2">

Parsing ecmascript source code failed

Import traces:
  Client Component Browser:
    ./src/app/admin/vaccines/edit/[id]/page.tsx [Client Component Browser]
    ./src/app/admin/vaccines/edit/[id]/page.tsx [Server Component]

  Client Component SSR:
    ./src/app/admin/vaccines/edit/[id]/page.tsx [Client Component SSR]
    ./src/app/admin/vaccines/edit/[id]/page.tsx [Server Component] @ http://localhost:3000/_next/static/chunks/node_modules_next_dist_1e8vcs8._.js:1052
[ 1030988ms] [ERROR] ./src/app/admin/vaccines/edit/[id]/page.tsx:170:11
Error: Expected '</', got '}'
  168 |             className="mt-2"
  169 |             disabled={isSubmitting}
> 170 |           } 
      |           ^
  171 |         />
  172 |         </div>
  173 |         <label className="flex items-center gap-2">

Parsing ecmascript source code failed

Import traces:
  Client Component Browser:
    ./src/app/admin/vaccines/edit/[id]/page.tsx [Client Component Browser]
    ./src/app/admin/vaccines/edit/[id]/page.tsx [Server Component]

  Client Component SSR:
    ./src/app/admin/vaccines/edit/[id]/page.tsx [Client Component SSR]
    ./src/app/admin/vaccines/edit/[id]/page.tsx [Server Component] @ http://localhost:3000/_next/static/chunks/node_modules_next_dist_1e8vcs8._.js:1052
[ 1031197ms] [ERROR] ./src/app/admin/vaccines/edit/[id]/page.tsx:170:11
Error: Expected '</', got '}'
  168 |             className="mt-2"
  169 |             disabled={isSubmitting}
> 170 |           } 
      |           ^
  171 |         />
  172 |         </div>
  173 |         <label className="flex items-center gap-2">

Parsing ecmascript source code failed

Import traces:
  Client Component Browser:
    ./src/app/admin/vaccines/edit/[id]/page.tsx [Client Component Browser]
    ./src/app/admin/vaccines/edit/[id]/page.tsx [Server Component]

  Client Component SSR:
    ./src/app/admin/vaccines/edit/[id]/page.tsx [Client Component SSR]
    ./src/app/admin/vaccines/edit/[id]/page.tsx [Server Component] @ http://localhost:3000/_next/static/chunks/node_modules_next_dist_1e8vcs8._.js:1052
[ 1031681ms] [ERROR] ./src/app/admin/vaccines/edit/[id]/page.tsx:170:11
Error: Expected '</', got '}'
  168 |             className="mt-2"
  169 |             disabled={isSubmitting}
> 170 |           } 
      |           ^
  171 |         />
  172 |         </div>
  173 |         <label className="flex items-center gap-2">

Parsing ecmascript source code failed

Import traces:
  Client Component Browser:
    ./src/app/admin/vaccines/edit/[id]/page.tsx [Client Component Browser]
    ./src/app/admin/vaccines/edit/[id]/page.tsx [Server Component]

  Client Component SSR:
    ./src/app/admin/vaccines/edit/[id]/page.tsx [Client Component SSR]
    ./src/app/admin/vaccines/edit/[id]/page.tsx [Server Component] @ http://localhost:3000/_next/static/chunks/node_modules_next_dist_1e8vcs8._.js:1052
[ 1031960ms] [ERROR] ./src/app/admin/vaccines/edit/[id]/page.tsx:170:11
Error: Expected '</', got '}'
  168 |             className="mt-2"
  169 |             disabled={isSubmitting}
> 170 |           } 
      |           ^
  171 |         />
  172 |         </div>
  173 |         <label className="flex items-center gap-2">

Parsing ecmascript source code failed

Import traces:
  Client Component Browser:
    ./src/app/admin/vaccines/edit/[id]/page.tsx [Client Component Browser]
    ./src/app/admin/vaccines/edit/[id]/page.tsx [Server Component]

  Client Component SSR:
    ./src/app/admin/vaccines/edit/[id]/page.tsx [Client Component SSR]
    ./src/app/admin/vaccines/edit/[id]/page.tsx [Server Component] @ http://localhost:3000/_next/static/chunks/node_modules_next_dist_1e8vcs8._.js:1052
[ 1032674ms] [ERROR] ./src/app/admin/vaccines/edit/[id]/page.tsx:170:11
Error: Expected '</', got '}'
  168 |             className="mt-2"
  169 |             disabled={isSubmitting}
> 170 |           } 
      |           ^
  171 |         />
  172 |         </div>
  173 |         <label className="flex items-center gap-2">

Parsing ecmascript source code failed

Import traces:
  Client Component Browser:
    ./src/app/admin/vaccines/edit/[id]/page.tsx [Client Component Browser]
    ./src/app/admin/vaccines/edit/[id]/page.tsx [Server Component]

  Client Component SSR:
    ./src/app/admin/vaccines/edit/[id]/page.tsx [Client Component SSR]
    ./src/app/admin/vaccines/edit/[id]/page.tsx [Server Component] @ http://localhost:3000/_next/static/chunks/node_modules_next_dist_1e8vcs8._.js:1052
[ 1033111ms] [ERROR] ./src/app/admin/vaccines/edit/[id]/page.tsx:170:11
Error: Expected '</', got '}'
  168 |             className="mt-2"
  169 |             disabled={isSubmitting}
> 170 |           } 
      |           ^
  171 |         />
  172 |         </div>
  173 |         <label className="flex items-center gap-2">

Parsing ecmascript source code failed

Import traces:
  Client Component Browser:
    ./src/app/admin/vaccines/edit/[id]/page.tsx [Client Component Browser]
    ./src/app/admin/vaccines/edit/[id]/page.tsx [Server Component]

  Client Component SSR:
    ./src/app/admin/vaccines/edit/[id]/page.tsx [Client Component SSR]
    ./src/app/admin/vaccines/edit/[id]/page.tsx [Server Component] @ http://localhost:3000/_next/static/chunks/node_modules_next_dist_1e8vcs8._.js:1052
[ 1033327ms] [ERROR] ./src/app/admin/vaccines/edit/[id]/page.tsx:170:11
Error: Expected '</', got '}'
  168 |             className="mt-2"
  169 |             disabled={isSubmitting}
> 170 |           } 
      |           ^
  171 |         />
  172 |         </div>
  173 |         <label className="flex items-center gap-2">

Parsing ecmascript source code failed

Import traces:
  Client Component Browser:
    ./src/app/admin/vaccines/edit/[id]/page.tsx [Client Component Browser]
    ./src/app/admin/vaccines/edit/[id]/page.tsx [Server Component]

  Client Component SSR:
    ./src/app/admin/vaccines/edit/[id]/page.tsx [Client Component SSR]
    ./src/app/admin/vaccines/edit/[id]/page.tsx [Server Component] @ http://localhost:3000/_next/static/chunks/node_modules_next_dist_1e8vcs8._.js:1052
[ 1033604ms] [ERROR] ./src/app/admin/vaccines/edit/[id]/page.tsx:170:11
Error: Expected '</', got '}'
  168 |             className="mt-2"
  169 |             disabled={isSubmitting}
> 170 |           } 
      |           ^
  171 |         />
  172 |         </div>
  173 |         <label className="flex items-center gap-2">

Parsing ecmascript source code failed

Import traces:
  Client Component Browser:
    ./src/app/admin/vaccines/edit/[id]/page.tsx [Client Component Browser]
    ./src/app/admin/vaccines/edit/[id]/page.tsx [Server Component]

  Client Component SSR:
    ./src/app/admin/vaccines/edit/[id]/page.tsx [Client Component SSR]
    ./src/app/admin/vaccines/edit/[id]/page.tsx [Server Component] @ http://localhost:3000/_next/static/chunks/node_modules_next_dist_1e8vcs8._.js:1052
[ 1033752ms] [ERROR] ./src/app/admin/vaccines/edit/[id]/page.tsx:170:11
Error: Expected '</', got '}'
  168 |             className="mt-2"
  169 |             disabled={isSubmitting}
> 170 |           } 
      |           ^
  171 |         />
  172 |         </div>
  173 |         <label className="flex items-center gap-2">

Parsing ecmascript source code failed

Import traces:
  Client Component Browser:
    ./src/app/admin/vaccines/edit/[id]/page.tsx [Client Component Browser]
    ./src/app/admin/vaccines/edit/[id]/page.tsx [Server Component]

  Client Component SSR:
    ./src/app/admin/vaccines/edit/[id]/page.tsx [Client Component SSR]
    ./src/app/admin/vaccines/edit/[id]/page.tsx [Server Component] @ http://localhost:3000/_next/static/chunks/node_modules_next_dist_1e8vcs8._.js:1052
[ 1034094ms] [ERROR] ./src/app/admin/vaccines/edit/[id]/page.tsx:170:11
Error: Expected '</', got '}'
  168 |             className="mt-2"
  169 |             disabled={isSubmitting}
> 170 |           } 
      |           ^
  171 |         />
  172 |         </div>
  173 |         <label className="flex items-center gap-2">

Parsing ecmascript source code failed

Import traces:
  Client Component Browser:
    ./src/app/admin/vaccines/edit/[id]/page.tsx [Client Component Browser]
    ./src/app/admin/vaccines/edit/[id]/page.tsx [Server Component]

  Client Component SSR:
    ./src/app/admin/vaccines/edit/[id]/page.tsx [Client Component SSR]
    ./src/app/admin/vaccines/edit/[id]/page.tsx [Server Component] @ http://localhost:3000/_next/static/chunks/node_modules_next_dist_1e8vcs8._.js:1052
[ 1034449ms] [ERROR] ./src/app/admin/vaccines/edit/[id]/page.tsx:170:11
Error: Expected '</', got '}'
  168 |             className="mt-2"
  169 |             disabled={isSubmitting}
> 170 |           } 
      |           ^
  171 |         />
  172 |         </div>
  173 |         <label className="flex items-center gap-2">

Parsing ecmascript source code failed

Import traces:
  Client Component Browser:
    ./src/app/admin/vaccines/edit/[id]/page.tsx [Client Component Browser]
    ./src/app/admin/vaccines/edit/[id]/page.tsx [Server Component]

  Client Component SSR:
    ./src/app/admin/vaccines/edit/[id]/page.tsx [Client Component SSR]
    ./src/app/admin/vaccines/edit/[id]/page.tsx [Server Component] @ http://localhost:3000/_next/static/chunks/node_modules_next_dist_1e8vcs8._.js:1052
[ 1034959ms] [ERROR] ./src/app/admin/vaccines/edit/[id]/page.tsx:170:11
Error: Expected '</', got '}'
  168 |             className="mt-2"
  169 |             disabled={isSubmitting}
> 170 |           } 
      |           ^
  171 |         />
  172 |         </div>
  173 |         <label className="flex items-center gap-2">

Parsing ecmascript source code failed

Import traces:
  Client Component Browser:
    ./src/app/admin/vaccines/edit/[id]/page.tsx [Client Component Browser]
    ./src/app/admin/vaccines/edit/[id]/page.tsx [Server Component]

  Client Component SSR:
    ./src/app/admin/vaccines/edit/[id]/page.tsx [Client Component SSR]
    ./src/app/admin/vaccines/edit/[id]/page.tsx [Server Component] @ http://localhost:3000/_next/static/chunks/node_modules_next_dist_1e8vcs8._.js:1052
[ 1035120ms] [ERROR] ./src/app/admin/vaccines/edit/[id]/page.tsx:170:11
Error: Expected '</', got '}'
  168 |             className="mt-2"
  169 |             disabled={isSubmitting}
> 170 |           } 
      |           ^
  171 |         />
  172 |         </div>
  173 |         <label className="flex items-center gap-2">

Parsing ecmascript source code failed

Import traces:
  Client Component Browser:
    ./src/app/admin/vaccines/edit/[id]/page.tsx [Client Component Browser]
    ./src/app/admin/vaccines/edit/[id]/page.tsx [Server Component]

  Client Component SSR:
    ./src/app/admin/vaccines/edit/[id]/page.tsx [Client Component SSR]
    ./src/app/admin/vaccines/edit/[id]/page.tsx [Server Component] @ http://localhost:3000/_next/static/chunks/node_modules_next_dist_1e8vcs8._.js:1052
[ 1035385ms] [ERROR] ./src/app/admin/vaccines/edit/[id]/page.tsx:170:11
Error: Expected '</', got '}'
  168 |             className="mt-2"
  169 |             disabled={isSubmitting}
> 170 |           } 
      |           ^
  171 |         />
  172 |         </div>
  173 |         <label className="flex items-center gap-2">

Parsing ecmascript source code failed

Import traces:
  Client Component Browser:
    ./src/app/admin/vaccines/edit/[id]/page.tsx [Client Component Browser]
    ./src/app/admin/vaccines/edit/[id]/page.tsx [Server Component]

  Client Component SSR:
    ./src/app/admin/vaccines/edit/[id]/page.tsx [Client Component SSR]
    ./src/app/admin/vaccines/edit/[id]/page.tsx [Server Component] @ http://localhost:3000/_next/static/chunks/node_modules_next_dist_1e8vcs8._.js:1052
[ 1035730ms] [ERROR] ./src/app/admin/vaccines/edit/[id]/page.tsx:170:11
Error: Expected '</', got '}'
  168 |             className="mt-2"
  169 |             disabled={isSubmitting}
> 170 |           } 
      |           ^
  171 |         />
  172 |         </div>
  173 |         <label className="flex items-center gap-2">

Parsing ecmascript source code failed

Import traces:
  Client Component Browser:
    ./src/app/admin/vaccines/edit/[id]/page.tsx [Client Component Browser]
    ./src/app/admin/vaccines/edit/[id]/page.tsx [Server Component]

  Client Component SSR:
    ./src/app/admin/vaccines/edit/[id]/page.tsx [Client Component SSR]
    ./src/app/admin/vaccines/edit/[id]/page.tsx [Server Component] @ http://localhost:3000/_next/static/chunks/node_modules_next_dist_1e8vcs8._.js:1052
[ 1035859ms] [ERROR] ./src/app/admin/vaccines/edit/[id]/page.tsx:170:11
Error: Expected '</', got '}'
  168 |             className="mt-2"
  169 |             disabled={isSubmitting}
> 170 |           } 
      |           ^
  171 |         />
  172 |         </div>
  173 |         <label className="flex items-center gap-2">

Parsing ecmascript source code failed

Import traces:
  Client Component Browser:
    ./src/app/admin/vaccines/edit/[id]/page.tsx [Client Component Browser]
    ./src/app/admin/vaccines/edit/[id]/page.tsx [Server Component]

  Client Component SSR:
    ./src/app/admin/vaccines/edit/[id]/page.tsx [Client Component SSR]
    ./src/app/admin/vaccines/edit/[id]/page.tsx [Server Component] @ http://localhost:3000/_next/static/chunks/node_modules_next_dist_1e8vcs8._.js:1052
[ 1036159ms] [ERROR] ./src/app/admin/vaccines/edit/[id]/page.tsx:170:11
Error: Expected '</', got '}'
  168 |             className="mt-2"
  169 |             disabled={isSubmitting}
> 170 |           } 
      |           ^
  171 |         />
  172 |         </div>
  173 |         <label className="flex items-center gap-2">

Parsing ecmascript source code failed

Import traces:
  Client Component Browser:
    ./src/app/admin/vaccines/edit/[id]/page.tsx [Client Component Browser]
    ./src/app/admin/vaccines/edit/[id]/page.tsx [Server Component]

  Client Component SSR:
    ./src/app/admin/vaccines/edit/[id]/page.tsx [Client Component SSR]
    ./src/app/admin/vaccines/edit/[id]/page.tsx [Server Component] @ http://localhost:3000/_next/static/chunks/node_modules_next_dist_1e8vcs8._.js:1052
[ 1036314ms] [ERROR] ./src/app/admin/vaccines/edit/[id]/page.tsx:170:11
Error: Expected '</', got '}'
  168 |             className="mt-2"
  169 |             disabled={isSubmitting}
> 170 |           } 
      |           ^
  171 |         />
  172 |         </div>
  173 |         <label className="flex items-center gap-2">

Parsing ecmascript source code failed

Import traces:
  Client Component Browser:
    ./src/app/admin/vaccines/edit/[id]/page.tsx [Client Component Browser]
    ./src/app/admin/vaccines/edit/[id]/page.tsx [Server Component]

  Client Component SSR:
    ./src/app/admin/vaccines/edit/[id]/page.tsx [Client Component SSR]
    ./src/app/admin/vaccines/edit/[id]/page.tsx [Server Component] @ http://localhost:3000/_next/static/chunks/node_modules_next_dist_1e8vcs8._.js:1052
[ 1036418ms] [ERROR] ./src/app/admin/vaccines/edit/[id]/page.tsx:170:11
Error: Expected '</', got '}'
  168 |             className="mt-2"
  169 |             disabled={isSubmitting}
> 170 |           } 
      |           ^
  171 |         />
  172 |         </div>
  173 |         <label className="flex items-center gap-2">

Parsing ecmascript source code failed

Import traces:
  Client Component Browser:
    ./src/app/admin/vaccines/edit/[id]/page.tsx [Client Component Browser]
    ./src/app/admin/vaccines/edit/[id]/page.tsx [Server Component]

  Client Component SSR:
    ./src/app/admin/vaccines/edit/[id]/page.tsx [Client Component SSR]
    ./src/app/admin/vaccines/edit/[id]/page.tsx [Server Component] @ http://localhost:3000/_next/static/chunks/node_modules_next_dist_1e8vcs8._.js:1052
[ 1036739ms] [ERROR] ./src/app/admin/vaccines/edit/[id]/page.tsx:170:11
Error: Expected '</', got '}'
  168 |             className="mt-2"
  169 |             disabled={isSubmitting}
> 170 |           } 
      |           ^
  171 |         />
  172 |         </div>
  173 |         <label className="flex items-center gap-2">

Parsing ecmascript source code failed

Import traces:
  Client Component Browser:
    ./src/app/admin/vaccines/edit/[id]/page.tsx [Client Component Browser]
    ./src/app/admin/vaccines/edit/[id]/page.tsx [Server Component]

  Client Component SSR:
    ./src/app/admin/vaccines/edit/[id]/page.tsx [Client Component SSR]
    ./src/app/admin/vaccines/edit/[id]/page.tsx [Server Component] @ http://localhost:3000/_next/static/chunks/node_modules_next_dist_1e8vcs8._.js:1052
[ 1036849ms] [ERROR] ./src/app/admin/vaccines/edit/[id]/page.tsx:170:11
Error: Expected '</', got '}'
  168 |             className="mt-2"
  169 |             disabled={isSubmitting}
> 170 |           } 
      |           ^
  171 |         />
  172 |         </div>
  173 |         <label className="flex items-center gap-2">

Parsing ecmascript source code failed

Import traces:
  Client Component Browser:
    ./src/app/admin/vaccines/edit/[id]/page.tsx [Client Component Browser]
    ./src/app/admin/vaccines/edit/[id]/page.tsx [Server Component]

  Client Component SSR:
    ./src/app/admin/vaccines/edit/[id]/page.tsx [Client Component SSR]
    ./src/app/admin/vaccines/edit/[id]/page.tsx [Server Component] @ http://localhost:3000/_next/static/chunks/node_modules_next_dist_1e8vcs8._.js:1052
[ 1037073ms] [ERROR] ./src/app/admin/vaccines/edit/[id]/page.tsx:170:11
Error: Expected '</', got '}'
  168 |             className="mt-2"
  169 |             disabled={isSubmitting}
> 170 |           } 
      |           ^
  171 |         />
  172 |         </div>
  173 |         <label className="flex items-center gap-2">

Parsing ecmascript source code failed

Import traces:
  Client Component Browser:
    ./src/app/admin/vaccines/edit/[id]/page.tsx [Client Component Browser]
    ./src/app/admin/vaccines/edit/[id]/page.tsx [Server Component]

  Client Component SSR:
    ./src/app/admin/vaccines/edit/[id]/page.tsx [Client Component SSR]
    ./src/app/admin/vaccines/edit/[id]/page.tsx [Server Component] @ http://localhost:3000/_next/static/chunks/node_modules_next_dist_1e8vcs8._.js:1052
[ 1037633ms] [ERROR] ./src/app/admin/vaccines/edit/[id]/page.tsx:170:11
Error: Expected '</', got '}'
  168 |             className="mt-2"
  169 |             disabled={isSubmitting}
> 170 |           } 
      |           ^
  171 |         />
  172 |         </div>
  173 |         <label className="flex items-center gap-2">

Parsing ecmascript source code failed

Import traces:
  Client Component Browser:
    ./src/app/admin/vaccines/edit/[id]/page.tsx [Client Component Browser]
    ./src/app/admin/vaccines/edit/[id]/page.tsx [Server Component]

  Client Component SSR:
    ./src/app/admin/vaccines/edit/[id]/page.tsx [Client Component SSR]
    ./src/app/admin/vaccines/edit/[id]/page.tsx [Server Component] @ http://localhost:3000/_next/static/chunks/node_modules_next_dist_1e8vcs8._.js:1052
[ 1037741ms] [ERROR] ./src/app/admin/vaccines/edit/[id]/page.tsx:170:11
Error: Expected '</', got '}'
  168 |             className="mt-2"
  169 |             disabled={isSubmitting}
> 170 |           } 
      |           ^
  171 |         />
  172 |         </div>
  173 |         <label className="flex items-center gap-2">

Parsing ecmascript source code failed

Import traces:
  Client Component Browser:
    ./src/app/admin/vaccines/edit/[id]/page.tsx [Client Component Browser]
    ./src/app/admin/vaccines/edit/[id]/page.tsx [Server Component]

  Client Component SSR:
    ./src/app/admin/vaccines/edit/[id]/page.tsx [Client Component SSR]
    ./src/app/admin/vaccines/edit/[id]/page.tsx [Server Component] @ http://localhost:3000/_next/static/chunks/node_modules_next_dist_1e8vcs8._.js:1052
[ 1038407ms] [ERROR] ./src/app/admin/vaccines/edit/[id]/page.tsx:170:11
Error: Expected '</', got '}'
  168 |             className="mt-2"
  169 |             disabled={isSubmitting}
> 170 |           } 
      |           ^
  171 |         />
  172 |         </div>
  173 |         <label className="flex items-center gap-2">

Parsing ecmascript source code failed

Import traces:
  Client Component Browser:
    ./src/app/admin/vaccines/edit/[id]/page.tsx [Client Component Browser]
    ./src/app/admin/vaccines/edit/[id]/page.tsx [Server Component]

  Client Component SSR:
    ./src/app/admin/vaccines/edit/[id]/page.tsx [Client Component SSR]
    ./src/app/admin/vaccines/edit/[id]/page.tsx [Server Component] @ http://localhost:3000/_next/static/chunks/node_modules_next_dist_1e8vcs8._.js:1052
[ 1038752ms] [ERROR] ./src/app/admin/vaccines/edit/[id]/page.tsx:170:11
Error: Expected '</', got '}'
  168 |             className="mt-2"
  169 |             disabled={isSubmitting}
> 170 |           } 
      |           ^
  171 |         />
  172 |         </div>
  173 |         <label className="flex items-center gap-2">

Parsing ecmascript source code failed

Import traces:
  Client Component Browser:
    ./src/app/admin/vaccines/edit/[id]/page.tsx [Client Component Browser]
    ./src/app/admin/vaccines/edit/[id]/page.tsx [Server Component]

  Client Component SSR:
    ./src/app/admin/vaccines/edit/[id]/page.tsx [Client Component SSR]
    ./src/app/admin/vaccines/edit/[id]/page.tsx [Server Component] @ http://localhost:3000/_next/static/chunks/node_modules_next_dist_1e8vcs8._.js:1052
[ 1038987ms] [ERROR] ./src/app/admin/vaccines/edit/[id]/page.tsx:170:11
Error: Expected '</', got '}'
  168 |             className="mt-2"
  169 |             disabled={isSubmitting}
> 170 |           } 
      |           ^
  171 |         />
  172 |         </div>
  173 |         <label className="flex items-center gap-2">

Parsing ecmascript source code failed

Import traces:
  Client Component Browser:
    ./src/app/admin/vaccines/edit/[id]/page.tsx [Client Component Browser]
    ./src/app/admin/vaccines/edit/[id]/page.tsx [Server Component]

  Client Component SSR:
    ./src/app/admin/vaccines/edit/[id]/page.tsx [Client Component SSR]
    ./src/app/admin/vaccines/edit/[id]/page.tsx [Server Component] @ http://localhost:3000/_next/static/chunks/node_modules_next_dist_1e8vcs8._.js:1052
[ 1039124ms] [ERROR] ./src/app/admin/vaccines/edit/[id]/page.tsx:170:11
Error: Expected '</', got '}'
  168 |             className="mt-2"
  169 |             disabled={isSubmitting}
> 170 |           } 
      |           ^
  171 |         />
  172 |         </div>
  173 |         <label className="flex items-center gap-2">

Parsing ecmascript source code failed

Import traces:
  Client Component Browser:
    ./src/app/admin/vaccines/edit/[id]/page.tsx [Client Component Browser]
    ./src/app/admin/vaccines/edit/[id]/page.tsx [Server Component]

  Client Component SSR:
    ./src/app/admin/vaccines/edit/[id]/page.tsx [Client Component SSR]
    ./src/app/admin/vaccines/edit/[id]/page.tsx [Server Component] @ http://localhost:3000/_next/static/chunks/node_modules_next_dist_1e8vcs8._.js:1052
[ 1039434ms] [ERROR] ./src/app/admin/vaccines/edit/[id]/page.tsx:170:11
Error: Expected '</', got '}'
  168 |             className="mt-2"
  169 |             disabled={isSubmitting}
> 170 |           } 
      |           ^
  171 |         />
  172 |         </div>
  173 |         <label className="flex items-center gap-2">

Parsing ecmascript source code failed

Import traces:
  Client Component Browser:
    ./src/app/admin/vaccines/edit/[id]/page.tsx [Client Component Browser]
    ./src/app/admin/vaccines/edit/[id]/page.tsx [Server Component]

  Client Component SSR:
    ./src/app/admin/vaccines/edit/[id]/page.tsx [Client Component SSR]
    ./src/app/admin/vaccines/edit/[id]/page.tsx [Server Component] @ http://localhost:3000/_next/static/chunks/node_modules_next_dist_1e8vcs8._.js:1052
[ 1039612ms] [ERROR] ./src/app/admin/vaccines/edit/[id]/page.tsx:170:11
Error: Expected '</', got '}'
  168 |             className="mt-2"
  169 |             disabled={isSubmitting}
> 170 |           } 
      |           ^
  171 |         />
  172 |         </div>
  173 |         <label className="flex items-center gap-2">

Parsing ecmascript source code failed

Import traces:
  Client Component Browser:
    ./src/app/admin/vaccines/edit/[id]/page.tsx [Client Component Browser]
    ./src/app/admin/vaccines/edit/[id]/page.tsx [Server Component]

  Client Component SSR:
    ./src/app/admin/vaccines/edit/[id]/page.tsx [Client Component SSR]
    ./src/app/admin/vaccines/edit/[id]/page.tsx [Server Component] @ http://localhost:3000/_next/static/chunks/node_modules_next_dist_1e8vcs8._.js:1052
[ 1039764ms] [ERROR] ./src/app/admin/vaccines/edit/[id]/page.tsx:170:11
Error: Expected '</', got '}'
  168 |             className="mt-2"
  169 |             disabled={isSubmitting}
> 170 |           } 
      |           ^
  171 |         />
  172 |         </div>
  173 |         <label className="flex items-center gap-2">

Parsing ecmascript source code failed

Import traces:
  Client Component Browser:
    ./src/app/admin/vaccines/edit/[id]/page.tsx [Client Component Browser]
    ./src/app/admin/vaccines/edit/[id]/page.tsx [Server Component]

  Client Component SSR:
    ./src/app/admin/vaccines/edit/[id]/page.tsx [Client Component SSR]
    ./src/app/admin/vaccines/edit/[id]/page.tsx [Server Component] @ http://localhost:3000/_next/static/chunks/node_modules_next_dist_1e8vcs8._.js:1052
[ 1040013ms] [ERROR] ./src/app/admin/vaccines/edit/[id]/page.tsx:170:11
Error: Expected '</', got '}'
  168 |             className="mt-2"
  169 |             disabled={isSubmitting}
> 170 |           } 
      |           ^
  171 |         />
  172 |         </div>
  173 |         <label className="flex items-center gap-2">

Parsing ecmascript source code failed

Import traces:
  Client Component Browser:
    ./src/app/admin/vaccines/edit/[id]/page.tsx [Client Component Browser]
    ./src/app/admin/vaccines/edit/[id]/page.tsx [Server Component]

  Client Component SSR:
    ./src/app/admin/vaccines/edit/[id]/page.tsx [Client Component SSR]
    ./src/app/admin/vaccines/edit/[id]/page.tsx [Server Component] @ http://localhost:3000/_next/static/chunks/node_modules_next_dist_1e8vcs8._.js:1052
[ 1040174ms] [ERROR] ./src/app/admin/vaccines/edit/[id]/page.tsx:170:11
Error: Expected '</', got '}'
  168 |             className="mt-2"
  169 |             disabled={isSubmitting}
> 170 |           } 
      |           ^
  171 |         />
  172 |         </div>
  173 |         <label className="flex items-center gap-2">

Parsing ecmascript source code failed

Import traces:
  Client Component Browser:
    ./src/app/admin/vaccines/edit/[id]/page.tsx [Client Component Browser]
    ./src/app/admin/vaccines/edit/[id]/page.tsx [Server Component]

  Client Component SSR:
    ./src/app/admin/vaccines/edit/[id]/page.tsx [Client Component SSR]
    ./src/app/admin/vaccines/edit/[id]/page.tsx [Server Component] @ http://localhost:3000/_next/static/chunks/node_modules_next_dist_1e8vcs8._.js:1052
[ 1040333ms] [ERROR] ./src/app/admin/vaccines/edit/[id]/page.tsx:170:11
Error: Expected '</', got '}'
  168 |             className="mt-2"
  169 |             disabled={isSubmitting}
> 170 |           } 
      |           ^
  171 |         />
  172 |         </div>
  173 |         <label className="flex items-center gap-2">

Parsing ecmascript source code failed

Import traces:
  Client Component Browser:
    ./src/app/admin/vaccines/edit/[id]/page.tsx [Client Component Browser]
    ./src/app/admin/vaccines/edit/[id]/page.tsx [Server Component]

  Client Component SSR:
    ./src/app/admin/vaccines/edit/[id]/page.tsx [Client Component SSR]
    ./src/app/admin/vaccines/edit/[id]/page.tsx [Server Component] @ http://localhost:3000/_next/static/chunks/node_modules_next_dist_1e8vcs8._.js:1052
[ 1040943ms] [ERROR] ./src/app/admin/vaccines/edit/[id]/page.tsx:170:11
Error: Expected '</', got '}'
  168 |             className="mt-2"
  169 |             disabled={isSubmitting}
> 170 |           } 
      |           ^
  171 |         />
  172 |         </div>
  173 |         <label className="flex items-center gap-2">

Parsing ecmascript source code failed

Import traces:
  Client Component Browser:
    ./src/app/admin/vaccines/edit/[id]/page.tsx [Client Component Browser]
    ./src/app/admin/vaccines/edit/[id]/page.tsx [Server Component]

  Client Component SSR:
    ./src/app/admin/vaccines/edit/[id]/page.tsx [Client Component SSR]
    ./src/app/admin/vaccines/edit/[id]/page.tsx [Server Component] @ http://localhost:3000/_next/static/chunks/node_modules_next_dist_1e8vcs8._.js:1052
[ 1041480ms] [ERROR] ./src/app/admin/vaccines/edit/[id]/page.tsx:170:11
Error: Expected '</', got '}'
  168 |             className="mt-2"
  169 |             disabled={isSubmitting}
> 170 |           } 
      |           ^
  171 |         />
  172 |         </div>
  173 |         <label className="flex items-center gap-2">

Parsing ecmascript source code failed

Import traces:
  Client Component Browser:
    ./src/app/admin/vaccines/edit/[id]/page.tsx [Client Component Browser]
    ./src/app/admin/vaccines/edit/[id]/page.tsx [Server Component]

  Client Component SSR:
    ./src/app/admin/vaccines/edit/[id]/page.tsx [Client Component SSR]
    ./src/app/admin/vaccines/edit/[id]/page.tsx [Server Component] @ http://localhost:3000/_next/static/chunks/node_modules_next_dist_1e8vcs8._.js:1052
[ 1041740ms] [ERROR] ./src/app/admin/vaccines/edit/[id]/page.tsx:170:11
Error: Expected '</', got '}'
  168 |             className="mt-2"
  169 |             disabled={isSubmitting}
> 170 |           } 
      |           ^
  171 |         />
  172 |         </div>
  173 |         <label className="flex items-center gap-2">

Parsing ecmascript source code failed

Import traces:
  Client Component Browser:
    ./src/app/admin/vaccines/edit/[id]/page.tsx [Client Component Browser]
    ./src/app/admin/vaccines/edit/[id]/page.tsx [Server Component]

  Client Component SSR:
    ./src/app/admin/vaccines/edit/[id]/page.tsx [Client Component SSR]
    ./src/app/admin/vaccines/edit/[id]/page.tsx [Server Component] @ http://localhost:3000/_next/static/chunks/node_modules_next_dist_1e8vcs8._.js:1052
[ 1041793ms] [ERROR] ./src/app/admin/vaccines/edit/[id]/page.tsx:170:11
Error: Expected '</', got '}'
  168 |             className="mt-2"
  169 |             disabled={isSubmitting}
> 170 |           } 
      |           ^
  171 |         />
  172 |         </div>
  173 |         <label className="flex items-center gap-2">

Parsing ecmascript source code failed

Import traces:
  Client Component Browser:
    ./src/app/admin/vaccines/edit/[id]/page.tsx [Client Component Browser]
    ./src/app/admin/vaccines/edit/[id]/page.tsx [Server Component]

  Client Component SSR:
    ./src/app/admin/vaccines/edit/[id]/page.tsx [Client Component SSR]
    ./src/app/admin/vaccines/edit/[id]/page.tsx [Server Component] @ http://localhost:3000/_next/static/chunks/node_modules_next_dist_1e8vcs8._.js:1052
[ 1042028ms] [ERROR] ./src/app/admin/vaccines/edit/[id]/page.tsx:170:11
Error: Expected '</', got '}'
  168 |             className="mt-2"
  169 |             disabled={isSubmitting}
> 170 |           } 
      |           ^
  171 |         />
  172 |         </div>
  173 |         <label className="flex items-center gap-2">

Parsing ecmascript source code failed

Import traces:
  Client Component Browser:
    ./src/app/admin/vaccines/edit/[id]/page.tsx [Client Component Browser]
    ./src/app/admin/vaccines/edit/[id]/page.tsx [Server Component]

  Client Component SSR:
    ./src/app/admin/vaccines/edit/[id]/page.tsx [Client Component SSR]
    ./src/app/admin/vaccines/edit/[id]/page.tsx [Server Component] @ http://localhost:3000/_next/static/chunks/node_modules_next_dist_1e8vcs8._.js:1052
[ 1042327ms] [ERROR] ./src/app/admin/vaccines/edit/[id]/page.tsx:170:11
Error: Expected '</', got '}'
  168 |             className="mt-2"
  169 |             disabled={isSubmitting}
> 170 |           } 
      |           ^
  171 |         />
  172 |         </div>
  173 |         <label className="flex items-center gap-2">

Parsing ecmascript source code failed

Import traces:
  Client Component Browser:
    ./src/app/admin/vaccines/edit/[id]/page.tsx [Client Component Browser]
    ./src/app/admin/vaccines/edit/[id]/page.tsx [Server Component]

  Client Component SSR:
    ./src/app/admin/vaccines/edit/[id]/page.tsx [Client Component SSR]
    ./src/app/admin/vaccines/edit/[id]/page.tsx [Server Component] @ http://localhost:3000/_next/static/chunks/node_modules_next_dist_1e8vcs8._.js:1052
[ 1042629ms] [ERROR] ./src/app/admin/vaccines/edit/[id]/page.tsx:170:11
Error: Expected '</', got '}'
  168 |             className="mt-2"
  169 |             disabled={isSubmitting}
> 170 |           } 
      |           ^
  171 |         />
  172 |         </div>
  173 |         <label className="flex items-center gap-2">

Parsing ecmascript source code failed

Import traces:
  Client Component Browser:
    ./src/app/admin/vaccines/edit/[id]/page.tsx [Client Component Browser]
    ./src/app/admin/vaccines/edit/[id]/page.tsx [Server Component]

  Client Component SSR:
    ./src/app/admin/vaccines/edit/[id]/page.tsx [Client Component SSR]
    ./src/app/admin/vaccines/edit/[id]/page.tsx [Server Component] @ http://localhost:3000/_next/static/chunks/node_modules_next_dist_1e8vcs8._.js:1052
[ 1042883ms] [ERROR] ./src/app/admin/vaccines/edit/[id]/page.tsx:170:11
Error: Expected '</', got '}'
  168 |             className="mt-2"
  169 |             disabled={isSubmitting}
> 170 |           } 
      |           ^
  171 |         />
  172 |         </div>
  173 |         <label className="flex items-center gap-2">

Parsing ecmascript source code failed

Import traces:
  Client Component Browser:
    ./src/app/admin/vaccines/edit/[id]/page.tsx [Client Component Browser]
    ./src/app/admin/vaccines/edit/[id]/page.tsx [Server Component]

  Client Component SSR:
    ./src/app/admin/vaccines/edit/[id]/page.tsx [Client Component SSR]
    ./src/app/admin/vaccines/edit/[id]/page.tsx [Server Component] @ http://localhost:3000/_next/static/chunks/node_modules_next_dist_1e8vcs8._.js:1052
[ 1043563ms] [ERROR] ./src/app/admin/vaccines/edit/[id]/page.tsx:170:11
Error: Expected '</', got '}'
  168 |             className="mt-2"
  169 |             disabled={isSubmitting}
> 170 |           } 
      |           ^
  171 |         />
  172 |         </div>
  173 |         <label className="flex items-center gap-2">

Parsing ecmascript source code failed

Import traces:
  Client Component Browser:
    ./src/app/admin/vaccines/edit/[id]/page.tsx [Client Component Browser]
    ./src/app/admin/vaccines/edit/[id]/page.tsx [Server Component]

  Client Component SSR:
    ./src/app/admin/vaccines/edit/[id]/page.tsx [Client Component SSR]
    ./src/app/admin/vaccines/edit/[id]/page.tsx [Server Component] @ http://localhost:3000/_next/static/chunks/node_modules_next_dist_1e8vcs8._.js:1052
[ 1043836ms] [ERROR] ./src/app/admin/vaccines/edit/[id]/page.tsx:170:11
Error: Expected '</', got '}'
  168 |             className="mt-2"
  169 |             disabled={isSubmitting}
> 170 |           } 
      |           ^
  171 |         />
  172 |         </div>
  173 |         <label className="flex items-center gap-2">

Parsing ecmascript source code failed

Import traces:
  Client Component Browser:
    ./src/app/admin/vaccines/edit/[id]/page.tsx [Client Component Browser]
    ./src/app/admin/vaccines/edit/[id]/page.tsx [Server Component]

  Client Component SSR:
    ./src/app/admin/vaccines/edit/[id]/page.tsx [Client Component SSR]
    ./src/app/admin/vaccines/edit/[id]/page.tsx [Server Component] @ http://localhost:3000/_next/static/chunks/node_modules_next_dist_1e8vcs8._.js:1052
[ 1044108ms] [ERROR] ./src/app/admin/vaccines/edit/[id]/page.tsx:170:11
Error: Expected '</', got '}'
  168 |             className="mt-2"
  169 |             disabled={isSubmitting}
> 170 |           } 
      |           ^
  171 |         />
  172 |         </div>
  173 |         <label className="flex items-center gap-2">

Parsing ecmascript source code failed

Import traces:
  Client Component Browser:
    ./src/app/admin/vaccines/edit/[id]/page.tsx [Client Component Browser]
    ./src/app/admin/vaccines/edit/[id]/page.tsx [Server Component]

  Client Component SSR:
    ./src/app/admin/vaccines/edit/[id]/page.tsx [Client Component SSR]
    ./src/app/admin/vaccines/edit/[id]/page.tsx [Server Component] @ http://localhost:3000/_next/static/chunks/node_modules_next_dist_1e8vcs8._.js:1052
[ 1044263ms] [ERROR] ./src/app/admin/vaccines/edit/[id]/page.tsx:170:11
Error: Expected '</', got '}'
  168 |             className="mt-2"
  169 |             disabled={isSubmitting}
> 170 |           } 
      |           ^
  171 |         />
  172 |         </div>
  173 |         <label className="flex items-center gap-2">

Parsing ecmascript source code failed

Import traces:
  Client Component Browser:
    ./src/app/admin/vaccines/edit/[id]/page.tsx [Client Component Browser]
    ./src/app/admin/vaccines/edit/[id]/page.tsx [Server Component]

  Client Component SSR:
    ./src/app/admin/vaccines/edit/[id]/page.tsx [Client Component SSR]
    ./src/app/admin/vaccines/edit/[id]/page.tsx [Server Component] @ http://localhost:3000/_next/static/chunks/node_modules_next_dist_1e8vcs8._.js:1052
[ 1044348ms] [ERROR] ./src/app/admin/vaccines/edit/[id]/page.tsx:170:11
Error: Expected '</', got '}'
  168 |             className="mt-2"
  169 |             disabled={isSubmitting}
> 170 |           } 
      |           ^
  171 |         />
  172 |         </div>
  173 |         <label className="flex items-center gap-2">

Parsing ecmascript source code failed

Import traces:
  Client Component Browser:
    ./src/app/admin/vaccines/edit/[id]/page.tsx [Client Component Browser]
    ./src/app/admin/vaccines/edit/[id]/page.tsx [Server Component]

  Client Component SSR:
    ./src/app/admin/vaccines/edit/[id]/page.tsx [Client Component SSR]
    ./src/app/admin/vaccines/edit/[id]/page.tsx [Server Component] @ http://localhost:3000/_next/static/chunks/node_modules_next_dist_1e8vcs8._.js:1052
[ 1044596ms] [ERROR] ./src/app/admin/vaccines/edit/[id]/page.tsx:170:11
Error: Expected '</', got '}'
  168 |             className="mt-2"
  169 |             disabled={isSubmitting}
> 170 |           } 
      |           ^
  171 |         />
  172 |         </div>
  173 |         <label className="flex items-center gap-2">

Parsing ecmascript source code failed

Import traces:
  Client Component Browser:
    ./src/app/admin/vaccines/edit/[id]/page.tsx [Client Component Browser]
    ./src/app/admin/vaccines/edit/[id]/page.tsx [Server Component]

  Client Component SSR:
    ./src/app/admin/vaccines/edit/[id]/page.tsx [Client Component SSR]
    ./src/app/admin/vaccines/edit/[id]/page.tsx [Server Component] @ http://localhost:3000/_next/static/chunks/node_modules_next_dist_1e8vcs8._.js:1052
[ 1044736ms] [ERROR] ./src/app/admin/vaccines/edit/[id]/page.tsx:170:11
Error: Expected '</', got '}'
  168 |             className="mt-2"
  169 |             disabled={isSubmitting}
> 170 |           } 
      |           ^
  171 |         />
  172 |         </div>
  173 |         <label className="flex items-center gap-2">

Parsing ecmascript source code failed

Import traces:
  Client Component Browser:
    ./src/app/admin/vaccines/edit/[id]/page.tsx [Client Component Browser]
    ./src/app/admin/vaccines/edit/[id]/page.tsx [Server Component]

  Client Component SSR:
    ./src/app/admin/vaccines/edit/[id]/page.tsx [Client Component SSR]
    ./src/app/admin/vaccines/edit/[id]/page.tsx [Server Component] @ http://localhost:3000/_next/static/chunks/node_modules_next_dist_1e8vcs8._.js:1052
[ 1044933ms] [ERROR] ./src/app/admin/vaccines/edit/[id]/page.tsx:170:11
Error: Expected '</', got '}'
  168 |             className="mt-2"
  169 |             disabled={isSubmitting}
> 170 |           } 
      |           ^
  171 |         />
  172 |         </div>
  173 |         <label className="flex items-center gap-2">

Parsing ecmascript source code failed

Import traces:
  Client Component Browser:
    ./src/app/admin/vaccines/edit/[id]/page.tsx [Client Component Browser]
    ./src/app/admin/vaccines/edit/[id]/page.tsx [Server Component]

  Client Component SSR:
    ./src/app/admin/vaccines/edit/[id]/page.tsx [Client Component SSR]
    ./src/app/admin/vaccines/edit/[id]/page.tsx [Server Component] @ http://localhost:3000/_next/static/chunks/node_modules_next_dist_1e8vcs8._.js:1052
[ 1045783ms] [ERROR] ./src/app/admin/vaccines/edit/[id]/page.tsx:170:11
Error: Expected '</', got '}'
  168 |             className="mt-2"
  169 |             disabled={isSubmitting}
> 170 |           } 
      |           ^
  171 |         />
  172 |         </div>
  173 |         <label className="flex items-center gap-2">

Parsing ecmascript source code failed

Import traces:
  Client Component Browser:
    ./src/app/admin/vaccines/edit/[id]/page.tsx [Client Component Browser]
    ./src/app/admin/vaccines/edit/[id]/page.tsx [Server Component]

  Client Component SSR:
    ./src/app/admin/vaccines/edit/[id]/page.tsx [Client Component SSR]
    ./src/app/admin/vaccines/edit/[id]/page.tsx [Server Component] @ http://localhost:3000/_next/static/chunks/node_modules_next_dist_1e8vcs8._.js:1052
[ 1045886ms] [ERROR] ./src/app/admin/vaccines/edit/[id]/page.tsx:170:11
Error: Expected '</', got '}'
  168 |             className="mt-2"
  169 |             disabled={isSubmitting}
> 170 |           } 
      |           ^
  171 |         />
  172 |         </div>
  173 |         <label className="flex items-center gap-2">

Parsing ecmascript source code failed

Import traces:
  Client Component Browser:
    ./src/app/admin/vaccines/edit/[id]/page.tsx [Client Component Browser]
    ./src/app/admin/vaccines/edit/[id]/page.tsx [Server Component]

  Client Component SSR:
    ./src/app/admin/vaccines/edit/[id]/page.tsx [Client Component SSR]
    ./src/app/admin/vaccines/edit/[id]/page.tsx [Server Component] @ http://localhost:3000/_next/static/chunks/node_modules_next_dist_1e8vcs8._.js:1052
[ 1046209ms] [ERROR] ./src/app/admin/vaccines/edit/[id]/page.tsx:170:11
Error: Expected '</', got '}'
  168 |             className="mt-2"
  169 |             disabled={isSubmitting}
> 170 |           } 
      |           ^
  171 |         />
  172 |         </div>
  173 |         <label className="flex items-center gap-2">

Parsing ecmascript source code failed

Import traces:
  Client Component Browser:
    ./src/app/admin/vaccines/edit/[id]/page.tsx [Client Component Browser]
    ./src/app/admin/vaccines/edit/[id]/page.tsx [Server Component]

  Client Component SSR:
    ./src/app/admin/vaccines/edit/[id]/page.tsx [Client Component SSR]
    ./src/app/admin/vaccines/edit/[id]/page.tsx [Server Component] @ http://localhost:3000/_next/static/chunks/node_modules_next_dist_1e8vcs8._.js:1052
[ 1046377ms] [ERROR] ./src/app/admin/vaccines/edit/[id]/page.tsx:170:11
Error: Expected '</', got '}'
  168 |             className="mt-2"
  169 |             disabled={isSubmitting}
> 170 |           } 
      |           ^
  171 |         />
  172 |         </div>
  173 |         <label className="flex items-center gap-2">

Parsing ecmascript source code failed

Import traces:
  Client Component Browser:
    ./src/app/admin/vaccines/edit/[id]/page.tsx [Client Component Browser]
    ./src/app/admin/vaccines/edit/[id]/page.tsx [Server Component]

  Client Component SSR:
    ./src/app/admin/vaccines/edit/[id]/page.tsx [Client Component SSR]
    ./src/app/admin/vaccines/edit/[id]/page.tsx [Server Component] @ http://localhost:3000/_next/static/chunks/node_modules_next_dist_1e8vcs8._.js:1052
[ 1046495ms] [ERROR] ./src/app/admin/vaccines/edit/[id]/page.tsx:170:11
Error: Expected '</', got '}'
  168 |             className="mt-2"
  169 |             disabled={isSubmitting}
> 170 |           } 
      |           ^
  171 |         />
  172 |         </div>
  173 |         <label className="flex items-center gap-2">

Parsing ecmascript source code failed

Import traces:
  Client Component Browser:
    ./src/app/admin/vaccines/edit/[id]/page.tsx [Client Component Browser]
    ./src/app/admin/vaccines/edit/[id]/page.tsx [Server Component]

  Client Component SSR:
    ./src/app/admin/vaccines/edit/[id]/page.tsx [Client Component SSR]
    ./src/app/admin/vaccines/edit/[id]/page.tsx [Server Component] @ http://localhost:3000/_next/static/chunks/node_modules_next_dist_1e8vcs8._.js:1052
[ 1046867ms] [ERROR] ./src/app/admin/vaccines/edit/[id]/page.tsx:170:11
Error: Expected '</', got '}'
  168 |             className="mt-2"
  169 |             disabled={isSubmitting}
> 170 |           } 
      |           ^
  171 |         />
  172 |         </div>
  173 |         <label className="flex items-center gap-2">

Parsing ecmascript source code failed

Import traces:
  Client Component Browser:
    ./src/app/admin/vaccines/edit/[id]/page.tsx [Client Component Browser]
    ./src/app/admin/vaccines/edit/[id]/page.tsx [Server Component]

  Client Component SSR:
    ./src/app/admin/vaccines/edit/[id]/page.tsx [Client Component SSR]
    ./src/app/admin/vaccines/edit/[id]/page.tsx [Server Component] @ http://localhost:3000/_next/static/chunks/node_modules_next_dist_1e8vcs8._.js:1052
[ 1046960ms] [ERROR] ./src/app/admin/vaccines/edit/[id]/page.tsx:170:11
Error: Expected '</', got '}'
  168 |             className="mt-2"
  169 |             disabled={isSubmitting}
> 170 |           } 
      |           ^
  171 |         />
  172 |         </div>
  173 |         <label className="flex items-center gap-2">

Parsing ecmascript source code failed

Import traces:
  Client Component Browser:
    ./src/app/admin/vaccines/edit/[id]/page.tsx [Client Component Browser]
    ./src/app/admin/vaccines/edit/[id]/page.tsx [Server Component]

  Client Component SSR:
    ./src/app/admin/vaccines/edit/[id]/page.tsx [Client Component SSR]
    ./src/app/admin/vaccines/edit/[id]/page.tsx [Server Component] @ http://localhost:3000/_next/static/chunks/node_modules_next_dist_1e8vcs8._.js:1052
[ 1047256ms] [ERROR] ./src/app/admin/vaccines/edit/[id]/page.tsx:170:11
Error: Expected '</', got '}'
  168 |             className="mt-2"
  169 |             disabled={isSubmitting}
> 170 |           } 
      |           ^
  171 |         />
  172 |         </div>
  173 |         <label className="flex items-center gap-2">

Parsing ecmascript source code failed

Import traces:
  Client Component Browser:
    ./src/app/admin/vaccines/edit/[id]/page.tsx [Client Component Browser]
    ./src/app/admin/vaccines/edit/[id]/page.tsx [Server Component]

  Client Component SSR:
    ./src/app/admin/vaccines/edit/[id]/page.tsx [Client Component SSR]
    ./src/app/admin/vaccines/edit/[id]/page.tsx [Server Component] @ http://localhost:3000/_next/static/chunks/node_modules_next_dist_1e8vcs8._.js:1052
[ 1047594ms] [ERROR] ./src/app/admin/vaccines/edit/[id]/page.tsx:170:11
Error: Expected '</', got '}'
  168 |             className="mt-2"
  169 |             disabled={isSubmitting}
> 170 |           } 
      |           ^
  171 |         />
  172 |         </div>
  173 |         <label className="flex items-center gap-2">

Parsing ecmascript source code failed

Import traces:
  Client Component Browser:
    ./src/app/admin/vaccines/edit/[id]/page.tsx [Client Component Browser]
    ./src/app/admin/vaccines/edit/[id]/page.tsx [Server Component]

  Client Component SSR:
    ./src/app/admin/vaccines/edit/[id]/page.tsx [Client Component SSR]
    ./src/app/admin/vaccines/edit/[id]/page.tsx [Server Component] @ http://localhost:3000/_next/static/chunks/node_modules_next_dist_1e8vcs8._.js:1052
[ 1047999ms] [ERROR] ./src/app/admin/vaccines/edit/[id]/page.tsx:170:11
Error: Expected '</', got '}'
  168 |             className="mt-2"
  169 |             disabled={isSubmitting}
> 170 |           } 
      |           ^
  171 |         />
  172 |         </div>
  173 |         <label className="flex items-center gap-2">

Parsing ecmascript source code failed

Import traces:
  Client Component Browser:
    ./src/app/admin/vaccines/edit/[id]/page.tsx [Client Component Browser]
    ./src/app/admin/vaccines/edit/[id]/page.tsx [Server Component]

  Client Component SSR:
    ./src/app/admin/vaccines/edit/[id]/page.tsx [Client Component SSR]
    ./src/app/admin/vaccines/edit/[id]/page.tsx [Server Component] @ http://localhost:3000/_next/static/chunks/node_modules_next_dist_1e8vcs8._.js:1052
[ 1048201ms] [ERROR] ./src/app/admin/vaccines/edit/[id]/page.tsx:170:11
Error: Expected '</', got '}'
  168 |             className="mt-2"
  169 |             disabled={isSubmitting}
> 170 |           } 
      |           ^
  171 |         />
  172 |         </div>
  173 |         <label className="flex items-center gap-2">

Parsing ecmascript source code failed

Import traces:
  Client Component Browser:
    ./src/app/admin/vaccines/edit/[id]/page.tsx [Client Component Browser]
    ./src/app/admin/vaccines/edit/[id]/page.tsx [Server Component]

  Client Component SSR:
    ./src/app/admin/vaccines/edit/[id]/page.tsx [Client Component SSR]
    ./src/app/admin/vaccines/edit/[id]/page.tsx [Server Component] @ http://localhost:3000/_next/static/chunks/node_modules_next_dist_1e8vcs8._.js:1052
[ 1048344ms] [ERROR] ./src/app/admin/vaccines/edit/[id]/page.tsx:170:11
Error: Expected '</', got '}'
  168 |             className="mt-2"
  169 |             disabled={isSubmitting}
> 170 |           } 
      |           ^
  171 |         />
  172 |         </div>
  173 |         <label className="flex items-center gap-2">

Parsing ecmascript source code failed

Import traces:
  Client Component Browser:
    ./src/app/admin/vaccines/edit/[id]/page.tsx [Client Component Browser]
    ./src/app/admin/vaccines/edit/[id]/page.tsx [Server Component]

  Client Component SSR:
    ./src/app/admin/vaccines/edit/[id]/page.tsx [Client Component SSR]
    ./src/app/admin/vaccines/edit/[id]/page.tsx [Server Component] @ http://localhost:3000/_next/static/chunks/node_modules_next_dist_1e8vcs8._.js:1052
[ 1048620ms] [ERROR] ./src/app/admin/vaccines/edit/[id]/page.tsx:170:11
Error: Expected '</', got '}'
  168 |             className="mt-2"
  169 |             disabled={isSubmitting}
> 170 |           } 
      |           ^
  171 |         />
  172 |         </div>
  173 |         <label className="flex items-center gap-2">

Parsing ecmascript source code failed

Import traces:
  Client Component Browser:
    ./src/app/admin/vaccines/edit/[id]/page.tsx [Client Component Browser]
    ./src/app/admin/vaccines/edit/[id]/page.tsx [Server Component]

  Client Component SSR:
    ./src/app/admin/vaccines/edit/[id]/page.tsx [Client Component SSR]
    ./src/app/admin/vaccines/edit/[id]/page.tsx [Server Component] @ http://localhost:3000/_next/static/chunks/node_modules_next_dist_1e8vcs8._.js:1052
[ 1048747ms] [ERROR] ./src/app/admin/vaccines/edit/[id]/page.tsx:170:11
Error: Expected '</', got '}'
  168 |             className="mt-2"
  169 |             disabled={isSubmitting}
> 170 |           } 
      |           ^
  171 |         />
  172 |         </div>
  173 |         <label className="flex items-center gap-2">

Parsing ecmascript source code failed

Import traces:
  Client Component Browser:
    ./src/app/admin/vaccines/edit/[id]/page.tsx [Client Component Browser]
    ./src/app/admin/vaccines/edit/[id]/page.tsx [Server Component]

  Client Component SSR:
    ./src/app/admin/vaccines/edit/[id]/page.tsx [Client Component SSR]
    ./src/app/admin/vaccines/edit/[id]/page.tsx [Server Component] @ http://localhost:3000/_next/static/chunks/node_modules_next_dist_1e8vcs8._.js:1052
[ 1048874ms] [ERROR] ./src/app/admin/vaccines/edit/[id]/page.tsx:170:11
Error: Expected '</', got '}'
  168 |             className="mt-2"
  169 |             disabled={isSubmitting}
> 170 |           } 
      |           ^
  171 |         />
  172 |         </div>
  173 |         <label className="flex items-center gap-2">

Parsing ecmascript source code failed

Import traces:
  Client Component Browser:
    ./src/app/admin/vaccines/edit/[id]/page.tsx [Client Component Browser]
    ./src/app/admin/vaccines/edit/[id]/page.tsx [Server Component]

  Client Component SSR:
    ./src/app/admin/vaccines/edit/[id]/page.tsx [Client Component SSR]
    ./src/app/admin/vaccines/edit/[id]/page.tsx [Server Component] @ http://localhost:3000/_next/static/chunks/node_modules_next_dist_1e8vcs8._.js:1052
[ 1049226ms] [ERROR] ./src/app/admin/vaccines/edit/[id]/page.tsx:170:11
Error: Expected '</', got '}'
  168 |             className="mt-2"
  169 |             disabled={isSubmitting}
> 170 |           } 
      |           ^
  171 |         />
  172 |         </div>
  173 |         <label className="flex items-center gap-2">

Parsing ecmascript source code failed

Import traces:
  Client Component Browser:
    ./src/app/admin/vaccines/edit/[id]/page.tsx [Client Component Browser]
    ./src/app/admin/vaccines/edit/[id]/page.tsx [Server Component]

  Client Component SSR:
    ./src/app/admin/vaccines/edit/[id]/page.tsx [Client Component SSR]
    ./src/app/admin/vaccines/edit/[id]/page.tsx [Server Component] @ http://localhost:3000/_next/static/chunks/node_modules_next_dist_1e8vcs8._.js:1052
[ 1049276ms] [ERROR] ./src/app/admin/vaccines/edit/[id]/page.tsx:170:11
Error: Expected '</', got '}'
  168 |             className="mt-2"
  169 |             disabled={isSubmitting}
> 170 |           } 
      |           ^
  171 |         />
  172 |         </div>
  173 |         <label className="flex items-center gap-2">

Parsing ecmascript source code failed

Import traces:
  Client Component Browser:
    ./src/app/admin/vaccines/edit/[id]/page.tsx [Client Component Browser]
    ./src/app/admin/vaccines/edit/[id]/page.tsx [Server Component]

  Client Component SSR:
    ./src/app/admin/vaccines/edit/[id]/page.tsx [Client Component SSR]
    ./src/app/admin/vaccines/edit/[id]/page.tsx [Server Component] @ http://localhost:3000/_next/static/chunks/node_modules_next_dist_1e8vcs8._.js:1052
[ 1049505ms] [ERROR] ./src/app/admin/vaccines/edit/[id]/page.tsx:170:11
Error: Expected '</', got '}'
  168 |             className="mt-2"
  169 |             disabled={isSubmitting}
> 170 |           } 
      |           ^
  171 |         />
  172 |         </div>
  173 |         <label className="flex items-center gap-2">

Parsing ecmascript source code failed

Import traces:
  Client Component Browser:
    ./src/app/admin/vaccines/edit/[id]/page.tsx [Client Component Browser]
    ./src/app/admin/vaccines/edit/[id]/page.tsx [Server Component]

  Client Component SSR:
    ./src/app/admin/vaccines/edit/[id]/page.tsx [Client Component SSR]
    ./src/app/admin/vaccines/edit/[id]/page.tsx [Server Component] @ http://localhost:3000/_next/static/chunks/node_modules_next_dist_1e8vcs8._.js:1052
[ 1049768ms] [ERROR] ./src/app/admin/vaccines/edit/[id]/page.tsx:170:11
Error: Expected '</', got '}'
  168 |             className="mt-2"
  169 |             disabled={isSubmitting}
> 170 |           } 
      |           ^
  171 |         />
  172 |         </div>
  173 |         <label className="flex items-center gap-2">

Parsing ecmascript source code failed

Import traces:
  Client Component Browser:
    ./src/app/admin/vaccines/edit/[id]/page.tsx [Client Component Browser]
    ./src/app/admin/vaccines/edit/[id]/page.tsx [Server Component]

  Client Component SSR:
    ./src/app/admin/vaccines/edit/[id]/page.tsx [Client Component SSR]
    ./src/app/admin/vaccines/edit/[id]/page.tsx [Server Component] @ http://localhost:3000/_next/static/chunks/node_modules_next_dist_1e8vcs8._.js:1052
[ 1049853ms] [ERROR] ./src/app/admin/vaccines/edit/[id]/page.tsx:170:11
Error: Expected '</', got '}'
  168 |             className="mt-2"
  169 |             disabled={isSubmitting}
> 170 |           } 
      |           ^
  171 |         />
  172 |         </div>
  173 |         <label className="flex items-center gap-2">

Parsing ecmascript source code failed

Import traces:
  Client Component Browser:
    ./src/app/admin/vaccines/edit/[id]/page.tsx [Client Component Browser]
    ./src/app/admin/vaccines/edit/[id]/page.tsx [Server Component]

  Client Component SSR:
    ./src/app/admin/vaccines/edit/[id]/page.tsx [Client Component SSR]
    ./src/app/admin/vaccines/edit/[id]/page.tsx [Server Component] @ http://localhost:3000/_next/static/chunks/node_modules_next_dist_1e8vcs8._.js:1052
