[    1349ms] [INFO] %cDownload the React DevTools for a better development experience: https://react.dev/link/react-devtools font-weight:bold @ http://localhost:3000/_next/static/chunks/node_modules_next_dist_1e8vcs8._.js:776
[    1397ms] [LOG] [HMR] connected @ http://localhost:3000/_next/static/chunks/node_modules_next_dist_1e8vcs8._.js:776
[    1522ms] [WARNING] Image with src "/baran-logo-navbar.png" has either width or height modified, but not the other. If you use CSS to change the size of your image, also include the styles 'width: "auto"' or 'height: "auto"' to maintain the aspect ratio. @ http://localhost:3000/_next/static/chunks/node_modules_next_dist_1e8vcs8._.js:776
[    1687ms] [LOG] [Fast Refresh] rebuilding @ http://localhost:3000/_next/static/chunks/node_modules_next_dist_1e8vcs8._.js:776
[    1924ms] [ERROR] Failed to load resource: the server responded with a status of 406 () @ https://hxcjlpzfoadnjmsjjexx.supabase.co/rest/v1/staff_users?select=role&id=eq.3165920a-7f9f-4074-9ca4-e0e046d8c649:0
[    2188ms] [LOG] [Fast Refresh] done in 601ms @ http://localhost:3000/_next/static/chunks/node_modules_next_dist_1e8vcs8._.js:776
[    2201ms] [ERROR] Failed to load resource: the server responded with a status of 406 () @ https://hxcjlpzfoadnjmsjjexx.supabase.co/rest/v1/staff_users?select=role&id=eq.3165920a-7f9f-4074-9ca4-e0e046d8c649:0
[  401720ms] [LOG] [Fast Refresh] rebuilding @ http://localhost:3000/_next/static/chunks/node_modules_next_dist_1e8vcs8._.js:776
[  406966ms] [WARNING] GSAP target .pagination not found. https://gsap.com @ http://localhost:3000/_next/static/chunks/node_modules_next_dist_1e8vcs8._.js:776
[  406970ms] [WARNING] GSAP target  not found. https://gsap.com @ http://localhost:3000/_next/static/chunks/node_modules_next_dist_1e8vcs8._.js:776
[  406971ms] [WARNING] GSAP target  not found. https://gsap.com @ http://localhost:3000/_next/static/chunks/node_modules_next_dist_1e8vcs8._.js:776
[  406972ms] [WARNING] Element not found: .pagination @ http://localhost:3000/_next/static/chunks/node_modules_next_dist_1e8vcs8._.js:776
[  406973ms] [WARNING] Detected `scroll-behavior: smooth` on the `<html>` element. To disable smooth scrolling during route transitions, add `data-scroll-behavior="smooth"` to your <html> element. Learn more: https://nextjs.org/docs/messages/missing-data-scroll-behavior @ http://localhost:3000/_next/static/chunks/node_modules_next_dist_1e8vcs8._.js:776
[  406984ms] [WARNING] GSAP target  not found. https://gsap.com @ http://localhost:3000/_next/static/chunks/node_modules_next_dist_1e8vcs8._.js:776
[  406985ms] [WARNING] GSAP target  not found. https://gsap.com @ http://localhost:3000/_next/static/chunks/node_modules_next_dist_1e8vcs8._.js:776
[  406986ms] [WARNING] GSAP target  not found. https://gsap.com @ http://localhost:3000/_next/static/chunks/node_modules_next_dist_1e8vcs8._.js:776
[  406990ms] [WARNING] GSAP target .pagination not found. https://gsap.com @ http://localhost:3000/_next/static/chunks/node_modules_next_dist_1e8vcs8._.js:776
[  406990ms] [WARNING] GSAP target  not found. https://gsap.com @ http://localhost:3000/_next/static/chunks/node_modules_next_dist_1e8vcs8._.js:776
[  406991ms] [WARNING] GSAP target  not found. https://gsap.com @ http://localhost:3000/_next/static/chunks/node_modules_next_dist_1e8vcs8._.js:776
[  406991ms] [WARNING] Element not found: .pagination @ http://localhost:3000/_next/static/chunks/node_modules_next_dist_1e8vcs8._.js:776
[  407083ms] [WARNING] GSAP target  not found. https://gsap.com @ http://localhost:3000/_next/static/chunks/node_modules_next_dist_1e8vcs8._.js:776
[  408318ms] [LOG] [Fast Refresh] done in 6700ms @ http://localhost:3000/_next/static/chunks/node_modules_next_dist_1e8vcs8._.js:776
[  873322ms] [LOG] [Fast Refresh] rebuilding @ http://localhost:3000/_next/static/chunks/node_modules_next_dist_1e8vcs8._.js:776
[  873885ms] [LOG] [Fast Refresh] done in 664ms @ http://localhost:3000/_next/static/chunks/node_modules_next_dist_1e8vcs8._.js:776
[  906968ms] [LOG] [Fast Refresh] rebuilding @ http://localhost:3000/_next/static/chunks/node_modules_next_dist_1e8vcs8._.js:776
[  907973ms] [LOG] [Fast Refresh] done in 1109ms @ http://localhost:3000/_next/static/chunks/node_modules_next_dist_1e8vcs8._.js:776
[ 1242011ms] [LOG] [Fast Refresh] rebuilding @ http://localhost:3000/_next/static/chunks/node_modules_next_dist_1e8vcs8._.js:776
[ 1247475ms] [LOG] [Fast Refresh] done in 5172ms @ http://localhost:3000/_next/static/chunks/node_modules_next_dist_1e8vcs8._.js:776
[ 1249084ms] [LOG] [Fast Refresh] done in 5172ms @ http://localhost:3000/_next/static/chunks/node_modules_next_dist_1e8vcs8._.js:776
[ 1260844ms] [LOG] [Fast Refresh] rebuilding @ http://localhost:3000/_next/static/chunks/node_modules_next_dist_1e8vcs8._.js:776
[ 1288341ms] [LOG] [Fast Refresh] done in 21426ms @ http://localhost:3000/_next/static/chunks/node_modules_next_dist_1e8vcs8._.js:776
[ 1290439ms] [LOG] [Fast Refresh] rebuilding @ http://localhost:3000/_next/static/chunks/node_modules_next_dist_1e8vcs8._.js:776
[ 1297169ms] [LOG] [Fast Refresh] done in 192ms @ http://localhost:3000/_next/static/chunks/node_modules_next_dist_1e8vcs8._.js:776
[ 1300785ms] [LOG] [Fast Refresh] done in 192ms @ http://localhost:3000/_next/static/chunks/node_modules_next_dist_1e8vcs8._.js:776
[ 1301538ms] [LOG] [Fast Refresh] rebuilding @ http://localhost:3000/_next/static/chunks/node_modules_next_dist_1e8vcs8._.js:776
[ 1303889ms] [LOG] [Fast Refresh] done in 1320ms @ http://localhost:3000/_next/static/chunks/node_modules_next_dist_1e8vcs8._.js:776
[ 1304344ms] [LOG] [Fast Refresh] done in 1320ms @ http://localhost:3000/_next/static/chunks/node_modules_next_dist_1e8vcs8._.js:776
[ 1304444ms] [LOG] [Fast Refresh] done in 1320ms @ http://localhost:3000/_next/static/chunks/node_modules_next_dist_1e8vcs8._.js:776
[ 1304808ms] [LOG] [Fast Refresh] done in 1320ms @ http://localhost:3000/_next/static/chunks/node_modules_next_dist_1e8vcs8._.js:776
[ 1304895ms] [LOG] [Fast Refresh] done in 1320ms @ http://localhost:3000/_next/static/chunks/node_modules_next_dist_1e8vcs8._.js:776
[ 1305047ms] [LOG] [Fast Refresh] done in 1320ms @ http://localhost:3000/_next/static/chunks/node_modules_next_dist_1e8vcs8._.js:776
[ 1305254ms] [LOG] [Fast Refresh] done in 1320ms @ http://localhost:3000/_next/static/chunks/node_modules_next_dist_1e8vcs8._.js:776
[ 1305450ms] [LOG] [Fast Refresh] done in 1320ms @ http://localhost:3000/_next/static/chunks/node_modules_next_dist_1e8vcs8._.js:776
[ 1305603ms] [LOG] [Fast Refresh] done in 1320ms @ http://localhost:3000/_next/static/chunks/node_modules_next_dist_1e8vcs8._.js:776
[ 1305793ms] [LOG] [Fast Refresh] done in 1320ms @ http://localhost:3000/_next/static/chunks/node_modules_next_dist_1e8vcs8._.js:776
[ 1306004ms] [LOG] [Fast Refresh] done in 1320ms @ http://localhost:3000/_next/static/chunks/node_modules_next_dist_1e8vcs8._.js:776
[ 1306252ms] [LOG] [Fast Refresh] done in 1320ms @ http://localhost:3000/_next/static/chunks/node_modules_next_dist_1e8vcs8._.js:776
[ 1306381ms] [LOG] [Fast Refresh] done in 1320ms @ http://localhost:3000/_next/static/chunks/node_modules_next_dist_1e8vcs8._.js:776
[ 1306472ms] [LOG] [Fast Refresh] done in 1320ms @ http://localhost:3000/_next/static/chunks/node_modules_next_dist_1e8vcs8._.js:776
[ 1306660ms] [LOG] [Fast Refresh] done in 1320ms @ http://localhost:3000/_next/static/chunks/node_modules_next_dist_1e8vcs8._.js:776
[ 1307018ms] [LOG] [Fast Refresh] done in 1320ms @ http://localhost:3000/_next/static/chunks/node_modules_next_dist_1e8vcs8._.js:776
[ 1307180ms] [LOG] [Fast Refresh] done in 1320ms @ http://localhost:3000/_next/static/chunks/node_modules_next_dist_1e8vcs8._.js:776
[ 1307664ms] [LOG] [Fast Refresh] done in 1320ms @ http://localhost:3000/_next/static/chunks/node_modules_next_dist_1e8vcs8._.js:776
[ 1307908ms] [LOG] [Fast Refresh] done in 1320ms @ http://localhost:3000/_next/static/chunks/node_modules_next_dist_1e8vcs8._.js:776
[ 1308095ms] [LOG] [Fast Refresh] done in 1320ms @ http://localhost:3000/_next/static/chunks/node_modules_next_dist_1e8vcs8._.js:776
[ 1308215ms] [LOG] [Fast Refresh] done in 1320ms @ http://localhost:3000/_next/static/chunks/node_modules_next_dist_1e8vcs8._.js:776
[ 1308313ms] [LOG] [Fast Refresh] done in 1320ms @ http://localhost:3000/_next/static/chunks/node_modules_next_dist_1e8vcs8._.js:776
[ 1308476ms] [LOG] [Fast Refresh] done in 1320ms @ http://localhost:3000/_next/static/chunks/node_modules_next_dist_1e8vcs8._.js:776
[ 1308623ms] [LOG] [Fast Refresh] done in 1320ms @ http://localhost:3000/_next/static/chunks/node_modules_next_dist_1e8vcs8._.js:776
[ 1308976ms] [LOG] [Fast Refresh] done in 1320ms @ http://localhost:3000/_next/static/chunks/node_modules_next_dist_1e8vcs8._.js:776
[ 1309123ms] [LOG] [Fast Refresh] done in 1320ms @ http://localhost:3000/_next/static/chunks/node_modules_next_dist_1e8vcs8._.js:776
[ 1310161ms] [LOG] [Fast Refresh] rebuilding @ http://localhost:3000/_next/static/chunks/node_modules_next_dist_1e8vcs8._.js:776
[ 1318221ms] [LOG] [Fast Refresh] done in 6158ms @ http://localhost:3000/_next/static/chunks/node_modules_next_dist_1e8vcs8._.js:776
[ 1322061ms] [LOG] [Fast Refresh] rebuilding @ http://localhost:3000/_next/static/chunks/node_modules_next_dist_1e8vcs8._.js:776
[ 1324064ms] [LOG] [Fast Refresh] done in 2103ms @ http://localhost:3000/_next/static/chunks/node_modules_next_dist_1e8vcs8._.js:776
[ 1333140ms] [LOG] [Fast Refresh] rebuilding @ http://localhost:3000/_next/static/chunks/node_modules_next_dist_1e8vcs8._.js:776
[ 1334098ms] [LOG] [Fast Refresh] done in 1060ms @ http://localhost:3000/_next/static/chunks/node_modules_next_dist_1e8vcs8._.js:776
[ 1358430ms] [LOG] [Fast Refresh] rebuilding @ http://localhost:3000/_next/static/chunks/node_modules_next_dist_1e8vcs8._.js:776
[ 1368535ms] [LOG] [Fast Refresh] done in 7476ms @ http://localhost:3000/_next/static/chunks/node_modules_next_dist_1e8vcs8._.js:776
[ 1369241ms] [LOG] [Fast Refresh] done in 7476ms @ http://localhost:3000/_next/static/chunks/node_modules_next_dist_1e8vcs8._.js:776
[ 1371273ms] [LOG] [Fast Refresh] done in 7476ms @ http://localhost:3000/_next/static/chunks/node_modules_next_dist_1e8vcs8._.js:776
[ 1371969ms] [LOG] [Fast Refresh] rebuilding @ http://localhost:3000/_next/static/chunks/node_modules_next_dist_1e8vcs8._.js:776
[ 1372302ms] [LOG] [Fast Refresh] done in 433ms @ http://localhost:3000/_next/static/chunks/node_modules_next_dist_1e8vcs8._.js:776
[ 1395351ms] [LOG] [Fast Refresh] rebuilding @ http://localhost:3000/_next/static/chunks/node_modules_next_dist_1e8vcs8._.js:776
[ 1397957ms] [LOG] [Fast Refresh] done in 2705ms @ http://localhost:3000/_next/static/chunks/node_modules_next_dist_1e8vcs8._.js:776
[ 1399144ms] [LOG] [Fast Refresh] done in 2705ms @ http://localhost:3000/_next/static/chunks/node_modules_next_dist_1e8vcs8._.js:776
[ 1400703ms] [LOG] [Fast Refresh] done in 2705ms @ http://localhost:3000/_next/static/chunks/node_modules_next_dist_1e8vcs8._.js:776
[ 1401541ms] [LOG] [Fast Refresh] done in 2705ms @ http://localhost:3000/_next/static/chunks/node_modules_next_dist_1e8vcs8._.js:776
[ 1402024ms] [LOG] [Fast Refresh] done in 2705ms @ http://localhost:3000/_next/static/chunks/node_modules_next_dist_1e8vcs8._.js:776
[ 1402549ms] [LOG] [Fast Refresh] done in 2705ms @ http://localhost:3000/_next/static/chunks/node_modules_next_dist_1e8vcs8._.js:776
[ 1424355ms] [LOG] [Fast Refresh] rebuilding @ http://localhost:3000/_next/static/chunks/node_modules_next_dist_1e8vcs8._.js:776
[ 1424646ms] [LOG] [Fast Refresh] done in 392ms @ http://localhost:3000/_next/static/chunks/node_modules_next_dist_1e8vcs8._.js:776
[ 1426856ms] [LOG] [Fast Refresh] rebuilding @ http://localhost:3000/_next/static/chunks/node_modules_next_dist_1e8vcs8._.js:776
[ 1428136ms] [LOG] [Fast Refresh] done in 1381ms @ http://localhost:3000/_next/static/chunks/node_modules_next_dist_1e8vcs8._.js:776
[ 1432536ms] [LOG] [Fast Refresh] done in 2906ms @ http://localhost:3000/_next/static/chunks/node_modules_next_dist_1e8vcs8._.js:776
[ 1433683ms] [LOG] [Fast Refresh] done in 2906ms @ http://localhost:3000/_next/static/chunks/node_modules_next_dist_1e8vcs8._.js:776
[ 1434504ms] [LOG] [Fast Refresh] done in 2906ms @ http://localhost:3000/_next/static/chunks/node_modules_next_dist_1e8vcs8._.js:776
[ 1434995ms] [LOG] [Fast Refresh] done in 2906ms @ http://localhost:3000/_next/static/chunks/node_modules_next_dist_1e8vcs8._.js:776
[ 1435160ms] [LOG] [Fast Refresh] done in 2906ms @ http://localhost:3000/_next/static/chunks/node_modules_next_dist_1e8vcs8._.js:776
[ 1435420ms] [LOG] [Fast Refresh] done in 2906ms @ http://localhost:3000/_next/static/chunks/node_modules_next_dist_1e8vcs8._.js:776
[ 1435679ms] [LOG] [Fast Refresh] done in 2906ms @ http://localhost:3000/_next/static/chunks/node_modules_next_dist_1e8vcs8._.js:776
[ 1435902ms] [LOG] [Fast Refresh] done in 2906ms @ http://localhost:3000/_next/static/chunks/node_modules_next_dist_1e8vcs8._.js:776
[ 1436016ms] [LOG] [Fast Refresh] done in 2906ms @ http://localhost:3000/_next/static/chunks/node_modules_next_dist_1e8vcs8._.js:776
[ 1436094ms] [LOG] [Fast Refresh] done in 2906ms @ http://localhost:3000/_next/static/chunks/node_modules_next_dist_1e8vcs8._.js:776
[ 1436311ms] [LOG] [Fast Refresh] done in 2906ms @ http://localhost:3000/_next/static/chunks/node_modules_next_dist_1e8vcs8._.js:776
[ 1436387ms] [LOG] [Fast Refresh] done in 2906ms @ http://localhost:3000/_next/static/chunks/node_modules_next_dist_1e8vcs8._.js:776
[ 1436544ms] [LOG] [Fast Refresh] done in 2906ms @ http://localhost:3000/_next/static/chunks/node_modules_next_dist_1e8vcs8._.js:776
[ 1436638ms] [LOG] [Fast Refresh] done in 2906ms @ http://localhost:3000/_next/static/chunks/node_modules_next_dist_1e8vcs8._.js:776
[ 1436765ms] [LOG] [Fast Refresh] done in 2906ms @ http://localhost:3000/_next/static/chunks/node_modules_next_dist_1e8vcs8._.js:776
[ 1437139ms] [LOG] [Fast Refresh] done in 2906ms @ http://localhost:3000/_next/static/chunks/node_modules_next_dist_1e8vcs8._.js:776
[ 1437227ms] [LOG] [Fast Refresh] done in 2906ms @ http://localhost:3000/_next/static/chunks/node_modules_next_dist_1e8vcs8._.js:776
[ 1437301ms] [LOG] [Fast Refresh] done in 2906ms @ http://localhost:3000/_next/static/chunks/node_modules_next_dist_1e8vcs8._.js:776
[ 1437385ms] [LOG] [Fast Refresh] done in 2906ms @ http://localhost:3000/_next/static/chunks/node_modules_next_dist_1e8vcs8._.js:776
[ 1437471ms] [LOG] [Fast Refresh] done in 2906ms @ http://localhost:3000/_next/static/chunks/node_modules_next_dist_1e8vcs8._.js:776
[ 1437554ms] [LOG] [Fast Refresh] done in 2906ms @ http://localhost:3000/_next/static/chunks/node_modules_next_dist_1e8vcs8._.js:776
[ 1437626ms] [LOG] [Fast Refresh] done in 2906ms @ http://localhost:3000/_next/static/chunks/node_modules_next_dist_1e8vcs8._.js:776
[ 1437696ms] [LOG] [Fast Refresh] done in 2906ms @ http://localhost:3000/_next/static/chunks/node_modules_next_dist_1e8vcs8._.js:776
[ 1437754ms] [LOG] [Fast Refresh] done in 2906ms @ http://localhost:3000/_next/static/chunks/node_modules_next_dist_1e8vcs8._.js:776
[ 1437864ms] [LOG] [Fast Refresh] done in 2906ms @ http://localhost:3000/_next/static/chunks/node_modules_next_dist_1e8vcs8._.js:776
[ 1437944ms] [LOG] [Fast Refresh] done in 2906ms @ http://localhost:3000/_next/static/chunks/node_modules_next_dist_1e8vcs8._.js:776
[ 1438026ms] [LOG] [Fast Refresh] done in 2906ms @ http://localhost:3000/_next/static/chunks/node_modules_next_dist_1e8vcs8._.js:776
[ 1438091ms] [LOG] [Fast Refresh] done in 2906ms @ http://localhost:3000/_next/static/chunks/node_modules_next_dist_1e8vcs8._.js:776
[ 1438154ms] [LOG] [Fast Refresh] done in 2906ms @ http://localhost:3000/_next/static/chunks/node_modules_next_dist_1e8vcs8._.js:776
[ 1438236ms] [LOG] [Fast Refresh] done in 2906ms @ http://localhost:3000/_next/static/chunks/node_modules_next_dist_1e8vcs8._.js:776
[ 1438281ms] [LOG] [Fast Refresh] done in 2906ms @ http://localhost:3000/_next/static/chunks/node_modules_next_dist_1e8vcs8._.js:776
[ 1438326ms] [LOG] [Fast Refresh] done in 2906ms @ http://localhost:3000/_next/static/chunks/node_modules_next_dist_1e8vcs8._.js:776
[ 1438379ms] [LOG] [Fast Refresh] done in 2906ms @ http://localhost:3000/_next/static/chunks/node_modules_next_dist_1e8vcs8._.js:776
[ 1438431ms] [LOG] [Fast Refresh] done in 2906ms @ http://localhost:3000/_next/static/chunks/node_modules_next_dist_1e8vcs8._.js:776
[ 1438546ms] [LOG] [Fast Refresh] done in 2906ms @ http://localhost:3000/_next/static/chunks/node_modules_next_dist_1e8vcs8._.js:776
[ 1438610ms] [LOG] [Fast Refresh] done in 2906ms @ http://localhost:3000/_next/static/chunks/node_modules_next_dist_1e8vcs8._.js:776
[ 1438651ms] [LOG] [Fast Refresh] done in 2906ms @ http://localhost:3000/_next/static/chunks/node_modules_next_dist_1e8vcs8._.js:776
[ 1438722ms] [LOG] [Fast Refresh] done in 2906ms @ http://localhost:3000/_next/static/chunks/node_modules_next_dist_1e8vcs8._.js:776
[ 1438781ms] [LOG] [Fast Refresh] done in 2906ms @ http://localhost:3000/_next/static/chunks/node_modules_next_dist_1e8vcs8._.js:776
[ 1438872ms] [LOG] [Fast Refresh] done in 2906ms @ http://localhost:3000/_next/static/chunks/node_modules_next_dist_1e8vcs8._.js:776
[ 1438926ms] [LOG] [Fast Refresh] done in 2906ms @ http://localhost:3000/_next/static/chunks/node_modules_next_dist_1e8vcs8._.js:776
[ 1438968ms] [LOG] [Fast Refresh] done in 2906ms @ http://localhost:3000/_next/static/chunks/node_modules_next_dist_1e8vcs8._.js:776
[ 1439014ms] [LOG] [Fast Refresh] done in 2906ms @ http://localhost:3000/_next/static/chunks/node_modules_next_dist_1e8vcs8._.js:776
[ 1439079ms] [LOG] [Fast Refresh] done in 2906ms @ http://localhost:3000/_next/static/chunks/node_modules_next_dist_1e8vcs8._.js:776
[ 1439253ms] [LOG] [Fast Refresh] done in 2906ms @ http://localhost:3000/_next/static/chunks/node_modules_next_dist_1e8vcs8._.js:776
[ 1439316ms] [LOG] [Fast Refresh] done in 2906ms @ http://localhost:3000/_next/static/chunks/node_modules_next_dist_1e8vcs8._.js:776
[ 1439453ms] [LOG] [Fast Refresh] done in 2906ms @ http://localhost:3000/_next/static/chunks/node_modules_next_dist_1e8vcs8._.js:776
[ 1439569ms] [LOG] [Fast Refresh] done in 2906ms @ http://localhost:3000/_next/static/chunks/node_modules_next_dist_1e8vcs8._.js:776
[ 1439706ms] [LOG] [Fast Refresh] done in 2906ms @ http://localhost:3000/_next/static/chunks/node_modules_next_dist_1e8vcs8._.js:776
[ 1439790ms] [LOG] [Fast Refresh] done in 2906ms @ http://localhost:3000/_next/static/chunks/node_modules_next_dist_1e8vcs8._.js:776
[ 1439862ms] [LOG] [Fast Refresh] done in 2906ms @ http://localhost:3000/_next/static/chunks/node_modules_next_dist_1e8vcs8._.js:776
[ 1440094ms] [LOG] [Fast Refresh] done in 2906ms @ http://localhost:3000/_next/static/chunks/node_modules_next_dist_1e8vcs8._.js:776
[ 1441405ms] [LOG] [Fast Refresh] done in 2906ms @ http://localhost:3000/_next/static/chunks/node_modules_next_dist_1e8vcs8._.js:776
[ 1442368ms] [LOG] [Fast Refresh] done in 2906ms @ http://localhost:3000/_next/static/chunks/node_modules_next_dist_1e8vcs8._.js:776
[ 1443993ms] [LOG] [Fast Refresh] done in 2906ms @ http://localhost:3000/_next/static/chunks/node_modules_next_dist_1e8vcs8._.js:776
[ 1444919ms] [LOG] [Fast Refresh] done in 2906ms @ http://localhost:3000/_next/static/chunks/node_modules_next_dist_1e8vcs8._.js:776
[ 1445085ms] [LOG] [Fast Refresh] done in 2906ms @ http://localhost:3000/_next/static/chunks/node_modules_next_dist_1e8vcs8._.js:776
[ 1445394ms] [LOG] [Fast Refresh] done in 2906ms @ http://localhost:3000/_next/static/chunks/node_modules_next_dist_1e8vcs8._.js:776
[ 1445720ms] [LOG] [Fast Refresh] done in 2906ms @ http://localhost:3000/_next/static/chunks/node_modules_next_dist_1e8vcs8._.js:776
[ 1445775ms] [LOG] [Fast Refresh] done in 2906ms @ http://localhost:3000/_next/static/chunks/node_modules_next_dist_1e8vcs8._.js:776
[ 1445896ms] [LOG] [Fast Refresh] done in 2906ms @ http://localhost:3000/_next/static/chunks/node_modules_next_dist_1e8vcs8._.js:776
[ 1446146ms] [LOG] [Fast Refresh] done in 2906ms @ http://localhost:3000/_next/static/chunks/node_modules_next_dist_1e8vcs8._.js:776
[ 1446314ms] [LOG] [Fast Refresh] done in 2906ms @ http://localhost:3000/_next/static/chunks/node_modules_next_dist_1e8vcs8._.js:776
[ 1446820ms] [LOG] [Fast Refresh] done in 2906ms @ http://localhost:3000/_next/static/chunks/node_modules_next_dist_1e8vcs8._.js:776
[ 1447144ms] [LOG] [Fast Refresh] done in 2906ms @ http://localhost:3000/_next/static/chunks/node_modules_next_dist_1e8vcs8._.js:776
[ 1447366ms] [LOG] [Fast Refresh] done in 2906ms @ http://localhost:3000/_next/static/chunks/node_modules_next_dist_1e8vcs8._.js:776
[ 1448524ms] [LOG] [Fast Refresh] done in 2906ms @ http://localhost:3000/_next/static/chunks/node_modules_next_dist_1e8vcs8._.js:776
[ 1448719ms] [LOG] [Fast Refresh] done in 2906ms @ http://localhost:3000/_next/static/chunks/node_modules_next_dist_1e8vcs8._.js:776
[ 1449200ms] [LOG] [Fast Refresh] done in 2906ms @ http://localhost:3000/_next/static/chunks/node_modules_next_dist_1e8vcs8._.js:776
[ 1449421ms] [LOG] [Fast Refresh] done in 2906ms @ http://localhost:3000/_next/static/chunks/node_modules_next_dist_1e8vcs8._.js:776
[ 1449801ms] [LOG] [Fast Refresh] done in 2906ms @ http://localhost:3000/_next/static/chunks/node_modules_next_dist_1e8vcs8._.js:776
[ 1450373ms] [LOG] [Fast Refresh] done in 2906ms @ http://localhost:3000/_next/static/chunks/node_modules_next_dist_1e8vcs8._.js:776
[ 1450693ms] [LOG] [Fast Refresh] done in 2906ms @ http://localhost:3000/_next/static/chunks/node_modules_next_dist_1e8vcs8._.js:776
[ 1451164ms] [LOG] [Fast Refresh] done in 2906ms @ http://localhost:3000/_next/static/chunks/node_modules_next_dist_1e8vcs8._.js:776
[ 1451278ms] [LOG] [Fast Refresh] done in 2906ms @ http://localhost:3000/_next/static/chunks/node_modules_next_dist_1e8vcs8._.js:776
[ 1451344ms] [LOG] [Fast Refresh] done in 2906ms @ http://localhost:3000/_next/static/chunks/node_modules_next_dist_1e8vcs8._.js:776
[ 1451690ms] [LOG] [Fast Refresh] done in 2906ms @ http://localhost:3000/_next/static/chunks/node_modules_next_dist_1e8vcs8._.js:776
[ 1452170ms] [LOG] [Fast Refresh] done in 2906ms @ http://localhost:3000/_next/static/chunks/node_modules_next_dist_1e8vcs8._.js:776
[ 1452753ms] [LOG] [Fast Refresh] done in 2906ms @ http://localhost:3000/_next/static/chunks/node_modules_next_dist_1e8vcs8._.js:776
[ 1452828ms] [LOG] [Fast Refresh] done in 2906ms @ http://localhost:3000/_next/static/chunks/node_modules_next_dist_1e8vcs8._.js:776
[ 1452948ms] [LOG] [Fast Refresh] done in 2906ms @ http://localhost:3000/_next/static/chunks/node_modules_next_dist_1e8vcs8._.js:776
[ 1453052ms] [LOG] [Fast Refresh] done in 2906ms @ http://localhost:3000/_next/static/chunks/node_modules_next_dist_1e8vcs8._.js:776
[ 1453170ms] [LOG] [Fast Refresh] done in 2906ms @ http://localhost:3000/_next/static/chunks/node_modules_next_dist_1e8vcs8._.js:776
[ 1453310ms] [LOG] [Fast Refresh] done in 2906ms @ http://localhost:3000/_next/static/chunks/node_modules_next_dist_1e8vcs8._.js:776
[ 1453443ms] [LOG] [Fast Refresh] done in 2906ms @ http://localhost:3000/_next/static/chunks/node_modules_next_dist_1e8vcs8._.js:776
[ 1453608ms] [LOG] [Fast Refresh] done in 2906ms @ http://localhost:3000/_next/static/chunks/node_modules_next_dist_1e8vcs8._.js:776
[ 1453867ms] [LOG] [Fast Refresh] done in 2906ms @ http://localhost:3000/_next/static/chunks/node_modules_next_dist_1e8vcs8._.js:776
[ 1454158ms] [LOG] [Fast Refresh] done in 2906ms @ http://localhost:3000/_next/static/chunks/node_modules_next_dist_1e8vcs8._.js:776
[ 1454948ms] [LOG] [Fast Refresh] done in 2906ms @ http://localhost:3000/_next/static/chunks/node_modules_next_dist_1e8vcs8._.js:776
[ 1455228ms] [LOG] [Fast Refresh] done in 2906ms @ http://localhost:3000/_next/static/chunks/node_modules_next_dist_1e8vcs8._.js:776
[ 1455644ms] [LOG] [Fast Refresh] done in 2906ms @ http://localhost:3000/_next/static/chunks/node_modules_next_dist_1e8vcs8._.js:776
[ 1455873ms] [LOG] [Fast Refresh] done in 2906ms @ http://localhost:3000/_next/static/chunks/node_modules_next_dist_1e8vcs8._.js:776
[ 1455938ms] [LOG] [Fast Refresh] done in 2906ms @ http://localhost:3000/_next/static/chunks/node_modules_next_dist_1e8vcs8._.js:776
[ 1455988ms] [LOG] [Fast Refresh] done in 2906ms @ http://localhost:3000/_next/static/chunks/node_modules_next_dist_1e8vcs8._.js:776
[ 1456171ms] [LOG] [Fast Refresh] done in 2906ms @ http://localhost:3000/_next/static/chunks/node_modules_next_dist_1e8vcs8._.js:776
[ 1456236ms] [LOG] [Fast Refresh] done in 2906ms @ http://localhost:3000/_next/static/chunks/node_modules_next_dist_1e8vcs8._.js:776
[ 1456292ms] [LOG] [Fast Refresh] done in 2906ms @ http://localhost:3000/_next/static/chunks/node_modules_next_dist_1e8vcs8._.js:776
[ 1456339ms] [LOG] [Fast Refresh] done in 2906ms @ http://localhost:3000/_next/static/chunks/node_modules_next_dist_1e8vcs8._.js:776
[ 1456413ms] [LOG] [Fast Refresh] done in 2906ms @ http://localhost:3000/_next/static/chunks/node_modules_next_dist_1e8vcs8._.js:776
[ 1456573ms] [LOG] [Fast Refresh] done in 2906ms @ http://localhost:3000/_next/static/chunks/node_modules_next_dist_1e8vcs8._.js:776
[ 1456641ms] [LOG] [Fast Refresh] done in 2906ms @ http://localhost:3000/_next/static/chunks/node_modules_next_dist_1e8vcs8._.js:776
[ 1456707ms] [LOG] [Fast Refresh] done in 2906ms @ http://localhost:3000/_next/static/chunks/node_modules_next_dist_1e8vcs8._.js:776
[ 1456769ms] [LOG] [Fast Refresh] done in 2906ms @ http://localhost:3000/_next/static/chunks/node_modules_next_dist_1e8vcs8._.js:776
[ 1456820ms] [LOG] [Fast Refresh] done in 2906ms @ http://localhost:3000/_next/static/chunks/node_modules_next_dist_1e8vcs8._.js:776
[ 1456892ms] [LOG] [Fast Refresh] done in 2906ms @ http://localhost:3000/_next/static/chunks/node_modules_next_dist_1e8vcs8._.js:776
[ 1456943ms] [LOG] [Fast Refresh] done in 2906ms @ http://localhost:3000/_next/static/chunks/node_modules_next_dist_1e8vcs8._.js:776
[ 1456987ms] [LOG] [Fast Refresh] done in 2906ms @ http://localhost:3000/_next/static/chunks/node_modules_next_dist_1e8vcs8._.js:776
[ 1457041ms] [LOG] [Fast Refresh] done in 2906ms @ http://localhost:3000/_next/static/chunks/node_modules_next_dist_1e8vcs8._.js:776
[ 1457087ms] [LOG] [Fast Refresh] done in 2906ms @ http://localhost:3000/_next/static/chunks/node_modules_next_dist_1e8vcs8._.js:776
[ 1457298ms] [LOG] [Fast Refresh] done in 2906ms @ http://localhost:3000/_next/static/chunks/node_modules_next_dist_1e8vcs8._.js:776
[ 1457383ms] [LOG] [Fast Refresh] done in 2906ms @ http://localhost:3000/_next/static/chunks/node_modules_next_dist_1e8vcs8._.js:776
[ 1457473ms] [LOG] [Fast Refresh] done in 2906ms @ http://localhost:3000/_next/static/chunks/node_modules_next_dist_1e8vcs8._.js:776
[ 1457536ms] [LOG] [Fast Refresh] done in 2906ms @ http://localhost:3000/_next/static/chunks/node_modules_next_dist_1e8vcs8._.js:776
[ 1457646ms] [LOG] [Fast Refresh] done in 2906ms @ http://localhost:3000/_next/static/chunks/node_modules_next_dist_1e8vcs8._.js:776
[ 1457725ms] [LOG] [Fast Refresh] done in 2906ms @ http://localhost:3000/_next/static/chunks/node_modules_next_dist_1e8vcs8._.js:776
[ 1457777ms] [LOG] [Fast Refresh] done in 2906ms @ http://localhost:3000/_next/static/chunks/node_modules_next_dist_1e8vcs8._.js:776
[ 1457841ms] [LOG] [Fast Refresh] done in 2906ms @ http://localhost:3000/_next/static/chunks/node_modules_next_dist_1e8vcs8._.js:776
[ 1457913ms] [LOG] [Fast Refresh] done in 2906ms @ http://localhost:3000/_next/static/chunks/node_modules_next_dist_1e8vcs8._.js:776
[ 1457985ms] [LOG] [Fast Refresh] done in 2906ms @ http://localhost:3000/_next/static/chunks/node_modules_next_dist_1e8vcs8._.js:776
[ 1458075ms] [LOG] [Fast Refresh] done in 2906ms @ http://localhost:3000/_next/static/chunks/node_modules_next_dist_1e8vcs8._.js:776
[ 1458184ms] [LOG] [Fast Refresh] done in 2906ms @ http://localhost:3000/_next/static/chunks/node_modules_next_dist_1e8vcs8._.js:776
[ 1458233ms] [LOG] [Fast Refresh] done in 2906ms @ http://localhost:3000/_next/static/chunks/node_modules_next_dist_1e8vcs8._.js:776
[ 1458277ms] [LOG] [Fast Refresh] done in 2906ms @ http://localhost:3000/_next/static/chunks/node_modules_next_dist_1e8vcs8._.js:776
[ 1458334ms] [LOG] [Fast Refresh] done in 2906ms @ http://localhost:3000/_next/static/chunks/node_modules_next_dist_1e8vcs8._.js:776
[ 1458384ms] [LOG] [Fast Refresh] done in 2906ms @ http://localhost:3000/_next/static/chunks/node_modules_next_dist_1e8vcs8._.js:776
[ 1458440ms] [LOG] [Fast Refresh] done in 2906ms @ http://localhost:3000/_next/static/chunks/node_modules_next_dist_1e8vcs8._.js:776
[ 1458506ms] [LOG] [Fast Refresh] done in 2906ms @ http://localhost:3000/_next/static/chunks/node_modules_next_dist_1e8vcs8._.js:776
[ 1458556ms] [LOG] [Fast Refresh] done in 2906ms @ http://localhost:3000/_next/static/chunks/node_modules_next_dist_1e8vcs8._.js:776
[ 1458628ms] [LOG] [Fast Refresh] done in 2906ms @ http://localhost:3000/_next/static/chunks/node_modules_next_dist_1e8vcs8._.js:776
[ 1458755ms] [LOG] [Fast Refresh] done in 2906ms @ http://localhost:3000/_next/static/chunks/node_modules_next_dist_1e8vcs8._.js:776
[ 1458941ms] [LOG] [Fast Refresh] done in 2906ms @ http://localhost:3000/_next/static/chunks/node_modules_next_dist_1e8vcs8._.js:776
[ 1459000ms] [LOG] [Fast Refresh] done in 2906ms @ http://localhost:3000/_next/static/chunks/node_modules_next_dist_1e8vcs8._.js:776
[ 1459120ms] [LOG] [Fast Refresh] done in 2906ms @ http://localhost:3000/_next/static/chunks/node_modules_next_dist_1e8vcs8._.js:776
[ 1459228ms] [LOG] [Fast Refresh] done in 2906ms @ http://localhost:3000/_next/static/chunks/node_modules_next_dist_1e8vcs8._.js:776
[ 1459313ms] [LOG] [Fast Refresh] done in 2906ms @ http://localhost:3000/_next/static/chunks/node_modules_next_dist_1e8vcs8._.js:776
[ 1459429ms] [LOG] [Fast Refresh] done in 2906ms @ http://localhost:3000/_next/static/chunks/node_modules_next_dist_1e8vcs8._.js:776
[ 1459593ms] [LOG] [Fast Refresh] done in 2906ms @ http://localhost:3000/_next/static/chunks/node_modules_next_dist_1e8vcs8._.js:776
[ 1459688ms] [LOG] [Fast Refresh] done in 2906ms @ http://localhost:3000/_next/static/chunks/node_modules_next_dist_1e8vcs8._.js:776
[ 1459754ms] [LOG] [Fast Refresh] done in 2906ms @ http://localhost:3000/_next/static/chunks/node_modules_next_dist_1e8vcs8._.js:776
[ 1459835ms] [LOG] [Fast Refresh] done in 2906ms @ http://localhost:3000/_next/static/chunks/node_modules_next_dist_1e8vcs8._.js:776
[ 1459891ms] [LOG] [Fast Refresh] done in 2906ms @ http://localhost:3000/_next/static/chunks/node_modules_next_dist_1e8vcs8._.js:776
[ 1459942ms] [LOG] [Fast Refresh] done in 2906ms @ http://localhost:3000/_next/static/chunks/node_modules_next_dist_1e8vcs8._.js:776
[ 1460001ms] [LOG] [Fast Refresh] done in 2906ms @ http://localhost:3000/_next/static/chunks/node_modules_next_dist_1e8vcs8._.js:776
[ 1460090ms] [LOG] [Fast Refresh] done in 2906ms @ http://localhost:3000/_next/static/chunks/node_modules_next_dist_1e8vcs8._.js:776
[ 1460142ms] [LOG] [Fast Refresh] done in 2906ms @ http://localhost:3000/_next/static/chunks/node_modules_next_dist_1e8vcs8._.js:776
[ 1460195ms] [LOG] [Fast Refresh] done in 2906ms @ http://localhost:3000/_next/static/chunks/node_modules_next_dist_1e8vcs8._.js:776
[ 1460251ms] [LOG] [Fast Refresh] done in 2906ms @ http://localhost:3000/_next/static/chunks/node_modules_next_dist_1e8vcs8._.js:776
[ 1460314ms] [LOG] [Fast Refresh] done in 2906ms @ http://localhost:3000/_next/static/chunks/node_modules_next_dist_1e8vcs8._.js:776
[ 1460371ms] [LOG] [Fast Refresh] done in 2906ms @ http://localhost:3000/_next/static/chunks/node_modules_next_dist_1e8vcs8._.js:776
[ 1460416ms] [LOG] [Fast Refresh] done in 2906ms @ http://localhost:3000/_next/static/chunks/node_modules_next_dist_1e8vcs8._.js:776
[ 1460455ms] [LOG] [Fast Refresh] done in 2906ms @ http://localhost:3000/_next/static/chunks/node_modules_next_dist_1e8vcs8._.js:776
[ 1460527ms] [LOG] [Fast Refresh] done in 2906ms @ http://localhost:3000/_next/static/chunks/node_modules_next_dist_1e8vcs8._.js:776
[ 1460583ms] [LOG] [Fast Refresh] done in 2906ms @ http://localhost:3000/_next/static/chunks/node_modules_next_dist_1e8vcs8._.js:776
[ 1460634ms] [LOG] [Fast Refresh] done in 2906ms @ http://localhost:3000/_next/static/chunks/node_modules_next_dist_1e8vcs8._.js:776
[ 1460686ms] [LOG] [Fast Refresh] done in 2906ms @ http://localhost:3000/_next/static/chunks/node_modules_next_dist_1e8vcs8._.js:776
[ 1460766ms] [LOG] [Fast Refresh] done in 2906ms @ http://localhost:3000/_next/static/chunks/node_modules_next_dist_1e8vcs8._.js:776
[ 1460835ms] [LOG] [Fast Refresh] done in 2906ms @ http://localhost:3000/_next/static/chunks/node_modules_next_dist_1e8vcs8._.js:776
[ 1460942ms] [LOG] [Fast Refresh] done in 2906ms @ http://localhost:3000/_next/static/chunks/node_modules_next_dist_1e8vcs8._.js:776
[ 1460989ms] [LOG] [Fast Refresh] done in 2906ms @ http://localhost:3000/_next/static/chunks/node_modules_next_dist_1e8vcs8._.js:776
[ 1461067ms] [LOG] [Fast Refresh] done in 2906ms @ http://localhost:3000/_next/static/chunks/node_modules_next_dist_1e8vcs8._.js:776
[ 1461132ms] [LOG] [Fast Refresh] done in 2906ms @ http://localhost:3000/_next/static/chunks/node_modules_next_dist_1e8vcs8._.js:776
[ 1461276ms] [LOG] [Fast Refresh] done in 2906ms @ http://localhost:3000/_next/static/chunks/node_modules_next_dist_1e8vcs8._.js:776
[ 1461359ms] [LOG] [Fast Refresh] done in 2906ms @ http://localhost:3000/_next/static/chunks/node_modules_next_dist_1e8vcs8._.js:776
[ 1461546ms] [LOG] [Fast Refresh] done in 2906ms @ http://localhost:3000/_next/static/chunks/node_modules_next_dist_1e8vcs8._.js:776
[ 1461755ms] [LOG] [Fast Refresh] done in 2906ms @ http://localhost:3000/_next/static/chunks/node_modules_next_dist_1e8vcs8._.js:776
[ 1461933ms] [LOG] [Fast Refresh] done in 2906ms @ http://localhost:3000/_next/static/chunks/node_modules_next_dist_1e8vcs8._.js:776
[ 1462243ms] [LOG] [Fast Refresh] done in 2906ms @ http://localhost:3000/_next/static/chunks/node_modules_next_dist_1e8vcs8._.js:776
[ 1462610ms] [LOG] [Fast Refresh] done in 2906ms @ http://localhost:3000/_next/static/chunks/node_modules_next_dist_1e8vcs8._.js:776
[ 1462610ms] [LOG] [Fast Refresh] done in 2906ms @ http://localhost:3000/_next/static/chunks/node_modules_next_dist_1e8vcs8._.js:776
[ 1462923ms] [LOG] [Fast Refresh] done in 2906ms @ http://localhost:3000/_next/static/chunks/node_modules_next_dist_1e8vcs8._.js:776
[ 1463050ms] [LOG] [Fast Refresh] done in 2906ms @ http://localhost:3000/_next/static/chunks/node_modules_next_dist_1e8vcs8._.js:776
[ 1463251ms] [LOG] [Fast Refresh] done in 2906ms @ http://localhost:3000/_next/static/chunks/node_modules_next_dist_1e8vcs8._.js:776
[ 1463626ms] [LOG] [Fast Refresh] done in 2906ms @ http://localhost:3000/_next/static/chunks/node_modules_next_dist_1e8vcs8._.js:776
[ 1463896ms] [LOG] [Fast Refresh] done in 2906ms @ http://localhost:3000/_next/static/chunks/node_modules_next_dist_1e8vcs8._.js:776
[ 1464221ms] [LOG] [Fast Refresh] done in 2906ms @ http://localhost:3000/_next/static/chunks/node_modules_next_dist_1e8vcs8._.js:776
[ 1464337ms] [LOG] [Fast Refresh] done in 2906ms @ http://localhost:3000/_next/static/chunks/node_modules_next_dist_1e8vcs8._.js:776
[ 1464965ms] [LOG] [Fast Refresh] done in 2906ms @ http://localhost:3000/_next/static/chunks/node_modules_next_dist_1e8vcs8._.js:776
[ 1465106ms] [LOG] [Fast Refresh] done in 2906ms @ http://localhost:3000/_next/static/chunks/node_modules_next_dist_1e8vcs8._.js:776
[ 1465215ms] [LOG] [Fast Refresh] done in 2906ms @ http://localhost:3000/_next/static/chunks/node_modules_next_dist_1e8vcs8._.js:776
[ 1465633ms] [LOG] [Fast Refresh] done in 2906ms @ http://localhost:3000/_next/static/chunks/node_modules_next_dist_1e8vcs8._.js:776
[ 1465801ms] [LOG] [Fast Refresh] done in 2906ms @ http://localhost:3000/_next/static/chunks/node_modules_next_dist_1e8vcs8._.js:776
[ 1465927ms] [LOG] [Fast Refresh] done in 2906ms @ http://localhost:3000/_next/static/chunks/node_modules_next_dist_1e8vcs8._.js:776
[ 1466101ms] [LOG] [Fast Refresh] done in 2906ms @ http://localhost:3000/_next/static/chunks/node_modules_next_dist_1e8vcs8._.js:776
[ 1466224ms] [LOG] [Fast Refresh] done in 2906ms @ http://localhost:3000/_next/static/chunks/node_modules_next_dist_1e8vcs8._.js:776
[ 1466320ms] [LOG] [Fast Refresh] done in 2906ms @ http://localhost:3000/_next/static/chunks/node_modules_next_dist_1e8vcs8._.js:776
[ 1466411ms] [LOG] [Fast Refresh] done in 2906ms @ http://localhost:3000/_next/static/chunks/node_modules_next_dist_1e8vcs8._.js:776
[ 1466482ms] [LOG] [Fast Refresh] done in 2906ms @ http://localhost:3000/_next/static/chunks/node_modules_next_dist_1e8vcs8._.js:776
[ 1466548ms] [LOG] [Fast Refresh] done in 2906ms @ http://localhost:3000/_next/static/chunks/node_modules_next_dist_1e8vcs8._.js:776
[ 1466640ms] [LOG] [Fast Refresh] done in 2906ms @ http://localhost:3000/_next/static/chunks/node_modules_next_dist_1e8vcs8._.js:776
[ 1466732ms] [LOG] [Fast Refresh] done in 2906ms @ http://localhost:3000/_next/static/chunks/node_modules_next_dist_1e8vcs8._.js:776
[ 1466873ms] [LOG] [Fast Refresh] done in 2906ms @ http://localhost:3000/_next/static/chunks/node_modules_next_dist_1e8vcs8._.js:776
[ 1467043ms] [LOG] [Fast Refresh] done in 2906ms @ http://localhost:3000/_next/static/chunks/node_modules_next_dist_1e8vcs8._.js:776
[ 1467104ms] [LOG] [Fast Refresh] done in 2906ms @ http://localhost:3000/_next/static/chunks/node_modules_next_dist_1e8vcs8._.js:776
[ 1467188ms] [LOG] [Fast Refresh] done in 2906ms @ http://localhost:3000/_next/static/chunks/node_modules_next_dist_1e8vcs8._.js:776
[ 1467312ms] [LOG] [Fast Refresh] done in 2906ms @ http://localhost:3000/_next/static/chunks/node_modules_next_dist_1e8vcs8._.js:776
[ 1467360ms] [LOG] [Fast Refresh] done in 2906ms @ http://localhost:3000/_next/static/chunks/node_modules_next_dist_1e8vcs8._.js:776
[ 1467421ms] [LOG] [Fast Refresh] done in 2906ms @ http://localhost:3000/_next/static/chunks/node_modules_next_dist_1e8vcs8._.js:776
[ 1467451ms] [LOG] [Fast Refresh] done in 2906ms @ http://localhost:3000/_next/static/chunks/node_modules_next_dist_1e8vcs8._.js:776
[ 1467532ms] [LOG] [Fast Refresh] done in 2906ms @ http://localhost:3000/_next/static/chunks/node_modules_next_dist_1e8vcs8._.js:776
[ 1467678ms] [LOG] [Fast Refresh] done in 2906ms @ http://localhost:3000/_next/static/chunks/node_modules_next_dist_1e8vcs8._.js:776
[ 1467779ms] [LOG] [Fast Refresh] done in 2906ms @ http://localhost:3000/_next/static/chunks/node_modules_next_dist_1e8vcs8._.js:776
[ 1467849ms] [LOG] [Fast Refresh] done in 2906ms @ http://localhost:3000/_next/static/chunks/node_modules_next_dist_1e8vcs8._.js:776
[ 1467903ms] [LOG] [Fast Refresh] done in 2906ms @ http://localhost:3000/_next/static/chunks/node_modules_next_dist_1e8vcs8._.js:776
[ 1467953ms] [LOG] [Fast Refresh] done in 2906ms @ http://localhost:3000/_next/static/chunks/node_modules_next_dist_1e8vcs8._.js:776
[ 1468063ms] [LOG] [Fast Refresh] done in 2906ms @ http://localhost:3000/_next/static/chunks/node_modules_next_dist_1e8vcs8._.js:776
[ 1468135ms] [LOG] [Fast Refresh] done in 2906ms @ http://localhost:3000/_next/static/chunks/node_modules_next_dist_1e8vcs8._.js:776
[ 1468190ms] [LOG] [Fast Refresh] done in 2906ms @ http://localhost:3000/_next/static/chunks/node_modules_next_dist_1e8vcs8._.js:776
[ 1468252ms] [LOG] [Fast Refresh] done in 2906ms @ http://localhost:3000/_next/static/chunks/node_modules_next_dist_1e8vcs8._.js:776
[ 1468400ms] [LOG] [Fast Refresh] done in 2906ms @ http://localhost:3000/_next/static/chunks/node_modules_next_dist_1e8vcs8._.js:776
[ 1468511ms] [LOG] [Fast Refresh] done in 2906ms @ http://localhost:3000/_next/static/chunks/node_modules_next_dist_1e8vcs8._.js:776
[ 1468629ms] [LOG] [Fast Refresh] done in 2906ms @ http://localhost:3000/_next/static/chunks/node_modules_next_dist_1e8vcs8._.js:776
[ 1468681ms] [LOG] [Fast Refresh] done in 2906ms @ http://localhost:3000/_next/static/chunks/node_modules_next_dist_1e8vcs8._.js:776
[ 1468753ms] [LOG] [Fast Refresh] done in 2906ms @ http://localhost:3000/_next/static/chunks/node_modules_next_dist_1e8vcs8._.js:776
[ 1468827ms] [LOG] [Fast Refresh] done in 2906ms @ http://localhost:3000/_next/static/chunks/node_modules_next_dist_1e8vcs8._.js:776
[ 1468914ms] [LOG] [Fast Refresh] done in 2906ms @ http://localhost:3000/_next/static/chunks/node_modules_next_dist_1e8vcs8._.js:776
[ 1468973ms] [LOG] [Fast Refresh] done in 2906ms @ http://localhost:3000/_next/static/chunks/node_modules_next_dist_1e8vcs8._.js:776
[ 1469074ms] [LOG] [Fast Refresh] done in 2906ms @ http://localhost:3000/_next/static/chunks/node_modules_next_dist_1e8vcs8._.js:776
[ 1469194ms] [LOG] [Fast Refresh] done in 2906ms @ http://localhost:3000/_next/static/chunks/node_modules_next_dist_1e8vcs8._.js:776
[ 1469339ms] [LOG] [Fast Refresh] done in 2906ms @ http://localhost:3000/_next/static/chunks/node_modules_next_dist_1e8vcs8._.js:776
[ 1469482ms] [LOG] [Fast Refresh] done in 2906ms @ http://localhost:3000/_next/static/chunks/node_modules_next_dist_1e8vcs8._.js:776
[ 1469655ms] [LOG] [Fast Refresh] done in 2906ms @ http://localhost:3000/_next/static/chunks/node_modules_next_dist_1e8vcs8._.js:776
[ 1469735ms] [LOG] [Fast Refresh] done in 2906ms @ http://localhost:3000/_next/static/chunks/node_modules_next_dist_1e8vcs8._.js:776
[ 1469820ms] [LOG] [Fast Refresh] done in 2906ms @ http://localhost:3000/_next/static/chunks/node_modules_next_dist_1e8vcs8._.js:776
[ 1469957ms] [LOG] [Fast Refresh] done in 2906ms @ http://localhost:3000/_next/static/chunks/node_modules_next_dist_1e8vcs8._.js:776
[ 1470035ms] [LOG] [Fast Refresh] done in 2906ms @ http://localhost:3000/_next/static/chunks/node_modules_next_dist_1e8vcs8._.js:776
[ 1470133ms] [LOG] [Fast Refresh] done in 2906ms @ http://localhost:3000/_next/static/chunks/node_modules_next_dist_1e8vcs8._.js:776
[ 1470200ms] [LOG] [Fast Refresh] done in 2906ms @ http://localhost:3000/_next/static/chunks/node_modules_next_dist_1e8vcs8._.js:776
[ 1470273ms] [LOG] [Fast Refresh] done in 2906ms @ http://localhost:3000/_next/static/chunks/node_modules_next_dist_1e8vcs8._.js:776
[ 1470361ms] [LOG] [Fast Refresh] done in 2906ms @ http://localhost:3000/_next/static/chunks/node_modules_next_dist_1e8vcs8._.js:776
[ 1470461ms] [LOG] [Fast Refresh] done in 2906ms @ http://localhost:3000/_next/static/chunks/node_modules_next_dist_1e8vcs8._.js:776
[ 1470506ms] [LOG] [Fast Refresh] done in 2906ms @ http://localhost:3000/_next/static/chunks/node_modules_next_dist_1e8vcs8._.js:776
[ 1470565ms] [LOG] [Fast Refresh] done in 2906ms @ http://localhost:3000/_next/static/chunks/node_modules_next_dist_1e8vcs8._.js:776
[ 1470624ms] [LOG] [Fast Refresh] done in 2906ms @ http://localhost:3000/_next/static/chunks/node_modules_next_dist_1e8vcs8._.js:776
[ 1470683ms] [LOG] [Fast Refresh] done in 2906ms @ http://localhost:3000/_next/static/chunks/node_modules_next_dist_1e8vcs8._.js:776
[ 1470732ms] [LOG] [Fast Refresh] done in 2906ms @ http://localhost:3000/_next/static/chunks/node_modules_next_dist_1e8vcs8._.js:776
[ 1470781ms] [LOG] [Fast Refresh] done in 2906ms @ http://localhost:3000/_next/static/chunks/node_modules_next_dist_1e8vcs8._.js:776
[ 1470828ms] [LOG] [Fast Refresh] done in 2906ms @ http://localhost:3000/_next/static/chunks/node_modules_next_dist_1e8vcs8._.js:776
[ 1470873ms] [LOG] [Fast Refresh] done in 2906ms @ http://localhost:3000/_next/static/chunks/node_modules_next_dist_1e8vcs8._.js:776
[ 1470957ms] [LOG] [Fast Refresh] done in 2906ms @ http://localhost:3000/_next/static/chunks/node_modules_next_dist_1e8vcs8._.js:776
[ 1471015ms] [LOG] [Fast Refresh] done in 2906ms @ http://localhost:3000/_next/static/chunks/node_modules_next_dist_1e8vcs8._.js:776
[ 1471204ms] [LOG] [Fast Refresh] done in 2906ms @ http://localhost:3000/_next/static/chunks/node_modules_next_dist_1e8vcs8._.js:776
[ 1471282ms] [LOG] [Fast Refresh] done in 2906ms @ http://localhost:3000/_next/static/chunks/node_modules_next_dist_1e8vcs8._.js:776
[ 1471327ms] [LOG] [Fast Refresh] done in 2906ms @ http://localhost:3000/_next/static/chunks/node_modules_next_dist_1e8vcs8._.js:776
[ 1471410ms] [LOG] [Fast Refresh] done in 2906ms @ http://localhost:3000/_next/static/chunks/node_modules_next_dist_1e8vcs8._.js:776
[ 1471468ms] [LOG] [Fast Refresh] done in 2906ms @ http://localhost:3000/_next/static/chunks/node_modules_next_dist_1e8vcs8._.js:776
[ 1471672ms] [LOG] [Fast Refresh] done in 2906ms @ http://localhost:3000/_next/static/chunks/node_modules_next_dist_1e8vcs8._.js:776
[ 1471809ms] [LOG] [Fast Refresh] done in 2906ms @ http://localhost:3000/_next/static/chunks/node_modules_next_dist_1e8vcs8._.js:776
[ 1471883ms] [LOG] [Fast Refresh] done in 2906ms @ http://localhost:3000/_next/static/chunks/node_modules_next_dist_1e8vcs8._.js:776
[ 1472144ms] [LOG] [Fast Refresh] done in 2906ms @ http://localhost:3000/_next/static/chunks/node_modules_next_dist_1e8vcs8._.js:776
[ 1472214ms] [LOG] [Fast Refresh] done in 2906ms @ http://localhost:3000/_next/static/chunks/node_modules_next_dist_1e8vcs8._.js:776
[ 1472294ms] [LOG] [Fast Refresh] done in 2906ms @ http://localhost:3000/_next/static/chunks/node_modules_next_dist_1e8vcs8._.js:776
[ 1472330ms] [LOG] [Fast Refresh] done in 2906ms @ http://localhost:3000/_next/static/chunks/node_modules_next_dist_1e8vcs8._.js:776
[ 1472393ms] [LOG] [Fast Refresh] done in 2906ms @ http://localhost:3000/_next/static/chunks/node_modules_next_dist_1e8vcs8._.js:776
[ 1473061ms] [LOG] [Fast Refresh] done in 2906ms @ http://localhost:3000/_next/static/chunks/node_modules_next_dist_1e8vcs8._.js:776
[ 1473211ms] [LOG] [Fast Refresh] done in 2906ms @ http://localhost:3000/_next/static/chunks/node_modules_next_dist_1e8vcs8._.js:776
[ 1473251ms] [LOG] [Fast Refresh] done in 2906ms @ http://localhost:3000/_next/static/chunks/node_modules_next_dist_1e8vcs8._.js:776
[ 1473319ms] [LOG] [Fast Refresh] done in 2906ms @ http://localhost:3000/_next/static/chunks/node_modules_next_dist_1e8vcs8._.js:776
[ 1473398ms] [LOG] [Fast Refresh] done in 2906ms @ http://localhost:3000/_next/static/chunks/node_modules_next_dist_1e8vcs8._.js:776
[ 1473491ms] [LOG] [Fast Refresh] done in 2906ms @ http://localhost:3000/_next/static/chunks/node_modules_next_dist_1e8vcs8._.js:776
[ 1473542ms] [LOG] [Fast Refresh] done in 2906ms @ http://localhost:3000/_next/static/chunks/node_modules_next_dist_1e8vcs8._.js:776
[ 1473580ms] [LOG] [Fast Refresh] done in 2906ms @ http://localhost:3000/_next/static/chunks/node_modules_next_dist_1e8vcs8._.js:776
[ 1473634ms] [LOG] [Fast Refresh] done in 2906ms @ http://localhost:3000/_next/static/chunks/node_modules_next_dist_1e8vcs8._.js:776
[ 1473729ms] [LOG] [Fast Refresh] done in 2906ms @ http://localhost:3000/_next/static/chunks/node_modules_next_dist_1e8vcs8._.js:776
[ 1473803ms] [LOG] [Fast Refresh] done in 2906ms @ http://localhost:3000/_next/static/chunks/node_modules_next_dist_1e8vcs8._.js:776
[ 1473870ms] [LOG] [Fast Refresh] done in 2906ms @ http://localhost:3000/_next/static/chunks/node_modules_next_dist_1e8vcs8._.js:776
[ 1473919ms] [LOG] [Fast Refresh] done in 2906ms @ http://localhost:3000/_next/static/chunks/node_modules_next_dist_1e8vcs8._.js:776
[ 1473953ms] [LOG] [Fast Refresh] done in 2906ms @ http://localhost:3000/_next/static/chunks/node_modules_next_dist_1e8vcs8._.js:776
[ 1474012ms] [LOG] [Fast Refresh] done in 2906ms @ http://localhost:3000/_next/static/chunks/node_modules_next_dist_1e8vcs8._.js:776
[ 1474100ms] [LOG] [Fast Refresh] done in 2906ms @ http://localhost:3000/_next/static/chunks/node_modules_next_dist_1e8vcs8._.js:776
[ 1474154ms] [LOG] [Fast Refresh] done in 2906ms @ http://localhost:3000/_next/static/chunks/node_modules_next_dist_1e8vcs8._.js:776
[ 1474238ms] [LOG] [Fast Refresh] done in 2906ms @ http://localhost:3000/_next/static/chunks/node_modules_next_dist_1e8vcs8._.js:776
[ 1474281ms] [LOG] [Fast Refresh] done in 2906ms @ http://localhost:3000/_next/static/chunks/node_modules_next_dist_1e8vcs8._.js:776
[ 1474344ms] [LOG] [Fast Refresh] done in 2906ms @ http://localhost:3000/_next/static/chunks/node_modules_next_dist_1e8vcs8._.js:776
[ 1474489ms] [LOG] [Fast Refresh] done in 2906ms @ http://localhost:3000/_next/static/chunks/node_modules_next_dist_1e8vcs8._.js:776
[ 1474566ms] [LOG] [Fast Refresh] done in 2906ms @ http://localhost:3000/_next/static/chunks/node_modules_next_dist_1e8vcs8._.js:776
[ 1474619ms] [LOG] [Fast Refresh] done in 2906ms @ http://localhost:3000/_next/static/chunks/node_modules_next_dist_1e8vcs8._.js:776
[ 1474712ms] [LOG] [Fast Refresh] done in 2906ms @ http://localhost:3000/_next/static/chunks/node_modules_next_dist_1e8vcs8._.js:776
[ 1474796ms] [LOG] [Fast Refresh] done in 2906ms @ http://localhost:3000/_next/static/chunks/node_modules_next_dist_1e8vcs8._.js:776
[ 1474969ms] [LOG] [Fast Refresh] done in 2906ms @ http://localhost:3000/_next/static/chunks/node_modules_next_dist_1e8vcs8._.js:776
[ 1475088ms] [LOG] [Fast Refresh] done in 2906ms @ http://localhost:3000/_next/static/chunks/node_modules_next_dist_1e8vcs8._.js:776
[ 1475140ms] [LOG] [Fast Refresh] done in 2906ms @ http://localhost:3000/_next/static/chunks/node_modules_next_dist_1e8vcs8._.js:776
[ 1475212ms] [LOG] [Fast Refresh] done in 2906ms @ http://localhost:3000/_next/static/chunks/node_modules_next_dist_1e8vcs8._.js:776
[ 1475277ms] [LOG] [Fast Refresh] done in 2906ms @ http://localhost:3000/_next/static/chunks/node_modules_next_dist_1e8vcs8._.js:776
[ 1475405ms] [LOG] [Fast Refresh] done in 2906ms @ http://localhost:3000/_next/static/chunks/node_modules_next_dist_1e8vcs8._.js:776
[ 1475493ms] [LOG] [Fast Refresh] done in 2906ms @ http://localhost:3000/_next/static/chunks/node_modules_next_dist_1e8vcs8._.js:776
[ 1475538ms] [LOG] [Fast Refresh] done in 2906ms @ http://localhost:3000/_next/static/chunks/node_modules_next_dist_1e8vcs8._.js:776
[ 1475592ms] [LOG] [Fast Refresh] done in 2906ms @ http://localhost:3000/_next/static/chunks/node_modules_next_dist_1e8vcs8._.js:776
[ 1475670ms] [LOG] [Fast Refresh] done in 2906ms @ http://localhost:3000/_next/static/chunks/node_modules_next_dist_1e8vcs8._.js:776
[ 1475770ms] [LOG] [Fast Refresh] done in 2906ms @ http://localhost:3000/_next/static/chunks/node_modules_next_dist_1e8vcs8._.js:776
[ 1475829ms] [LOG] [Fast Refresh] done in 2906ms @ http://localhost:3000/_next/static/chunks/node_modules_next_dist_1e8vcs8._.js:776
[ 1475860ms] [LOG] [Fast Refresh] done in 2906ms @ http://localhost:3000/_next/static/chunks/node_modules_next_dist_1e8vcs8._.js:776
[ 1475912ms] [LOG] [Fast Refresh] done in 2906ms @ http://localhost:3000/_next/static/chunks/node_modules_next_dist_1e8vcs8._.js:776
[ 1476082ms] [LOG] [Fast Refresh] done in 2906ms @ http://localhost:3000/_next/static/chunks/node_modules_next_dist_1e8vcs8._.js:776
[ 1476162ms] [LOG] [Fast Refresh] done in 2906ms @ http://localhost:3000/_next/static/chunks/node_modules_next_dist_1e8vcs8._.js:776
[ 1476193ms] [LOG] [Fast Refresh] done in 2906ms @ http://localhost:3000/_next/static/chunks/node_modules_next_dist_1e8vcs8._.js:776
[ 1476272ms] [LOG] [Fast Refresh] done in 2906ms @ http://localhost:3000/_next/static/chunks/node_modules_next_dist_1e8vcs8._.js:776
[ 1476346ms] [LOG] [Fast Refresh] done in 2906ms @ http://localhost:3000/_next/static/chunks/node_modules_next_dist_1e8vcs8._.js:776
[ 1476413ms] [LOG] [Fast Refresh] done in 2906ms @ http://localhost:3000/_next/static/chunks/node_modules_next_dist_1e8vcs8._.js:776
[ 1476585ms] [LOG] [Fast Refresh] done in 2906ms @ http://localhost:3000/_next/static/chunks/node_modules_next_dist_1e8vcs8._.js:776
[ 1477190ms] [LOG] [Fast Refresh] done in 2906ms @ http://localhost:3000/_next/static/chunks/node_modules_next_dist_1e8vcs8._.js:776
[ 1477637ms] [LOG] [Fast Refresh] done in 2906ms @ http://localhost:3000/_next/static/chunks/node_modules_next_dist_1e8vcs8._.js:776
[ 1478214ms] [LOG] [Fast Refresh] done in 2906ms @ http://localhost:3000/_next/static/chunks/node_modules_next_dist_1e8vcs8._.js:776
[ 1478616ms] [LOG] [Fast Refresh] done in 2906ms @ http://localhost:3000/_next/static/chunks/node_modules_next_dist_1e8vcs8._.js:776
[ 1479151ms] [LOG] [Fast Refresh] done in 2906ms @ http://localhost:3000/_next/static/chunks/node_modules_next_dist_1e8vcs8._.js:776
[ 1479936ms] [LOG] [Fast Refresh] done in 2906ms @ http://localhost:3000/_next/static/chunks/node_modules_next_dist_1e8vcs8._.js:776
[ 1480153ms] [LOG] [Fast Refresh] done in 2906ms @ http://localhost:3000/_next/static/chunks/node_modules_next_dist_1e8vcs8._.js:776
[ 1480617ms] [LOG] [Fast Refresh] done in 2906ms @ http://localhost:3000/_next/static/chunks/node_modules_next_dist_1e8vcs8._.js:776
[ 1481115ms] [LOG] [Fast Refresh] done in 2906ms @ http://localhost:3000/_next/static/chunks/node_modules_next_dist_1e8vcs8._.js:776
[ 1481408ms] [LOG] [Fast Refresh] done in 2906ms @ http://localhost:3000/_next/static/chunks/node_modules_next_dist_1e8vcs8._.js:776
[ 1481607ms] [LOG] [Fast Refresh] done in 2906ms @ http://localhost:3000/_next/static/chunks/node_modules_next_dist_1e8vcs8._.js:776
[ 1482136ms] [LOG] [Fast Refresh] done in 2906ms @ http://localhost:3000/_next/static/chunks/node_modules_next_dist_1e8vcs8._.js:776
[ 1482358ms] [LOG] [Fast Refresh] done in 2906ms @ http://localhost:3000/_next/static/chunks/node_modules_next_dist_1e8vcs8._.js:776
[ 1482672ms] [LOG] [Fast Refresh] done in 2906ms @ http://localhost:3000/_next/static/chunks/node_modules_next_dist_1e8vcs8._.js:776
[ 1482927ms] [LOG] [Fast Refresh] done in 2906ms @ http://localhost:3000/_next/static/chunks/node_modules_next_dist_1e8vcs8._.js:776
[ 1483110ms] [LOG] [Fast Refresh] done in 2906ms @ http://localhost:3000/_next/static/chunks/node_modules_next_dist_1e8vcs8._.js:776
[ 1483222ms] [LOG] [Fast Refresh] done in 2906ms @ http://localhost:3000/_next/static/chunks/node_modules_next_dist_1e8vcs8._.js:776
[ 1483377ms] [LOG] [Fast Refresh] done in 2906ms @ http://localhost:3000/_next/static/chunks/node_modules_next_dist_1e8vcs8._.js:776
[ 1483613ms] [LOG] [Fast Refresh] done in 2906ms @ http://localhost:3000/_next/static/chunks/node_modules_next_dist_1e8vcs8._.js:776
[ 1483760ms] [LOG] [Fast Refresh] done in 2906ms @ http://localhost:3000/_next/static/chunks/node_modules_next_dist_1e8vcs8._.js:776
[ 1483843ms] [LOG] [Fast Refresh] done in 2906ms @ http://localhost:3000/_next/static/chunks/node_modules_next_dist_1e8vcs8._.js:776
[ 1483919ms] [LOG] [Fast Refresh] done in 2906ms @ http://localhost:3000/_next/static/chunks/node_modules_next_dist_1e8vcs8._.js:776
[ 1484115ms] [LOG] [Fast Refresh] done in 2906ms @ http://localhost:3000/_next/static/chunks/node_modules_next_dist_1e8vcs8._.js:776
[ 1484231ms] [LOG] [Fast Refresh] done in 2906ms @ http://localhost:3000/_next/static/chunks/node_modules_next_dist_1e8vcs8._.js:776
[ 1484404ms] [LOG] [Fast Refresh] done in 2906ms @ http://localhost:3000/_next/static/chunks/node_modules_next_dist_1e8vcs8._.js:776
[ 1484635ms] [LOG] [Fast Refresh] done in 2906ms @ http://localhost:3000/_next/static/chunks/node_modules_next_dist_1e8vcs8._.js:776
[ 1484682ms] [LOG] [Fast Refresh] done in 2906ms @ http://localhost:3000/_next/static/chunks/node_modules_next_dist_1e8vcs8._.js:776
[ 1484831ms] [LOG] [Fast Refresh] done in 2906ms @ http://localhost:3000/_next/static/chunks/node_modules_next_dist_1e8vcs8._.js:776
[ 1484875ms] [LOG] [Fast Refresh] done in 2906ms @ http://localhost:3000/_next/static/chunks/node_modules_next_dist_1e8vcs8._.js:776
[ 1484974ms] [LOG] [Fast Refresh] done in 2906ms @ http://localhost:3000/_next/static/chunks/node_modules_next_dist_1e8vcs8._.js:776
[ 1485086ms] [LOG] [Fast Refresh] done in 2906ms @ http://localhost:3000/_next/static/chunks/node_modules_next_dist_1e8vcs8._.js:776
[ 1485143ms] [LOG] [Fast Refresh] done in 2906ms @ http://localhost:3000/_next/static/chunks/node_modules_next_dist_1e8vcs8._.js:776
[ 1485226ms] [LOG] [Fast Refresh] done in 2906ms @ http://localhost:3000/_next/static/chunks/node_modules_next_dist_1e8vcs8._.js:776
[ 1485281ms] [LOG] [Fast Refresh] done in 2906ms @ http://localhost:3000/_next/static/chunks/node_modules_next_dist_1e8vcs8._.js:776
[ 1485331ms] [LOG] [Fast Refresh] done in 2906ms @ http://localhost:3000/_next/static/chunks/node_modules_next_dist_1e8vcs8._.js:776
[ 1485396ms] [LOG] [Fast Refresh] done in 2906ms @ http://localhost:3000/_next/static/chunks/node_modules_next_dist_1e8vcs8._.js:776
[ 1485503ms] [LOG] [Fast Refresh] done in 2906ms @ http://localhost:3000/_next/static/chunks/node_modules_next_dist_1e8vcs8._.js:776
[ 1485580ms] [LOG] [Fast Refresh] done in 2906ms @ http://localhost:3000/_next/static/chunks/node_modules_next_dist_1e8vcs8._.js:776
[ 1485616ms] [LOG] [Fast Refresh] done in 2906ms @ http://localhost:3000/_next/static/chunks/node_modules_next_dist_1e8vcs8._.js:776
[ 1485672ms] [LOG] [Fast Refresh] done in 2906ms @ http://localhost:3000/_next/static/chunks/node_modules_next_dist_1e8vcs8._.js:776
[ 1485733ms] [LOG] [Fast Refresh] done in 2906ms @ http://localhost:3000/_next/static/chunks/node_modules_next_dist_1e8vcs8._.js:776
[ 1485978ms] [LOG] [Fast Refresh] done in 2906ms @ http://localhost:3000/_next/static/chunks/node_modules_next_dist_1e8vcs8._.js:776
[ 1486032ms] [LOG] [Fast Refresh] done in 2906ms @ http://localhost:3000/_next/static/chunks/node_modules_next_dist_1e8vcs8._.js:776
[ 1486070ms] [LOG] [Fast Refresh] done in 2906ms @ http://localhost:3000/_next/static/chunks/node_modules_next_dist_1e8vcs8._.js:776
[ 1486132ms] [LOG] [Fast Refresh] done in 2906ms @ http://localhost:3000/_next/static/chunks/node_modules_next_dist_1e8vcs8._.js:776
[ 1486219ms] [LOG] [Fast Refresh] done in 2906ms @ http://localhost:3000/_next/static/chunks/node_modules_next_dist_1e8vcs8._.js:776
[ 1486449ms] [LOG] [Fast Refresh] done in 2906ms @ http://localhost:3000/_next/static/chunks/node_modules_next_dist_1e8vcs8._.js:776
[ 1486576ms] [LOG] [Fast Refresh] done in 2906ms @ http://localhost:3000/_next/static/chunks/node_modules_next_dist_1e8vcs8._.js:776
[ 1486654ms] [LOG] [Fast Refresh] done in 2906ms @ http://localhost:3000/_next/static/chunks/node_modules_next_dist_1e8vcs8._.js:776
[ 1486756ms] [LOG] [Fast Refresh] done in 2906ms @ http://localhost:3000/_next/static/chunks/node_modules_next_dist_1e8vcs8._.js:776
[ 1486848ms] [LOG] [Fast Refresh] done in 2906ms @ http://localhost:3000/_next/static/chunks/node_modules_next_dist_1e8vcs8._.js:776
[ 1486936ms] [LOG] [Fast Refresh] done in 2906ms @ http://localhost:3000/_next/static/chunks/node_modules_next_dist_1e8vcs8._.js:776
[ 1487068ms] [LOG] [Fast Refresh] done in 2906ms @ http://localhost:3000/_next/static/chunks/node_modules_next_dist_1e8vcs8._.js:776
[ 1487133ms] [LOG] [Fast Refresh] done in 2906ms @ http://localhost:3000/_next/static/chunks/node_modules_next_dist_1e8vcs8._.js:776
[ 1487205ms] [LOG] [Fast Refresh] done in 2906ms @ http://localhost:3000/_next/static/chunks/node_modules_next_dist_1e8vcs8._.js:776
[ 1488031ms] [LOG] [Fast Refresh] rebuilding @ http://localhost:3000/_next/static/chunks/node_modules_next_dist_1e8vcs8._.js:776
[ 1489264ms] [LOG] [Fast Refresh] done in 1334ms @ http://localhost:3000/_next/static/chunks/node_modules_next_dist_1e8vcs8._.js:776
[ 1489291ms] [LOG] [Fast Refresh] rebuilding @ http://localhost:3000/_next/static/chunks/node_modules_next_dist_1e8vcs8._.js:776
[ 1489600ms] [LOG] [Fast Refresh] done in 6ms @ http://localhost:3000/_next/static/chunks/node_modules_next_dist_1e8vcs8._.js:776
[ 1490461ms] [LOG] [Fast Refresh] done in 1020ms @ http://localhost:3000/_next/static/chunks/node_modules_next_dist_1e8vcs8._.js:776
[ 1490876ms] [LOG] [Fast Refresh] done in 1020ms @ http://localhost:3000/_next/static/chunks/node_modules_next_dist_1e8vcs8._.js:776
[ 1491026ms] [LOG] [Fast Refresh] done in 1020ms @ http://localhost:3000/_next/static/chunks/node_modules_next_dist_1e8vcs8._.js:776
[ 1491099ms] [LOG] [Fast Refresh] done in 1020ms @ http://localhost:3000/_next/static/chunks/node_modules_next_dist_1e8vcs8._.js:776
[ 1491243ms] [LOG] [Fast Refresh] done in 1020ms @ http://localhost:3000/_next/static/chunks/node_modules_next_dist_1e8vcs8._.js:776
[ 1491302ms] [LOG] [Fast Refresh] done in 1020ms @ http://localhost:3000/_next/static/chunks/node_modules_next_dist_1e8vcs8._.js:776
[ 1491355ms] [LOG] [Fast Refresh] done in 1020ms @ http://localhost:3000/_next/static/chunks/node_modules_next_dist_1e8vcs8._.js:776
[ 1491429ms] [LOG] [Fast Refresh] done in 1020ms @ http://localhost:3000/_next/static/chunks/node_modules_next_dist_1e8vcs8._.js:776
[ 1491559ms] [LOG] [Fast Refresh] done in 1020ms @ http://localhost:3000/_next/static/chunks/node_modules_next_dist_1e8vcs8._.js:776
[ 1491716ms] [LOG] [Fast Refresh] done in 1020ms @ http://localhost:3000/_next/static/chunks/node_modules_next_dist_1e8vcs8._.js:776
[ 1492087ms] [LOG] [Fast Refresh] done in 1020ms @ http://localhost:3000/_next/static/chunks/node_modules_next_dist_1e8vcs8._.js:776
[ 1492477ms] [LOG] [Fast Refresh] done in 1020ms @ http://localhost:3000/_next/static/chunks/node_modules_next_dist_1e8vcs8._.js:776
[ 1492685ms] [LOG] [Fast Refresh] done in 1020ms @ http://localhost:3000/_next/static/chunks/node_modules_next_dist_1e8vcs8._.js:776
[ 1493113ms] [LOG] [Fast Refresh] done in 1020ms @ http://localhost:3000/_next/static/chunks/node_modules_next_dist_1e8vcs8._.js:776
[ 1493295ms] [LOG] [Fast Refresh] done in 1020ms @ http://localhost:3000/_next/static/chunks/node_modules_next_dist_1e8vcs8._.js:776
[ 1493416ms] [LOG] [Fast Refresh] done in 1020ms @ http://localhost:3000/_next/static/chunks/node_modules_next_dist_1e8vcs8._.js:776
[ 1493616ms] [LOG] [Fast Refresh] done in 1020ms @ http://localhost:3000/_next/static/chunks/node_modules_next_dist_1e8vcs8._.js:776
[ 1493851ms] [LOG] [Fast Refresh] done in 1020ms @ http://localhost:3000/_next/static/chunks/node_modules_next_dist_1e8vcs8._.js:776
[ 1494076ms] [LOG] [Fast Refresh] done in 1020ms @ http://localhost:3000/_next/static/chunks/node_modules_next_dist_1e8vcs8._.js:776
[ 1494251ms] [LOG] [Fast Refresh] done in 1020ms @ http://localhost:3000/_next/static/chunks/node_modules_next_dist_1e8vcs8._.js:776
[ 1494317ms] [LOG] [Fast Refresh] done in 1020ms @ http://localhost:3000/_next/static/chunks/node_modules_next_dist_1e8vcs8._.js:776
[ 1494508ms] [LOG] [Fast Refresh] done in 1020ms @ http://localhost:3000/_next/static/chunks/node_modules_next_dist_1e8vcs8._.js:776
[ 1494627ms] [LOG] [Fast Refresh] done in 1020ms @ http://localhost:3000/_next/static/chunks/node_modules_next_dist_1e8vcs8._.js:776
[ 1494882ms] [LOG] [Fast Refresh] done in 1020ms @ http://localhost:3000/_next/static/chunks/node_modules_next_dist_1e8vcs8._.js:776
[ 1494963ms] [LOG] [Fast Refresh] done in 1020ms @ http://localhost:3000/_next/static/chunks/node_modules_next_dist_1e8vcs8._.js:776
[ 1495126ms] [LOG] [Fast Refresh] done in 1020ms @ http://localhost:3000/_next/static/chunks/node_modules_next_dist_1e8vcs8._.js:776
[ 1495193ms] [LOG] [Fast Refresh] done in 1020ms @ http://localhost:3000/_next/static/chunks/node_modules_next_dist_1e8vcs8._.js:776
[ 1495260ms] [LOG] [Fast Refresh] done in 1020ms @ http://localhost:3000/_next/static/chunks/node_modules_next_dist_1e8vcs8._.js:776
[ 1495343ms] [LOG] [Fast Refresh] done in 1020ms @ http://localhost:3000/_next/static/chunks/node_modules_next_dist_1e8vcs8._.js:776
[ 1495406ms] [LOG] [Fast Refresh] done in 1020ms @ http://localhost:3000/_next/static/chunks/node_modules_next_dist_1e8vcs8._.js:776
[ 1495591ms] [LOG] [Fast Refresh] done in 1020ms @ http://localhost:3000/_next/static/chunks/node_modules_next_dist_1e8vcs8._.js:776
[ 1495669ms] [LOG] [Fast Refresh] done in 1020ms @ http://localhost:3000/_next/static/chunks/node_modules_next_dist_1e8vcs8._.js:776
[ 1495793ms] [LOG] [Fast Refresh] done in 1020ms @ http://localhost:3000/_next/static/chunks/node_modules_next_dist_1e8vcs8._.js:776
[ 1495921ms] [LOG] [Fast Refresh] done in 1020ms @ http://localhost:3000/_next/static/chunks/node_modules_next_dist_1e8vcs8._.js:776
[ 1495964ms] [LOG] [Fast Refresh] done in 1020ms @ http://localhost:3000/_next/static/chunks/node_modules_next_dist_1e8vcs8._.js:776
[ 1496066ms] [LOG] [Fast Refresh] done in 1020ms @ http://localhost:3000/_next/static/chunks/node_modules_next_dist_1e8vcs8._.js:776
[ 1496151ms] [LOG] [Fast Refresh] done in 1020ms @ http://localhost:3000/_next/static/chunks/node_modules_next_dist_1e8vcs8._.js:776
[ 1496220ms] [LOG] [Fast Refresh] done in 1020ms @ http://localhost:3000/_next/static/chunks/node_modules_next_dist_1e8vcs8._.js:776
[ 1496311ms] [LOG] [Fast Refresh] done in 1020ms @ http://localhost:3000/_next/static/chunks/node_modules_next_dist_1e8vcs8._.js:776
[ 1496347ms] [LOG] [Fast Refresh] done in 1020ms @ http://localhost:3000/_next/static/chunks/node_modules_next_dist_1e8vcs8._.js:776
[ 1496422ms] [LOG] [Fast Refresh] done in 1020ms @ http://localhost:3000/_next/static/chunks/node_modules_next_dist_1e8vcs8._.js:776
[ 1496476ms] [LOG] [Fast Refresh] done in 1020ms @ http://localhost:3000/_next/static/chunks/node_modules_next_dist_1e8vcs8._.js:776
[ 1496533ms] [LOG] [Fast Refresh] done in 1020ms @ http://localhost:3000/_next/static/chunks/node_modules_next_dist_1e8vcs8._.js:776
[ 1496578ms] [LOG] [Fast Refresh] done in 1020ms @ http://localhost:3000/_next/static/chunks/node_modules_next_dist_1e8vcs8._.js:776
[ 1496618ms] [LOG] [Fast Refresh] done in 1020ms @ http://localhost:3000/_next/static/chunks/node_modules_next_dist_1e8vcs8._.js:776
[ 1496655ms] [LOG] [Fast Refresh] done in 1020ms @ http://localhost:3000/_next/static/chunks/node_modules_next_dist_1e8vcs8._.js:776
[ 1496737ms] [LOG] [Fast Refresh] done in 1020ms @ http://localhost:3000/_next/static/chunks/node_modules_next_dist_1e8vcs8._.js:776
[ 1496808ms] [LOG] [Fast Refresh] done in 1020ms @ http://localhost:3000/_next/static/chunks/node_modules_next_dist_1e8vcs8._.js:776
[ 1496884ms] [LOG] [Fast Refresh] done in 1020ms @ http://localhost:3000/_next/static/chunks/node_modules_next_dist_1e8vcs8._.js:776
[ 1496936ms] [LOG] [Fast Refresh] done in 1020ms @ http://localhost:3000/_next/static/chunks/node_modules_next_dist_1e8vcs8._.js:776
[ 1496989ms] [LOG] [Fast Refresh] done in 1020ms @ http://localhost:3000/_next/static/chunks/node_modules_next_dist_1e8vcs8._.js:776
[ 1497052ms] [LOG] [Fast Refresh] done in 1020ms @ http://localhost:3000/_next/static/chunks/node_modules_next_dist_1e8vcs8._.js:776
[ 1497132ms] [LOG] [Fast Refresh] done in 1020ms @ http://localhost:3000/_next/static/chunks/node_modules_next_dist_1e8vcs8._.js:776
[ 1497233ms] [LOG] [Fast Refresh] done in 1020ms @ http://localhost:3000/_next/static/chunks/node_modules_next_dist_1e8vcs8._.js:776
[ 1497307ms] [LOG] [Fast Refresh] done in 1020ms @ http://localhost:3000/_next/static/chunks/node_modules_next_dist_1e8vcs8._.js:776
[ 1497424ms] [LOG] [Fast Refresh] done in 1020ms @ http://localhost:3000/_next/static/chunks/node_modules_next_dist_1e8vcs8._.js:776
[ 1497513ms] [LOG] [Fast Refresh] done in 1020ms @ http://localhost:3000/_next/static/chunks/node_modules_next_dist_1e8vcs8._.js:776
[ 1497678ms] [LOG] [Fast Refresh] done in 1020ms @ http://localhost:3000/_next/static/chunks/node_modules_next_dist_1e8vcs8._.js:776
[ 1497819ms] [LOG] [Fast Refresh] done in 1020ms @ http://localhost:3000/_next/static/chunks/node_modules_next_dist_1e8vcs8._.js:776
[ 1497897ms] [LOG] [Fast Refresh] done in 1020ms @ http://localhost:3000/_next/static/chunks/node_modules_next_dist_1e8vcs8._.js:776
[ 1497939ms] [LOG] [Fast Refresh] done in 1020ms @ http://localhost:3000/_next/static/chunks/node_modules_next_dist_1e8vcs8._.js:776
[ 1497999ms] [LOG] [Fast Refresh] done in 1020ms @ http://localhost:3000/_next/static/chunks/node_modules_next_dist_1e8vcs8._.js:776
[ 1498208ms] [LOG] [Fast Refresh] done in 1020ms @ http://localhost:3000/_next/static/chunks/node_modules_next_dist_1e8vcs8._.js:776
[ 1498352ms] [LOG] [Fast Refresh] done in 1020ms @ http://localhost:3000/_next/static/chunks/node_modules_next_dist_1e8vcs8._.js:776
[ 1498680ms] [LOG] [Fast Refresh] done in 1020ms @ http://localhost:3000/_next/static/chunks/node_modules_next_dist_1e8vcs8._.js:776
[ 1498748ms] [LOG] [Fast Refresh] done in 1020ms @ http://localhost:3000/_next/static/chunks/node_modules_next_dist_1e8vcs8._.js:776
[ 1498948ms] [LOG] [Fast Refresh] done in 1020ms @ http://localhost:3000/_next/static/chunks/node_modules_next_dist_1e8vcs8._.js:776
[ 1499082ms] [LOG] [Fast Refresh] done in 1020ms @ http://localhost:3000/_next/static/chunks/node_modules_next_dist_1e8vcs8._.js:776
[ 1499209ms] [LOG] [Fast Refresh] done in 1020ms @ http://localhost:3000/_next/static/chunks/node_modules_next_dist_1e8vcs8._.js:776
[ 1499575ms] [LOG] [Fast Refresh] done in 1020ms @ http://localhost:3000/_next/static/chunks/node_modules_next_dist_1e8vcs8._.js:776
[ 1499670ms] [LOG] [Fast Refresh] done in 1020ms @ http://localhost:3000/_next/static/chunks/node_modules_next_dist_1e8vcs8._.js:776
[ 1499886ms] [LOG] [Fast Refresh] done in 1020ms @ http://localhost:3000/_next/static/chunks/node_modules_next_dist_1e8vcs8._.js:776
[ 1499954ms] [LOG] [Fast Refresh] done in 1020ms @ http://localhost:3000/_next/static/chunks/node_modules_next_dist_1e8vcs8._.js:776
[ 1500033ms] [LOG] [Fast Refresh] done in 1020ms @ http://localhost:3000/_next/static/chunks/node_modules_next_dist_1e8vcs8._.js:776
[ 1500100ms] [LOG] [Fast Refresh] done in 1020ms @ http://localhost:3000/_next/static/chunks/node_modules_next_dist_1e8vcs8._.js:776
[ 1500177ms] [LOG] [Fast Refresh] done in 1020ms @ http://localhost:3000/_next/static/chunks/node_modules_next_dist_1e8vcs8._.js:776
[ 1500421ms] [LOG] [Fast Refresh] done in 1020ms @ http://localhost:3000/_next/static/chunks/node_modules_next_dist_1e8vcs8._.js:776
[ 1500487ms] [LOG] [Fast Refresh] done in 1020ms @ http://localhost:3000/_next/static/chunks/node_modules_next_dist_1e8vcs8._.js:776
[ 1500551ms] [LOG] [Fast Refresh] done in 1020ms @ http://localhost:3000/_next/static/chunks/node_modules_next_dist_1e8vcs8._.js:776
[ 1500598ms] [LOG] [Fast Refresh] done in 1020ms @ http://localhost:3000/_next/static/chunks/node_modules_next_dist_1e8vcs8._.js:776
[ 1500644ms] [LOG] [Fast Refresh] done in 1020ms @ http://localhost:3000/_next/static/chunks/node_modules_next_dist_1e8vcs8._.js:776
[ 1500842ms] [LOG] [Fast Refresh] done in 1020ms @ http://localhost:3000/_next/static/chunks/node_modules_next_dist_1e8vcs8._.js:776
[ 1500981ms] [LOG] [Fast Refresh] done in 1020ms @ http://localhost:3000/_next/static/chunks/node_modules_next_dist_1e8vcs8._.js:776
[ 1501230ms] [LOG] [Fast Refresh] done in 1020ms @ http://localhost:3000/_next/static/chunks/node_modules_next_dist_1e8vcs8._.js:776
[ 1501469ms] [LOG] [Fast Refresh] done in 1020ms @ http://localhost:3000/_next/static/chunks/node_modules_next_dist_1e8vcs8._.js:776
[ 1501966ms] [LOG] [Fast Refresh] done in 1020ms @ http://localhost:3000/_next/static/chunks/node_modules_next_dist_1e8vcs8._.js:776
[ 1502248ms] [LOG] [Fast Refresh] done in 1020ms @ http://localhost:3000/_next/static/chunks/node_modules_next_dist_1e8vcs8._.js:776
[ 1502395ms] [LOG] [Fast Refresh] done in 1020ms @ http://localhost:3000/_next/static/chunks/node_modules_next_dist_1e8vcs8._.js:776
[ 1502494ms] [LOG] [Fast Refresh] done in 1020ms @ http://localhost:3000/_next/static/chunks/node_modules_next_dist_1e8vcs8._.js:776
[ 1502589ms] [LOG] [Fast Refresh] done in 1020ms @ http://localhost:3000/_next/static/chunks/node_modules_next_dist_1e8vcs8._.js:776
[ 1503028ms] [LOG] [Fast Refresh] done in 1020ms @ http://localhost:3000/_next/static/chunks/node_modules_next_dist_1e8vcs8._.js:776
[ 1503752ms] [LOG] [Fast Refresh] done in 1020ms @ http://localhost:3000/_next/static/chunks/node_modules_next_dist_1e8vcs8._.js:776
[ 1503752ms] [LOG] [Fast Refresh] done in 1020ms @ http://localhost:3000/_next/static/chunks/node_modules_next_dist_1e8vcs8._.js:776
[ 1504251ms] [LOG] [Fast Refresh] done in 1020ms @ http://localhost:3000/_next/static/chunks/node_modules_next_dist_1e8vcs8._.js:776
[ 1504252ms] [LOG] [Fast Refresh] done in 1020ms @ http://localhost:3000/_next/static/chunks/node_modules_next_dist_1e8vcs8._.js:776
[ 1504329ms] [LOG] [Fast Refresh] done in 1020ms @ http://localhost:3000/_next/static/chunks/node_modules_next_dist_1e8vcs8._.js:776
[ 1504934ms] [LOG] [Fast Refresh] done in 1020ms @ http://localhost:3000/_next/static/chunks/node_modules_next_dist_1e8vcs8._.js:776
[ 1505205ms] [LOG] [Fast Refresh] done in 1020ms @ http://localhost:3000/_next/static/chunks/node_modules_next_dist_1e8vcs8._.js:776
[ 1505270ms] [LOG] [Fast Refresh] done in 1020ms @ http://localhost:3000/_next/static/chunks/node_modules_next_dist_1e8vcs8._.js:776
[ 1505333ms] [LOG] [Fast Refresh] done in 1020ms @ http://localhost:3000/_next/static/chunks/node_modules_next_dist_1e8vcs8._.js:776
[ 1505440ms] [LOG] [Fast Refresh] done in 1020ms @ http://localhost:3000/_next/static/chunks/node_modules_next_dist_1e8vcs8._.js:776
[ 1505580ms] [LOG] [Fast Refresh] done in 1020ms @ http://localhost:3000/_next/static/chunks/node_modules_next_dist_1e8vcs8._.js:776
[ 1505638ms] [LOG] [Fast Refresh] done in 1020ms @ http://localhost:3000/_next/static/chunks/node_modules_next_dist_1e8vcs8._.js:776
[ 1505724ms] [LOG] [Fast Refresh] done in 1020ms @ http://localhost:3000/_next/static/chunks/node_modules_next_dist_1e8vcs8._.js:776
[ 1505775ms] [LOG] [Fast Refresh] done in 1020ms @ http://localhost:3000/_next/static/chunks/node_modules_next_dist_1e8vcs8._.js:776
[ 1505854ms] [LOG] [Fast Refresh] done in 1020ms @ http://localhost:3000/_next/static/chunks/node_modules_next_dist_1e8vcs8._.js:776
[ 1505919ms] [LOG] [Fast Refresh] done in 1020ms @ http://localhost:3000/_next/static/chunks/node_modules_next_dist_1e8vcs8._.js:776
[ 1505968ms] [LOG] [Fast Refresh] done in 1020ms @ http://localhost:3000/_next/static/chunks/node_modules_next_dist_1e8vcs8._.js:776
[ 1506044ms] [LOG] [Fast Refresh] done in 1020ms @ http://localhost:3000/_next/static/chunks/node_modules_next_dist_1e8vcs8._.js:776
[ 1506102ms] [LOG] [Fast Refresh] done in 1020ms @ http://localhost:3000/_next/static/chunks/node_modules_next_dist_1e8vcs8._.js:776
[ 1506162ms] [LOG] [Fast Refresh] done in 1020ms @ http://localhost:3000/_next/static/chunks/node_modules_next_dist_1e8vcs8._.js:776
[ 1506220ms] [LOG] [Fast Refresh] done in 1020ms @ http://localhost:3000/_next/static/chunks/node_modules_next_dist_1e8vcs8._.js:776
[ 1506293ms] [LOG] [Fast Refresh] done in 1020ms @ http://localhost:3000/_next/static/chunks/node_modules_next_dist_1e8vcs8._.js:776
[ 1506350ms] [LOG] [Fast Refresh] done in 1020ms @ http://localhost:3000/_next/static/chunks/node_modules_next_dist_1e8vcs8._.js:776
[ 1506460ms] [LOG] [Fast Refresh] done in 1020ms @ http://localhost:3000/_next/static/chunks/node_modules_next_dist_1e8vcs8._.js:776
[ 1506571ms] [LOG] [Fast Refresh] done in 1020ms @ http://localhost:3000/_next/static/chunks/node_modules_next_dist_1e8vcs8._.js:776
[ 1506624ms] [LOG] [Fast Refresh] done in 1020ms @ http://localhost:3000/_next/static/chunks/node_modules_next_dist_1e8vcs8._.js:776
[ 1506730ms] [LOG] [Fast Refresh] done in 1020ms @ http://localhost:3000/_next/static/chunks/node_modules_next_dist_1e8vcs8._.js:776
[ 1506987ms] [LOG] [Fast Refresh] done in 1020ms @ http://localhost:3000/_next/static/chunks/node_modules_next_dist_1e8vcs8._.js:776
[ 1507538ms] [LOG] [Fast Refresh] done in 1020ms @ http://localhost:3000/_next/static/chunks/node_modules_next_dist_1e8vcs8._.js:776
[ 1507669ms] [LOG] [Fast Refresh] done in 1020ms @ http://localhost:3000/_next/static/chunks/node_modules_next_dist_1e8vcs8._.js:776
[ 1507893ms] [LOG] [Fast Refresh] done in 1020ms @ http://localhost:3000/_next/static/chunks/node_modules_next_dist_1e8vcs8._.js:776
[ 1508038ms] [LOG] [Fast Refresh] done in 1020ms @ http://localhost:3000/_next/static/chunks/node_modules_next_dist_1e8vcs8._.js:776
[ 1508183ms] [LOG] [Fast Refresh] done in 1020ms @ http://localhost:3000/_next/static/chunks/node_modules_next_dist_1e8vcs8._.js:776
[ 1508330ms] [LOG] [Fast Refresh] done in 1020ms @ http://localhost:3000/_next/static/chunks/node_modules_next_dist_1e8vcs8._.js:776
[ 1508469ms] [LOG] [Fast Refresh] done in 1020ms @ http://localhost:3000/_next/static/chunks/node_modules_next_dist_1e8vcs8._.js:776
[ 1508641ms] [LOG] [Fast Refresh] done in 1020ms @ http://localhost:3000/_next/static/chunks/node_modules_next_dist_1e8vcs8._.js:776
[ 1508771ms] [LOG] [Fast Refresh] done in 1020ms @ http://localhost:3000/_next/static/chunks/node_modules_next_dist_1e8vcs8._.js:776
[ 1508822ms] [LOG] [Fast Refresh] done in 1020ms @ http://localhost:3000/_next/static/chunks/node_modules_next_dist_1e8vcs8._.js:776
[ 1508928ms] [LOG] [Fast Refresh] done in 1020ms @ http://localhost:3000/_next/static/chunks/node_modules_next_dist_1e8vcs8._.js:776
[ 1509001ms] [LOG] [Fast Refresh] done in 1020ms @ http://localhost:3000/_next/static/chunks/node_modules_next_dist_1e8vcs8._.js:776
[ 1509114ms] [LOG] [Fast Refresh] done in 1020ms @ http://localhost:3000/_next/static/chunks/node_modules_next_dist_1e8vcs8._.js:776
[ 1509289ms] [LOG] [Fast Refresh] done in 1020ms @ http://localhost:3000/_next/static/chunks/node_modules_next_dist_1e8vcs8._.js:776
[ 1509488ms] [LOG] [Fast Refresh] done in 1020ms @ http://localhost:3000/_next/static/chunks/node_modules_next_dist_1e8vcs8._.js:776
[ 1509823ms] [LOG] [Fast Refresh] done in 1020ms @ http://localhost:3000/_next/static/chunks/node_modules_next_dist_1e8vcs8._.js:776
[ 1510044ms] [LOG] [Fast Refresh] done in 1020ms @ http://localhost:3000/_next/static/chunks/node_modules_next_dist_1e8vcs8._.js:776
[ 1510122ms] [LOG] [Fast Refresh] done in 1020ms @ http://localhost:3000/_next/static/chunks/node_modules_next_dist_1e8vcs8._.js:776
[ 1510288ms] [LOG] [Fast Refresh] done in 1020ms @ http://localhost:3000/_next/static/chunks/node_modules_next_dist_1e8vcs8._.js:776
[ 1510345ms] [LOG] [Fast Refresh] done in 1020ms @ http://localhost:3000/_next/static/chunks/node_modules_next_dist_1e8vcs8._.js:776
[ 1510519ms] [LOG] [Fast Refresh] done in 1020ms @ http://localhost:3000/_next/static/chunks/node_modules_next_dist_1e8vcs8._.js:776
[ 1510576ms] [LOG] [Fast Refresh] done in 1020ms @ http://localhost:3000/_next/static/chunks/node_modules_next_dist_1e8vcs8._.js:776
[ 1510634ms] [LOG] [Fast Refresh] done in 1020ms @ http://localhost:3000/_next/static/chunks/node_modules_next_dist_1e8vcs8._.js:776
[ 1510702ms] [LOG] [Fast Refresh] done in 1020ms @ http://localhost:3000/_next/static/chunks/node_modules_next_dist_1e8vcs8._.js:776
[ 1510775ms] [LOG] [Fast Refresh] done in 1020ms @ http://localhost:3000/_next/static/chunks/node_modules_next_dist_1e8vcs8._.js:776
[ 1510892ms] [LOG] [Fast Refresh] done in 1020ms @ http://localhost:3000/_next/static/chunks/node_modules_next_dist_1e8vcs8._.js:776
[ 1510981ms] [LOG] [Fast Refresh] done in 1020ms @ http://localhost:3000/_next/static/chunks/node_modules_next_dist_1e8vcs8._.js:776
[ 1511040ms] [LOG] [Fast Refresh] done in 1020ms @ http://localhost:3000/_next/static/chunks/node_modules_next_dist_1e8vcs8._.js:776
[ 1511090ms] [LOG] [Fast Refresh] done in 1020ms @ http://localhost:3000/_next/static/chunks/node_modules_next_dist_1e8vcs8._.js:776
[ 1511195ms] [LOG] [Fast Refresh] done in 1020ms @ http://localhost:3000/_next/static/chunks/node_modules_next_dist_1e8vcs8._.js:776
[ 1511243ms] [LOG] [Fast Refresh] done in 1020ms @ http://localhost:3000/_next/static/chunks/node_modules_next_dist_1e8vcs8._.js:776
[ 1511322ms] [LOG] [Fast Refresh] done in 1020ms @ http://localhost:3000/_next/static/chunks/node_modules_next_dist_1e8vcs8._.js:776
[ 1511370ms] [LOG] [Fast Refresh] done in 1020ms @ http://localhost:3000/_next/static/chunks/node_modules_next_dist_1e8vcs8._.js:776
[ 1511448ms] [LOG] [Fast Refresh] done in 1020ms @ http://localhost:3000/_next/static/chunks/node_modules_next_dist_1e8vcs8._.js:776
[ 1511561ms] [LOG] [Fast Refresh] done in 1020ms @ http://localhost:3000/_next/static/chunks/node_modules_next_dist_1e8vcs8._.js:776
[ 1511613ms] [LOG] [Fast Refresh] done in 1020ms @ http://localhost:3000/_next/static/chunks/node_modules_next_dist_1e8vcs8._.js:776
[ 1511650ms] [LOG] [Fast Refresh] done in 1020ms @ http://localhost:3000/_next/static/chunks/node_modules_next_dist_1e8vcs8._.js:776
[ 1511702ms] [LOG] [Fast Refresh] done in 1020ms @ http://localhost:3000/_next/static/chunks/node_modules_next_dist_1e8vcs8._.js:776
[ 1511753ms] [LOG] [Fast Refresh] done in 1020ms @ http://localhost:3000/_next/static/chunks/node_modules_next_dist_1e8vcs8._.js:776
[ 1511803ms] [LOG] [Fast Refresh] done in 1020ms @ http://localhost:3000/_next/static/chunks/node_modules_next_dist_1e8vcs8._.js:776
[ 1511849ms] [LOG] [Fast Refresh] done in 1020ms @ http://localhost:3000/_next/static/chunks/node_modules_next_dist_1e8vcs8._.js:776
[ 1511898ms] [LOG] [Fast Refresh] done in 1020ms @ http://localhost:3000/_next/static/chunks/node_modules_next_dist_1e8vcs8._.js:776
[ 1511949ms] [LOG] [Fast Refresh] done in 1020ms @ http://localhost:3000/_next/static/chunks/node_modules_next_dist_1e8vcs8._.js:776
[ 1512073ms] [LOG] [Fast Refresh] done in 1020ms @ http://localhost:3000/_next/static/chunks/node_modules_next_dist_1e8vcs8._.js:776
[ 1512125ms] [LOG] [Fast Refresh] done in 1020ms @ http://localhost:3000/_next/static/chunks/node_modules_next_dist_1e8vcs8._.js:776
[ 1512184ms] [LOG] [Fast Refresh] done in 1020ms @ http://localhost:3000/_next/static/chunks/node_modules_next_dist_1e8vcs8._.js:776
[ 1512218ms] [LOG] [Fast Refresh] done in 1020ms @ http://localhost:3000/_next/static/chunks/node_modules_next_dist_1e8vcs8._.js:776
[ 1512271ms] [LOG] [Fast Refresh] done in 1020ms @ http://localhost:3000/_next/static/chunks/node_modules_next_dist_1e8vcs8._.js:776
[ 1512538ms] [LOG] [Fast Refresh] done in 1020ms @ http://localhost:3000/_next/static/chunks/node_modules_next_dist_1e8vcs8._.js:776
[ 1512632ms] [LOG] [Fast Refresh] done in 1020ms @ http://localhost:3000/_next/static/chunks/node_modules_next_dist_1e8vcs8._.js:776
[ 1512707ms] [LOG] [Fast Refresh] done in 1020ms @ http://localhost:3000/_next/static/chunks/node_modules_next_dist_1e8vcs8._.js:776
[ 1512789ms] [LOG] [Fast Refresh] done in 1020ms @ http://localhost:3000/_next/static/chunks/node_modules_next_dist_1e8vcs8._.js:776
[ 1512871ms] [LOG] [Fast Refresh] done in 1020ms @ http://localhost:3000/_next/static/chunks/node_modules_next_dist_1e8vcs8._.js:776
[ 1512991ms] [LOG] [Fast Refresh] done in 1020ms @ http://localhost:3000/_next/static/chunks/node_modules_next_dist_1e8vcs8._.js:776
[ 1513078ms] [LOG] [Fast Refresh] done in 1020ms @ http://localhost:3000/_next/static/chunks/node_modules_next_dist_1e8vcs8._.js:776
[ 1513138ms] [LOG] [Fast Refresh] done in 1020ms @ http://localhost:3000/_next/static/chunks/node_modules_next_dist_1e8vcs8._.js:776
[ 1513201ms] [LOG] [Fast Refresh] done in 1020ms @ http://localhost:3000/_next/static/chunks/node_modules_next_dist_1e8vcs8._.js:776
[ 1513262ms] [LOG] [Fast Refresh] done in 1020ms @ http://localhost:3000/_next/static/chunks/node_modules_next_dist_1e8vcs8._.js:776
[ 1513560ms] [LOG] [Fast Refresh] done in 1020ms @ http://localhost:3000/_next/static/chunks/node_modules_next_dist_1e8vcs8._.js:776
[ 1513616ms] [LOG] [Fast Refresh] done in 1020ms @ http://localhost:3000/_next/static/chunks/node_modules_next_dist_1e8vcs8._.js:776
[ 1513653ms] [LOG] [Fast Refresh] done in 1020ms @ http://localhost:3000/_next/static/chunks/node_modules_next_dist_1e8vcs8._.js:776
[ 1513871ms] [LOG] [Fast Refresh] done in 1020ms @ http://localhost:3000/_next/static/chunks/node_modules_next_dist_1e8vcs8._.js:776
[ 1514004ms] [LOG] [Fast Refresh] done in 1020ms @ http://localhost:3000/_next/static/chunks/node_modules_next_dist_1e8vcs8._.js:776
[ 1514129ms] [LOG] [Fast Refresh] done in 1020ms @ http://localhost:3000/_next/static/chunks/node_modules_next_dist_1e8vcs8._.js:776
[ 1514170ms] [LOG] [Fast Refresh] done in 1020ms @ http://localhost:3000/_next/static/chunks/node_modules_next_dist_1e8vcs8._.js:776
[ 1514421ms] [LOG] [Fast Refresh] done in 1020ms @ http://localhost:3000/_next/static/chunks/node_modules_next_dist_1e8vcs8._.js:776
[ 1514584ms] [LOG] [Fast Refresh] done in 1020ms @ http://localhost:3000/_next/static/chunks/node_modules_next_dist_1e8vcs8._.js:776
[ 1514666ms] [LOG] [Fast Refresh] done in 1020ms @ http://localhost:3000/_next/static/chunks/node_modules_next_dist_1e8vcs8._.js:776
[ 1514809ms] [LOG] [Fast Refresh] done in 1020ms @ http://localhost:3000/_next/static/chunks/node_modules_next_dist_1e8vcs8._.js:776
[ 1514955ms] [LOG] [Fast Refresh] done in 1020ms @ http://localhost:3000/_next/static/chunks/node_modules_next_dist_1e8vcs8._.js:776
[ 1515097ms] [LOG] [Fast Refresh] done in 1020ms @ http://localhost:3000/_next/static/chunks/node_modules_next_dist_1e8vcs8._.js:776
[ 1515171ms] [LOG] [Fast Refresh] done in 1020ms @ http://localhost:3000/_next/static/chunks/node_modules_next_dist_1e8vcs8._.js:776
[ 1515229ms] [LOG] [Fast Refresh] done in 1020ms @ http://localhost:3000/_next/static/chunks/node_modules_next_dist_1e8vcs8._.js:776
[ 1515339ms] [LOG] [Fast Refresh] done in 1020ms @ http://localhost:3000/_next/static/chunks/node_modules_next_dist_1e8vcs8._.js:776
[ 1515422ms] [LOG] [Fast Refresh] done in 1020ms @ http://localhost:3000/_next/static/chunks/node_modules_next_dist_1e8vcs8._.js:776
[ 1515488ms] [LOG] [Fast Refresh] done in 1020ms @ http://localhost:3000/_next/static/chunks/node_modules_next_dist_1e8vcs8._.js:776
[ 1515552ms] [LOG] [Fast Refresh] done in 1020ms @ http://localhost:3000/_next/static/chunks/node_modules_next_dist_1e8vcs8._.js:776
[ 1515594ms] [LOG] [Fast Refresh] done in 1020ms @ http://localhost:3000/_next/static/chunks/node_modules_next_dist_1e8vcs8._.js:776
[ 1515658ms] [LOG] [Fast Refresh] done in 1020ms @ http://localhost:3000/_next/static/chunks/node_modules_next_dist_1e8vcs8._.js:776
[ 1515725ms] [LOG] [Fast Refresh] done in 1020ms @ http://localhost:3000/_next/static/chunks/node_modules_next_dist_1e8vcs8._.js:776
[ 1515786ms] [LOG] [Fast Refresh] done in 1020ms @ http://localhost:3000/_next/static/chunks/node_modules_next_dist_1e8vcs8._.js:776
[ 1515842ms] [LOG] [Fast Refresh] done in 1020ms @ http://localhost:3000/_next/static/chunks/node_modules_next_dist_1e8vcs8._.js:776
[ 1515900ms] [LOG] [Fast Refresh] done in 1020ms @ http://localhost:3000/_next/static/chunks/node_modules_next_dist_1e8vcs8._.js:776
[ 1515950ms] [LOG] [Fast Refresh] done in 1020ms @ http://localhost:3000/_next/static/chunks/node_modules_next_dist_1e8vcs8._.js:776
[ 1515996ms] [LOG] [Fast Refresh] done in 1020ms @ http://localhost:3000/_next/static/chunks/node_modules_next_dist_1e8vcs8._.js:776
[ 1516095ms] [LOG] [Fast Refresh] done in 1020ms @ http://localhost:3000/_next/static/chunks/node_modules_next_dist_1e8vcs8._.js:776
[ 1516200ms] [LOG] [Fast Refresh] done in 1020ms @ http://localhost:3000/_next/static/chunks/node_modules_next_dist_1e8vcs8._.js:776
[ 1516254ms] [LOG] [Fast Refresh] done in 1020ms @ http://localhost:3000/_next/static/chunks/node_modules_next_dist_1e8vcs8._.js:776
[ 1516340ms] [LOG] [Fast Refresh] done in 1020ms @ http://localhost:3000/_next/static/chunks/node_modules_next_dist_1e8vcs8._.js:776
[ 1516387ms] [LOG] [Fast Refresh] done in 1020ms @ http://localhost:3000/_next/static/chunks/node_modules_next_dist_1e8vcs8._.js:776
[ 1516480ms] [LOG] [Fast Refresh] done in 1020ms @ http://localhost:3000/_next/static/chunks/node_modules_next_dist_1e8vcs8._.js:776
[ 1516554ms] [LOG] [Fast Refresh] done in 1020ms @ http://localhost:3000/_next/static/chunks/node_modules_next_dist_1e8vcs8._.js:776
[ 1516633ms] [LOG] [Fast Refresh] done in 1020ms @ http://localhost:3000/_next/static/chunks/node_modules_next_dist_1e8vcs8._.js:776
[ 1517016ms] [LOG] [Fast Refresh] done in 1020ms @ http://localhost:3000/_next/static/chunks/node_modules_next_dist_1e8vcs8._.js:776
[ 1517096ms] [LOG] [Fast Refresh] done in 1020ms @ http://localhost:3000/_next/static/chunks/node_modules_next_dist_1e8vcs8._.js:776
[ 1517169ms] [LOG] [Fast Refresh] done in 1020ms @ http://localhost:3000/_next/static/chunks/node_modules_next_dist_1e8vcs8._.js:776
[ 1517232ms] [LOG] [Fast Refresh] done in 1020ms @ http://localhost:3000/_next/static/chunks/node_modules_next_dist_1e8vcs8._.js:776
[ 1517347ms] [LOG] [Fast Refresh] done in 1020ms @ http://localhost:3000/_next/static/chunks/node_modules_next_dist_1e8vcs8._.js:776
[ 1517410ms] [LOG] [Fast Refresh] done in 1020ms @ http://localhost:3000/_next/static/chunks/node_modules_next_dist_1e8vcs8._.js:776
[ 1517476ms] [LOG] [Fast Refresh] done in 1020ms @ http://localhost:3000/_next/static/chunks/node_modules_next_dist_1e8vcs8._.js:776
[ 1517557ms] [LOG] [Fast Refresh] done in 1020ms @ http://localhost:3000/_next/static/chunks/node_modules_next_dist_1e8vcs8._.js:776
[ 1517621ms] [LOG] [Fast Refresh] done in 1020ms @ http://localhost:3000/_next/static/chunks/node_modules_next_dist_1e8vcs8._.js:776
[ 1517756ms] [LOG] [Fast Refresh] done in 1020ms @ http://localhost:3000/_next/static/chunks/node_modules_next_dist_1e8vcs8._.js:776
[ 1517803ms] [LOG] [Fast Refresh] done in 1020ms @ http://localhost:3000/_next/static/chunks/node_modules_next_dist_1e8vcs8._.js:776
[ 1517854ms] [LOG] [Fast Refresh] done in 1020ms @ http://localhost:3000/_next/static/chunks/node_modules_next_dist_1e8vcs8._.js:776
[ 1517916ms] [LOG] [Fast Refresh] done in 1020ms @ http://localhost:3000/_next/static/chunks/node_modules_next_dist_1e8vcs8._.js:776
[ 1518017ms] [LOG] [Fast Refresh] done in 1020ms @ http://localhost:3000/_next/static/chunks/node_modules_next_dist_1e8vcs8._.js:776
[ 1518233ms] [LOG] [Fast Refresh] done in 1020ms @ http://localhost:3000/_next/static/chunks/node_modules_next_dist_1e8vcs8._.js:776
[ 1518412ms] [LOG] [Fast Refresh] done in 1020ms @ http://localhost:3000/_next/static/chunks/node_modules_next_dist_1e8vcs8._.js:776
[ 1518498ms] [LOG] [Fast Refresh] done in 1020ms @ http://localhost:3000/_next/static/chunks/node_modules_next_dist_1e8vcs8._.js:776
[ 1518606ms] [LOG] [Fast Refresh] done in 1020ms @ http://localhost:3000/_next/static/chunks/node_modules_next_dist_1e8vcs8._.js:776
[ 1518659ms] [LOG] [Fast Refresh] done in 1020ms @ http://localhost:3000/_next/static/chunks/node_modules_next_dist_1e8vcs8._.js:776
[ 1518762ms] [LOG] [Fast Refresh] done in 1020ms @ http://localhost:3000/_next/static/chunks/node_modules_next_dist_1e8vcs8._.js:776
[ 1518810ms] [LOG] [Fast Refresh] done in 1020ms @ http://localhost:3000/_next/static/chunks/node_modules_next_dist_1e8vcs8._.js:776
[ 1518853ms] [LOG] [Fast Refresh] done in 1020ms @ http://localhost:3000/_next/static/chunks/node_modules_next_dist_1e8vcs8._.js:776
[ 1518999ms] [LOG] [Fast Refresh] done in 1020ms @ http://localhost:3000/_next/static/chunks/node_modules_next_dist_1e8vcs8._.js:776
[ 1519075ms] [LOG] [Fast Refresh] done in 1020ms @ http://localhost:3000/_next/static/chunks/node_modules_next_dist_1e8vcs8._.js:776
[ 1519156ms] [LOG] [Fast Refresh] done in 1020ms @ http://localhost:3000/_next/static/chunks/node_modules_next_dist_1e8vcs8._.js:776
[ 1519207ms] [LOG] [Fast Refresh] done in 1020ms @ http://localhost:3000/_next/static/chunks/node_modules_next_dist_1e8vcs8._.js:776
[ 1519281ms] [LOG] [Fast Refresh] done in 1020ms @ http://localhost:3000/_next/static/chunks/node_modules_next_dist_1e8vcs8._.js:776
[ 1519350ms] [LOG] [Fast Refresh] done in 1020ms @ http://localhost:3000/_next/static/chunks/node_modules_next_dist_1e8vcs8._.js:776
[ 1519611ms] [LOG] [Fast Refresh] done in 1020ms @ http://localhost:3000/_next/static/chunks/node_modules_next_dist_1e8vcs8._.js:776
[ 1519966ms] [LOG] [Fast Refresh] done in 1020ms @ http://localhost:3000/_next/static/chunks/node_modules_next_dist_1e8vcs8._.js:776
[ 1520084ms] [LOG] [Fast Refresh] done in 1020ms @ http://localhost:3000/_next/static/chunks/node_modules_next_dist_1e8vcs8._.js:776
[ 1520319ms] [LOG] [Fast Refresh] done in 1020ms @ http://localhost:3000/_next/static/chunks/node_modules_next_dist_1e8vcs8._.js:776
[ 1520449ms] [LOG] [Fast Refresh] done in 1020ms @ http://localhost:3000/_next/static/chunks/node_modules_next_dist_1e8vcs8._.js:776
[ 1520622ms] [LOG] [Fast Refresh] done in 1020ms @ http://localhost:3000/_next/static/chunks/node_modules_next_dist_1e8vcs8._.js:776
[ 1520920ms] [LOG] [Fast Refresh] done in 1020ms @ http://localhost:3000/_next/static/chunks/node_modules_next_dist_1e8vcs8._.js:776
[ 1521222ms] [LOG] [Fast Refresh] done in 1020ms @ http://localhost:3000/_next/static/chunks/node_modules_next_dist_1e8vcs8._.js:776
[ 1521365ms] [LOG] [Fast Refresh] done in 1020ms @ http://localhost:3000/_next/static/chunks/node_modules_next_dist_1e8vcs8._.js:776
[ 1521516ms] [LOG] [Fast Refresh] done in 1020ms @ http://localhost:3000/_next/static/chunks/node_modules_next_dist_1e8vcs8._.js:776
[ 1521595ms] [LOG] [Fast Refresh] done in 1020ms @ http://localhost:3000/_next/static/chunks/node_modules_next_dist_1e8vcs8._.js:776
[ 1521912ms] [LOG] [Fast Refresh] done in 1020ms @ http://localhost:3000/_next/static/chunks/node_modules_next_dist_1e8vcs8._.js:776
[ 1522091ms] [LOG] [Fast Refresh] done in 1020ms @ http://localhost:3000/_next/static/chunks/node_modules_next_dist_1e8vcs8._.js:776
[ 1522275ms] [LOG] [Fast Refresh] done in 1020ms @ http://localhost:3000/_next/static/chunks/node_modules_next_dist_1e8vcs8._.js:776
[ 1522367ms] [LOG] [Fast Refresh] done in 1020ms @ http://localhost:3000/_next/static/chunks/node_modules_next_dist_1e8vcs8._.js:776
[ 1522615ms] [LOG] [Fast Refresh] done in 1020ms @ http://localhost:3000/_next/static/chunks/node_modules_next_dist_1e8vcs8._.js:776
[ 1522749ms] [LOG] [Fast Refresh] done in 1020ms @ http://localhost:3000/_next/static/chunks/node_modules_next_dist_1e8vcs8._.js:776
[ 1522934ms] [LOG] [Fast Refresh] done in 1020ms @ http://localhost:3000/_next/static/chunks/node_modules_next_dist_1e8vcs8._.js:776
[ 1523058ms] [LOG] [Fast Refresh] done in 1020ms @ http://localhost:3000/_next/static/chunks/node_modules_next_dist_1e8vcs8._.js:776
[ 1523742ms] [LOG] [Fast Refresh] done in 1020ms @ http://localhost:3000/_next/static/chunks/node_modules_next_dist_1e8vcs8._.js:776
[ 1525944ms] [LOG] [Fast Refresh] done in 1020ms @ http://localhost:3000/_next/static/chunks/node_modules_next_dist_1e8vcs8._.js:776
[ 1526142ms] [LOG] [Fast Refresh] done in 1020ms @ http://localhost:3000/_next/static/chunks/node_modules_next_dist_1e8vcs8._.js:776
[ 1526248ms] [LOG] [Fast Refresh] done in 1020ms @ http://localhost:3000/_next/static/chunks/node_modules_next_dist_1e8vcs8._.js:776
[ 1526407ms] [LOG] [Fast Refresh] done in 1020ms @ http://localhost:3000/_next/static/chunks/node_modules_next_dist_1e8vcs8._.js:776
[ 1526511ms] [LOG] [Fast Refresh] done in 1020ms @ http://localhost:3000/_next/static/chunks/node_modules_next_dist_1e8vcs8._.js:776
[ 1526679ms] [LOG] [Fast Refresh] done in 1020ms @ http://localhost:3000/_next/static/chunks/node_modules_next_dist_1e8vcs8._.js:776
[ 1526874ms] [LOG] [Fast Refresh] done in 1020ms @ http://localhost:3000/_next/static/chunks/node_modules_next_dist_1e8vcs8._.js:776
[ 1526980ms] [LOG] [Fast Refresh] done in 1020ms @ http://localhost:3000/_next/static/chunks/node_modules_next_dist_1e8vcs8._.js:776
[ 1527069ms] [LOG] [Fast Refresh] done in 1020ms @ http://localhost:3000/_next/static/chunks/node_modules_next_dist_1e8vcs8._.js:776
[ 1527300ms] [LOG] [Fast Refresh] done in 1020ms @ http://localhost:3000/_next/static/chunks/node_modules_next_dist_1e8vcs8._.js:776
[ 1527343ms] [LOG] [Fast Refresh] done in 1020ms @ http://localhost:3000/_next/static/chunks/node_modules_next_dist_1e8vcs8._.js:776
[ 1527502ms] [LOG] [Fast Refresh] done in 1020ms @ http://localhost:3000/_next/static/chunks/node_modules_next_dist_1e8vcs8._.js:776
[ 1527590ms] [LOG] [Fast Refresh] done in 1020ms @ http://localhost:3000/_next/static/chunks/node_modules_next_dist_1e8vcs8._.js:776
[ 1527679ms] [LOG] [Fast Refresh] done in 1020ms @ http://localhost:3000/_next/static/chunks/node_modules_next_dist_1e8vcs8._.js:776
[ 1528185ms] [LOG] [Fast Refresh] done in 1020ms @ http://localhost:3000/_next/static/chunks/node_modules_next_dist_1e8vcs8._.js:776
[ 1528301ms] [LOG] [Fast Refresh] done in 1020ms @ http://localhost:3000/_next/static/chunks/node_modules_next_dist_1e8vcs8._.js:776
[ 1528415ms] [LOG] [Fast Refresh] done in 1020ms @ http://localhost:3000/_next/static/chunks/node_modules_next_dist_1e8vcs8._.js:776
[ 1528489ms] [LOG] [Fast Refresh] done in 1020ms @ http://localhost:3000/_next/static/chunks/node_modules_next_dist_1e8vcs8._.js:776
[ 1528584ms] [LOG] [Fast Refresh] done in 1020ms @ http://localhost:3000/_next/static/chunks/node_modules_next_dist_1e8vcs8._.js:776
[ 1528727ms] [LOG] [Fast Refresh] done in 1020ms @ http://localhost:3000/_next/static/chunks/node_modules_next_dist_1e8vcs8._.js:776
[ 1528792ms] [LOG] [Fast Refresh] done in 1020ms @ http://localhost:3000/_next/static/chunks/node_modules_next_dist_1e8vcs8._.js:776
[ 1528846ms] [LOG] [Fast Refresh] done in 1020ms @ http://localhost:3000/_next/static/chunks/node_modules_next_dist_1e8vcs8._.js:776
[ 1528910ms] [LOG] [Fast Refresh] done in 1020ms @ http://localhost:3000/_next/static/chunks/node_modules_next_dist_1e8vcs8._.js:776
[ 1528995ms] [LOG] [Fast Refresh] done in 1020ms @ http://localhost:3000/_next/static/chunks/node_modules_next_dist_1e8vcs8._.js:776
[ 1529113ms] [LOG] [Fast Refresh] done in 1020ms @ http://localhost:3000/_next/static/chunks/node_modules_next_dist_1e8vcs8._.js:776
[ 1529201ms] [LOG] [Fast Refresh] done in 1020ms @ http://localhost:3000/_next/static/chunks/node_modules_next_dist_1e8vcs8._.js:776
[ 1529260ms] [LOG] [Fast Refresh] done in 1020ms @ http://localhost:3000/_next/static/chunks/node_modules_next_dist_1e8vcs8._.js:776
[ 1529391ms] [LOG] [Fast Refresh] done in 1020ms @ http://localhost:3000/_next/static/chunks/node_modules_next_dist_1e8vcs8._.js:776
[ 1529618ms] [LOG] [Fast Refresh] done in 1020ms @ http://localhost:3000/_next/static/chunks/node_modules_next_dist_1e8vcs8._.js:776
[ 1529689ms] [LOG] [Fast Refresh] done in 1020ms @ http://localhost:3000/_next/static/chunks/node_modules_next_dist_1e8vcs8._.js:776
[ 1529802ms] [LOG] [Fast Refresh] done in 1020ms @ http://localhost:3000/_next/static/chunks/node_modules_next_dist_1e8vcs8._.js:776
[ 1529874ms] [LOG] [Fast Refresh] done in 1020ms @ http://localhost:3000/_next/static/chunks/node_modules_next_dist_1e8vcs8._.js:776
[ 1529956ms] [LOG] [Fast Refresh] done in 1020ms @ http://localhost:3000/_next/static/chunks/node_modules_next_dist_1e8vcs8._.js:776
[ 1530100ms] [LOG] [Fast Refresh] done in 1020ms @ http://localhost:3000/_next/static/chunks/node_modules_next_dist_1e8vcs8._.js:776
[ 1530143ms] [LOG] [Fast Refresh] done in 1020ms @ http://localhost:3000/_next/static/chunks/node_modules_next_dist_1e8vcs8._.js:776
[ 1530234ms] [LOG] [Fast Refresh] done in 1020ms @ http://localhost:3000/_next/static/chunks/node_modules_next_dist_1e8vcs8._.js:776
[ 1530317ms] [LOG] [Fast Refresh] done in 1020ms @ http://localhost:3000/_next/static/chunks/node_modules_next_dist_1e8vcs8._.js:776
[ 1530391ms] [LOG] [Fast Refresh] done in 1020ms @ http://localhost:3000/_next/static/chunks/node_modules_next_dist_1e8vcs8._.js:776
[ 1530538ms] [LOG] [Fast Refresh] done in 1020ms @ http://localhost:3000/_next/static/chunks/node_modules_next_dist_1e8vcs8._.js:776
[ 1530602ms] [LOG] [Fast Refresh] done in 1020ms @ http://localhost:3000/_next/static/chunks/node_modules_next_dist_1e8vcs8._.js:776
[ 1530721ms] [LOG] [Fast Refresh] done in 1020ms @ http://localhost:3000/_next/static/chunks/node_modules_next_dist_1e8vcs8._.js:776
[ 1530830ms] [LOG] [Fast Refresh] done in 1020ms @ http://localhost:3000/_next/static/chunks/node_modules_next_dist_1e8vcs8._.js:776
[ 1530886ms] [LOG] [Fast Refresh] done in 1020ms @ http://localhost:3000/_next/static/chunks/node_modules_next_dist_1e8vcs8._.js:776
[ 1531061ms] [LOG] [Fast Refresh] done in 1020ms @ http://localhost:3000/_next/static/chunks/node_modules_next_dist_1e8vcs8._.js:776
[ 1531139ms] [LOG] [Fast Refresh] done in 1020ms @ http://localhost:3000/_next/static/chunks/node_modules_next_dist_1e8vcs8._.js:776
[ 1531224ms] [LOG] [Fast Refresh] done in 1020ms @ http://localhost:3000/_next/static/chunks/node_modules_next_dist_1e8vcs8._.js:776
[ 1531285ms] [LOG] [Fast Refresh] done in 1020ms @ http://localhost:3000/_next/static/chunks/node_modules_next_dist_1e8vcs8._.js:776
[ 1531392ms] [LOG] [Fast Refresh] done in 1020ms @ http://localhost:3000/_next/static/chunks/node_modules_next_dist_1e8vcs8._.js:776
[ 1531484ms] [LOG] [Fast Refresh] done in 1020ms @ http://localhost:3000/_next/static/chunks/node_modules_next_dist_1e8vcs8._.js:776
[ 1531542ms] [LOG] [Fast Refresh] done in 1020ms @ http://localhost:3000/_next/static/chunks/node_modules_next_dist_1e8vcs8._.js:776
[ 1531614ms] [LOG] [Fast Refresh] done in 1020ms @ http://localhost:3000/_next/static/chunks/node_modules_next_dist_1e8vcs8._.js:776
[ 1531720ms] [LOG] [Fast Refresh] done in 1020ms @ http://localhost:3000/_next/static/chunks/node_modules_next_dist_1e8vcs8._.js:776
[ 1531854ms] [LOG] [Fast Refresh] done in 1020ms @ http://localhost:3000/_next/static/chunks/node_modules_next_dist_1e8vcs8._.js:776
[ 1531920ms] [LOG] [Fast Refresh] done in 1020ms @ http://localhost:3000/_next/static/chunks/node_modules_next_dist_1e8vcs8._.js:776
[ 1531980ms] [LOG] [Fast Refresh] done in 1020ms @ http://localhost:3000/_next/static/chunks/node_modules_next_dist_1e8vcs8._.js:776
[ 1532166ms] [LOG] [Fast Refresh] done in 1020ms @ http://localhost:3000/_next/static/chunks/node_modules_next_dist_1e8vcs8._.js:776
[ 1532262ms] [LOG] [Fast Refresh] done in 1020ms @ http://localhost:3000/_next/static/chunks/node_modules_next_dist_1e8vcs8._.js:776
[ 1532391ms] [LOG] [Fast Refresh] done in 1020ms @ http://localhost:3000/_next/static/chunks/node_modules_next_dist_1e8vcs8._.js:776
[ 1532461ms] [LOG] [Fast Refresh] done in 1020ms @ http://localhost:3000/_next/static/chunks/node_modules_next_dist_1e8vcs8._.js:776
[ 1532551ms] [LOG] [Fast Refresh] done in 1020ms @ http://localhost:3000/_next/static/chunks/node_modules_next_dist_1e8vcs8._.js:776
[ 1532642ms] [LOG] [Fast Refresh] done in 1020ms @ http://localhost:3000/_next/static/chunks/node_modules_next_dist_1e8vcs8._.js:776
[ 1532731ms] [LOG] [Fast Refresh] done in 1020ms @ http://localhost:3000/_next/static/chunks/node_modules_next_dist_1e8vcs8._.js:776
[ 1532827ms] [LOG] [Fast Refresh] done in 1020ms @ http://localhost:3000/_next/static/chunks/node_modules_next_dist_1e8vcs8._.js:776
[ 1533058ms] [LOG] [Fast Refresh] done in 1020ms @ http://localhost:3000/_next/static/chunks/node_modules_next_dist_1e8vcs8._.js:776
[ 1533162ms] [LOG] [Fast Refresh] done in 1020ms @ http://localhost:3000/_next/static/chunks/node_modules_next_dist_1e8vcs8._.js:776
[ 1533220ms] [LOG] [Fast Refresh] done in 1020ms @ http://localhost:3000/_next/static/chunks/node_modules_next_dist_1e8vcs8._.js:776
[ 1533374ms] [LOG] [Fast Refresh] done in 1020ms @ http://localhost:3000/_next/static/chunks/node_modules_next_dist_1e8vcs8._.js:776
[ 1533469ms] [LOG] [Fast Refresh] done in 1020ms @ http://localhost:3000/_next/static/chunks/node_modules_next_dist_1e8vcs8._.js:776
[ 1533570ms] [LOG] [Fast Refresh] done in 1020ms @ http://localhost:3000/_next/static/chunks/node_modules_next_dist_1e8vcs8._.js:776
[ 1533628ms] [LOG] [Fast Refresh] done in 1020ms @ http://localhost:3000/_next/static/chunks/node_modules_next_dist_1e8vcs8._.js:776
[ 1533734ms] [LOG] [Fast Refresh] done in 1020ms @ http://localhost:3000/_next/static/chunks/node_modules_next_dist_1e8vcs8._.js:776
[ 1533837ms] [LOG] [Fast Refresh] done in 1020ms @ http://localhost:3000/_next/static/chunks/node_modules_next_dist_1e8vcs8._.js:776
[ 1533896ms] [LOG] [Fast Refresh] done in 1020ms @ http://localhost:3000/_next/static/chunks/node_modules_next_dist_1e8vcs8._.js:776
[ 1533970ms] [LOG] [Fast Refresh] done in 1020ms @ http://localhost:3000/_next/static/chunks/node_modules_next_dist_1e8vcs8._.js:776
[ 1534056ms] [LOG] [Fast Refresh] done in 1020ms @ http://localhost:3000/_next/static/chunks/node_modules_next_dist_1e8vcs8._.js:776
[ 1534170ms] [LOG] [Fast Refresh] done in 1020ms @ http://localhost:3000/_next/static/chunks/node_modules_next_dist_1e8vcs8._.js:776
[ 1534409ms] [LOG] [Fast Refresh] done in 1020ms @ http://localhost:3000/_next/static/chunks/node_modules_next_dist_1e8vcs8._.js:776
[ 1534508ms] [LOG] [Fast Refresh] done in 1020ms @ http://localhost:3000/_next/static/chunks/node_modules_next_dist_1e8vcs8._.js:776
[ 1534582ms] [LOG] [Fast Refresh] done in 1020ms @ http://localhost:3000/_next/static/chunks/node_modules_next_dist_1e8vcs8._.js:776
[ 1534763ms] [LOG] [Fast Refresh] done in 1020ms @ http://localhost:3000/_next/static/chunks/node_modules_next_dist_1e8vcs8._.js:776
[ 1534875ms] [LOG] [Fast Refresh] done in 1020ms @ http://localhost:3000/_next/static/chunks/node_modules_next_dist_1e8vcs8._.js:776
[ 1535064ms] [LOG] [Fast Refresh] done in 1020ms @ http://localhost:3000/_next/static/chunks/node_modules_next_dist_1e8vcs8._.js:776
[ 1535152ms] [LOG] [Fast Refresh] done in 1020ms @ http://localhost:3000/_next/static/chunks/node_modules_next_dist_1e8vcs8._.js:776
[ 1535310ms] [LOG] [Fast Refresh] done in 1020ms @ http://localhost:3000/_next/static/chunks/node_modules_next_dist_1e8vcs8._.js:776
[ 1535423ms] [LOG] [Fast Refresh] done in 1020ms @ http://localhost:3000/_next/static/chunks/node_modules_next_dist_1e8vcs8._.js:776
[ 1535702ms] [LOG] [Fast Refresh] done in 1020ms @ http://localhost:3000/_next/static/chunks/node_modules_next_dist_1e8vcs8._.js:776
[ 1535851ms] [LOG] [Fast Refresh] done in 1020ms @ http://localhost:3000/_next/static/chunks/node_modules_next_dist_1e8vcs8._.js:776
[ 1535959ms] [LOG] [Fast Refresh] done in 1020ms @ http://localhost:3000/_next/static/chunks/node_modules_next_dist_1e8vcs8._.js:776
[ 1536069ms] [LOG] [Fast Refresh] done in 1020ms @ http://localhost:3000/_next/static/chunks/node_modules_next_dist_1e8vcs8._.js:776
[ 1536115ms] [LOG] [Fast Refresh] done in 1020ms @ http://localhost:3000/_next/static/chunks/node_modules_next_dist_1e8vcs8._.js:776
[ 1536236ms] [LOG] [Fast Refresh] done in 1020ms @ http://localhost:3000/_next/static/chunks/node_modules_next_dist_1e8vcs8._.js:776
[ 1536306ms] [LOG] [Fast Refresh] done in 1020ms @ http://localhost:3000/_next/static/chunks/node_modules_next_dist_1e8vcs8._.js:776
[ 1536425ms] [LOG] [Fast Refresh] done in 1020ms @ http://localhost:3000/_next/static/chunks/node_modules_next_dist_1e8vcs8._.js:776
[ 1536514ms] [LOG] [Fast Refresh] done in 1020ms @ http://localhost:3000/_next/static/chunks/node_modules_next_dist_1e8vcs8._.js:776
[ 1536556ms] [LOG] [Fast Refresh] done in 1020ms @ http://localhost:3000/_next/static/chunks/node_modules_next_dist_1e8vcs8._.js:776
[ 1536695ms] [LOG] [Fast Refresh] done in 1020ms @ http://localhost:3000/_next/static/chunks/node_modules_next_dist_1e8vcs8._.js:776
[ 1536776ms] [LOG] [Fast Refresh] done in 1020ms @ http://localhost:3000/_next/static/chunks/node_modules_next_dist_1e8vcs8._.js:776
[ 1536859ms] [LOG] [Fast Refresh] done in 1020ms @ http://localhost:3000/_next/static/chunks/node_modules_next_dist_1e8vcs8._.js:776
[ 1536938ms] [LOG] [Fast Refresh] done in 1020ms @ http://localhost:3000/_next/static/chunks/node_modules_next_dist_1e8vcs8._.js:776
[ 1536998ms] [LOG] [Fast Refresh] done in 1020ms @ http://localhost:3000/_next/static/chunks/node_modules_next_dist_1e8vcs8._.js:776
[ 1537221ms] [LOG] [Fast Refresh] done in 1020ms @ http://localhost:3000/_next/static/chunks/node_modules_next_dist_1e8vcs8._.js:776
[ 1537439ms] [LOG] [Fast Refresh] done in 1020ms @ http://localhost:3000/_next/static/chunks/node_modules_next_dist_1e8vcs8._.js:776
[ 1537551ms] [LOG] [Fast Refresh] done in 1020ms @ http://localhost:3000/_next/static/chunks/node_modules_next_dist_1e8vcs8._.js:776
[ 1537607ms] [LOG] [Fast Refresh] done in 1020ms @ http://localhost:3000/_next/static/chunks/node_modules_next_dist_1e8vcs8._.js:776
[ 1537672ms] [LOG] [Fast Refresh] done in 1020ms @ http://localhost:3000/_next/static/chunks/node_modules_next_dist_1e8vcs8._.js:776
[ 1537742ms] [LOG] [Fast Refresh] done in 1020ms @ http://localhost:3000/_next/static/chunks/node_modules_next_dist_1e8vcs8._.js:776
[ 1537789ms] [LOG] [Fast Refresh] done in 1020ms @ http://localhost:3000/_next/static/chunks/node_modules_next_dist_1e8vcs8._.js:776
[ 1537828ms] [LOG] [Fast Refresh] done in 1020ms @ http://localhost:3000/_next/static/chunks/node_modules_next_dist_1e8vcs8._.js:776
[ 1537910ms] [LOG] [Fast Refresh] done in 1020ms @ http://localhost:3000/_next/static/chunks/node_modules_next_dist_1e8vcs8._.js:776
[ 1537963ms] [LOG] [Fast Refresh] done in 1020ms @ http://localhost:3000/_next/static/chunks/node_modules_next_dist_1e8vcs8._.js:776
[ 1538015ms] [LOG] [Fast Refresh] done in 1020ms @ http://localhost:3000/_next/static/chunks/node_modules_next_dist_1e8vcs8._.js:776
[ 1538061ms] [LOG] [Fast Refresh] done in 1020ms @ http://localhost:3000/_next/static/chunks/node_modules_next_dist_1e8vcs8._.js:776
[ 1538174ms] [LOG] [Fast Refresh] done in 1020ms @ http://localhost:3000/_next/static/chunks/node_modules_next_dist_1e8vcs8._.js:776
[ 1538225ms] [LOG] [Fast Refresh] done in 1020ms @ http://localhost:3000/_next/static/chunks/node_modules_next_dist_1e8vcs8._.js:776
[ 1538394ms] [LOG] [Fast Refresh] done in 1020ms @ http://localhost:3000/_next/static/chunks/node_modules_next_dist_1e8vcs8._.js:776
[ 1538624ms] [LOG] [Fast Refresh] done in 1020ms @ http://localhost:3000/_next/static/chunks/node_modules_next_dist_1e8vcs8._.js:776
[ 1538781ms] [LOG] [Fast Refresh] done in 1020ms @ http://localhost:3000/_next/static/chunks/node_modules_next_dist_1e8vcs8._.js:776
[ 1538928ms] [LOG] [Fast Refresh] done in 1020ms @ http://localhost:3000/_next/static/chunks/node_modules_next_dist_1e8vcs8._.js:776
[ 1539438ms] [LOG] [Fast Refresh] done in 1020ms @ http://localhost:3000/_next/static/chunks/node_modules_next_dist_1e8vcs8._.js:776
[ 1539821ms] [LOG] [Fast Refresh] done in 1020ms @ http://localhost:3000/_next/static/chunks/node_modules_next_dist_1e8vcs8._.js:776
[ 1539906ms] [LOG] [Fast Refresh] done in 1020ms @ http://localhost:3000/_next/static/chunks/node_modules_next_dist_1e8vcs8._.js:776
[ 1540117ms] [LOG] [Fast Refresh] done in 1020ms @ http://localhost:3000/_next/static/chunks/node_modules_next_dist_1e8vcs8._.js:776
[ 1540301ms] [LOG] [Fast Refresh] done in 1020ms @ http://localhost:3000/_next/static/chunks/node_modules_next_dist_1e8vcs8._.js:776
[ 1540368ms] [LOG] [Fast Refresh] done in 1020ms @ http://localhost:3000/_next/static/chunks/node_modules_next_dist_1e8vcs8._.js:776
[ 1540514ms] [LOG] [Fast Refresh] done in 1020ms @ http://localhost:3000/_next/static/chunks/node_modules_next_dist_1e8vcs8._.js:776
[ 1540974ms] [LOG] [Fast Refresh] done in 1020ms @ http://localhost:3000/_next/static/chunks/node_modules_next_dist_1e8vcs8._.js:776
[ 1541040ms] [LOG] [Fast Refresh] done in 1020ms @ http://localhost:3000/_next/static/chunks/node_modules_next_dist_1e8vcs8._.js:776
[ 1541138ms] [LOG] [Fast Refresh] done in 1020ms @ http://localhost:3000/_next/static/chunks/node_modules_next_dist_1e8vcs8._.js:776
[ 1541244ms] [LOG] [Fast Refresh] done in 1020ms @ http://localhost:3000/_next/static/chunks/node_modules_next_dist_1e8vcs8._.js:776
[ 1541359ms] [LOG] [Fast Refresh] done in 1020ms @ http://localhost:3000/_next/static/chunks/node_modules_next_dist_1e8vcs8._.js:776
[ 1541515ms] [LOG] [Fast Refresh] done in 1020ms @ http://localhost:3000/_next/static/chunks/node_modules_next_dist_1e8vcs8._.js:776
[ 1541597ms] [LOG] [Fast Refresh] done in 1020ms @ http://localhost:3000/_next/static/chunks/node_modules_next_dist_1e8vcs8._.js:776
[ 1541703ms] [LOG] [Fast Refresh] done in 1020ms @ http://localhost:3000/_next/static/chunks/node_modules_next_dist_1e8vcs8._.js:776
[ 1541807ms] [LOG] [Fast Refresh] done in 1020ms @ http://localhost:3000/_next/static/chunks/node_modules_next_dist_1e8vcs8._.js:776
[ 1541852ms] [LOG] [Fast Refresh] done in 1020ms @ http://localhost:3000/_next/static/chunks/node_modules_next_dist_1e8vcs8._.js:776
[ 1541917ms] [LOG] [Fast Refresh] done in 1020ms @ http://localhost:3000/_next/static/chunks/node_modules_next_dist_1e8vcs8._.js:776
[ 1542150ms] [LOG] [Fast Refresh] done in 1020ms @ http://localhost:3000/_next/static/chunks/node_modules_next_dist_1e8vcs8._.js:776
[ 1542255ms] [LOG] [Fast Refresh] done in 1020ms @ http://localhost:3000/_next/static/chunks/node_modules_next_dist_1e8vcs8._.js:776
[ 1542344ms] [LOG] [Fast Refresh] done in 1020ms @ http://localhost:3000/_next/static/chunks/node_modules_next_dist_1e8vcs8._.js:776
[ 1542443ms] [LOG] [Fast Refresh] done in 1020ms @ http://localhost:3000/_next/static/chunks/node_modules_next_dist_1e8vcs8._.js:776
[ 1542515ms] [LOG] [Fast Refresh] done in 1020ms @ http://localhost:3000/_next/static/chunks/node_modules_next_dist_1e8vcs8._.js:776
[ 1542572ms] [LOG] [Fast Refresh] done in 1020ms @ http://localhost:3000/_next/static/chunks/node_modules_next_dist_1e8vcs8._.js:776
[ 1542696ms] [LOG] [Fast Refresh] done in 1020ms @ http://localhost:3000/_next/static/chunks/node_modules_next_dist_1e8vcs8._.js:776
[ 1542797ms] [LOG] [Fast Refresh] done in 1020ms @ http://localhost:3000/_next/static/chunks/node_modules_next_dist_1e8vcs8._.js:776
[ 1542992ms] [LOG] [Fast Refresh] done in 1020ms @ http://localhost:3000/_next/static/chunks/node_modules_next_dist_1e8vcs8._.js:776
[ 1543103ms] [LOG] [Fast Refresh] done in 1020ms @ http://localhost:3000/_next/static/chunks/node_modules_next_dist_1e8vcs8._.js:776
[ 1543240ms] [LOG] [Fast Refresh] done in 1020ms @ http://localhost:3000/_next/static/chunks/node_modules_next_dist_1e8vcs8._.js:776
[ 1543710ms] [LOG] [Fast Refresh] done in 1020ms @ http://localhost:3000/_next/static/chunks/node_modules_next_dist_1e8vcs8._.js:776
[ 1543877ms] [LOG] [Fast Refresh] done in 1020ms @ http://localhost:3000/_next/static/chunks/node_modules_next_dist_1e8vcs8._.js:776
[ 1544080ms] [LOG] [Fast Refresh] done in 1020ms @ http://localhost:3000/_next/static/chunks/node_modules_next_dist_1e8vcs8._.js:776
[ 1544233ms] [LOG] [Fast Refresh] done in 1020ms @ http://localhost:3000/_next/static/chunks/node_modules_next_dist_1e8vcs8._.js:776
[ 1544400ms] [LOG] [Fast Refresh] done in 1020ms @ http://localhost:3000/_next/static/chunks/node_modules_next_dist_1e8vcs8._.js:776
[ 1544606ms] [LOG] [Fast Refresh] done in 1020ms @ http://localhost:3000/_next/static/chunks/node_modules_next_dist_1e8vcs8._.js:776
[ 1544923ms] [LOG] [Fast Refresh] done in 1020ms @ http://localhost:3000/_next/static/chunks/node_modules_next_dist_1e8vcs8._.js:776
[ 1545118ms] [LOG] [Fast Refresh] done in 1020ms @ http://localhost:3000/_next/static/chunks/node_modules_next_dist_1e8vcs8._.js:776
[ 1545281ms] [LOG] [Fast Refresh] done in 1020ms @ http://localhost:3000/_next/static/chunks/node_modules_next_dist_1e8vcs8._.js:776
[ 1545409ms] [LOG] [Fast Refresh] done in 1020ms @ http://localhost:3000/_next/static/chunks/node_modules_next_dist_1e8vcs8._.js:776
[ 1545522ms] [LOG] [Fast Refresh] done in 1020ms @ http://localhost:3000/_next/static/chunks/node_modules_next_dist_1e8vcs8._.js:776
[ 1545663ms] [LOG] [Fast Refresh] done in 1020ms @ http://localhost:3000/_next/static/chunks/node_modules_next_dist_1e8vcs8._.js:776
[ 1545733ms] [LOG] [Fast Refresh] done in 1020ms @ http://localhost:3000/_next/static/chunks/node_modules_next_dist_1e8vcs8._.js:776
[ 1545811ms] [LOG] [Fast Refresh] done in 1020ms @ http://localhost:3000/_next/static/chunks/node_modules_next_dist_1e8vcs8._.js:776
[ 1545978ms] [LOG] [Fast Refresh] done in 1020ms @ http://localhost:3000/_next/static/chunks/node_modules_next_dist_1e8vcs8._.js:776
[ 1546193ms] [LOG] [Fast Refresh] done in 1020ms @ http://localhost:3000/_next/static/chunks/node_modules_next_dist_1e8vcs8._.js:776
[ 1546410ms] [LOG] [Fast Refresh] done in 1020ms @ http://localhost:3000/_next/static/chunks/node_modules_next_dist_1e8vcs8._.js:776
[ 1546478ms] [LOG] [Fast Refresh] done in 1020ms @ http://localhost:3000/_next/static/chunks/node_modules_next_dist_1e8vcs8._.js:776
[ 1546580ms] [LOG] [Fast Refresh] done in 1020ms @ http://localhost:3000/_next/static/chunks/node_modules_next_dist_1e8vcs8._.js:776
[ 1546756ms] [LOG] [Fast Refresh] done in 1020ms @ http://localhost:3000/_next/static/chunks/node_modules_next_dist_1e8vcs8._.js:776
[ 1546824ms] [LOG] [Fast Refresh] done in 1020ms @ http://localhost:3000/_next/static/chunks/node_modules_next_dist_1e8vcs8._.js:776
[ 1546878ms] [LOG] [Fast Refresh] done in 1020ms @ http://localhost:3000/_next/static/chunks/node_modules_next_dist_1e8vcs8._.js:776
[ 1546935ms] [LOG] [Fast Refresh] done in 1020ms @ http://localhost:3000/_next/static/chunks/node_modules_next_dist_1e8vcs8._.js:776
[ 1546997ms] [LOG] [Fast Refresh] done in 1020ms @ http://localhost:3000/_next/static/chunks/node_modules_next_dist_1e8vcs8._.js:776
[ 1547106ms] [LOG] [Fast Refresh] done in 1020ms @ http://localhost:3000/_next/static/chunks/node_modules_next_dist_1e8vcs8._.js:776
[ 1547159ms] [LOG] [Fast Refresh] done in 1020ms @ http://localhost:3000/_next/static/chunks/node_modules_next_dist_1e8vcs8._.js:776
[ 1547223ms] [LOG] [Fast Refresh] done in 1020ms @ http://localhost:3000/_next/static/chunks/node_modules_next_dist_1e8vcs8._.js:776
[ 1547313ms] [LOG] [Fast Refresh] done in 1020ms @ http://localhost:3000/_next/static/chunks/node_modules_next_dist_1e8vcs8._.js:776
[ 1547380ms] [LOG] [Fast Refresh] done in 1020ms @ http://localhost:3000/_next/static/chunks/node_modules_next_dist_1e8vcs8._.js:776
[ 1547489ms] [LOG] [Fast Refresh] done in 1020ms @ http://localhost:3000/_next/static/chunks/node_modules_next_dist_1e8vcs8._.js:776
[ 1547869ms] [LOG] [Fast Refresh] done in 1020ms @ http://localhost:3000/_next/static/chunks/node_modules_next_dist_1e8vcs8._.js:776
[ 1548046ms] [LOG] [Fast Refresh] done in 1020ms @ http://localhost:3000/_next/static/chunks/node_modules_next_dist_1e8vcs8._.js:776
[ 1548046ms] [LOG] [Fast Refresh] done in 1020ms @ http://localhost:3000/_next/static/chunks/node_modules_next_dist_1e8vcs8._.js:776
[ 1548206ms] [LOG] [Fast Refresh] done in 1020ms @ http://localhost:3000/_next/static/chunks/node_modules_next_dist_1e8vcs8._.js:776
[ 1548329ms] [LOG] [Fast Refresh] done in 1020ms @ http://localhost:3000/_next/static/chunks/node_modules_next_dist_1e8vcs8._.js:776
[ 1548398ms] [LOG] [Fast Refresh] done in 1020ms @ http://localhost:3000/_next/static/chunks/node_modules_next_dist_1e8vcs8._.js:776
[ 1548456ms] [LOG] [Fast Refresh] done in 1020ms @ http://localhost:3000/_next/static/chunks/node_modules_next_dist_1e8vcs8._.js:776
[ 1548522ms] [LOG] [Fast Refresh] done in 1020ms @ http://localhost:3000/_next/static/chunks/node_modules_next_dist_1e8vcs8._.js:776
[ 1548600ms] [LOG] [Fast Refresh] done in 1020ms @ http://localhost:3000/_next/static/chunks/node_modules_next_dist_1e8vcs8._.js:776
[ 1548682ms] [LOG] [Fast Refresh] done in 1020ms @ http://localhost:3000/_next/static/chunks/node_modules_next_dist_1e8vcs8._.js:776
[ 1548733ms] [LOG] [Fast Refresh] done in 1020ms @ http://localhost:3000/_next/static/chunks/node_modules_next_dist_1e8vcs8._.js:776
[ 1548785ms] [LOG] [Fast Refresh] done in 1020ms @ http://localhost:3000/_next/static/chunks/node_modules_next_dist_1e8vcs8._.js:776
[ 1548908ms] [LOG] [Fast Refresh] done in 1020ms @ http://localhost:3000/_next/static/chunks/node_modules_next_dist_1e8vcs8._.js:776
[ 1548993ms] [LOG] [Fast Refresh] done in 1020ms @ http://localhost:3000/_next/static/chunks/node_modules_next_dist_1e8vcs8._.js:776
[ 1549145ms] [LOG] [Fast Refresh] done in 1020ms @ http://localhost:3000/_next/static/chunks/node_modules_next_dist_1e8vcs8._.js:776
[ 1549225ms] [LOG] [Fast Refresh] done in 1020ms @ http://localhost:3000/_next/static/chunks/node_modules_next_dist_1e8vcs8._.js:776
[ 1549267ms] [LOG] [Fast Refresh] done in 1020ms @ http://localhost:3000/_next/static/chunks/node_modules_next_dist_1e8vcs8._.js:776
[ 1549428ms] [LOG] [Fast Refresh] done in 1020ms @ http://localhost:3000/_next/static/chunks/node_modules_next_dist_1e8vcs8._.js:776
[ 1549530ms] [LOG] [Fast Refresh] done in 1020ms @ http://localhost:3000/_next/static/chunks/node_modules_next_dist_1e8vcs8._.js:776
[ 1549782ms] [LOG] [Fast Refresh] done in 1020ms @ http://localhost:3000/_next/static/chunks/node_modules_next_dist_1e8vcs8._.js:776
[ 1550083ms] [LOG] [Fast Refresh] done in 1020ms @ http://localhost:3000/_next/static/chunks/node_modules_next_dist_1e8vcs8._.js:776
[ 1550187ms] [LOG] [Fast Refresh] done in 1020ms @ http://localhost:3000/_next/static/chunks/node_modules_next_dist_1e8vcs8._.js:776
[ 1550259ms] [LOG] [Fast Refresh] done in 1020ms @ http://localhost:3000/_next/static/chunks/node_modules_next_dist_1e8vcs8._.js:776
[ 1550973ms] [LOG] [Fast Refresh] done in 1020ms @ http://localhost:3000/_next/static/chunks/node_modules_next_dist_1e8vcs8._.js:776
[ 1552003ms] [LOG] [Fast Refresh] done in 1020ms @ http://localhost:3000/_next/static/chunks/node_modules_next_dist_1e8vcs8._.js:776
[ 1553865ms] [LOG] [Fast Refresh] done in 1020ms @ http://localhost:3000/_next/static/chunks/node_modules_next_dist_1e8vcs8._.js:776
[ 1556986ms] [LOG] [Fast Refresh] done in 1020ms @ http://localhost:3000/_next/static/chunks/node_modules_next_dist_1e8vcs8._.js:776
[ 1559863ms] [LOG] [Fast Refresh] done in 1020ms @ http://localhost:3000/_next/static/chunks/node_modules_next_dist_1e8vcs8._.js:776
[ 1564291ms] [LOG] [Fast Refresh] done in 1020ms @ http://localhost:3000/_next/static/chunks/node_modules_next_dist_1e8vcs8._.js:776
[ 1565085ms] [LOG] [Fast Refresh] done in 1020ms @ http://localhost:3000/_next/static/chunks/node_modules_next_dist_1e8vcs8._.js:776
[ 1565196ms] [LOG] [Fast Refresh] done in 1020ms @ http://localhost:3000/_next/static/chunks/node_modules_next_dist_1e8vcs8._.js:776
[ 1565246ms] [LOG] [Fast Refresh] done in 1020ms @ http://localhost:3000/_next/static/chunks/node_modules_next_dist_1e8vcs8._.js:776
[ 1565370ms] [LOG] [Fast Refresh] done in 1020ms @ http://localhost:3000/_next/static/chunks/node_modules_next_dist_1e8vcs8._.js:776
[ 1565483ms] [LOG] [Fast Refresh] done in 1020ms @ http://localhost:3000/_next/static/chunks/node_modules_next_dist_1e8vcs8._.js:776
[ 1565587ms] [LOG] [Fast Refresh] done in 1020ms @ http://localhost:3000/_next/static/chunks/node_modules_next_dist_1e8vcs8._.js:776
[ 1565711ms] [LOG] [Fast Refresh] done in 1020ms @ http://localhost:3000/_next/static/chunks/node_modules_next_dist_1e8vcs8._.js:776
[ 1565787ms] [LOG] [Fast Refresh] done in 1020ms @ http://localhost:3000/_next/static/chunks/node_modules_next_dist_1e8vcs8._.js:776
[ 1565877ms] [LOG] [Fast Refresh] done in 1020ms @ http://localhost:3000/_next/static/chunks/node_modules_next_dist_1e8vcs8._.js:776
[ 1565945ms] [LOG] [Fast Refresh] done in 1020ms @ http://localhost:3000/_next/static/chunks/node_modules_next_dist_1e8vcs8._.js:776
[ 1566018ms] [LOG] [Fast Refresh] done in 1020ms @ http://localhost:3000/_next/static/chunks/node_modules_next_dist_1e8vcs8._.js:776
[ 1566093ms] [LOG] [Fast Refresh] done in 1020ms @ http://localhost:3000/_next/static/chunks/node_modules_next_dist_1e8vcs8._.js:776
[ 1566201ms] [LOG] [Fast Refresh] done in 1020ms @ http://localhost:3000/_next/static/chunks/node_modules_next_dist_1e8vcs8._.js:776
[ 1566289ms] [LOG] [Fast Refresh] done in 1020ms @ http://localhost:3000/_next/static/chunks/node_modules_next_dist_1e8vcs8._.js:776
[ 1566349ms] [LOG] [Fast Refresh] done in 1020ms @ http://localhost:3000/_next/static/chunks/node_modules_next_dist_1e8vcs8._.js:776
[ 1566436ms] [LOG] [Fast Refresh] done in 1020ms @ http://localhost:3000/_next/static/chunks/node_modules_next_dist_1e8vcs8._.js:776
[ 1566563ms] [LOG] [Fast Refresh] done in 1020ms @ http://localhost:3000/_next/static/chunks/node_modules_next_dist_1e8vcs8._.js:776
[ 1566640ms] [LOG] [Fast Refresh] done in 1020ms @ http://localhost:3000/_next/static/chunks/node_modules_next_dist_1e8vcs8._.js:776
[ 1566790ms] [LOG] [Fast Refresh] done in 1020ms @ http://localhost:3000/_next/static/chunks/node_modules_next_dist_1e8vcs8._.js:776
[ 1566849ms] [LOG] [Fast Refresh] done in 1020ms @ http://localhost:3000/_next/static/chunks/node_modules_next_dist_1e8vcs8._.js:776
[ 1566902ms] [LOG] [Fast Refresh] done in 1020ms @ http://localhost:3000/_next/static/chunks/node_modules_next_dist_1e8vcs8._.js:776
[ 1566950ms] [LOG] [Fast Refresh] done in 1020ms @ http://localhost:3000/_next/static/chunks/node_modules_next_dist_1e8vcs8._.js:776
[ 1566996ms] [LOG] [Fast Refresh] done in 1020ms @ http://localhost:3000/_next/static/chunks/node_modules_next_dist_1e8vcs8._.js:776
[ 1567042ms] [LOG] [Fast Refresh] done in 1020ms @ http://localhost:3000/_next/static/chunks/node_modules_next_dist_1e8vcs8._.js:776
[ 1567089ms] [LOG] [Fast Refresh] done in 1020ms @ http://localhost:3000/_next/static/chunks/node_modules_next_dist_1e8vcs8._.js:776
[ 1567141ms] [LOG] [Fast Refresh] done in 1020ms @ http://localhost:3000/_next/static/chunks/node_modules_next_dist_1e8vcs8._.js:776
[ 1567195ms] [LOG] [Fast Refresh] done in 1020ms @ http://localhost:3000/_next/static/chunks/node_modules_next_dist_1e8vcs8._.js:776
[ 1567248ms] [LOG] [Fast Refresh] done in 1020ms @ http://localhost:3000/_next/static/chunks/node_modules_next_dist_1e8vcs8._.js:776
[ 1567333ms] [LOG] [Fast Refresh] done in 1020ms @ http://localhost:3000/_next/static/chunks/node_modules_next_dist_1e8vcs8._.js:776
[ 1567383ms] [LOG] [Fast Refresh] done in 1020ms @ http://localhost:3000/_next/static/chunks/node_modules_next_dist_1e8vcs8._.js:776
[ 1567431ms] [LOG] [Fast Refresh] done in 1020ms @ http://localhost:3000/_next/static/chunks/node_modules_next_dist_1e8vcs8._.js:776
[ 1567478ms] [LOG] [Fast Refresh] done in 1020ms @ http://localhost:3000/_next/static/chunks/node_modules_next_dist_1e8vcs8._.js:776
[ 1567548ms] [LOG] [Fast Refresh] done in 1020ms @ http://localhost:3000/_next/static/chunks/node_modules_next_dist_1e8vcs8._.js:776
[ 1567849ms] [LOG] [Fast Refresh] done in 1020ms @ http://localhost:3000/_next/static/chunks/node_modules_next_dist_1e8vcs8._.js:776
[ 1567992ms] [LOG] [Fast Refresh] done in 1020ms @ http://localhost:3000/_next/static/chunks/node_modules_next_dist_1e8vcs8._.js:776
[ 1568083ms] [LOG] [Fast Refresh] done in 1020ms @ http://localhost:3000/_next/static/chunks/node_modules_next_dist_1e8vcs8._.js:776
[ 1568217ms] [LOG] [Fast Refresh] done in 1020ms @ http://localhost:3000/_next/static/chunks/node_modules_next_dist_1e8vcs8._.js:776
[ 1568308ms] [LOG] [Fast Refresh] done in 1020ms @ http://localhost:3000/_next/static/chunks/node_modules_next_dist_1e8vcs8._.js:776
[ 1568489ms] [LOG] [Fast Refresh] done in 1020ms @ http://localhost:3000/_next/static/chunks/node_modules_next_dist_1e8vcs8._.js:776
[ 1568640ms] [LOG] [Fast Refresh] done in 1020ms @ http://localhost:3000/_next/static/chunks/node_modules_next_dist_1e8vcs8._.js:776
[ 1568817ms] [LOG] [Fast Refresh] done in 1020ms @ http://localhost:3000/_next/static/chunks/node_modules_next_dist_1e8vcs8._.js:776
[ 1568978ms] [LOG] [Fast Refresh] done in 1020ms @ http://localhost:3000/_next/static/chunks/node_modules_next_dist_1e8vcs8._.js:776
[ 1569126ms] [LOG] [Fast Refresh] done in 1020ms @ http://localhost:3000/_next/static/chunks/node_modules_next_dist_1e8vcs8._.js:776
[ 1569978ms] [LOG] [Fast Refresh] done in 1020ms @ http://localhost:3000/_next/static/chunks/node_modules_next_dist_1e8vcs8._.js:776
[ 1570344ms] [LOG] [Fast Refresh] done in 1020ms @ http://localhost:3000/_next/static/chunks/node_modules_next_dist_1e8vcs8._.js:776
[ 1570529ms] [LOG] [Fast Refresh] done in 1020ms @ http://localhost:3000/_next/static/chunks/node_modules_next_dist_1e8vcs8._.js:776
[ 1570660ms] [LOG] [Fast Refresh] done in 1020ms @ http://localhost:3000/_next/static/chunks/node_modules_next_dist_1e8vcs8._.js:776
[ 1570853ms] [LOG] [Fast Refresh] done in 1020ms @ http://localhost:3000/_next/static/chunks/node_modules_next_dist_1e8vcs8._.js:776
[ 1571129ms] [LOG] [Fast Refresh] done in 1020ms @ http://localhost:3000/_next/static/chunks/node_modules_next_dist_1e8vcs8._.js:776
[ 1571270ms] [LOG] [Fast Refresh] done in 1020ms @ http://localhost:3000/_next/static/chunks/node_modules_next_dist_1e8vcs8._.js:776
[ 1571454ms] [LOG] [Fast Refresh] done in 1020ms @ http://localhost:3000/_next/static/chunks/node_modules_next_dist_1e8vcs8._.js:776
[ 1571574ms] [LOG] [Fast Refresh] done in 1020ms @ http://localhost:3000/_next/static/chunks/node_modules_next_dist_1e8vcs8._.js:776
[ 1572488ms] [LOG] [Fast Refresh] done in 1020ms @ http://localhost:3000/_next/static/chunks/node_modules_next_dist_1e8vcs8._.js:776
[ 1572611ms] [LOG] [Fast Refresh] done in 1020ms @ http://localhost:3000/_next/static/chunks/node_modules_next_dist_1e8vcs8._.js:776
[ 1572733ms] [LOG] [Fast Refresh] done in 1020ms @ http://localhost:3000/_next/static/chunks/node_modules_next_dist_1e8vcs8._.js:776
[ 1572797ms] [LOG] [Fast Refresh] done in 1020ms @ http://localhost:3000/_next/static/chunks/node_modules_next_dist_1e8vcs8._.js:776
[ 1572957ms] [LOG] [Fast Refresh] done in 1020ms @ http://localhost:3000/_next/static/chunks/node_modules_next_dist_1e8vcs8._.js:776
[ 1573079ms] [LOG] [Fast Refresh] done in 1020ms @ http://localhost:3000/_next/static/chunks/node_modules_next_dist_1e8vcs8._.js:776
[ 1573143ms] [LOG] [Fast Refresh] done in 1020ms @ http://localhost:3000/_next/static/chunks/node_modules_next_dist_1e8vcs8._.js:776
[ 1573223ms] [LOG] [Fast Refresh] done in 1020ms @ http://localhost:3000/_next/static/chunks/node_modules_next_dist_1e8vcs8._.js:776
[ 1573262ms] [LOG] [Fast Refresh] done in 1020ms @ http://localhost:3000/_next/static/chunks/node_modules_next_dist_1e8vcs8._.js:776
[ 1573325ms] [LOG] [Fast Refresh] done in 1020ms @ http://localhost:3000/_next/static/chunks/node_modules_next_dist_1e8vcs8._.js:776
[ 1573388ms] [LOG] [Fast Refresh] done in 1020ms @ http://localhost:3000/_next/static/chunks/node_modules_next_dist_1e8vcs8._.js:776
[ 1573439ms] [LOG] [Fast Refresh] done in 1020ms @ http://localhost:3000/_next/static/chunks/node_modules_next_dist_1e8vcs8._.js:776
[ 1573496ms] [LOG] [Fast Refresh] done in 1020ms @ http://localhost:3000/_next/static/chunks/node_modules_next_dist_1e8vcs8._.js:776
[ 1573551ms] [LOG] [Fast Refresh] done in 1020ms @ http://localhost:3000/_next/static/chunks/node_modules_next_dist_1e8vcs8._.js:776
[ 1573611ms] [LOG] [Fast Refresh] done in 1020ms @ http://localhost:3000/_next/static/chunks/node_modules_next_dist_1e8vcs8._.js:776
[ 1573647ms] [LOG] [Fast Refresh] done in 1020ms @ http://localhost:3000/_next/static/chunks/node_modules_next_dist_1e8vcs8._.js:776
[ 1573753ms] [LOG] [Fast Refresh] done in 1020ms @ http://localhost:3000/_next/static/chunks/node_modules_next_dist_1e8vcs8._.js:776
[ 1573831ms] [LOG] [Fast Refresh] done in 1020ms @ http://localhost:3000/_next/static/chunks/node_modules_next_dist_1e8vcs8._.js:776
[ 1573905ms] [LOG] [Fast Refresh] done in 1020ms @ http://localhost:3000/_next/static/chunks/node_modules_next_dist_1e8vcs8._.js:776
[ 1574052ms] [LOG] [Fast Refresh] done in 1020ms @ http://localhost:3000/_next/static/chunks/node_modules_next_dist_1e8vcs8._.js:776
[ 1574372ms] [LOG] [Fast Refresh] done in 1020ms @ http://localhost:3000/_next/static/chunks/node_modules_next_dist_1e8vcs8._.js:776
[ 1574539ms] [LOG] [Fast Refresh] done in 1020ms @ http://localhost:3000/_next/static/chunks/node_modules_next_dist_1e8vcs8._.js:776
[ 1574785ms] [LOG] [Fast Refresh] done in 1020ms @ http://localhost:3000/_next/static/chunks/node_modules_next_dist_1e8vcs8._.js:776
[ 1574961ms] [LOG] [Fast Refresh] done in 1020ms @ http://localhost:3000/_next/static/chunks/node_modules_next_dist_1e8vcs8._.js:776
[ 1575201ms] [LOG] [Fast Refresh] done in 1020ms @ http://localhost:3000/_next/static/chunks/node_modules_next_dist_1e8vcs8._.js:776
[ 1575280ms] [LOG] [Fast Refresh] done in 1020ms @ http://localhost:3000/_next/static/chunks/node_modules_next_dist_1e8vcs8._.js:776
[ 1575368ms] [LOG] [Fast Refresh] done in 1020ms @ http://localhost:3000/_next/static/chunks/node_modules_next_dist_1e8vcs8._.js:776
[ 1575482ms] [LOG] [Fast Refresh] done in 1020ms @ http://localhost:3000/_next/static/chunks/node_modules_next_dist_1e8vcs8._.js:776
[ 1575627ms] [LOG] [Fast Refresh] done in 1020ms @ http://localhost:3000/_next/static/chunks/node_modules_next_dist_1e8vcs8._.js:776
[ 1575709ms] [LOG] [Fast Refresh] done in 1020ms @ http://localhost:3000/_next/static/chunks/node_modules_next_dist_1e8vcs8._.js:776
[ 1575815ms] [LOG] [Fast Refresh] done in 1020ms @ http://localhost:3000/_next/static/chunks/node_modules_next_dist_1e8vcs8._.js:776
[ 1575868ms] [LOG] [Fast Refresh] done in 1020ms @ http://localhost:3000/_next/static/chunks/node_modules_next_dist_1e8vcs8._.js:776
[ 1575979ms] [LOG] [Fast Refresh] done in 1020ms @ http://localhost:3000/_next/static/chunks/node_modules_next_dist_1e8vcs8._.js:776
[ 1576118ms] [LOG] [Fast Refresh] done in 1020ms @ http://localhost:3000/_next/static/chunks/node_modules_next_dist_1e8vcs8._.js:776
[ 1576192ms] [LOG] [Fast Refresh] done in 1020ms @ http://localhost:3000/_next/static/chunks/node_modules_next_dist_1e8vcs8._.js:776
[ 1576330ms] [LOG] [Fast Refresh] done in 1020ms @ http://localhost:3000/_next/static/chunks/node_modules_next_dist_1e8vcs8._.js:776
[ 1576430ms] [LOG] [Fast Refresh] done in 1020ms @ http://localhost:3000/_next/static/chunks/node_modules_next_dist_1e8vcs8._.js:776
[ 1576898ms] [LOG] [Fast Refresh] done in 1020ms @ http://localhost:3000/_next/static/chunks/node_modules_next_dist_1e8vcs8._.js:776
[ 1582605ms] [LOG] [Fast Refresh] done in 1020ms @ http://localhost:3000/_next/static/chunks/node_modules_next_dist_1e8vcs8._.js:776
[ 1582961ms] [LOG] [Fast Refresh] done in 1020ms @ http://localhost:3000/_next/static/chunks/node_modules_next_dist_1e8vcs8._.js:776
[ 1583040ms] [LOG] [Fast Refresh] done in 1020ms @ http://localhost:3000/_next/static/chunks/node_modules_next_dist_1e8vcs8._.js:776
[ 1583132ms] [LOG] [Fast Refresh] done in 1020ms @ http://localhost:3000/_next/static/chunks/node_modules_next_dist_1e8vcs8._.js:776
[ 1583333ms] [LOG] [Fast Refresh] done in 1020ms @ http://localhost:3000/_next/static/chunks/node_modules_next_dist_1e8vcs8._.js:776
[ 1583473ms] [LOG] [Fast Refresh] done in 1020ms @ http://localhost:3000/_next/static/chunks/node_modules_next_dist_1e8vcs8._.js:776
[ 1583584ms] [LOG] [Fast Refresh] done in 1020ms @ http://localhost:3000/_next/static/chunks/node_modules_next_dist_1e8vcs8._.js:776
[ 1583642ms] [LOG] [Fast Refresh] done in 1020ms @ http://localhost:3000/_next/static/chunks/node_modules_next_dist_1e8vcs8._.js:776
[ 1583771ms] [LOG] [Fast Refresh] done in 1020ms @ http://localhost:3000/_next/static/chunks/node_modules_next_dist_1e8vcs8._.js:776
[ 1583847ms] [LOG] [Fast Refresh] done in 1020ms @ http://localhost:3000/_next/static/chunks/node_modules_next_dist_1e8vcs8._.js:776
[ 1583916ms] [LOG] [Fast Refresh] done in 1020ms @ http://localhost:3000/_next/static/chunks/node_modules_next_dist_1e8vcs8._.js:776
[ 1584032ms] [LOG] [Fast Refresh] done in 1020ms @ http://localhost:3000/_next/static/chunks/node_modules_next_dist_1e8vcs8._.js:776
[ 1584194ms] [LOG] [Fast Refresh] done in 1020ms @ http://localhost:3000/_next/static/chunks/node_modules_next_dist_1e8vcs8._.js:776
[ 1584643ms] [LOG] [Fast Refresh] done in 1020ms @ http://localhost:3000/_next/static/chunks/node_modules_next_dist_1e8vcs8._.js:776
[ 1585357ms] [LOG] [Fast Refresh] done in 1020ms @ http://localhost:3000/_next/static/chunks/node_modules_next_dist_1e8vcs8._.js:776
[ 1585536ms] [LOG] [Fast Refresh] done in 1020ms @ http://localhost:3000/_next/static/chunks/node_modules_next_dist_1e8vcs8._.js:776
[ 1585853ms] [LOG] [Fast Refresh] done in 1020ms @ http://localhost:3000/_next/static/chunks/node_modules_next_dist_1e8vcs8._.js:776
[ 1585959ms] [LOG] [Fast Refresh] done in 1020ms @ http://localhost:3000/_next/static/chunks/node_modules_next_dist_1e8vcs8._.js:776
[ 1586036ms] [LOG] [Fast Refresh] done in 1020ms @ http://localhost:3000/_next/static/chunks/node_modules_next_dist_1e8vcs8._.js:776
[ 1586124ms] [LOG] [Fast Refresh] done in 1020ms @ http://localhost:3000/_next/static/chunks/node_modules_next_dist_1e8vcs8._.js:776
[ 1586311ms] [LOG] [Fast Refresh] done in 1020ms @ http://localhost:3000/_next/static/chunks/node_modules_next_dist_1e8vcs8._.js:776
[ 1586669ms] [LOG] [Fast Refresh] done in 1020ms @ http://localhost:3000/_next/static/chunks/node_modules_next_dist_1e8vcs8._.js:776
[ 1586900ms] [LOG] [Fast Refresh] done in 1020ms @ http://localhost:3000/_next/static/chunks/node_modules_next_dist_1e8vcs8._.js:776
[ 1586983ms] [LOG] [Fast Refresh] done in 1020ms @ http://localhost:3000/_next/static/chunks/node_modules_next_dist_1e8vcs8._.js:776
[ 1587123ms] [LOG] [Fast Refresh] done in 1020ms @ http://localhost:3000/_next/static/chunks/node_modules_next_dist_1e8vcs8._.js:776
[ 1587225ms] [LOG] [Fast Refresh] done in 1020ms @ http://localhost:3000/_next/static/chunks/node_modules_next_dist_1e8vcs8._.js:776
[ 1587287ms] [LOG] [Fast Refresh] done in 1020ms @ http://localhost:3000/_next/static/chunks/node_modules_next_dist_1e8vcs8._.js:776
[ 1587341ms] [LOG] [Fast Refresh] done in 1020ms @ http://localhost:3000/_next/static/chunks/node_modules_next_dist_1e8vcs8._.js:776
[ 1587484ms] [LOG] [Fast Refresh] done in 1020ms @ http://localhost:3000/_next/static/chunks/node_modules_next_dist_1e8vcs8._.js:776
[ 1587621ms] [LOG] [Fast Refresh] done in 1020ms @ http://localhost:3000/_next/static/chunks/node_modules_next_dist_1e8vcs8._.js:776
[ 1587718ms] [LOG] [Fast Refresh] done in 1020ms @ http://localhost:3000/_next/static/chunks/node_modules_next_dist_1e8vcs8._.js:776
[ 1587820ms] [LOG] [Fast Refresh] done in 1020ms @ http://localhost:3000/_next/static/chunks/node_modules_next_dist_1e8vcs8._.js:776
[ 1587897ms] [LOG] [Fast Refresh] done in 1020ms @ http://localhost:3000/_next/static/chunks/node_modules_next_dist_1e8vcs8._.js:776
[ 1587964ms] [LOG] [Fast Refresh] done in 1020ms @ http://localhost:3000/_next/static/chunks/node_modules_next_dist_1e8vcs8._.js:776
[ 1588122ms] [LOG] [Fast Refresh] done in 1020ms @ http://localhost:3000/_next/static/chunks/node_modules_next_dist_1e8vcs8._.js:776
[ 1588188ms] [LOG] [Fast Refresh] done in 1020ms @ http://localhost:3000/_next/static/chunks/node_modules_next_dist_1e8vcs8._.js:776
[ 1588448ms] [LOG] [Fast Refresh] done in 1020ms @ http://localhost:3000/_next/static/chunks/node_modules_next_dist_1e8vcs8._.js:776
[ 1588717ms] [LOG] [Fast Refresh] rebuilding @ http://localhost:3000/_next/static/chunks/node_modules_next_dist_1e8vcs8._.js:776
[ 1588725ms] [LOG] [Fast Refresh] done in 113ms @ http://localhost:3000/_next/static/chunks/node_modules_next_dist_1e8vcs8._.js:776
[ 1618952ms] [LOG] [Fast Refresh] rebuilding @ http://localhost:3000/_next/static/chunks/node_modules_next_dist_1e8vcs8._.js:776
[ 1619381ms] [LOG] [Fast Refresh] done in 531ms @ http://localhost:3000/_next/static/chunks/node_modules_next_dist_1e8vcs8._.js:776
[ 1741969ms] [LOG] [Fast Refresh] rebuilding @ http://localhost:3000/_next/static/chunks/node_modules_next_dist_1e8vcs8._.js:776
[ 1743007ms] [LOG] [Fast Refresh] done in 1139ms @ http://localhost:3000/_next/static/chunks/node_modules_next_dist_1e8vcs8._.js:776
[ 1888348ms] [LOG] [Fast Refresh] rebuilding @ http://localhost:3000/_next/static/chunks/node_modules_next_dist_1e8vcs8._.js:776
[ 1888552ms] [LOG] [Fast Refresh] done in 308ms @ http://localhost:3000/_next/static/chunks/node_modules_next_dist_1e8vcs8._.js:776
[ 1896974ms] [LOG] [Fast Refresh] rebuilding @ http://localhost:3000/_next/static/chunks/node_modules_next_dist_1e8vcs8._.js:776
[ 1901393ms] [LOG] [Fast Refresh] done in 1207ms @ http://localhost:3000/_next/static/chunks/node_modules_next_dist_1e8vcs8._.js:776
[ 1901816ms] [LOG] [Fast Refresh] done in 1207ms @ http://localhost:3000/_next/static/chunks/node_modules_next_dist_1e8vcs8._.js:776
[ 1902446ms] [LOG] [Fast Refresh] done in 5571ms @ http://localhost:3000/_next/static/chunks/node_modules_next_dist_1e8vcs8._.js:776
[ 1903168ms] [LOG] [Fast Refresh] done in 5571ms @ http://localhost:3000/_next/static/chunks/node_modules_next_dist_1e8vcs8._.js:776
[ 1903259ms] [LOG] [Fast Refresh] done in 5571ms @ http://localhost:3000/_next/static/chunks/node_modules_next_dist_1e8vcs8._.js:776
[ 1903323ms] [LOG] [Fast Refresh] done in 5571ms @ http://localhost:3000/_next/static/chunks/node_modules_next_dist_1e8vcs8._.js:776
[ 1903398ms] [LOG] [Fast Refresh] done in 5571ms @ http://localhost:3000/_next/static/chunks/node_modules_next_dist_1e8vcs8._.js:776
[ 1903599ms] [LOG] [Fast Refresh] done in 5571ms @ http://localhost:3000/_next/static/chunks/node_modules_next_dist_1e8vcs8._.js:776
[ 1903679ms] [LOG] [Fast Refresh] done in 5571ms @ http://localhost:3000/_next/static/chunks/node_modules_next_dist_1e8vcs8._.js:776
[ 1903794ms] [LOG] [Fast Refresh] done in 5571ms @ http://localhost:3000/_next/static/chunks/node_modules_next_dist_1e8vcs8._.js:776
[ 1904006ms] [LOG] [Fast Refresh] done in 5571ms @ http://localhost:3000/_next/static/chunks/node_modules_next_dist_1e8vcs8._.js:776
[ 1904128ms] [LOG] [Fast Refresh] done in 5571ms @ http://localhost:3000/_next/static/chunks/node_modules_next_dist_1e8vcs8._.js:776
[ 1904249ms] [LOG] [Fast Refresh] done in 5571ms @ http://localhost:3000/_next/static/chunks/node_modules_next_dist_1e8vcs8._.js:776
[ 1904339ms] [LOG] [Fast Refresh] done in 5571ms @ http://localhost:3000/_next/static/chunks/node_modules_next_dist_1e8vcs8._.js:776
[ 1904523ms] [LOG] [Fast Refresh] done in 5571ms @ http://localhost:3000/_next/static/chunks/node_modules_next_dist_1e8vcs8._.js:776
[ 1904655ms] [LOG] [Fast Refresh] done in 5571ms @ http://localhost:3000/_next/static/chunks/node_modules_next_dist_1e8vcs8._.js:776
[ 1904934ms] [LOG] [Fast Refresh] done in 5571ms @ http://localhost:3000/_next/static/chunks/node_modules_next_dist_1e8vcs8._.js:776
[ 1905090ms] [LOG] [Fast Refresh] done in 5571ms @ http://localhost:3000/_next/static/chunks/node_modules_next_dist_1e8vcs8._.js:776
[ 1905172ms] [LOG] [Fast Refresh] done in 5571ms @ http://localhost:3000/_next/static/chunks/node_modules_next_dist_1e8vcs8._.js:776
[ 1905244ms] [LOG] [Fast Refresh] done in 5571ms @ http://localhost:3000/_next/static/chunks/node_modules_next_dist_1e8vcs8._.js:776
[ 1905483ms] [LOG] [Fast Refresh] done in 5571ms @ http://localhost:3000/_next/static/chunks/node_modules_next_dist_1e8vcs8._.js:776
[ 1905592ms] [LOG] [Fast Refresh] done in 5571ms @ http://localhost:3000/_next/static/chunks/node_modules_next_dist_1e8vcs8._.js:776
[ 1905740ms] [LOG] [Fast Refresh] done in 5571ms @ http://localhost:3000/_next/static/chunks/node_modules_next_dist_1e8vcs8._.js:776
[ 1906009ms] [LOG] [Fast Refresh] done in 5571ms @ http://localhost:3000/_next/static/chunks/node_modules_next_dist_1e8vcs8._.js:776
[ 1906589ms] [LOG] [Fast Refresh] done in 5571ms @ http://localhost:3000/_next/static/chunks/node_modules_next_dist_1e8vcs8._.js:776
[ 1906795ms] [LOG] [Fast Refresh] done in 5571ms @ http://localhost:3000/_next/static/chunks/node_modules_next_dist_1e8vcs8._.js:776
[ 1907304ms] [LOG] [Fast Refresh] done in 5571ms @ http://localhost:3000/_next/static/chunks/node_modules_next_dist_1e8vcs8._.js:776
[ 1907440ms] [LOG] [Fast Refresh] done in 5571ms @ http://localhost:3000/_next/static/chunks/node_modules_next_dist_1e8vcs8._.js:776
[ 1907650ms] [LOG] [Fast Refresh] done in 5571ms @ http://localhost:3000/_next/static/chunks/node_modules_next_dist_1e8vcs8._.js:776
[ 1907681ms] [LOG] [Fast Refresh] done in 5571ms @ http://localhost:3000/_next/static/chunks/node_modules_next_dist_1e8vcs8._.js:776
[ 1908257ms] [LOG] [Fast Refresh] done in 5571ms @ http://localhost:3000/_next/static/chunks/node_modules_next_dist_1e8vcs8._.js:776
[ 1908742ms] [LOG] [Fast Refresh] done in 5571ms @ http://localhost:3000/_next/static/chunks/node_modules_next_dist_1e8vcs8._.js:776
[ 1909077ms] [LOG] [Fast Refresh] done in 5571ms @ http://localhost:3000/_next/static/chunks/node_modules_next_dist_1e8vcs8._.js:776
[ 1909234ms] [LOG] [Fast Refresh] done in 5571ms @ http://localhost:3000/_next/static/chunks/node_modules_next_dist_1e8vcs8._.js:776
[ 1909804ms] [LOG] [Fast Refresh] done in 5571ms @ http://localhost:3000/_next/static/chunks/node_modules_next_dist_1e8vcs8._.js:776
[ 1910389ms] [LOG] [Fast Refresh] done in 5571ms @ http://localhost:3000/_next/static/chunks/node_modules_next_dist_1e8vcs8._.js:776
[ 1912456ms] [LOG] [Fast Refresh] done in 5571ms @ http://localhost:3000/_next/static/chunks/node_modules_next_dist_1e8vcs8._.js:776
[ 1913851ms] [LOG] [Fast Refresh] done in 5571ms @ http://localhost:3000/_next/static/chunks/node_modules_next_dist_1e8vcs8._.js:776
[ 1916127ms] [LOG] [Fast Refresh] done in 5571ms @ http://localhost:3000/_next/static/chunks/node_modules_next_dist_1e8vcs8._.js:776
[ 1917233ms] [LOG] [Fast Refresh] done in 5571ms @ http://localhost:3000/_next/static/chunks/node_modules_next_dist_1e8vcs8._.js:776
[ 1919127ms] [LOG] [Fast Refresh] done in 5571ms @ http://localhost:3000/_next/static/chunks/node_modules_next_dist_1e8vcs8._.js:776
[ 1920522ms] [LOG] [Fast Refresh] done in 5571ms @ http://localhost:3000/_next/static/chunks/node_modules_next_dist_1e8vcs8._.js:776
[ 1922248ms] [LOG] [Fast Refresh] done in 5571ms @ http://localhost:3000/_next/static/chunks/node_modules_next_dist_1e8vcs8._.js:776
[ 1923248ms] [LOG] [Fast Refresh] done in 5571ms @ http://localhost:3000/_next/static/chunks/node_modules_next_dist_1e8vcs8._.js:776
[ 1926683ms] [LOG] [Fast Refresh] done in 5571ms @ http://localhost:3000/_next/static/chunks/node_modules_next_dist_1e8vcs8._.js:776
[ 1927163ms] [LOG] [Fast Refresh] done in 5571ms @ http://localhost:3000/_next/static/chunks/node_modules_next_dist_1e8vcs8._.js:776
[ 1930185ms] [LOG] [Fast Refresh] done in 5571ms @ http://localhost:3000/_next/static/chunks/node_modules_next_dist_1e8vcs8._.js:776
[ 1931712ms] [LOG] [Fast Refresh] done in 5571ms @ http://localhost:3000/_next/static/chunks/node_modules_next_dist_1e8vcs8._.js:776
[ 1931722ms] [LOG] [Fast Refresh] done in 5571ms @ http://localhost:3000/_next/static/chunks/node_modules_next_dist_1e8vcs8._.js:776
[ 1932041ms] [LOG] [Fast Refresh] done in 5571ms @ http://localhost:3000/_next/static/chunks/node_modules_next_dist_1e8vcs8._.js:776
[ 1932047ms] [LOG] [Fast Refresh] done in 5571ms @ http://localhost:3000/_next/static/chunks/node_modules_next_dist_1e8vcs8._.js:776
[ 1941959ms] [LOG] [Fast Refresh] done in 5571ms @ http://localhost:3000/_next/static/chunks/node_modules_next_dist_1e8vcs8._.js:776
[ 1947909ms] [LOG] [Fast Refresh] done in 5571ms @ http://localhost:3000/_next/static/chunks/node_modules_next_dist_1e8vcs8._.js:776
[ 1948551ms] [LOG] [Fast Refresh] done in 5571ms @ http://localhost:3000/_next/static/chunks/node_modules_next_dist_1e8vcs8._.js:776
[ 1949553ms] [LOG] [Fast Refresh] done in 5571ms @ http://localhost:3000/_next/static/chunks/node_modules_next_dist_1e8vcs8._.js:776
[ 1950334ms] [LOG] [Fast Refresh] done in 5571ms @ http://localhost:3000/_next/static/chunks/node_modules_next_dist_1e8vcs8._.js:776
[ 1950897ms] [LOG] [Fast Refresh] done in 5571ms @ http://localhost:3000/_next/static/chunks/node_modules_next_dist_1e8vcs8._.js:776
[ 1950902ms] [LOG] [Fast Refresh] done in 5571ms @ http://localhost:3000/_next/static/chunks/node_modules_next_dist_1e8vcs8._.js:776
[ 1951126ms] [LOG] [Fast Refresh] done in 5571ms @ http://localhost:3000/_next/static/chunks/node_modules_next_dist_1e8vcs8._.js:776
[ 1951710ms] [LOG] [Fast Refresh] done in 5571ms @ http://localhost:3000/_next/static/chunks/node_modules_next_dist_1e8vcs8._.js:776
[ 1951916ms] [LOG] [Fast Refresh] done in 5571ms @ http://localhost:3000/_next/static/chunks/node_modules_next_dist_1e8vcs8._.js:776
[ 1952077ms] [LOG] [Fast Refresh] done in 5571ms @ http://localhost:3000/_next/static/chunks/node_modules_next_dist_1e8vcs8._.js:776
[ 1952187ms] [LOG] [Fast Refresh] done in 5571ms @ http://localhost:3000/_next/static/chunks/node_modules_next_dist_1e8vcs8._.js:776
[ 1952342ms] [LOG] [Fast Refresh] done in 5571ms @ http://localhost:3000/_next/static/chunks/node_modules_next_dist_1e8vcs8._.js:776
[ 1953424ms] [LOG] [Fast Refresh] done in 5571ms @ http://localhost:3000/_next/static/chunks/node_modules_next_dist_1e8vcs8._.js:776
[ 1953638ms] [LOG] [Fast Refresh] done in 5571ms @ http://localhost:3000/_next/static/chunks/node_modules_next_dist_1e8vcs8._.js:776
[ 1953792ms] [LOG] [Fast Refresh] done in 5571ms @ http://localhost:3000/_next/static/chunks/node_modules_next_dist_1e8vcs8._.js:776
[ 1953890ms] [LOG] [Fast Refresh] done in 5571ms @ http://localhost:3000/_next/static/chunks/node_modules_next_dist_1e8vcs8._.js:776
[ 1954584ms] [LOG] [Fast Refresh] done in 5571ms @ http://localhost:3000/_next/static/chunks/node_modules_next_dist_1e8vcs8._.js:776
[ 1954644ms] [LOG] [Fast Refresh] done in 5571ms @ http://localhost:3000/_next/static/chunks/node_modules_next_dist_1e8vcs8._.js:776
[ 1955498ms] [LOG] [Fast Refresh] done in 5571ms @ http://localhost:3000/_next/static/chunks/node_modules_next_dist_1e8vcs8._.js:776
[ 1955897ms] [LOG] [Fast Refresh] done in 5571ms @ http://localhost:3000/_next/static/chunks/node_modules_next_dist_1e8vcs8._.js:776
[ 1956147ms] [LOG] [Fast Refresh] done in 5571ms @ http://localhost:3000/_next/static/chunks/node_modules_next_dist_1e8vcs8._.js:776
[ 1956202ms] [LOG] [Fast Refresh] done in 5571ms @ http://localhost:3000/_next/static/chunks/node_modules_next_dist_1e8vcs8._.js:776
[ 1956375ms] [LOG] [Fast Refresh] done in 5571ms @ http://localhost:3000/_next/static/chunks/node_modules_next_dist_1e8vcs8._.js:776
[ 1956489ms] [LOG] [Fast Refresh] done in 5571ms @ http://localhost:3000/_next/static/chunks/node_modules_next_dist_1e8vcs8._.js:776
[ 1956517ms] [LOG] [Fast Refresh] done in 5571ms @ http://localhost:3000/_next/static/chunks/node_modules_next_dist_1e8vcs8._.js:776
[ 1956674ms] [LOG] [Fast Refresh] done in 5571ms @ http://localhost:3000/_next/static/chunks/node_modules_next_dist_1e8vcs8._.js:776
[ 1956867ms] [LOG] [Fast Refresh] done in 5571ms @ http://localhost:3000/_next/static/chunks/node_modules_next_dist_1e8vcs8._.js:776
[ 1956977ms] [LOG] [Fast Refresh] done in 5571ms @ http://localhost:3000/_next/static/chunks/node_modules_next_dist_1e8vcs8._.js:776
[ 1957065ms] [LOG] [Fast Refresh] done in 5571ms @ http://localhost:3000/_next/static/chunks/node_modules_next_dist_1e8vcs8._.js:776
[ 1957121ms] [LOG] [Fast Refresh] done in 5571ms @ http://localhost:3000/_next/static/chunks/node_modules_next_dist_1e8vcs8._.js:776
[ 1957393ms] [LOG] [Fast Refresh] done in 5571ms @ http://localhost:3000/_next/static/chunks/node_modules_next_dist_1e8vcs8._.js:776
[ 1957538ms] [LOG] [Fast Refresh] done in 5571ms @ http://localhost:3000/_next/static/chunks/node_modules_next_dist_1e8vcs8._.js:776
[ 1957788ms] [LOG] [Fast Refresh] done in 5571ms @ http://localhost:3000/_next/static/chunks/node_modules_next_dist_1e8vcs8._.js:776
[ 1958223ms] [LOG] [Fast Refresh] done in 5571ms @ http://localhost:3000/_next/static/chunks/node_modules_next_dist_1e8vcs8._.js:776
[ 1958377ms] [LOG] [Fast Refresh] done in 5571ms @ http://localhost:3000/_next/static/chunks/node_modules_next_dist_1e8vcs8._.js:776
[ 1958436ms] [LOG] [Fast Refresh] done in 5571ms @ http://localhost:3000/_next/static/chunks/node_modules_next_dist_1e8vcs8._.js:776
[ 1958903ms] [LOG] [Fast Refresh] done in 5571ms @ http://localhost:3000/_next/static/chunks/node_modules_next_dist_1e8vcs8._.js:776
[ 1959297ms] [LOG] [Fast Refresh] rebuilding @ http://localhost:3000/_next/static/chunks/node_modules_next_dist_1e8vcs8._.js:776
[ 1959302ms] [LOG] [Fast Refresh] done in 215ms @ http://localhost:3000/_next/static/chunks/node_modules_next_dist_1e8vcs8._.js:776
[ 2064158ms] [LOG] [Fast Refresh] rebuilding @ http://localhost:3000/_next/static/chunks/node_modules_next_dist_1e8vcs8._.js:776
[ 2064179ms] [LOG] [Fast Refresh] done in 177ms @ http://localhost:3000/_next/static/chunks/node_modules_next_dist_1e8vcs8._.js:776
[ 2069686ms] [LOG] [Fast Refresh] rebuilding @ http://localhost:3000/_next/static/chunks/node_modules_next_dist_1e8vcs8._.js:776
[ 2069788ms] [LOG] [Fast Refresh] done in 205ms @ http://localhost:3000/_next/static/chunks/node_modules_next_dist_1e8vcs8._.js:776
[ 2487454ms] [LOG] [Fast Refresh] rebuilding @ http://localhost:3000/_next/static/chunks/node_modules_next_dist_1e8vcs8._.js:776
[ 2489882ms] [LOG] [Fast Refresh] done in 2756ms @ http://localhost:3000/_next/static/chunks/node_modules_next_dist_1e8vcs8._.js:776
