[     923ms] [INFO] %cDownload the React DevTools for a better development experience: https://react.dev/link/react-devtools font-weight:bold @ http://localhost:3000/_next/static/chunks/node_modules_next_dist_1e8vcs8._.js:776
[    1000ms] [LOG] [HMR] connected @ http://localhost:3000/_next/static/chunks/node_modules_next_dist_1e8vcs8._.js:776
[    1011ms] [ERROR] ./src/app/admin/page.tsx:641:19
Error: Unexpected token. Did you mean `{'}'}` or `&rbrace;`?
  639 |                     </div>
  640 |                   </div>
> 641 |                 ))}
      |                   ^
  642 |           </div>
  643 |         )}
  644 |         <Button

Parsing ecmascript source code failed

Import traces:
  Client Component Browser:
    ./src/app/admin/page.tsx [Client Component Browser]
    ./src/app/admin/page.tsx [Server Component]

  Client Component SSR:
    ./src/app/admin/page.tsx [Client Component SSR]
    ./src/app/admin/page.tsx [Server Component] @ http://localhost:3000/_next/static/chunks/node_modules_next_dist_1e8vcs8._.js:1052
[    1130ms] [WARNING] Image with src "/baran-logo-navbar.png" has either width or height modified, but not the other. If you use CSS to change the size of your image, also include the styles 'width: "auto"' or 'height: "auto"' to maintain the aspect ratio. @ http://localhost:3000/_next/static/chunks/node_modules_next_dist_1e8vcs8._.js:776
[    1145ms] [ERROR] ./src/app/admin/page.tsx:641:19
Error: Unexpected token. Did you mean `{'}'}` or `&rbrace;`?
  639 |                     </div>
  640 |                   </div>
> 641 |                 ))}
      |                   ^
  642 |           </div>
  643 |         )}
  644 |         <Button

Parsing ecmascript source code failed

Import traces:
  Client Component Browser:
    ./src/app/admin/page.tsx [Client Component Browser]
    ./src/app/admin/page.tsx [Server Component]

  Client Component SSR:
    ./src/app/admin/page.tsx [Client Component SSR]
    ./src/app/admin/page.tsx [Server Component] @ http://localhost:3000/_next/static/chunks/node_modules_next_dist_1e8vcs8._.js:1052
[    1188ms] [WARNING] GSAP target  not found. https://gsap.com @ http://localhost:3000/_next/static/chunks/node_modules_next_dist_1e8vcs8._.js:776
[    1190ms] [WARNING] GSAP target  not found. https://gsap.com @ http://localhost:3000/_next/static/chunks/node_modules_next_dist_1e8vcs8._.js:776
[    1195ms] [WARNING] GSAP target  not found. https://gsap.com @ http://localhost:3000/_next/static/chunks/node_modules_next_dist_1e8vcs8._.js:776
[    1196ms] [WARNING] GSAP target  not found. https://gsap.com @ http://localhost:3000/_next/static/chunks/node_modules_next_dist_1e8vcs8._.js:776
[    1205ms] [WARNING] GSAP target  not found. https://gsap.com @ http://localhost:3000/_next/static/chunks/node_modules_next_dist_1e8vcs8._.js:776
[    1206ms] [WARNING] GSAP target  not found. https://gsap.com @ http://localhost:3000/_next/static/chunks/node_modules_next_dist_1e8vcs8._.js:776
[    1207ms] [WARNING] GSAP target  not found. https://gsap.com @ http://localhost:3000/_next/static/chunks/node_modules_next_dist_1e8vcs8._.js:776
[    1208ms] [WARNING] GSAP target  not found. https://gsap.com @ http://localhost:3000/_next/static/chunks/node_modules_next_dist_1e8vcs8._.js:776
[    1209ms] [WARNING] GSAP target  not found. https://gsap.com @ http://localhost:3000/_next/static/chunks/node_modules_next_dist_1e8vcs8._.js:776
[    1209ms] [WARNING] GSAP target  not found. https://gsap.com @ http://localhost:3000/_next/static/chunks/node_modules_next_dist_1e8vcs8._.js:776
[    1209ms] [WARNING] GSAP target  not found. https://gsap.com @ http://localhost:3000/_next/static/chunks/node_modules_next_dist_1e8vcs8._.js:776
[    1241ms] [LOG] [Fast Refresh] rebuilding @ http://localhost:3000/_next/static/chunks/node_modules_next_dist_1e8vcs8._.js:776
[    2052ms] [WARNING] GSAP target  not found. https://gsap.com @ http://localhost:3000/_next/static/chunks/node_modules_next_dist_1e8vcs8._.js:776
[    2144ms] [LOG] [Fast Refresh] rebuilding @ http://localhost:3000/_next/static/chunks/node_modules_next_dist_1e8vcs8._.js:776
[    2447ms] [ERROR] ./src/app/admin/page.tsx:641:19
Error: Unexpected token. Did you mean `{'}'}` or `&rbrace;`?
  639 |                     </div>
  640 |                   </div>
> 641 |                 ))}
      |                   ^
  642 |           </div>
  643 |         )}
  644 |         <Button

Parsing ecmascript source code failed

Import traces:
  Client Component Browser:
    ./src/app/admin/page.tsx [Client Component Browser]
    ./src/app/admin/page.tsx [Server Component]

  Client Component SSR:
    ./src/app/admin/page.tsx [Client Component SSR]
    ./src/app/admin/page.tsx [Server Component] @ http://localhost:3000/_next/static/chunks/node_modules_next_dist_1e8vcs8._.js:1052
[    2510ms] [ERROR] ./src/app/admin/page.tsx:641:19
Error: Unexpected token. Did you mean `{'}'}` or `&rbrace;`?
  639 |                     </div>
  640 |                   </div>
> 641 |                 ))}
      |                   ^
  642 |           </div>
  643 |         )}
  644 |         <Button

Parsing ecmascript source code failed

Import traces:
  Client Component Browser:
    ./src/app/admin/page.tsx [Client Component Browser]
    ./src/app/admin/page.tsx [Server Component]

  Client Component SSR:
    ./src/app/admin/page.tsx [Client Component SSR]
    ./src/app/admin/page.tsx [Server Component] @ http://localhost:3000/_next/static/chunks/node_modules_next_dist_1e8vcs8._.js:1052
[    2599ms] [ERROR] ./src/app/admin/page.tsx:641:19
Error: Unexpected token. Did you mean `{'}'}` or `&rbrace;`?
  639 |                     </div>
  640 |                   </div>
> 641 |                 ))}
      |                   ^
  642 |           </div>
  643 |         )}
  644 |         <Button

Parsing ecmascript source code failed

Import traces:
  Client Component Browser:
    ./src/app/admin/page.tsx [Client Component Browser]
    ./src/app/admin/page.tsx [Server Component]

  Client Component SSR:
    ./src/app/admin/page.tsx [Client Component SSR]
    ./src/app/admin/page.tsx [Server Component] @ http://localhost:3000/_next/static/chunks/node_modules_next_dist_1e8vcs8._.js:1052
[    2677ms] [ERROR] ./src/app/admin/page.tsx:641:19
Error: Unexpected token. Did you mean `{'}'}` or `&rbrace;`?
  639 |                     </div>
  640 |                   </div>
> 641 |                 ))}
      |                   ^
  642 |           </div>
  643 |         )}
  644 |         <Button

Parsing ecmascript source code failed

Import traces:
  Client Component Browser:
    ./src/app/admin/page.tsx [Client Component Browser]
    ./src/app/admin/page.tsx [Server Component]

  Client Component SSR:
    ./src/app/admin/page.tsx [Client Component SSR]
    ./src/app/admin/page.tsx [Server Component] @ http://localhost:3000/_next/static/chunks/node_modules_next_dist_1e8vcs8._.js:1052
[    2765ms] [ERROR] ./src/app/admin/page.tsx:641:19
Error: Unexpected token. Did you mean `{'}'}` or `&rbrace;`?
  639 |                     </div>
  640 |                   </div>
> 641 |                 ))}
      |                   ^
  642 |           </div>
  643 |         )}
  644 |         <Button

Parsing ecmascript source code failed

Import traces:
  Client Component Browser:
    ./src/app/admin/page.tsx [Client Component Browser]
    ./src/app/admin/page.tsx [Server Component]

  Client Component SSR:
    ./src/app/admin/page.tsx [Client Component SSR]
    ./src/app/admin/page.tsx [Server Component] @ http://localhost:3000/_next/static/chunks/node_modules_next_dist_1e8vcs8._.js:1052
[    2839ms] [ERROR] ./src/app/admin/page.tsx:641:19
Error: Unexpected token. Did you mean `{'}'}` or `&rbrace;`?
  639 |                     </div>
  640 |                   </div>
> 641 |                 ))}
      |                   ^
  642 |           </div>
  643 |         )}
  644 |         <Button

Parsing ecmascript source code failed

Import traces:
  Client Component Browser:
    ./src/app/admin/page.tsx [Client Component Browser]
    ./src/app/admin/page.tsx [Server Component]

  Client Component SSR:
    ./src/app/admin/page.tsx [Client Component SSR]
    ./src/app/admin/page.tsx [Server Component] @ http://localhost:3000/_next/static/chunks/node_modules_next_dist_1e8vcs8._.js:1052
[    2944ms] [ERROR] ./src/app/admin/page.tsx:641:19
Error: Unexpected token. Did you mean `{'}'}` or `&rbrace;`?
  639 |                     </div>
  640 |                   </div>
> 641 |                 ))}
      |                   ^
  642 |           </div>
  643 |         )}
  644 |         <Button

Parsing ecmascript source code failed

Import traces:
  Client Component Browser:
    ./src/app/admin/page.tsx [Client Component Browser]
    ./src/app/admin/page.tsx [Server Component]

  Client Component SSR:
    ./src/app/admin/page.tsx [Client Component SSR]
    ./src/app/admin/page.tsx [Server Component] @ http://localhost:3000/_next/static/chunks/node_modules_next_dist_1e8vcs8._.js:1052
[    3065ms] [ERROR] ./src/app/admin/page.tsx:641:19
Error: Unexpected token. Did you mean `{'}'}` or `&rbrace;`?
  639 |                     </div>
  640 |                   </div>
> 641 |                 ))}
      |                   ^
  642 |           </div>
  643 |         )}
  644 |         <Button

Parsing ecmascript source code failed

Import traces:
  Client Component Browser:
    ./src/app/admin/page.tsx [Client Component Browser]
    ./src/app/admin/page.tsx [Server Component]

  Client Component SSR:
    ./src/app/admin/page.tsx [Client Component SSR]
    ./src/app/admin/page.tsx [Server Component] @ http://localhost:3000/_next/static/chunks/node_modules_next_dist_1e8vcs8._.js:1052
[    3170ms] [ERROR] ./src/app/admin/page.tsx:641:19
Error: Unexpected token. Did you mean `{'}'}` or `&rbrace;`?
  639 |                     </div>
  640 |                   </div>
> 641 |                 ))}
      |                   ^
  642 |           </div>
  643 |         )}
  644 |         <Button

Parsing ecmascript source code failed

Import traces:
  Client Component Browser:
    ./src/app/admin/page.tsx [Client Component Browser]
    ./src/app/admin/page.tsx [Server Component]

  Client Component SSR:
    ./src/app/admin/page.tsx [Client Component SSR]
    ./src/app/admin/page.tsx [Server Component] @ http://localhost:3000/_next/static/chunks/node_modules_next_dist_1e8vcs8._.js:1052
[    3248ms] [ERROR] ./src/app/admin/page.tsx:641:19
Error: Unexpected token. Did you mean `{'}'}` or `&rbrace;`?
  639 |                     </div>
  640 |                   </div>
> 641 |                 ))}
      |                   ^
  642 |           </div>
  643 |         )}
  644 |         <Button

Parsing ecmascript source code failed

Import traces:
  Client Component Browser:
    ./src/app/admin/page.tsx [Client Component Browser]
    ./src/app/admin/page.tsx [Server Component]

  Client Component SSR:
    ./src/app/admin/page.tsx [Client Component SSR]
    ./src/app/admin/page.tsx [Server Component] @ http://localhost:3000/_next/static/chunks/node_modules_next_dist_1e8vcs8._.js:1052
[    3311ms] [ERROR] ./src/app/admin/page.tsx:641:19
Error: Unexpected token. Did you mean `{'}'}` or `&rbrace;`?
  639 |                     </div>
  640 |                   </div>
> 641 |                 ))}
      |                   ^
  642 |           </div>
  643 |         )}
  644 |         <Button

Parsing ecmascript source code failed

Import traces:
  Client Component Browser:
    ./src/app/admin/page.tsx [Client Component Browser]
    ./src/app/admin/page.tsx [Server Component]

  Client Component SSR:
    ./src/app/admin/page.tsx [Client Component SSR]
    ./src/app/admin/page.tsx [Server Component] @ http://localhost:3000/_next/static/chunks/node_modules_next_dist_1e8vcs8._.js:1052
[    3375ms] [ERROR] ./src/app/admin/page.tsx:641:19
Error: Unexpected token. Did you mean `{'}'}` or `&rbrace;`?
  639 |                     </div>
  640 |                   </div>
> 641 |                 ))}
      |                   ^
  642 |           </div>
  643 |         )}
  644 |         <Button

Parsing ecmascript source code failed

Import traces:
  Client Component Browser:
    ./src/app/admin/page.tsx [Client Component Browser]
    ./src/app/admin/page.tsx [Server Component]

  Client Component SSR:
    ./src/app/admin/page.tsx [Client Component SSR]
    ./src/app/admin/page.tsx [Server Component] @ http://localhost:3000/_next/static/chunks/node_modules_next_dist_1e8vcs8._.js:1052
[    3428ms] [ERROR] ./src/app/admin/page.tsx:641:19
Error: Unexpected token. Did you mean `{'}'}` or `&rbrace;`?
  639 |                     </div>
  640 |                   </div>
> 641 |                 ))}
      |                   ^
  642 |           </div>
  643 |         )}
  644 |         <Button

Parsing ecmascript source code failed

Import traces:
  Client Component Browser:
    ./src/app/admin/page.tsx [Client Component Browser]
    ./src/app/admin/page.tsx [Server Component]

  Client Component SSR:
    ./src/app/admin/page.tsx [Client Component SSR]
    ./src/app/admin/page.tsx [Server Component] @ http://localhost:3000/_next/static/chunks/node_modules_next_dist_1e8vcs8._.js:1052
[    3485ms] [ERROR] ./src/app/admin/page.tsx:641:19
Error: Unexpected token. Did you mean `{'}'}` or `&rbrace;`?
  639 |                     </div>
  640 |                   </div>
> 641 |                 ))}
      |                   ^
  642 |           </div>
  643 |         )}
  644 |         <Button

Parsing ecmascript source code failed

Import traces:
  Client Component Browser:
    ./src/app/admin/page.tsx [Client Component Browser]
    ./src/app/admin/page.tsx [Server Component]

  Client Component SSR:
    ./src/app/admin/page.tsx [Client Component SSR]
    ./src/app/admin/page.tsx [Server Component] @ http://localhost:3000/_next/static/chunks/node_modules_next_dist_1e8vcs8._.js:1052
[    3536ms] [ERROR] ./src/app/admin/page.tsx:641:19
Error: Unexpected token. Did you mean `{'}'}` or `&rbrace;`?
  639 |                     </div>
  640 |                   </div>
> 641 |                 ))}
      |                   ^
  642 |           </div>
  643 |         )}
  644 |         <Button

Parsing ecmascript source code failed

Import traces:
  Client Component Browser:
    ./src/app/admin/page.tsx [Client Component Browser]
    ./src/app/admin/page.tsx [Server Component]

  Client Component SSR:
    ./src/app/admin/page.tsx [Client Component SSR]
    ./src/app/admin/page.tsx [Server Component] @ http://localhost:3000/_next/static/chunks/node_modules_next_dist_1e8vcs8._.js:1052
[    3591ms] [ERROR] ./src/app/admin/page.tsx:641:19
Error: Unexpected token. Did you mean `{'}'}` or `&rbrace;`?
  639 |                     </div>
  640 |                   </div>
> 641 |                 ))}
      |                   ^
  642 |           </div>
  643 |         )}
  644 |         <Button

Parsing ecmascript source code failed

Import traces:
  Client Component Browser:
    ./src/app/admin/page.tsx [Client Component Browser]
    ./src/app/admin/page.tsx [Server Component]

  Client Component SSR:
    ./src/app/admin/page.tsx [Client Component SSR]
    ./src/app/admin/page.tsx [Server Component] @ http://localhost:3000/_next/static/chunks/node_modules_next_dist_1e8vcs8._.js:1052
[    3644ms] [ERROR] ./src/app/admin/page.tsx:641:19
Error: Unexpected token. Did you mean `{'}'}` or `&rbrace;`?
  639 |                     </div>
  640 |                   </div>
> 641 |                 ))}
      |                   ^
  642 |           </div>
  643 |         )}
  644 |         <Button

Parsing ecmascript source code failed

Import traces:
  Client Component Browser:
    ./src/app/admin/page.tsx [Client Component Browser]
    ./src/app/admin/page.tsx [Server Component]

  Client Component SSR:
    ./src/app/admin/page.tsx [Client Component SSR]
    ./src/app/admin/page.tsx [Server Component] @ http://localhost:3000/_next/static/chunks/node_modules_next_dist_1e8vcs8._.js:1052
[    3706ms] [ERROR] ./src/app/admin/page.tsx:641:19
Error: Unexpected token. Did you mean `{'}'}` or `&rbrace;`?
  639 |                     </div>
  640 |                   </div>
> 641 |                 ))}
      |                   ^
  642 |           </div>
  643 |         )}
  644 |         <Button

Parsing ecmascript source code failed

Import traces:
  Client Component Browser:
    ./src/app/admin/page.tsx [Client Component Browser]
    ./src/app/admin/page.tsx [Server Component]

  Client Component SSR:
    ./src/app/admin/page.tsx [Client Component SSR]
    ./src/app/admin/page.tsx [Server Component] @ http://localhost:3000/_next/static/chunks/node_modules_next_dist_1e8vcs8._.js:1052
[    3763ms] [ERROR] ./src/app/admin/page.tsx:641:19
Error: Unexpected token. Did you mean `{'}'}` or `&rbrace;`?
  639 |                     </div>
  640 |                   </div>
> 641 |                 ))}
      |                   ^
  642 |           </div>
  643 |         )}
  644 |         <Button

Parsing ecmascript source code failed

Import traces:
  Client Component Browser:
    ./src/app/admin/page.tsx [Client Component Browser]
    ./src/app/admin/page.tsx [Server Component]

  Client Component SSR:
    ./src/app/admin/page.tsx [Client Component SSR]
    ./src/app/admin/page.tsx [Server Component] @ http://localhost:3000/_next/static/chunks/node_modules_next_dist_1e8vcs8._.js:1052
[    3817ms] [ERROR] ./src/app/admin/page.tsx:641:19
Error: Unexpected token. Did you mean `{'}'}` or `&rbrace;`?
  639 |                     </div>
  640 |                   </div>
> 641 |                 ))}
      |                   ^
  642 |           </div>
  643 |         )}
  644 |         <Button

Parsing ecmascript source code failed

Import traces:
  Client Component Browser:
    ./src/app/admin/page.tsx [Client Component Browser]
    ./src/app/admin/page.tsx [Server Component]

  Client Component SSR:
    ./src/app/admin/page.tsx [Client Component SSR]
    ./src/app/admin/page.tsx [Server Component] @ http://localhost:3000/_next/static/chunks/node_modules_next_dist_1e8vcs8._.js:1052
[    3876ms] [ERROR] ./src/app/admin/page.tsx:641:19
Error: Unexpected token. Did you mean `{'}'}` or `&rbrace;`?
  639 |                     </div>
  640 |                   </div>
> 641 |                 ))}
      |                   ^
  642 |           </div>
  643 |         )}
  644 |         <Button

Parsing ecmascript source code failed

Import traces:
  Client Component Browser:
    ./src/app/admin/page.tsx [Client Component Browser]
    ./src/app/admin/page.tsx [Server Component]

  Client Component SSR:
    ./src/app/admin/page.tsx [Client Component SSR]
    ./src/app/admin/page.tsx [Server Component] @ http://localhost:3000/_next/static/chunks/node_modules_next_dist_1e8vcs8._.js:1052
[    3931ms] [ERROR] ./src/app/admin/page.tsx:641:19
Error: Unexpected token. Did you mean `{'}'}` or `&rbrace;`?
  639 |                     </div>
  640 |                   </div>
> 641 |                 ))}
      |                   ^
  642 |           </div>
  643 |         )}
  644 |         <Button

Parsing ecmascript source code failed

Import traces:
  Client Component Browser:
    ./src/app/admin/page.tsx [Client Component Browser]
    ./src/app/admin/page.tsx [Server Component]

  Client Component SSR:
    ./src/app/admin/page.tsx [Client Component SSR]
    ./src/app/admin/page.tsx [Server Component] @ http://localhost:3000/_next/static/chunks/node_modules_next_dist_1e8vcs8._.js:1052
[    3991ms] [ERROR] ./src/app/admin/page.tsx:641:19
Error: Unexpected token. Did you mean `{'}'}` or `&rbrace;`?
  639 |                     </div>
  640 |                   </div>
> 641 |                 ))}
      |                   ^
  642 |           </div>
  643 |         )}
  644 |         <Button

Parsing ecmascript source code failed

Import traces:
  Client Component Browser:
    ./src/app/admin/page.tsx [Client Component Browser]
    ./src/app/admin/page.tsx [Server Component]

  Client Component SSR:
    ./src/app/admin/page.tsx [Client Component SSR]
    ./src/app/admin/page.tsx [Server Component] @ http://localhost:3000/_next/static/chunks/node_modules_next_dist_1e8vcs8._.js:1052
[    4565ms] [ERROR] ./src/app/admin/page.tsx:641:19
Error: Unexpected token. Did you mean `{'}'}` or `&rbrace;`?
  639 |                     </div>
  640 |                   </div>
> 641 |                 ))}
      |                   ^
  642 |           </div>
  643 |         )}
  644 |         <Button

Parsing ecmascript source code failed

Import traces:
  Client Component Browser:
    ./src/app/admin/page.tsx [Client Component Browser]
    ./src/app/admin/page.tsx [Server Component]

  Client Component SSR:
    ./src/app/admin/page.tsx [Client Component SSR]
    ./src/app/admin/page.tsx [Server Component] @ http://localhost:3000/_next/static/chunks/node_modules_next_dist_1e8vcs8._.js:1052
[    4678ms] [ERROR] ./src/app/admin/page.tsx:641:19
Error: Unexpected token. Did you mean `{'}'}` or `&rbrace;`?
  639 |                     </div>
  640 |                   </div>
> 641 |                 ))}
      |                   ^
  642 |           </div>
  643 |         )}
  644 |         <Button

Parsing ecmascript source code failed

Import traces:
  Client Component Browser:
    ./src/app/admin/page.tsx [Client Component Browser]
    ./src/app/admin/page.tsx [Server Component]

  Client Component SSR:
    ./src/app/admin/page.tsx [Client Component SSR]
    ./src/app/admin/page.tsx [Server Component] @ http://localhost:3000/_next/static/chunks/node_modules_next_dist_1e8vcs8._.js:1052
[    4745ms] [ERROR] ./src/app/admin/page.tsx:641:19
Error: Unexpected token. Did you mean `{'}'}` or `&rbrace;`?
  639 |                     </div>
  640 |                   </div>
> 641 |                 ))}
      |                   ^
  642 |           </div>
  643 |         )}
  644 |         <Button

Parsing ecmascript source code failed

Import traces:
  Client Component Browser:
    ./src/app/admin/page.tsx [Client Component Browser]
    ./src/app/admin/page.tsx [Server Component]

  Client Component SSR:
    ./src/app/admin/page.tsx [Client Component SSR]
    ./src/app/admin/page.tsx [Server Component] @ http://localhost:3000/_next/static/chunks/node_modules_next_dist_1e8vcs8._.js:1052
[    4801ms] [ERROR] ./src/app/admin/page.tsx:641:19
Error: Unexpected token. Did you mean `{'}'}` or `&rbrace;`?
  639 |                     </div>
  640 |                   </div>
> 641 |                 ))}
      |                   ^
  642 |           </div>
  643 |         )}
  644 |         <Button

Parsing ecmascript source code failed

Import traces:
  Client Component Browser:
    ./src/app/admin/page.tsx [Client Component Browser]
    ./src/app/admin/page.tsx [Server Component]

  Client Component SSR:
    ./src/app/admin/page.tsx [Client Component SSR]
    ./src/app/admin/page.tsx [Server Component] @ http://localhost:3000/_next/static/chunks/node_modules_next_dist_1e8vcs8._.js:1052
[    4856ms] [ERROR] ./src/app/admin/page.tsx:641:19
Error: Unexpected token. Did you mean `{'}'}` or `&rbrace;`?
  639 |                     </div>
  640 |                   </div>
> 641 |                 ))}
      |                   ^
  642 |           </div>
  643 |         )}
  644 |         <Button

Parsing ecmascript source code failed

Import traces:
  Client Component Browser:
    ./src/app/admin/page.tsx [Client Component Browser]
    ./src/app/admin/page.tsx [Server Component]

  Client Component SSR:
    ./src/app/admin/page.tsx [Client Component SSR]
    ./src/app/admin/page.tsx [Server Component] @ http://localhost:3000/_next/static/chunks/node_modules_next_dist_1e8vcs8._.js:1052
[    4909ms] [ERROR] ./src/app/admin/page.tsx:641:19
Error: Unexpected token. Did you mean `{'}'}` or `&rbrace;`?
  639 |                     </div>
  640 |                   </div>
> 641 |                 ))}
      |                   ^
  642 |           </div>
  643 |         )}
  644 |         <Button

Parsing ecmascript source code failed

Import traces:
  Client Component Browser:
    ./src/app/admin/page.tsx [Client Component Browser]
    ./src/app/admin/page.tsx [Server Component]

  Client Component SSR:
    ./src/app/admin/page.tsx [Client Component SSR]
    ./src/app/admin/page.tsx [Server Component] @ http://localhost:3000/_next/static/chunks/node_modules_next_dist_1e8vcs8._.js:1052
[    4962ms] [ERROR] ./src/app/admin/page.tsx:641:19
Error: Unexpected token. Did you mean `{'}'}` or `&rbrace;`?
  639 |                     </div>
  640 |                   </div>
> 641 |                 ))}
      |                   ^
  642 |           </div>
  643 |         )}
  644 |         <Button

Parsing ecmascript source code failed

Import traces:
  Client Component Browser:
    ./src/app/admin/page.tsx [Client Component Browser]
    ./src/app/admin/page.tsx [Server Component]

  Client Component SSR:
    ./src/app/admin/page.tsx [Client Component SSR]
    ./src/app/admin/page.tsx [Server Component] @ http://localhost:3000/_next/static/chunks/node_modules_next_dist_1e8vcs8._.js:1052
[    5018ms] [ERROR] ./src/app/admin/page.tsx:641:19
Error: Unexpected token. Did you mean `{'}'}` or `&rbrace;`?
  639 |                     </div>
  640 |                   </div>
> 641 |                 ))}
      |                   ^
  642 |           </div>
  643 |         )}
  644 |         <Button

Parsing ecmascript source code failed

Import traces:
  Client Component Browser:
    ./src/app/admin/page.tsx [Client Component Browser]
    ./src/app/admin/page.tsx [Server Component]

  Client Component SSR:
    ./src/app/admin/page.tsx [Client Component SSR]
    ./src/app/admin/page.tsx [Server Component] @ http://localhost:3000/_next/static/chunks/node_modules_next_dist_1e8vcs8._.js:1052
[    5069ms] [ERROR] ./src/app/admin/page.tsx:641:19
Error: Unexpected token. Did you mean `{'}'}` or `&rbrace;`?
  639 |                     </div>
  640 |                   </div>
> 641 |                 ))}
      |                   ^
  642 |           </div>
  643 |         )}
  644 |         <Button

Parsing ecmascript source code failed

Import traces:
  Client Component Browser:
    ./src/app/admin/page.tsx [Client Component Browser]
    ./src/app/admin/page.tsx [Server Component]

  Client Component SSR:
    ./src/app/admin/page.tsx [Client Component SSR]
    ./src/app/admin/page.tsx [Server Component] @ http://localhost:3000/_next/static/chunks/node_modules_next_dist_1e8vcs8._.js:1052
[    5119ms] [ERROR] ./src/app/admin/page.tsx:641:19
Error: Unexpected token. Did you mean `{'}'}` or `&rbrace;`?
  639 |                     </div>
  640 |                   </div>
> 641 |                 ))}
      |                   ^
  642 |           </div>
  643 |         )}
  644 |         <Button

Parsing ecmascript source code failed

Import traces:
  Client Component Browser:
    ./src/app/admin/page.tsx [Client Component Browser]
    ./src/app/admin/page.tsx [Server Component]

  Client Component SSR:
    ./src/app/admin/page.tsx [Client Component SSR]
    ./src/app/admin/page.tsx [Server Component] @ http://localhost:3000/_next/static/chunks/node_modules_next_dist_1e8vcs8._.js:1052
[    5174ms] [ERROR] ./src/app/admin/page.tsx:641:19
Error: Unexpected token. Did you mean `{'}'}` or `&rbrace;`?
  639 |                     </div>
  640 |                   </div>
> 641 |                 ))}
      |                   ^
  642 |           </div>
  643 |         )}
  644 |         <Button

Parsing ecmascript source code failed

Import traces:
  Client Component Browser:
    ./src/app/admin/page.tsx [Client Component Browser]
    ./src/app/admin/page.tsx [Server Component]

  Client Component SSR:
    ./src/app/admin/page.tsx [Client Component SSR]
    ./src/app/admin/page.tsx [Server Component] @ http://localhost:3000/_next/static/chunks/node_modules_next_dist_1e8vcs8._.js:1052
[    5240ms] [ERROR] ./src/app/admin/page.tsx:641:19
Error: Unexpected token. Did you mean `{'}'}` or `&rbrace;`?
  639 |                     </div>
  640 |                   </div>
> 641 |                 ))}
      |                   ^
  642 |           </div>
  643 |         )}
  644 |         <Button

Parsing ecmascript source code failed

Import traces:
  Client Component Browser:
    ./src/app/admin/page.tsx [Client Component Browser]
    ./src/app/admin/page.tsx [Server Component]

  Client Component SSR:
    ./src/app/admin/page.tsx [Client Component SSR]
    ./src/app/admin/page.tsx [Server Component] @ http://localhost:3000/_next/static/chunks/node_modules_next_dist_1e8vcs8._.js:1052
[    5294ms] [ERROR] ./src/app/admin/page.tsx:641:19
Error: Unexpected token. Did you mean `{'}'}` or `&rbrace;`?
  639 |                     </div>
  640 |                   </div>
> 641 |                 ))}
      |                   ^
  642 |           </div>
  643 |         )}
  644 |         <Button

Parsing ecmascript source code failed

Import traces:
  Client Component Browser:
    ./src/app/admin/page.tsx [Client Component Browser]
    ./src/app/admin/page.tsx [Server Component]

  Client Component SSR:
    ./src/app/admin/page.tsx [Client Component SSR]
    ./src/app/admin/page.tsx [Server Component] @ http://localhost:3000/_next/static/chunks/node_modules_next_dist_1e8vcs8._.js:1052
[    5341ms] [ERROR] ./src/app/admin/page.tsx:641:19
Error: Unexpected token. Did you mean `{'}'}` or `&rbrace;`?
  639 |                     </div>
  640 |                   </div>
> 641 |                 ))}
      |                   ^
  642 |           </div>
  643 |         )}
  644 |         <Button

Parsing ecmascript source code failed

Import traces:
  Client Component Browser:
    ./src/app/admin/page.tsx [Client Component Browser]
    ./src/app/admin/page.tsx [Server Component]

  Client Component SSR:
    ./src/app/admin/page.tsx [Client Component SSR]
    ./src/app/admin/page.tsx [Server Component] @ http://localhost:3000/_next/static/chunks/node_modules_next_dist_1e8vcs8._.js:1052
[    5394ms] [ERROR] ./src/app/admin/page.tsx:641:19
Error: Unexpected token. Did you mean `{'}'}` or `&rbrace;`?
  639 |                     </div>
  640 |                   </div>
> 641 |                 ))}
      |                   ^
  642 |           </div>
  643 |         )}
  644 |         <Button

Parsing ecmascript source code failed

Import traces:
  Client Component Browser:
    ./src/app/admin/page.tsx [Client Component Browser]
    ./src/app/admin/page.tsx [Server Component]

  Client Component SSR:
    ./src/app/admin/page.tsx [Client Component SSR]
    ./src/app/admin/page.tsx [Server Component] @ http://localhost:3000/_next/static/chunks/node_modules_next_dist_1e8vcs8._.js:1052
[    5445ms] [ERROR] ./src/app/admin/page.tsx:641:19
Error: Unexpected token. Did you mean `{'}'}` or `&rbrace;`?
  639 |                     </div>
  640 |                   </div>
> 641 |                 ))}
      |                   ^
  642 |           </div>
  643 |         )}
  644 |         <Button

Parsing ecmascript source code failed

Import traces:
  Client Component Browser:
    ./src/app/admin/page.tsx [Client Component Browser]
    ./src/app/admin/page.tsx [Server Component]

  Client Component SSR:
    ./src/app/admin/page.tsx [Client Component SSR]
    ./src/app/admin/page.tsx [Server Component] @ http://localhost:3000/_next/static/chunks/node_modules_next_dist_1e8vcs8._.js:1052
[    5497ms] [ERROR] ./src/app/admin/page.tsx:641:19
Error: Unexpected token. Did you mean `{'}'}` or `&rbrace;`?
  639 |                     </div>
  640 |                   </div>
> 641 |                 ))}
      |                   ^
  642 |           </div>
  643 |         )}
  644 |         <Button

Parsing ecmascript source code failed

Import traces:
  Client Component Browser:
    ./src/app/admin/page.tsx [Client Component Browser]
    ./src/app/admin/page.tsx [Server Component]

  Client Component SSR:
    ./src/app/admin/page.tsx [Client Component SSR]
    ./src/app/admin/page.tsx [Server Component] @ http://localhost:3000/_next/static/chunks/node_modules_next_dist_1e8vcs8._.js:1052
[    5547ms] [ERROR] ./src/app/admin/page.tsx:641:19
Error: Unexpected token. Did you mean `{'}'}` or `&rbrace;`?
  639 |                     </div>
  640 |                   </div>
> 641 |                 ))}
      |                   ^
  642 |           </div>
  643 |         )}
  644 |         <Button

Parsing ecmascript source code failed

Import traces:
  Client Component Browser:
    ./src/app/admin/page.tsx [Client Component Browser]
    ./src/app/admin/page.tsx [Server Component]

  Client Component SSR:
    ./src/app/admin/page.tsx [Client Component SSR]
    ./src/app/admin/page.tsx [Server Component] @ http://localhost:3000/_next/static/chunks/node_modules_next_dist_1e8vcs8._.js:1052
[    5597ms] [ERROR] ./src/app/admin/page.tsx:641:19
Error: Unexpected token. Did you mean `{'}'}` or `&rbrace;`?
  639 |                     </div>
  640 |                   </div>
> 641 |                 ))}
      |                   ^
  642 |           </div>
  643 |         )}
  644 |         <Button

Parsing ecmascript source code failed

Import traces:
  Client Component Browser:
    ./src/app/admin/page.tsx [Client Component Browser]
    ./src/app/admin/page.tsx [Server Component]

  Client Component SSR:
    ./src/app/admin/page.tsx [Client Component SSR]
    ./src/app/admin/page.tsx [Server Component] @ http://localhost:3000/_next/static/chunks/node_modules_next_dist_1e8vcs8._.js:1052
[    5649ms] [ERROR] ./src/app/admin/page.tsx:641:19
Error: Unexpected token. Did you mean `{'}'}` or `&rbrace;`?
  639 |                     </div>
  640 |                   </div>
> 641 |                 ))}
      |                   ^
  642 |           </div>
  643 |         )}
  644 |         <Button

Parsing ecmascript source code failed

Import traces:
  Client Component Browser:
    ./src/app/admin/page.tsx [Client Component Browser]
    ./src/app/admin/page.tsx [Server Component]

  Client Component SSR:
    ./src/app/admin/page.tsx [Client Component SSR]
    ./src/app/admin/page.tsx [Server Component] @ http://localhost:3000/_next/static/chunks/node_modules_next_dist_1e8vcs8._.js:1052
[    5699ms] [ERROR] ./src/app/admin/page.tsx:641:19
Error: Unexpected token. Did you mean `{'}'}` or `&rbrace;`?
  639 |                     </div>
  640 |                   </div>
> 641 |                 ))}
      |                   ^
  642 |           </div>
  643 |         )}
  644 |         <Button

Parsing ecmascript source code failed

Import traces:
  Client Component Browser:
    ./src/app/admin/page.tsx [Client Component Browser]
    ./src/app/admin/page.tsx [Server Component]

  Client Component SSR:
    ./src/app/admin/page.tsx [Client Component SSR]
    ./src/app/admin/page.tsx [Server Component] @ http://localhost:3000/_next/static/chunks/node_modules_next_dist_1e8vcs8._.js:1052
[    5750ms] [ERROR] ./src/app/admin/page.tsx:641:19
Error: Unexpected token. Did you mean `{'}'}` or `&rbrace;`?
  639 |                     </div>
  640 |                   </div>
> 641 |                 ))}
      |                   ^
  642 |           </div>
  643 |         )}
  644 |         <Button

Parsing ecmascript source code failed

Import traces:
  Client Component Browser:
    ./src/app/admin/page.tsx [Client Component Browser]
    ./src/app/admin/page.tsx [Server Component]

  Client Component SSR:
    ./src/app/admin/page.tsx [Client Component SSR]
    ./src/app/admin/page.tsx [Server Component] @ http://localhost:3000/_next/static/chunks/node_modules_next_dist_1e8vcs8._.js:1052
[    5801ms] [ERROR] ./src/app/admin/page.tsx:641:19
Error: Unexpected token. Did you mean `{'}'}` or `&rbrace;`?
  639 |                     </div>
  640 |                   </div>
> 641 |                 ))}
      |                   ^
  642 |           </div>
  643 |         )}
  644 |         <Button

Parsing ecmascript source code failed

Import traces:
  Client Component Browser:
    ./src/app/admin/page.tsx [Client Component Browser]
    ./src/app/admin/page.tsx [Server Component]

  Client Component SSR:
    ./src/app/admin/page.tsx [Client Component SSR]
    ./src/app/admin/page.tsx [Server Component] @ http://localhost:3000/_next/static/chunks/node_modules_next_dist_1e8vcs8._.js:1052
[    5853ms] [ERROR] ./src/app/admin/page.tsx:641:19
Error: Unexpected token. Did you mean `{'}'}` or `&rbrace;`?
  639 |                     </div>
  640 |                   </div>
> 641 |                 ))}
      |                   ^
  642 |           </div>
  643 |         )}
  644 |         <Button

Parsing ecmascript source code failed

Import traces:
  Client Component Browser:
    ./src/app/admin/page.tsx [Client Component Browser]
    ./src/app/admin/page.tsx [Server Component]

  Client Component SSR:
    ./src/app/admin/page.tsx [Client Component SSR]
    ./src/app/admin/page.tsx [Server Component] @ http://localhost:3000/_next/static/chunks/node_modules_next_dist_1e8vcs8._.js:1052
[    5905ms] [ERROR] ./src/app/admin/page.tsx:641:19
Error: Unexpected token. Did you mean `{'}'}` or `&rbrace;`?
  639 |                     </div>
  640 |                   </div>
> 641 |                 ))}
      |                   ^
  642 |           </div>
  643 |         )}
  644 |         <Button

Parsing ecmascript source code failed

Import traces:
  Client Component Browser:
    ./src/app/admin/page.tsx [Client Component Browser]
    ./src/app/admin/page.tsx [Server Component]

  Client Component SSR:
    ./src/app/admin/page.tsx [Client Component SSR]
    ./src/app/admin/page.tsx [Server Component] @ http://localhost:3000/_next/static/chunks/node_modules_next_dist_1e8vcs8._.js:1052
[    5959ms] [ERROR] ./src/app/admin/page.tsx:641:19
Error: Unexpected token. Did you mean `{'}'}` or `&rbrace;`?
  639 |                     </div>
  640 |                   </div>
> 641 |                 ))}
      |                   ^
  642 |           </div>
  643 |         )}
  644 |         <Button

Parsing ecmascript source code failed

Import traces:
  Client Component Browser:
    ./src/app/admin/page.tsx [Client Component Browser]
    ./src/app/admin/page.tsx [Server Component]

  Client Component SSR:
    ./src/app/admin/page.tsx [Client Component SSR]
    ./src/app/admin/page.tsx [Server Component] @ http://localhost:3000/_next/static/chunks/node_modules_next_dist_1e8vcs8._.js:1052
[    6011ms] [ERROR] ./src/app/admin/page.tsx:641:19
Error: Unexpected token. Did you mean `{'}'}` or `&rbrace;`?
  639 |                     </div>
  640 |                   </div>
> 641 |                 ))}
      |                   ^
  642 |           </div>
  643 |         )}
  644 |         <Button

Parsing ecmascript source code failed

Import traces:
  Client Component Browser:
    ./src/app/admin/page.tsx [Client Component Browser]
    ./src/app/admin/page.tsx [Server Component]

  Client Component SSR:
    ./src/app/admin/page.tsx [Client Component SSR]
    ./src/app/admin/page.tsx [Server Component] @ http://localhost:3000/_next/static/chunks/node_modules_next_dist_1e8vcs8._.js:1052
[    6061ms] [ERROR] ./src/app/admin/page.tsx:641:19
Error: Unexpected token. Did you mean `{'}'}` or `&rbrace;`?
  639 |                     </div>
  640 |                   </div>
> 641 |                 ))}
      |                   ^
  642 |           </div>
  643 |         )}
  644 |         <Button

Parsing ecmascript source code failed

Import traces:
  Client Component Browser:
    ./src/app/admin/page.tsx [Client Component Browser]
    ./src/app/admin/page.tsx [Server Component]

  Client Component SSR:
    ./src/app/admin/page.tsx [Client Component SSR]
    ./src/app/admin/page.tsx [Server Component] @ http://localhost:3000/_next/static/chunks/node_modules_next_dist_1e8vcs8._.js:1052
[    6110ms] [ERROR] ./src/app/admin/page.tsx:641:19
Error: Unexpected token. Did you mean `{'}'}` or `&rbrace;`?
  639 |                     </div>
  640 |                   </div>
> 641 |                 ))}
      |                   ^
  642 |           </div>
  643 |         )}
  644 |         <Button

Parsing ecmascript source code failed

Import traces:
  Client Component Browser:
    ./src/app/admin/page.tsx [Client Component Browser]
    ./src/app/admin/page.tsx [Server Component]

  Client Component SSR:
    ./src/app/admin/page.tsx [Client Component SSR]
    ./src/app/admin/page.tsx [Server Component] @ http://localhost:3000/_next/static/chunks/node_modules_next_dist_1e8vcs8._.js:1052
[    6161ms] [ERROR] ./src/app/admin/page.tsx:641:19
Error: Unexpected token. Did you mean `{'}'}` or `&rbrace;`?
  639 |                     </div>
  640 |                   </div>
> 641 |                 ))}
      |                   ^
  642 |           </div>
  643 |         )}
  644 |         <Button

Parsing ecmascript source code failed

Import traces:
  Client Component Browser:
    ./src/app/admin/page.tsx [Client Component Browser]
    ./src/app/admin/page.tsx [Server Component]

  Client Component SSR:
    ./src/app/admin/page.tsx [Client Component SSR]
    ./src/app/admin/page.tsx [Server Component] @ http://localhost:3000/_next/static/chunks/node_modules_next_dist_1e8vcs8._.js:1052
[    6211ms] [ERROR] ./src/app/admin/page.tsx:641:19
Error: Unexpected token. Did you mean `{'}'}` or `&rbrace;`?
  639 |                     </div>
  640 |                   </div>
> 641 |                 ))}
      |                   ^
  642 |           </div>
  643 |         )}
  644 |         <Button

Parsing ecmascript source code failed

Import traces:
  Client Component Browser:
    ./src/app/admin/page.tsx [Client Component Browser]
    ./src/app/admin/page.tsx [Server Component]

  Client Component SSR:
    ./src/app/admin/page.tsx [Client Component SSR]
    ./src/app/admin/page.tsx [Server Component] @ http://localhost:3000/_next/static/chunks/node_modules_next_dist_1e8vcs8._.js:1052
[    6259ms] [ERROR] ./src/app/admin/page.tsx:641:19
Error: Unexpected token. Did you mean `{'}'}` or `&rbrace;`?
  639 |                     </div>
  640 |                   </div>
> 641 |                 ))}
      |                   ^
  642 |           </div>
  643 |         )}
  644 |         <Button

Parsing ecmascript source code failed

Import traces:
  Client Component Browser:
    ./src/app/admin/page.tsx [Client Component Browser]
    ./src/app/admin/page.tsx [Server Component]

  Client Component SSR:
    ./src/app/admin/page.tsx [Client Component SSR]
    ./src/app/admin/page.tsx [Server Component] @ http://localhost:3000/_next/static/chunks/node_modules_next_dist_1e8vcs8._.js:1052
[    6315ms] [ERROR] ./src/app/admin/page.tsx:641:19
Error: Unexpected token. Did you mean `{'}'}` or `&rbrace;`?
  639 |                     </div>
  640 |                   </div>
> 641 |                 ))}
      |                   ^
  642 |           </div>
  643 |         )}
  644 |         <Button

Parsing ecmascript source code failed

Import traces:
  Client Component Browser:
    ./src/app/admin/page.tsx [Client Component Browser]
    ./src/app/admin/page.tsx [Server Component]

  Client Component SSR:
    ./src/app/admin/page.tsx [Client Component SSR]
    ./src/app/admin/page.tsx [Server Component] @ http://localhost:3000/_next/static/chunks/node_modules_next_dist_1e8vcs8._.js:1052
[    6377ms] [ERROR] ./src/app/admin/page.tsx:641:19
Error: Unexpected token. Did you mean `{'}'}` or `&rbrace;`?
  639 |                     </div>
  640 |                   </div>
> 641 |                 ))}
      |                   ^
  642 |           </div>
  643 |         )}
  644 |         <Button

Parsing ecmascript source code failed

Import traces:
  Client Component Browser:
    ./src/app/admin/page.tsx [Client Component Browser]
    ./src/app/admin/page.tsx [Server Component]

  Client Component SSR:
    ./src/app/admin/page.tsx [Client Component SSR]
    ./src/app/admin/page.tsx [Server Component] @ http://localhost:3000/_next/static/chunks/node_modules_next_dist_1e8vcs8._.js:1052
[    6436ms] [ERROR] ./src/app/admin/page.tsx:641:19
Error: Unexpected token. Did you mean `{'}'}` or `&rbrace;`?
  639 |                     </div>
  640 |                   </div>
> 641 |                 ))}
      |                   ^
  642 |           </div>
  643 |         )}
  644 |         <Button

Parsing ecmascript source code failed

Import traces:
  Client Component Browser:
    ./src/app/admin/page.tsx [Client Component Browser]
    ./src/app/admin/page.tsx [Server Component]

  Client Component SSR:
    ./src/app/admin/page.tsx [Client Component SSR]
    ./src/app/admin/page.tsx [Server Component] @ http://localhost:3000/_next/static/chunks/node_modules_next_dist_1e8vcs8._.js:1052
[    6489ms] [ERROR] ./src/app/admin/page.tsx:641:19
Error: Unexpected token. Did you mean `{'}'}` or `&rbrace;`?
  639 |                     </div>
  640 |                   </div>
> 641 |                 ))}
      |                   ^
  642 |           </div>
  643 |         )}
  644 |         <Button

Parsing ecmascript source code failed

Import traces:
  Client Component Browser:
    ./src/app/admin/page.tsx [Client Component Browser]
    ./src/app/admin/page.tsx [Server Component]

  Client Component SSR:
    ./src/app/admin/page.tsx [Client Component SSR]
    ./src/app/admin/page.tsx [Server Component] @ http://localhost:3000/_next/static/chunks/node_modules_next_dist_1e8vcs8._.js:1052
[    6543ms] [ERROR] ./src/app/admin/page.tsx:641:19
Error: Unexpected token. Did you mean `{'}'}` or `&rbrace;`?
  639 |                     </div>
  640 |                   </div>
> 641 |                 ))}
      |                   ^
  642 |           </div>
  643 |         )}
  644 |         <Button

Parsing ecmascript source code failed

Import traces:
  Client Component Browser:
    ./src/app/admin/page.tsx [Client Component Browser]
    ./src/app/admin/page.tsx [Server Component]

  Client Component SSR:
    ./src/app/admin/page.tsx [Client Component SSR]
    ./src/app/admin/page.tsx [Server Component] @ http://localhost:3000/_next/static/chunks/node_modules_next_dist_1e8vcs8._.js:1052
[    6593ms] [ERROR] ./src/app/admin/page.tsx:641:19
Error: Unexpected token. Did you mean `{'}'}` or `&rbrace;`?
  639 |                     </div>
  640 |                   </div>
> 641 |                 ))}
      |                   ^
  642 |           </div>
  643 |         )}
  644 |         <Button

Parsing ecmascript source code failed

Import traces:
  Client Component Browser:
    ./src/app/admin/page.tsx [Client Component Browser]
    ./src/app/admin/page.tsx [Server Component]

  Client Component SSR:
    ./src/app/admin/page.tsx [Client Component SSR]
    ./src/app/admin/page.tsx [Server Component] @ http://localhost:3000/_next/static/chunks/node_modules_next_dist_1e8vcs8._.js:1052
[    6636ms] [ERROR] ./src/app/admin/page.tsx:641:19
Error: Unexpected token. Did you mean `{'}'}` or `&rbrace;`?
  639 |                     </div>
  640 |                   </div>
> 641 |                 ))}
      |                   ^
  642 |           </div>
  643 |         )}
  644 |         <Button

Parsing ecmascript source code failed

Import traces:
  Client Component Browser:
    ./src/app/admin/page.tsx [Client Component Browser]
    ./src/app/admin/page.tsx [Server Component]

  Client Component SSR:
    ./src/app/admin/page.tsx [Client Component SSR]
    ./src/app/admin/page.tsx [Server Component] @ http://localhost:3000/_next/static/chunks/node_modules_next_dist_1e8vcs8._.js:1052
[    6687ms] [ERROR] ./src/app/admin/page.tsx:641:19
Error: Unexpected token. Did you mean `{'}'}` or `&rbrace;`?
  639 |                     </div>
  640 |                   </div>
> 641 |                 ))}
      |                   ^
  642 |           </div>
  643 |         )}
  644 |         <Button

Parsing ecmascript source code failed

Import traces:
  Client Component Browser:
    ./src/app/admin/page.tsx [Client Component Browser]
    ./src/app/admin/page.tsx [Server Component]

  Client Component SSR:
    ./src/app/admin/page.tsx [Client Component SSR]
    ./src/app/admin/page.tsx [Server Component] @ http://localhost:3000/_next/static/chunks/node_modules_next_dist_1e8vcs8._.js:1052
[    6738ms] [ERROR] ./src/app/admin/page.tsx:641:19
Error: Unexpected token. Did you mean `{'}'}` or `&rbrace;`?
  639 |                     </div>
  640 |                   </div>
> 641 |                 ))}
      |                   ^
  642 |           </div>
  643 |         )}
  644 |         <Button

Parsing ecmascript source code failed

Import traces:
  Client Component Browser:
    ./src/app/admin/page.tsx [Client Component Browser]
    ./src/app/admin/page.tsx [Server Component]

  Client Component SSR:
    ./src/app/admin/page.tsx [Client Component SSR]
    ./src/app/admin/page.tsx [Server Component] @ http://localhost:3000/_next/static/chunks/node_modules_next_dist_1e8vcs8._.js:1052
[    6788ms] [ERROR] ./src/app/admin/page.tsx:641:19
Error: Unexpected token. Did you mean `{'}'}` or `&rbrace;`?
  639 |                     </div>
  640 |                   </div>
> 641 |                 ))}
      |                   ^
  642 |           </div>
  643 |         )}
  644 |         <Button

Parsing ecmascript source code failed

Import traces:
  Client Component Browser:
    ./src/app/admin/page.tsx [Client Component Browser]
    ./src/app/admin/page.tsx [Server Component]

  Client Component SSR:
    ./src/app/admin/page.tsx [Client Component SSR]
    ./src/app/admin/page.tsx [Server Component] @ http://localhost:3000/_next/static/chunks/node_modules_next_dist_1e8vcs8._.js:1052
[    6841ms] [ERROR] ./src/app/admin/page.tsx:641:19
Error: Unexpected token. Did you mean `{'}'}` or `&rbrace;`?
  639 |                     </div>
  640 |                   </div>
> 641 |                 ))}
      |                   ^
  642 |           </div>
  643 |         )}
  644 |         <Button

Parsing ecmascript source code failed

Import traces:
  Client Component Browser:
    ./src/app/admin/page.tsx [Client Component Browser]
    ./src/app/admin/page.tsx [Server Component]

  Client Component SSR:
    ./src/app/admin/page.tsx [Client Component SSR]
    ./src/app/admin/page.tsx [Server Component] @ http://localhost:3000/_next/static/chunks/node_modules_next_dist_1e8vcs8._.js:1052
[    6891ms] [ERROR] ./src/app/admin/page.tsx:641:19
Error: Unexpected token. Did you mean `{'}'}` or `&rbrace;`?
  639 |                     </div>
  640 |                   </div>
> 641 |                 ))}
      |                   ^
  642 |           </div>
  643 |         )}
  644 |         <Button

Parsing ecmascript source code failed

Import traces:
  Client Component Browser:
    ./src/app/admin/page.tsx [Client Component Browser]
    ./src/app/admin/page.tsx [Server Component]

  Client Component SSR:
    ./src/app/admin/page.tsx [Client Component SSR]
    ./src/app/admin/page.tsx [Server Component] @ http://localhost:3000/_next/static/chunks/node_modules_next_dist_1e8vcs8._.js:1052
[    6944ms] [ERROR] ./src/app/admin/page.tsx:641:19
Error: Unexpected token. Did you mean `{'}'}` or `&rbrace;`?
  639 |                     </div>
  640 |                   </div>
> 641 |                 ))}
      |                   ^
  642 |           </div>
  643 |         )}
  644 |         <Button

Parsing ecmascript source code failed

Import traces:
  Client Component Browser:
    ./src/app/admin/page.tsx [Client Component Browser]
    ./src/app/admin/page.tsx [Server Component]

  Client Component SSR:
    ./src/app/admin/page.tsx [Client Component SSR]
    ./src/app/admin/page.tsx [Server Component] @ http://localhost:3000/_next/static/chunks/node_modules_next_dist_1e8vcs8._.js:1052
[    6997ms] [ERROR] ./src/app/admin/page.tsx:641:19
Error: Unexpected token. Did you mean `{'}'}` or `&rbrace;`?
  639 |                     </div>
  640 |                   </div>
> 641 |                 ))}
      |                   ^
  642 |           </div>
  643 |         )}
  644 |         <Button

Parsing ecmascript source code failed

Import traces:
  Client Component Browser:
    ./src/app/admin/page.tsx [Client Component Browser]
    ./src/app/admin/page.tsx [Server Component]

  Client Component SSR:
    ./src/app/admin/page.tsx [Client Component SSR]
    ./src/app/admin/page.tsx [Server Component] @ http://localhost:3000/_next/static/chunks/node_modules_next_dist_1e8vcs8._.js:1052
[    7051ms] [ERROR] ./src/app/admin/page.tsx:641:19
Error: Unexpected token. Did you mean `{'}'}` or `&rbrace;`?
  639 |                     </div>
  640 |                   </div>
> 641 |                 ))}
      |                   ^
  642 |           </div>
  643 |         )}
  644 |         <Button

Parsing ecmascript source code failed

Import traces:
  Client Component Browser:
    ./src/app/admin/page.tsx [Client Component Browser]
    ./src/app/admin/page.tsx [Server Component]

  Client Component SSR:
    ./src/app/admin/page.tsx [Client Component SSR]
    ./src/app/admin/page.tsx [Server Component] @ http://localhost:3000/_next/static/chunks/node_modules_next_dist_1e8vcs8._.js:1052
[    7124ms] [ERROR] ./src/app/admin/page.tsx:641:19
Error: Unexpected token. Did you mean `{'}'}` or `&rbrace;`?
  639 |                     </div>
  640 |                   </div>
> 641 |                 ))}
      |                   ^
  642 |           </div>
  643 |         )}
  644 |         <Button

Parsing ecmascript source code failed

Import traces:
  Client Component Browser:
    ./src/app/admin/page.tsx [Client Component Browser]
    ./src/app/admin/page.tsx [Server Component]

  Client Component SSR:
    ./src/app/admin/page.tsx [Client Component SSR]
    ./src/app/admin/page.tsx [Server Component] @ http://localhost:3000/_next/static/chunks/node_modules_next_dist_1e8vcs8._.js:1052
[    7178ms] [ERROR] ./src/app/admin/page.tsx:641:19
Error: Unexpected token. Did you mean `{'}'}` or `&rbrace;`?
  639 |                     </div>
  640 |                   </div>
> 641 |                 ))}
      |                   ^
  642 |           </div>
  643 |         )}
  644 |         <Button

Parsing ecmascript source code failed

Import traces:
  Client Component Browser:
    ./src/app/admin/page.tsx [Client Component Browser]
    ./src/app/admin/page.tsx [Server Component]

  Client Component SSR:
    ./src/app/admin/page.tsx [Client Component SSR]
    ./src/app/admin/page.tsx [Server Component] @ http://localhost:3000/_next/static/chunks/node_modules_next_dist_1e8vcs8._.js:1052
[    7231ms] [ERROR] ./src/app/admin/page.tsx:641:19
Error: Unexpected token. Did you mean `{'}'}` or `&rbrace;`?
  639 |                     </div>
  640 |                   </div>
> 641 |                 ))}
      |                   ^
  642 |           </div>
  643 |         )}
  644 |         <Button

Parsing ecmascript source code failed

Import traces:
  Client Component Browser:
    ./src/app/admin/page.tsx [Client Component Browser]
    ./src/app/admin/page.tsx [Server Component]

  Client Component SSR:
    ./src/app/admin/page.tsx [Client Component SSR]
    ./src/app/admin/page.tsx [Server Component] @ http://localhost:3000/_next/static/chunks/node_modules_next_dist_1e8vcs8._.js:1052
[    7284ms] [ERROR] ./src/app/admin/page.tsx:641:19
Error: Unexpected token. Did you mean `{'}'}` or `&rbrace;`?
  639 |                     </div>
  640 |                   </div>
> 641 |                 ))}
      |                   ^
  642 |           </div>
  643 |         )}
  644 |         <Button

Parsing ecmascript source code failed

Import traces:
  Client Component Browser:
    ./src/app/admin/page.tsx [Client Component Browser]
    ./src/app/admin/page.tsx [Server Component]

  Client Component SSR:
    ./src/app/admin/page.tsx [Client Component SSR]
    ./src/app/admin/page.tsx [Server Component] @ http://localhost:3000/_next/static/chunks/node_modules_next_dist_1e8vcs8._.js:1052
[    7336ms] [ERROR] ./src/app/admin/page.tsx:641:19
Error: Unexpected token. Did you mean `{'}'}` or `&rbrace;`?
  639 |                     </div>
  640 |                   </div>
> 641 |                 ))}
      |                   ^
  642 |           </div>
  643 |         )}
  644 |         <Button

Parsing ecmascript source code failed

Import traces:
  Client Component Browser:
    ./src/app/admin/page.tsx [Client Component Browser]
    ./src/app/admin/page.tsx [Server Component]

  Client Component SSR:
    ./src/app/admin/page.tsx [Client Component SSR]
    ./src/app/admin/page.tsx [Server Component] @ http://localhost:3000/_next/static/chunks/node_modules_next_dist_1e8vcs8._.js:1052
[    7472ms] [ERROR] ./src/app/admin/page.tsx:641:19
Error: Unexpected token. Did you mean `{'}'}` or `&rbrace;`?
  639 |                     </div>
  640 |                   </div>
> 641 |                 ))}
      |                   ^
  642 |           </div>
  643 |         )}
  644 |         <Button

Parsing ecmascript source code failed

Import traces:
  Client Component Browser:
    ./src/app/admin/page.tsx [Client Component Browser]
    ./src/app/admin/page.tsx [Server Component]

  Client Component SSR:
    ./src/app/admin/page.tsx [Client Component SSR]
    ./src/app/admin/page.tsx [Server Component] @ http://localhost:3000/_next/static/chunks/node_modules_next_dist_1e8vcs8._.js:1052
[    7525ms] [ERROR] ./src/app/admin/page.tsx:641:19
Error: Unexpected token. Did you mean `{'}'}` or `&rbrace;`?
  639 |                     </div>
  640 |                   </div>
> 641 |                 ))}
      |                   ^
  642 |           </div>
  643 |         )}
  644 |         <Button

Parsing ecmascript source code failed

Import traces:
  Client Component Browser:
    ./src/app/admin/page.tsx [Client Component Browser]
    ./src/app/admin/page.tsx [Server Component]

  Client Component SSR:
    ./src/app/admin/page.tsx [Client Component SSR]
    ./src/app/admin/page.tsx [Server Component] @ http://localhost:3000/_next/static/chunks/node_modules_next_dist_1e8vcs8._.js:1052
[    7580ms] [ERROR] ./src/app/admin/page.tsx:641:19
Error: Unexpected token. Did you mean `{'}'}` or `&rbrace;`?
  639 |                     </div>
  640 |                   </div>
> 641 |                 ))}
      |                   ^
  642 |           </div>
  643 |         )}
  644 |         <Button

Parsing ecmascript source code failed

Import traces:
  Client Component Browser:
    ./src/app/admin/page.tsx [Client Component Browser]
    ./src/app/admin/page.tsx [Server Component]

  Client Component SSR:
    ./src/app/admin/page.tsx [Client Component SSR]
    ./src/app/admin/page.tsx [Server Component] @ http://localhost:3000/_next/static/chunks/node_modules_next_dist_1e8vcs8._.js:1052
[    7632ms] [ERROR] ./src/app/admin/page.tsx:641:19
Error: Unexpected token. Did you mean `{'}'}` or `&rbrace;`?
  639 |                     </div>
  640 |                   </div>
> 641 |                 ))}
      |                   ^
  642 |           </div>
  643 |         )}
  644 |         <Button

Parsing ecmascript source code failed

Import traces:
  Client Component Browser:
    ./src/app/admin/page.tsx [Client Component Browser]
    ./src/app/admin/page.tsx [Server Component]

  Client Component SSR:
    ./src/app/admin/page.tsx [Client Component SSR]
    ./src/app/admin/page.tsx [Server Component] @ http://localhost:3000/_next/static/chunks/node_modules_next_dist_1e8vcs8._.js:1052
[    7685ms] [ERROR] ./src/app/admin/page.tsx:641:19
Error: Unexpected token. Did you mean `{'}'}` or `&rbrace;`?
  639 |                     </div>
  640 |                   </div>
> 641 |                 ))}
      |                   ^
  642 |           </div>
  643 |         )}
  644 |         <Button

Parsing ecmascript source code failed

Import traces:
  Client Component Browser:
    ./src/app/admin/page.tsx [Client Component Browser]
    ./src/app/admin/page.tsx [Server Component]

  Client Component SSR:
    ./src/app/admin/page.tsx [Client Component SSR]
    ./src/app/admin/page.tsx [Server Component] @ http://localhost:3000/_next/static/chunks/node_modules_next_dist_1e8vcs8._.js:1052
[    7737ms] [ERROR] ./src/app/admin/page.tsx:641:19
Error: Unexpected token. Did you mean `{'}'}` or `&rbrace;`?
  639 |                     </div>
  640 |                   </div>
> 641 |                 ))}
      |                   ^
  642 |           </div>
  643 |         )}
  644 |         <Button

Parsing ecmascript source code failed

Import traces:
  Client Component Browser:
    ./src/app/admin/page.tsx [Client Component Browser]
    ./src/app/admin/page.tsx [Server Component]

  Client Component SSR:
    ./src/app/admin/page.tsx [Client Component SSR]
    ./src/app/admin/page.tsx [Server Component] @ http://localhost:3000/_next/static/chunks/node_modules_next_dist_1e8vcs8._.js:1052
[    7790ms] [ERROR] ./src/app/admin/page.tsx:641:19
Error: Unexpected token. Did you mean `{'}'}` or `&rbrace;`?
  639 |                     </div>
  640 |                   </div>
> 641 |                 ))}
      |                   ^
  642 |           </div>
  643 |         )}
  644 |         <Button

Parsing ecmascript source code failed

Import traces:
  Client Component Browser:
    ./src/app/admin/page.tsx [Client Component Browser]
    ./src/app/admin/page.tsx [Server Component]

  Client Component SSR:
    ./src/app/admin/page.tsx [Client Component SSR]
    ./src/app/admin/page.tsx [Server Component] @ http://localhost:3000/_next/static/chunks/node_modules_next_dist_1e8vcs8._.js:1052
[    8096ms] [ERROR] ./src/app/admin/page.tsx:641:19
Error: Unexpected token. Did you mean `{'}'}` or `&rbrace;`?
  639 |                     </div>
  640 |                   </div>
> 641 |                 ))}
      |                   ^
  642 |           </div>
  643 |         )}
  644 |         <Button

Parsing ecmascript source code failed

Import traces:
  Client Component Browser:
    ./src/app/admin/page.tsx [Client Component Browser]
    ./src/app/admin/page.tsx [Server Component]

  Client Component SSR:
    ./src/app/admin/page.tsx [Client Component SSR]
    ./src/app/admin/page.tsx [Server Component] @ http://localhost:3000/_next/static/chunks/node_modules_next_dist_1e8vcs8._.js:1052
[    8152ms] [ERROR] ./src/app/admin/page.tsx:641:19
Error: Unexpected token. Did you mean `{'}'}` or `&rbrace;`?
  639 |                     </div>
  640 |                   </div>
> 641 |                 ))}
      |                   ^
  642 |           </div>
  643 |         )}
  644 |         <Button

Parsing ecmascript source code failed

Import traces:
  Client Component Browser:
    ./src/app/admin/page.tsx [Client Component Browser]
    ./src/app/admin/page.tsx [Server Component]

  Client Component SSR:
    ./src/app/admin/page.tsx [Client Component SSR]
    ./src/app/admin/page.tsx [Server Component] @ http://localhost:3000/_next/static/chunks/node_modules_next_dist_1e8vcs8._.js:1052
[    8205ms] [ERROR] ./src/app/admin/page.tsx:641:19
Error: Unexpected token. Did you mean `{'}'}` or `&rbrace;`?
  639 |                     </div>
  640 |                   </div>
> 641 |                 ))}
      |                   ^
  642 |           </div>
  643 |         )}
  644 |         <Button

Parsing ecmascript source code failed

Import traces:
  Client Component Browser:
    ./src/app/admin/page.tsx [Client Component Browser]
    ./src/app/admin/page.tsx [Server Component]

  Client Component SSR:
    ./src/app/admin/page.tsx [Client Component SSR]
    ./src/app/admin/page.tsx [Server Component] @ http://localhost:3000/_next/static/chunks/node_modules_next_dist_1e8vcs8._.js:1052
[    8256ms] [ERROR] ./src/app/admin/page.tsx:641:19
Error: Unexpected token. Did you mean `{'}'}` or `&rbrace;`?
  639 |                     </div>
  640 |                   </div>
> 641 |                 ))}
      |                   ^
  642 |           </div>
  643 |         )}
  644 |         <Button

Parsing ecmascript source code failed

Import traces:
  Client Component Browser:
    ./src/app/admin/page.tsx [Client Component Browser]
    ./src/app/admin/page.tsx [Server Component]

  Client Component SSR:
    ./src/app/admin/page.tsx [Client Component SSR]
    ./src/app/admin/page.tsx [Server Component] @ http://localhost:3000/_next/static/chunks/node_modules_next_dist_1e8vcs8._.js:1052
[    8308ms] [ERROR] ./src/app/admin/page.tsx:641:19
Error: Unexpected token. Did you mean `{'}'}` or `&rbrace;`?
  639 |                     </div>
  640 |                   </div>
> 641 |                 ))}
      |                   ^
  642 |           </div>
  643 |         )}
  644 |         <Button

Parsing ecmascript source code failed

Import traces:
  Client Component Browser:
    ./src/app/admin/page.tsx [Client Component Browser]
    ./src/app/admin/page.tsx [Server Component]

  Client Component SSR:
    ./src/app/admin/page.tsx [Client Component SSR]
    ./src/app/admin/page.tsx [Server Component] @ http://localhost:3000/_next/static/chunks/node_modules_next_dist_1e8vcs8._.js:1052
[    8361ms] [ERROR] ./src/app/admin/page.tsx:641:19
Error: Unexpected token. Did you mean `{'}'}` or `&rbrace;`?
  639 |                     </div>
  640 |                   </div>
> 641 |                 ))}
      |                   ^
  642 |           </div>
  643 |         )}
  644 |         <Button

Parsing ecmascript source code failed

Import traces:
  Client Component Browser:
    ./src/app/admin/page.tsx [Client Component Browser]
    ./src/app/admin/page.tsx [Server Component]

  Client Component SSR:
    ./src/app/admin/page.tsx [Client Component SSR]
    ./src/app/admin/page.tsx [Server Component] @ http://localhost:3000/_next/static/chunks/node_modules_next_dist_1e8vcs8._.js:1052
[    8412ms] [ERROR] ./src/app/admin/page.tsx:641:19
Error: Unexpected token. Did you mean `{'}'}` or `&rbrace;`?
  639 |                     </div>
  640 |                   </div>
> 641 |                 ))}
      |                   ^
  642 |           </div>
  643 |         )}
  644 |         <Button

Parsing ecmascript source code failed

Import traces:
  Client Component Browser:
    ./src/app/admin/page.tsx [Client Component Browser]
    ./src/app/admin/page.tsx [Server Component]

  Client Component SSR:
    ./src/app/admin/page.tsx [Client Component SSR]
    ./src/app/admin/page.tsx [Server Component] @ http://localhost:3000/_next/static/chunks/node_modules_next_dist_1e8vcs8._.js:1052
[    8463ms] [ERROR] ./src/app/admin/page.tsx:641:19
Error: Unexpected token. Did you mean `{'}'}` or `&rbrace;`?
  639 |                     </div>
  640 |                   </div>
> 641 |                 ))}
      |                   ^
  642 |           </div>
  643 |         )}
  644 |         <Button

Parsing ecmascript source code failed

Import traces:
  Client Component Browser:
    ./src/app/admin/page.tsx [Client Component Browser]
    ./src/app/admin/page.tsx [Server Component]

  Client Component SSR:
    ./src/app/admin/page.tsx [Client Component SSR]
    ./src/app/admin/page.tsx [Server Component] @ http://localhost:3000/_next/static/chunks/node_modules_next_dist_1e8vcs8._.js:1052
[    8514ms] [ERROR] ./src/app/admin/page.tsx:641:19
Error: Unexpected token. Did you mean `{'}'}` or `&rbrace;`?
  639 |                     </div>
  640 |                   </div>
> 641 |                 ))}
      |                   ^
  642 |           </div>
  643 |         )}
  644 |         <Button

Parsing ecmascript source code failed

Import traces:
  Client Component Browser:
    ./src/app/admin/page.tsx [Client Component Browser]
    ./src/app/admin/page.tsx [Server Component]

  Client Component SSR:
    ./src/app/admin/page.tsx [Client Component SSR]
    ./src/app/admin/page.tsx [Server Component] @ http://localhost:3000/_next/static/chunks/node_modules_next_dist_1e8vcs8._.js:1052
[    8568ms] [ERROR] ./src/app/admin/page.tsx:641:19
Error: Unexpected token. Did you mean `{'}'}` or `&rbrace;`?
  639 |                     </div>
  640 |                   </div>
> 641 |                 ))}
      |                   ^
  642 |           </div>
  643 |         )}
  644 |         <Button

Parsing ecmascript source code failed

Import traces:
  Client Component Browser:
    ./src/app/admin/page.tsx [Client Component Browser]
    ./src/app/admin/page.tsx [Server Component]

  Client Component SSR:
    ./src/app/admin/page.tsx [Client Component SSR]
    ./src/app/admin/page.tsx [Server Component] @ http://localhost:3000/_next/static/chunks/node_modules_next_dist_1e8vcs8._.js:1052
[    8620ms] [ERROR] ./src/app/admin/page.tsx:641:19
Error: Unexpected token. Did you mean `{'}'}` or `&rbrace;`?
  639 |                     </div>
  640 |                   </div>
> 641 |                 ))}
      |                   ^
  642 |           </div>
  643 |         )}
  644 |         <Button

Parsing ecmascript source code failed

Import traces:
  Client Component Browser:
    ./src/app/admin/page.tsx [Client Component Browser]
    ./src/app/admin/page.tsx [Server Component]

  Client Component SSR:
    ./src/app/admin/page.tsx [Client Component SSR]
    ./src/app/admin/page.tsx [Server Component] @ http://localhost:3000/_next/static/chunks/node_modules_next_dist_1e8vcs8._.js:1052
[    8673ms] [ERROR] ./src/app/admin/page.tsx:641:19
Error: Unexpected token. Did you mean `{'}'}` or `&rbrace;`?
  639 |                     </div>
  640 |                   </div>
> 641 |                 ))}
      |                   ^
  642 |           </div>
  643 |         )}
  644 |         <Button

Parsing ecmascript source code failed

Import traces:
  Client Component Browser:
    ./src/app/admin/page.tsx [Client Component Browser]
    ./src/app/admin/page.tsx [Server Component]

  Client Component SSR:
    ./src/app/admin/page.tsx [Client Component SSR]
    ./src/app/admin/page.tsx [Server Component] @ http://localhost:3000/_next/static/chunks/node_modules_next_dist_1e8vcs8._.js:1052
[    8724ms] [ERROR] ./src/app/admin/page.tsx:641:19
Error: Unexpected token. Did you mean `{'}'}` or `&rbrace;`?
  639 |                     </div>
  640 |                   </div>
> 641 |                 ))}
      |                   ^
  642 |           </div>
  643 |         )}
  644 |         <Button

Parsing ecmascript source code failed

Import traces:
  Client Component Browser:
    ./src/app/admin/page.tsx [Client Component Browser]
    ./src/app/admin/page.tsx [Server Component]

  Client Component SSR:
    ./src/app/admin/page.tsx [Client Component SSR]
    ./src/app/admin/page.tsx [Server Component] @ http://localhost:3000/_next/static/chunks/node_modules_next_dist_1e8vcs8._.js:1052
[    8776ms] [ERROR] ./src/app/admin/page.tsx:641:19
Error: Unexpected token. Did you mean `{'}'}` or `&rbrace;`?
  639 |                     </div>
  640 |                   </div>
> 641 |                 ))}
      |                   ^
  642 |           </div>
  643 |         )}
  644 |         <Button

Parsing ecmascript source code failed

Import traces:
  Client Component Browser:
    ./src/app/admin/page.tsx [Client Component Browser]
    ./src/app/admin/page.tsx [Server Component]

  Client Component SSR:
    ./src/app/admin/page.tsx [Client Component SSR]
    ./src/app/admin/page.tsx [Server Component] @ http://localhost:3000/_next/static/chunks/node_modules_next_dist_1e8vcs8._.js:1052
[    8827ms] [ERROR] ./src/app/admin/page.tsx:641:19
Error: Unexpected token. Did you mean `{'}'}` or `&rbrace;`?
  639 |                     </div>
  640 |                   </div>
> 641 |                 ))}
      |                   ^
  642 |           </div>
  643 |         )}
  644 |         <Button

Parsing ecmascript source code failed

Import traces:
  Client Component Browser:
    ./src/app/admin/page.tsx [Client Component Browser]
    ./src/app/admin/page.tsx [Server Component]

  Client Component SSR:
    ./src/app/admin/page.tsx [Client Component SSR]
    ./src/app/admin/page.tsx [Server Component] @ http://localhost:3000/_next/static/chunks/node_modules_next_dist_1e8vcs8._.js:1052
[    8878ms] [ERROR] ./src/app/admin/page.tsx:641:19
Error: Unexpected token. Did you mean `{'}'}` or `&rbrace;`?
  639 |                     </div>
  640 |                   </div>
> 641 |                 ))}
      |                   ^
  642 |           </div>
  643 |         )}
  644 |         <Button

Parsing ecmascript source code failed

Import traces:
  Client Component Browser:
    ./src/app/admin/page.tsx [Client Component Browser]
    ./src/app/admin/page.tsx [Server Component]

  Client Component SSR:
    ./src/app/admin/page.tsx [Client Component SSR]
    ./src/app/admin/page.tsx [Server Component] @ http://localhost:3000/_next/static/chunks/node_modules_next_dist_1e8vcs8._.js:1052
[    8931ms] [ERROR] ./src/app/admin/page.tsx:641:19
Error: Unexpected token. Did you mean `{'}'}` or `&rbrace;`?
  639 |                     </div>
  640 |                   </div>
> 641 |                 ))}
      |                   ^
  642 |           </div>
  643 |         )}
  644 |         <Button

Parsing ecmascript source code failed

Import traces:
  Client Component Browser:
    ./src/app/admin/page.tsx [Client Component Browser]
    ./src/app/admin/page.tsx [Server Component]

  Client Component SSR:
    ./src/app/admin/page.tsx [Client Component SSR]
    ./src/app/admin/page.tsx [Server Component] @ http://localhost:3000/_next/static/chunks/node_modules_next_dist_1e8vcs8._.js:1052
[    8976ms] [ERROR] ./src/app/admin/page.tsx:641:19
Error: Unexpected token. Did you mean `{'}'}` or `&rbrace;`?
  639 |                     </div>
  640 |                   </div>
> 641 |                 ))}
      |                   ^
  642 |           </div>
  643 |         )}
  644 |         <Button

Parsing ecmascript source code failed

Import traces:
  Client Component Browser:
    ./src/app/admin/page.tsx [Client Component Browser]
    ./src/app/admin/page.tsx [Server Component]

  Client Component SSR:
    ./src/app/admin/page.tsx [Client Component SSR]
    ./src/app/admin/page.tsx [Server Component] @ http://localhost:3000/_next/static/chunks/node_modules_next_dist_1e8vcs8._.js:1052
[    9028ms] [ERROR] ./src/app/admin/page.tsx:641:19
Error: Unexpected token. Did you mean `{'}'}` or `&rbrace;`?
  639 |                     </div>
  640 |                   </div>
> 641 |                 ))}
      |                   ^
  642 |           </div>
  643 |         )}
  644 |         <Button

Parsing ecmascript source code failed

Import traces:
  Client Component Browser:
    ./src/app/admin/page.tsx [Client Component Browser]
    ./src/app/admin/page.tsx [Server Component]

  Client Component SSR:
    ./src/app/admin/page.tsx [Client Component SSR]
    ./src/app/admin/page.tsx [Server Component] @ http://localhost:3000/_next/static/chunks/node_modules_next_dist_1e8vcs8._.js:1052
[    9080ms] [ERROR] ./src/app/admin/page.tsx:641:19
Error: Unexpected token. Did you mean `{'}'}` or `&rbrace;`?
  639 |                     </div>
  640 |                   </div>
> 641 |                 ))}
      |                   ^
  642 |           </div>
  643 |         )}
  644 |         <Button

Parsing ecmascript source code failed

Import traces:
  Client Component Browser:
    ./src/app/admin/page.tsx [Client Component Browser]
    ./src/app/admin/page.tsx [Server Component]

  Client Component SSR:
    ./src/app/admin/page.tsx [Client Component SSR]
    ./src/app/admin/page.tsx [Server Component] @ http://localhost:3000/_next/static/chunks/node_modules_next_dist_1e8vcs8._.js:1052
[    9130ms] [ERROR] ./src/app/admin/page.tsx:641:19
Error: Unexpected token. Did you mean `{'}'}` or `&rbrace;`?
  639 |                     </div>
  640 |                   </div>
> 641 |                 ))}
      |                   ^
  642 |           </div>
  643 |         )}
  644 |         <Button

Parsing ecmascript source code failed

Import traces:
  Client Component Browser:
    ./src/app/admin/page.tsx [Client Component Browser]
    ./src/app/admin/page.tsx [Server Component]

  Client Component SSR:
    ./src/app/admin/page.tsx [Client Component SSR]
    ./src/app/admin/page.tsx [Server Component] @ http://localhost:3000/_next/static/chunks/node_modules_next_dist_1e8vcs8._.js:1052
[    9181ms] [ERROR] ./src/app/admin/page.tsx:641:19
Error: Unexpected token. Did you mean `{'}'}` or `&rbrace;`?
  639 |                     </div>
  640 |                   </div>
> 641 |                 ))}
      |                   ^
  642 |           </div>
  643 |         )}
  644 |         <Button

Parsing ecmascript source code failed

Import traces:
  Client Component Browser:
    ./src/app/admin/page.tsx [Client Component Browser]
    ./src/app/admin/page.tsx [Server Component]

  Client Component SSR:
    ./src/app/admin/page.tsx [Client Component SSR]
    ./src/app/admin/page.tsx [Server Component] @ http://localhost:3000/_next/static/chunks/node_modules_next_dist_1e8vcs8._.js:1052
[    9233ms] [ERROR] ./src/app/admin/page.tsx:641:19
Error: Unexpected token. Did you mean `{'}'}` or `&rbrace;`?
  639 |                     </div>
  640 |                   </div>
> 641 |                 ))}
      |                   ^
  642 |           </div>
  643 |         )}
  644 |         <Button

Parsing ecmascript source code failed

Import traces:
  Client Component Browser:
    ./src/app/admin/page.tsx [Client Component Browser]
    ./src/app/admin/page.tsx [Server Component]

  Client Component SSR:
    ./src/app/admin/page.tsx [Client Component SSR]
    ./src/app/admin/page.tsx [Server Component] @ http://localhost:3000/_next/static/chunks/node_modules_next_dist_1e8vcs8._.js:1052
[    9286ms] [ERROR] ./src/app/admin/page.tsx:641:19
Error: Unexpected token. Did you mean `{'}'}` or `&rbrace;`?
  639 |                     </div>
  640 |                   </div>
> 641 |                 ))}
      |                   ^
  642 |           </div>
  643 |         )}
  644 |         <Button

Parsing ecmascript source code failed

Import traces:
  Client Component Browser:
    ./src/app/admin/page.tsx [Client Component Browser]
    ./src/app/admin/page.tsx [Server Component]

  Client Component SSR:
    ./src/app/admin/page.tsx [Client Component SSR]
    ./src/app/admin/page.tsx [Server Component] @ http://localhost:3000/_next/static/chunks/node_modules_next_dist_1e8vcs8._.js:1052
[    9338ms] [ERROR] ./src/app/admin/page.tsx:641:19
Error: Unexpected token. Did you mean `{'}'}` or `&rbrace;`?
  639 |                     </div>
  640 |                   </div>
> 641 |                 ))}
      |                   ^
  642 |           </div>
  643 |         )}
  644 |         <Button

Parsing ecmascript source code failed

Import traces:
  Client Component Browser:
    ./src/app/admin/page.tsx [Client Component Browser]
    ./src/app/admin/page.tsx [Server Component]

  Client Component SSR:
    ./src/app/admin/page.tsx [Client Component SSR]
    ./src/app/admin/page.tsx [Server Component] @ http://localhost:3000/_next/static/chunks/node_modules_next_dist_1e8vcs8._.js:1052
[    9392ms] [ERROR] ./src/app/admin/page.tsx:641:19
Error: Unexpected token. Did you mean `{'}'}` or `&rbrace;`?
  639 |                     </div>
  640 |                   </div>
> 641 |                 ))}
      |                   ^
  642 |           </div>
  643 |         )}
  644 |         <Button

Parsing ecmascript source code failed

Import traces:
  Client Component Browser:
    ./src/app/admin/page.tsx [Client Component Browser]
    ./src/app/admin/page.tsx [Server Component]

  Client Component SSR:
    ./src/app/admin/page.tsx [Client Component SSR]
    ./src/app/admin/page.tsx [Server Component] @ http://localhost:3000/_next/static/chunks/node_modules_next_dist_1e8vcs8._.js:1052
[    9439ms] [ERROR] ./src/app/admin/page.tsx:641:19
Error: Unexpected token. Did you mean `{'}'}` or `&rbrace;`?
  639 |                     </div>
  640 |                   </div>
> 641 |                 ))}
      |                   ^
  642 |           </div>
  643 |         )}
  644 |         <Button

Parsing ecmascript source code failed

Import traces:
  Client Component Browser:
    ./src/app/admin/page.tsx [Client Component Browser]
    ./src/app/admin/page.tsx [Server Component]

  Client Component SSR:
    ./src/app/admin/page.tsx [Client Component SSR]
    ./src/app/admin/page.tsx [Server Component] @ http://localhost:3000/_next/static/chunks/node_modules_next_dist_1e8vcs8._.js:1052
[    9494ms] [ERROR] ./src/app/admin/page.tsx:641:19
Error: Unexpected token. Did you mean `{'}'}` or `&rbrace;`?
  639 |                     </div>
  640 |                   </div>
> 641 |                 ))}
      |                   ^
  642 |           </div>
  643 |         )}
  644 |         <Button

Parsing ecmascript source code failed

Import traces:
  Client Component Browser:
    ./src/app/admin/page.tsx [Client Component Browser]
    ./src/app/admin/page.tsx [Server Component]

  Client Component SSR:
    ./src/app/admin/page.tsx [Client Component SSR]
    ./src/app/admin/page.tsx [Server Component] @ http://localhost:3000/_next/static/chunks/node_modules_next_dist_1e8vcs8._.js:1052
[    9546ms] [ERROR] ./src/app/admin/page.tsx:641:19
Error: Unexpected token. Did you mean `{'}'}` or `&rbrace;`?
  639 |                     </div>
  640 |                   </div>
> 641 |                 ))}
      |                   ^
  642 |           </div>
  643 |         )}
  644 |         <Button

Parsing ecmascript source code failed

Import traces:
  Client Component Browser:
    ./src/app/admin/page.tsx [Client Component Browser]
    ./src/app/admin/page.tsx [Server Component]

  Client Component SSR:
    ./src/app/admin/page.tsx [Client Component SSR]
    ./src/app/admin/page.tsx [Server Component] @ http://localhost:3000/_next/static/chunks/node_modules_next_dist_1e8vcs8._.js:1052
[    9598ms] [ERROR] ./src/app/admin/page.tsx:641:19
Error: Unexpected token. Did you mean `{'}'}` or `&rbrace;`?
  639 |                     </div>
  640 |                   </div>
> 641 |                 ))}
      |                   ^
  642 |           </div>
  643 |         )}
  644 |         <Button

Parsing ecmascript source code failed

Import traces:
  Client Component Browser:
    ./src/app/admin/page.tsx [Client Component Browser]
    ./src/app/admin/page.tsx [Server Component]

  Client Component SSR:
    ./src/app/admin/page.tsx [Client Component SSR]
    ./src/app/admin/page.tsx [Server Component] @ http://localhost:3000/_next/static/chunks/node_modules_next_dist_1e8vcs8._.js:1052
[    9649ms] [ERROR] ./src/app/admin/page.tsx:641:19
Error: Unexpected token. Did you mean `{'}'}` or `&rbrace;`?
  639 |                     </div>
  640 |                   </div>
> 641 |                 ))}
      |                   ^
  642 |           </div>
  643 |         )}
  644 |         <Button

Parsing ecmascript source code failed

Import traces:
  Client Component Browser:
    ./src/app/admin/page.tsx [Client Component Browser]
    ./src/app/admin/page.tsx [Server Component]

  Client Component SSR:
    ./src/app/admin/page.tsx [Client Component SSR]
    ./src/app/admin/page.tsx [Server Component] @ http://localhost:3000/_next/static/chunks/node_modules_next_dist_1e8vcs8._.js:1052
[    9703ms] [ERROR] ./src/app/admin/page.tsx:641:19
Error: Unexpected token. Did you mean `{'}'}` or `&rbrace;`?
  639 |                     </div>
  640 |                   </div>
> 641 |                 ))}
      |                   ^
  642 |           </div>
  643 |         )}
  644 |         <Button

Parsing ecmascript source code failed

Import traces:
  Client Component Browser:
    ./src/app/admin/page.tsx [Client Component Browser]
    ./src/app/admin/page.tsx [Server Component]

  Client Component SSR:
    ./src/app/admin/page.tsx [Client Component SSR]
    ./src/app/admin/page.tsx [Server Component] @ http://localhost:3000/_next/static/chunks/node_modules_next_dist_1e8vcs8._.js:1052
[    9757ms] [ERROR] ./src/app/admin/page.tsx:641:19
Error: Unexpected token. Did you mean `{'}'}` or `&rbrace;`?
  639 |                     </div>
  640 |                   </div>
> 641 |                 ))}
      |                   ^
  642 |           </div>
  643 |         )}
  644 |         <Button

Parsing ecmascript source code failed

Import traces:
  Client Component Browser:
    ./src/app/admin/page.tsx [Client Component Browser]
    ./src/app/admin/page.tsx [Server Component]

  Client Component SSR:
    ./src/app/admin/page.tsx [Client Component SSR]
    ./src/app/admin/page.tsx [Server Component] @ http://localhost:3000/_next/static/chunks/node_modules_next_dist_1e8vcs8._.js:1052
[    9812ms] [ERROR] ./src/app/admin/page.tsx:641:19
Error: Unexpected token. Did you mean `{'}'}` or `&rbrace;`?
  639 |                     </div>
  640 |                   </div>
> 641 |                 ))}
      |                   ^
  642 |           </div>
  643 |         )}
  644 |         <Button

Parsing ecmascript source code failed

Import traces:
  Client Component Browser:
    ./src/app/admin/page.tsx [Client Component Browser]
    ./src/app/admin/page.tsx [Server Component]

  Client Component SSR:
    ./src/app/admin/page.tsx [Client Component SSR]
    ./src/app/admin/page.tsx [Server Component] @ http://localhost:3000/_next/static/chunks/node_modules_next_dist_1e8vcs8._.js:1052
[    9861ms] [ERROR] ./src/app/admin/page.tsx:641:19
Error: Unexpected token. Did you mean `{'}'}` or `&rbrace;`?
  639 |                     </div>
  640 |                   </div>
> 641 |                 ))}
      |                   ^
  642 |           </div>
  643 |         )}
  644 |         <Button

Parsing ecmascript source code failed

Import traces:
  Client Component Browser:
    ./src/app/admin/page.tsx [Client Component Browser]
    ./src/app/admin/page.tsx [Server Component]

  Client Component SSR:
    ./src/app/admin/page.tsx [Client Component SSR]
    ./src/app/admin/page.tsx [Server Component] @ http://localhost:3000/_next/static/chunks/node_modules_next_dist_1e8vcs8._.js:1052
[    9910ms] [ERROR] ./src/app/admin/page.tsx:641:19
Error: Unexpected token. Did you mean `{'}'}` or `&rbrace;`?
  639 |                     </div>
  640 |                   </div>
> 641 |                 ))}
      |                   ^
  642 |           </div>
  643 |         )}
  644 |         <Button

Parsing ecmascript source code failed

Import traces:
  Client Component Browser:
    ./src/app/admin/page.tsx [Client Component Browser]
    ./src/app/admin/page.tsx [Server Component]

  Client Component SSR:
    ./src/app/admin/page.tsx [Client Component SSR]
    ./src/app/admin/page.tsx [Server Component] @ http://localhost:3000/_next/static/chunks/node_modules_next_dist_1e8vcs8._.js:1052
[    9961ms] [ERROR] ./src/app/admin/page.tsx:641:19
Error: Unexpected token. Did you mean `{'}'}` or `&rbrace;`?
  639 |                     </div>
  640 |                   </div>
> 641 |                 ))}
      |                   ^
  642 |           </div>
  643 |         )}
  644 |         <Button

Parsing ecmascript source code failed

Import traces:
  Client Component Browser:
    ./src/app/admin/page.tsx [Client Component Browser]
    ./src/app/admin/page.tsx [Server Component]

  Client Component SSR:
    ./src/app/admin/page.tsx [Client Component SSR]
    ./src/app/admin/page.tsx [Server Component] @ http://localhost:3000/_next/static/chunks/node_modules_next_dist_1e8vcs8._.js:1052
[   10011ms] [ERROR] ./src/app/admin/page.tsx:641:19
Error: Unexpected token. Did you mean `{'}'}` or `&rbrace;`?
  639 |                     </div>
  640 |                   </div>
> 641 |                 ))}
      |                   ^
  642 |           </div>
  643 |         )}
  644 |         <Button

Parsing ecmascript source code failed

Import traces:
  Client Component Browser:
    ./src/app/admin/page.tsx [Client Component Browser]
    ./src/app/admin/page.tsx [Server Component]

  Client Component SSR:
    ./src/app/admin/page.tsx [Client Component SSR]
    ./src/app/admin/page.tsx [Server Component] @ http://localhost:3000/_next/static/chunks/node_modules_next_dist_1e8vcs8._.js:1052
[   10061ms] [ERROR] ./src/app/admin/page.tsx:641:19
Error: Unexpected token. Did you mean `{'}'}` or `&rbrace;`?
  639 |                     </div>
  640 |                   </div>
> 641 |                 ))}
      |                   ^
  642 |           </div>
  643 |         )}
  644 |         <Button

Parsing ecmascript source code failed

Import traces:
  Client Component Browser:
    ./src/app/admin/page.tsx [Client Component Browser]
    ./src/app/admin/page.tsx [Server Component]

  Client Component SSR:
    ./src/app/admin/page.tsx [Client Component SSR]
    ./src/app/admin/page.tsx [Server Component] @ http://localhost:3000/_next/static/chunks/node_modules_next_dist_1e8vcs8._.js:1052
[   10112ms] [ERROR] ./src/app/admin/page.tsx:641:19
Error: Unexpected token. Did you mean `{'}'}` or `&rbrace;`?
  639 |                     </div>
  640 |                   </div>
> 641 |                 ))}
      |                   ^
  642 |           </div>
  643 |         )}
  644 |         <Button

Parsing ecmascript source code failed

Import traces:
  Client Component Browser:
    ./src/app/admin/page.tsx [Client Component Browser]
    ./src/app/admin/page.tsx [Server Component]

  Client Component SSR:
    ./src/app/admin/page.tsx [Client Component SSR]
    ./src/app/admin/page.tsx [Server Component] @ http://localhost:3000/_next/static/chunks/node_modules_next_dist_1e8vcs8._.js:1052
[   10164ms] [ERROR] ./src/app/admin/page.tsx:641:19
Error: Unexpected token. Did you mean `{'}'}` or `&rbrace;`?
  639 |                     </div>
  640 |                   </div>
> 641 |                 ))}
      |                   ^
  642 |           </div>
  643 |         )}
  644 |         <Button

Parsing ecmascript source code failed

Import traces:
  Client Component Browser:
    ./src/app/admin/page.tsx [Client Component Browser]
    ./src/app/admin/page.tsx [Server Component]

  Client Component SSR:
    ./src/app/admin/page.tsx [Client Component SSR]
    ./src/app/admin/page.tsx [Server Component] @ http://localhost:3000/_next/static/chunks/node_modules_next_dist_1e8vcs8._.js:1052
[   10222ms] [ERROR] ./src/app/admin/page.tsx:641:19
Error: Unexpected token. Did you mean `{'}'}` or `&rbrace;`?
  639 |                     </div>
  640 |                   </div>
> 641 |                 ))}
      |                   ^
  642 |           </div>
  643 |         )}
  644 |         <Button

Parsing ecmascript source code failed

Import traces:
  Client Component Browser:
    ./src/app/admin/page.tsx [Client Component Browser]
    ./src/app/admin/page.tsx [Server Component]

  Client Component SSR:
    ./src/app/admin/page.tsx [Client Component SSR]
    ./src/app/admin/page.tsx [Server Component] @ http://localhost:3000/_next/static/chunks/node_modules_next_dist_1e8vcs8._.js:1052
[   10273ms] [ERROR] ./src/app/admin/page.tsx:641:19
Error: Unexpected token. Did you mean `{'}'}` or `&rbrace;`?
  639 |                     </div>
  640 |                   </div>
> 641 |                 ))}
      |                   ^
  642 |           </div>
  643 |         )}
  644 |         <Button

Parsing ecmascript source code failed

Import traces:
  Client Component Browser:
    ./src/app/admin/page.tsx [Client Component Browser]
    ./src/app/admin/page.tsx [Server Component]

  Client Component SSR:
    ./src/app/admin/page.tsx [Client Component SSR]
    ./src/app/admin/page.tsx [Server Component] @ http://localhost:3000/_next/static/chunks/node_modules_next_dist_1e8vcs8._.js:1052
[   10325ms] [ERROR] ./src/app/admin/page.tsx:641:19
Error: Unexpected token. Did you mean `{'}'}` or `&rbrace;`?
  639 |                     </div>
  640 |                   </div>
> 641 |                 ))}
      |                   ^
  642 |           </div>
  643 |         )}
  644 |         <Button

Parsing ecmascript source code failed

Import traces:
  Client Component Browser:
    ./src/app/admin/page.tsx [Client Component Browser]
    ./src/app/admin/page.tsx [Server Component]

  Client Component SSR:
    ./src/app/admin/page.tsx [Client Component SSR]
    ./src/app/admin/page.tsx [Server Component] @ http://localhost:3000/_next/static/chunks/node_modules_next_dist_1e8vcs8._.js:1052
[   10377ms] [ERROR] ./src/app/admin/page.tsx:641:19
Error: Unexpected token. Did you mean `{'}'}` or `&rbrace;`?
  639 |                     </div>
  640 |                   </div>
> 641 |                 ))}
      |                   ^
  642 |           </div>
  643 |         )}
  644 |         <Button

Parsing ecmascript source code failed

Import traces:
  Client Component Browser:
    ./src/app/admin/page.tsx [Client Component Browser]
    ./src/app/admin/page.tsx [Server Component]

  Client Component SSR:
    ./src/app/admin/page.tsx [Client Component SSR]
    ./src/app/admin/page.tsx [Server Component] @ http://localhost:3000/_next/static/chunks/node_modules_next_dist_1e8vcs8._.js:1052
[   10428ms] [ERROR] ./src/app/admin/page.tsx:641:19
Error: Unexpected token. Did you mean `{'}'}` or `&rbrace;`?
  639 |                     </div>
  640 |                   </div>
> 641 |                 ))}
      |                   ^
  642 |           </div>
  643 |         )}
  644 |         <Button

Parsing ecmascript source code failed

Import traces:
  Client Component Browser:
    ./src/app/admin/page.tsx [Client Component Browser]
    ./src/app/admin/page.tsx [Server Component]

  Client Component SSR:
    ./src/app/admin/page.tsx [Client Component SSR]
    ./src/app/admin/page.tsx [Server Component] @ http://localhost:3000/_next/static/chunks/node_modules_next_dist_1e8vcs8._.js:1052
[   10479ms] [ERROR] ./src/app/admin/page.tsx:641:19
Error: Unexpected token. Did you mean `{'}'}` or `&rbrace;`?
  639 |                     </div>
  640 |                   </div>
> 641 |                 ))}
      |                   ^
  642 |           </div>
  643 |         )}
  644 |         <Button

Parsing ecmascript source code failed

Import traces:
  Client Component Browser:
    ./src/app/admin/page.tsx [Client Component Browser]
    ./src/app/admin/page.tsx [Server Component]

  Client Component SSR:
    ./src/app/admin/page.tsx [Client Component SSR]
    ./src/app/admin/page.tsx [Server Component] @ http://localhost:3000/_next/static/chunks/node_modules_next_dist_1e8vcs8._.js:1052
[   10530ms] [ERROR] ./src/app/admin/page.tsx:641:19
Error: Unexpected token. Did you mean `{'}'}` or `&rbrace;`?
  639 |                     </div>
  640 |                   </div>
> 641 |                 ))}
      |                   ^
  642 |           </div>
  643 |         )}
  644 |         <Button

Parsing ecmascript source code failed

Import traces:
  Client Component Browser:
    ./src/app/admin/page.tsx [Client Component Browser]
    ./src/app/admin/page.tsx [Server Component]

  Client Component SSR:
    ./src/app/admin/page.tsx [Client Component SSR]
    ./src/app/admin/page.tsx [Server Component] @ http://localhost:3000/_next/static/chunks/node_modules_next_dist_1e8vcs8._.js:1052
[   10581ms] [ERROR] ./src/app/admin/page.tsx:641:19
Error: Unexpected token. Did you mean `{'}'}` or `&rbrace;`?
  639 |                     </div>
  640 |                   </div>
> 641 |                 ))}
      |                   ^
  642 |           </div>
  643 |         )}
  644 |         <Button

Parsing ecmascript source code failed

Import traces:
  Client Component Browser:
    ./src/app/admin/page.tsx [Client Component Browser]
    ./src/app/admin/page.tsx [Server Component]

  Client Component SSR:
    ./src/app/admin/page.tsx [Client Component SSR]
    ./src/app/admin/page.tsx [Server Component] @ http://localhost:3000/_next/static/chunks/node_modules_next_dist_1e8vcs8._.js:1052
[   10632ms] [ERROR] ./src/app/admin/page.tsx:641:19
Error: Unexpected token. Did you mean `{'}'}` or `&rbrace;`?
  639 |                     </div>
  640 |                   </div>
> 641 |                 ))}
      |                   ^
  642 |           </div>
  643 |         )}
  644 |         <Button

Parsing ecmascript source code failed

Import traces:
  Client Component Browser:
    ./src/app/admin/page.tsx [Client Component Browser]
    ./src/app/admin/page.tsx [Server Component]

  Client Component SSR:
    ./src/app/admin/page.tsx [Client Component SSR]
    ./src/app/admin/page.tsx [Server Component] @ http://localhost:3000/_next/static/chunks/node_modules_next_dist_1e8vcs8._.js:1052
[   10685ms] [ERROR] ./src/app/admin/page.tsx:641:19
Error: Unexpected token. Did you mean `{'}'}` or `&rbrace;`?
  639 |                     </div>
  640 |                   </div>
> 641 |                 ))}
      |                   ^
  642 |           </div>
  643 |         )}
  644 |         <Button

Parsing ecmascript source code failed

Import traces:
  Client Component Browser:
    ./src/app/admin/page.tsx [Client Component Browser]
    ./src/app/admin/page.tsx [Server Component]

  Client Component SSR:
    ./src/app/admin/page.tsx [Client Component SSR]
    ./src/app/admin/page.tsx [Server Component] @ http://localhost:3000/_next/static/chunks/node_modules_next_dist_1e8vcs8._.js:1052
[   10732ms] [ERROR] ./src/app/admin/page.tsx:641:19
Error: Unexpected token. Did you mean `{'}'}` or `&rbrace;`?
  639 |                     </div>
  640 |                   </div>
> 641 |                 ))}
      |                   ^
  642 |           </div>
  643 |         )}
  644 |         <Button

Parsing ecmascript source code failed

Import traces:
  Client Component Browser:
    ./src/app/admin/page.tsx [Client Component Browser]
    ./src/app/admin/page.tsx [Server Component]

  Client Component SSR:
    ./src/app/admin/page.tsx [Client Component SSR]
    ./src/app/admin/page.tsx [Server Component] @ http://localhost:3000/_next/static/chunks/node_modules_next_dist_1e8vcs8._.js:1052
[   10783ms] [ERROR] ./src/app/admin/page.tsx:641:19
Error: Unexpected token. Did you mean `{'}'}` or `&rbrace;`?
  639 |                     </div>
  640 |                   </div>
> 641 |                 ))}
      |                   ^
  642 |           </div>
  643 |         )}
  644 |         <Button

Parsing ecmascript source code failed

Import traces:
  Client Component Browser:
    ./src/app/admin/page.tsx [Client Component Browser]
    ./src/app/admin/page.tsx [Server Component]

  Client Component SSR:
    ./src/app/admin/page.tsx [Client Component SSR]
    ./src/app/admin/page.tsx [Server Component] @ http://localhost:3000/_next/static/chunks/node_modules_next_dist_1e8vcs8._.js:1052
[   10837ms] [ERROR] ./src/app/admin/page.tsx:641:19
Error: Unexpected token. Did you mean `{'}'}` or `&rbrace;`?
  639 |                     </div>
  640 |                   </div>
> 641 |                 ))}
      |                   ^
  642 |           </div>
  643 |         )}
  644 |         <Button

Parsing ecmascript source code failed

Import traces:
  Client Component Browser:
    ./src/app/admin/page.tsx [Client Component Browser]
    ./src/app/admin/page.tsx [Server Component]

  Client Component SSR:
    ./src/app/admin/page.tsx [Client Component SSR]
    ./src/app/admin/page.tsx [Server Component] @ http://localhost:3000/_next/static/chunks/node_modules_next_dist_1e8vcs8._.js:1052
[   10888ms] [ERROR] ./src/app/admin/page.tsx:641:19
Error: Unexpected token. Did you mean `{'}'}` or `&rbrace;`?
  639 |                     </div>
  640 |                   </div>
> 641 |                 ))}
      |                   ^
  642 |           </div>
  643 |         )}
  644 |         <Button

Parsing ecmascript source code failed

Import traces:
  Client Component Browser:
    ./src/app/admin/page.tsx [Client Component Browser]
    ./src/app/admin/page.tsx [Server Component]

  Client Component SSR:
    ./src/app/admin/page.tsx [Client Component SSR]
    ./src/app/admin/page.tsx [Server Component] @ http://localhost:3000/_next/static/chunks/node_modules_next_dist_1e8vcs8._.js:1052
[   10940ms] [ERROR] ./src/app/admin/page.tsx:641:19
Error: Unexpected token. Did you mean `{'}'}` or `&rbrace;`?
  639 |                     </div>
  640 |                   </div>
> 641 |                 ))}
      |                   ^
  642 |           </div>
  643 |         )}
  644 |         <Button

Parsing ecmascript source code failed

Import traces:
  Client Component Browser:
    ./src/app/admin/page.tsx [Client Component Browser]
    ./src/app/admin/page.tsx [Server Component]

  Client Component SSR:
    ./src/app/admin/page.tsx [Client Component SSR]
    ./src/app/admin/page.tsx [Server Component] @ http://localhost:3000/_next/static/chunks/node_modules_next_dist_1e8vcs8._.js:1052
[   10992ms] [ERROR] ./src/app/admin/page.tsx:641:19
Error: Unexpected token. Did you mean `{'}'}` or `&rbrace;`?
  639 |                     </div>
  640 |                   </div>
> 641 |                 ))}
      |                   ^
  642 |           </div>
  643 |         )}
  644 |         <Button

Parsing ecmascript source code failed

Import traces:
  Client Component Browser:
    ./src/app/admin/page.tsx [Client Component Browser]
    ./src/app/admin/page.tsx [Server Component]

  Client Component SSR:
    ./src/app/admin/page.tsx [Client Component SSR]
    ./src/app/admin/page.tsx [Server Component] @ http://localhost:3000/_next/static/chunks/node_modules_next_dist_1e8vcs8._.js:1052
[   11046ms] [ERROR] ./src/app/admin/page.tsx:641:19
Error: Unexpected token. Did you mean `{'}'}` or `&rbrace;`?
  639 |                     </div>
  640 |                   </div>
> 641 |                 ))}
      |                   ^
  642 |           </div>
  643 |         )}
  644 |         <Button

Parsing ecmascript source code failed

Import traces:
  Client Component Browser:
    ./src/app/admin/page.tsx [Client Component Browser]
    ./src/app/admin/page.tsx [Server Component]

  Client Component SSR:
    ./src/app/admin/page.tsx [Client Component SSR]
    ./src/app/admin/page.tsx [Server Component] @ http://localhost:3000/_next/static/chunks/node_modules_next_dist_1e8vcs8._.js:1052
[   11098ms] [ERROR] ./src/app/admin/page.tsx:641:19
Error: Unexpected token. Did you mean `{'}'}` or `&rbrace;`?
  639 |                     </div>
  640 |                   </div>
> 641 |                 ))}
      |                   ^
  642 |           </div>
  643 |         )}
  644 |         <Button

Parsing ecmascript source code failed

Import traces:
  Client Component Browser:
    ./src/app/admin/page.tsx [Client Component Browser]
    ./src/app/admin/page.tsx [Server Component]

  Client Component SSR:
    ./src/app/admin/page.tsx [Client Component SSR]
    ./src/app/admin/page.tsx [Server Component] @ http://localhost:3000/_next/static/chunks/node_modules_next_dist_1e8vcs8._.js:1052
[   11146ms] [ERROR] ./src/app/admin/page.tsx:641:19
Error: Unexpected token. Did you mean `{'}'}` or `&rbrace;`?
  639 |                     </div>
  640 |                   </div>
> 641 |                 ))}
      |                   ^
  642 |           </div>
  643 |         )}
  644 |         <Button

Parsing ecmascript source code failed

Import traces:
  Client Component Browser:
    ./src/app/admin/page.tsx [Client Component Browser]
    ./src/app/admin/page.tsx [Server Component]

  Client Component SSR:
    ./src/app/admin/page.tsx [Client Component SSR]
    ./src/app/admin/page.tsx [Server Component] @ http://localhost:3000/_next/static/chunks/node_modules_next_dist_1e8vcs8._.js:1052
[   11198ms] [ERROR] ./src/app/admin/page.tsx:641:19
Error: Unexpected token. Did you mean `{'}'}` or `&rbrace;`?
  639 |                     </div>
  640 |                   </div>
> 641 |                 ))}
      |                   ^
  642 |           </div>
  643 |         )}
  644 |         <Button

Parsing ecmascript source code failed

Import traces:
  Client Component Browser:
    ./src/app/admin/page.tsx [Client Component Browser]
    ./src/app/admin/page.tsx [Server Component]

  Client Component SSR:
    ./src/app/admin/page.tsx [Client Component SSR]
    ./src/app/admin/page.tsx [Server Component] @ http://localhost:3000/_next/static/chunks/node_modules_next_dist_1e8vcs8._.js:1052
[   11249ms] [ERROR] ./src/app/admin/page.tsx:641:19
Error: Unexpected token. Did you mean `{'}'}` or `&rbrace;`?
  639 |                     </div>
  640 |                   </div>
> 641 |                 ))}
      |                   ^
  642 |           </div>
  643 |         )}
  644 |         <Button

Parsing ecmascript source code failed

Import traces:
  Client Component Browser:
    ./src/app/admin/page.tsx [Client Component Browser]
    ./src/app/admin/page.tsx [Server Component]

  Client Component SSR:
    ./src/app/admin/page.tsx [Client Component SSR]
    ./src/app/admin/page.tsx [Server Component] @ http://localhost:3000/_next/static/chunks/node_modules_next_dist_1e8vcs8._.js:1052
[   11303ms] [ERROR] ./src/app/admin/page.tsx:641:19
Error: Unexpected token. Did you mean `{'}'}` or `&rbrace;`?
  639 |                     </div>
  640 |                   </div>
> 641 |                 ))}
      |                   ^
  642 |           </div>
  643 |         )}
  644 |         <Button

Parsing ecmascript source code failed

Import traces:
  Client Component Browser:
    ./src/app/admin/page.tsx [Client Component Browser]
    ./src/app/admin/page.tsx [Server Component]

  Client Component SSR:
    ./src/app/admin/page.tsx [Client Component SSR]
    ./src/app/admin/page.tsx [Server Component] @ http://localhost:3000/_next/static/chunks/node_modules_next_dist_1e8vcs8._.js:1052
[   11357ms] [ERROR] ./src/app/admin/page.tsx:641:19
Error: Unexpected token. Did you mean `{'}'}` or `&rbrace;`?
  639 |                     </div>
  640 |                   </div>
> 641 |                 ))}
      |                   ^
  642 |           </div>
  643 |         )}
  644 |         <Button

Parsing ecmascript source code failed

Import traces:
  Client Component Browser:
    ./src/app/admin/page.tsx [Client Component Browser]
    ./src/app/admin/page.tsx [Server Component]

  Client Component SSR:
    ./src/app/admin/page.tsx [Client Component SSR]
    ./src/app/admin/page.tsx [Server Component] @ http://localhost:3000/_next/static/chunks/node_modules_next_dist_1e8vcs8._.js:1052
[   11416ms] [ERROR] ./src/app/admin/page.tsx:641:19
Error: Unexpected token. Did you mean `{'}'}` or `&rbrace;`?
  639 |                     </div>
  640 |                   </div>
> 641 |                 ))}
      |                   ^
  642 |           </div>
  643 |         )}
  644 |         <Button

Parsing ecmascript source code failed

Import traces:
  Client Component Browser:
    ./src/app/admin/page.tsx [Client Component Browser]
    ./src/app/admin/page.tsx [Server Component]

  Client Component SSR:
    ./src/app/admin/page.tsx [Client Component SSR]
    ./src/app/admin/page.tsx [Server Component] @ http://localhost:3000/_next/static/chunks/node_modules_next_dist_1e8vcs8._.js:1052
[   11478ms] [ERROR] ./src/app/admin/page.tsx:641:19
Error: Unexpected token. Did you mean `{'}'}` or `&rbrace;`?
  639 |                     </div>
  640 |                   </div>
> 641 |                 ))}
      |                   ^
  642 |           </div>
  643 |         )}
  644 |         <Button

Parsing ecmascript source code failed

Import traces:
  Client Component Browser:
    ./src/app/admin/page.tsx [Client Component Browser]
    ./src/app/admin/page.tsx [Server Component]

  Client Component SSR:
    ./src/app/admin/page.tsx [Client Component SSR]
    ./src/app/admin/page.tsx [Server Component] @ http://localhost:3000/_next/static/chunks/node_modules_next_dist_1e8vcs8._.js:1052
[   11529ms] [ERROR] ./src/app/admin/page.tsx:641:19
Error: Unexpected token. Did you mean `{'}'}` or `&rbrace;`?
  639 |                     </div>
  640 |                   </div>
> 641 |                 ))}
      |                   ^
  642 |           </div>
  643 |         )}
  644 |         <Button

Parsing ecmascript source code failed

Import traces:
  Client Component Browser:
    ./src/app/admin/page.tsx [Client Component Browser]
    ./src/app/admin/page.tsx [Server Component]

  Client Component SSR:
    ./src/app/admin/page.tsx [Client Component SSR]
    ./src/app/admin/page.tsx [Server Component] @ http://localhost:3000/_next/static/chunks/node_modules_next_dist_1e8vcs8._.js:1052
[   11581ms] [ERROR] ./src/app/admin/page.tsx:641:19
Error: Unexpected token. Did you mean `{'}'}` or `&rbrace;`?
  639 |                     </div>
  640 |                   </div>
> 641 |                 ))}
      |                   ^
  642 |           </div>
  643 |         )}
  644 |         <Button

Parsing ecmascript source code failed

Import traces:
  Client Component Browser:
    ./src/app/admin/page.tsx [Client Component Browser]
    ./src/app/admin/page.tsx [Server Component]

  Client Component SSR:
    ./src/app/admin/page.tsx [Client Component SSR]
    ./src/app/admin/page.tsx [Server Component] @ http://localhost:3000/_next/static/chunks/node_modules_next_dist_1e8vcs8._.js:1052
[   11633ms] [ERROR] ./src/app/admin/page.tsx:641:19
Error: Unexpected token. Did you mean `{'}'}` or `&rbrace;`?
  639 |                     </div>
  640 |                   </div>
> 641 |                 ))}
      |                   ^
  642 |           </div>
  643 |         )}
  644 |         <Button

Parsing ecmascript source code failed

Import traces:
  Client Component Browser:
    ./src/app/admin/page.tsx [Client Component Browser]
    ./src/app/admin/page.tsx [Server Component]

  Client Component SSR:
    ./src/app/admin/page.tsx [Client Component SSR]
    ./src/app/admin/page.tsx [Server Component] @ http://localhost:3000/_next/static/chunks/node_modules_next_dist_1e8vcs8._.js:1052
[   11687ms] [ERROR] ./src/app/admin/page.tsx:641:19
Error: Unexpected token. Did you mean `{'}'}` or `&rbrace;`?
  639 |                     </div>
  640 |                   </div>
> 641 |                 ))}
      |                   ^
  642 |           </div>
  643 |         )}
  644 |         <Button

Parsing ecmascript source code failed

Import traces:
  Client Component Browser:
    ./src/app/admin/page.tsx [Client Component Browser]
    ./src/app/admin/page.tsx [Server Component]

  Client Component SSR:
    ./src/app/admin/page.tsx [Client Component SSR]
    ./src/app/admin/page.tsx [Server Component] @ http://localhost:3000/_next/static/chunks/node_modules_next_dist_1e8vcs8._.js:1052
[   11757ms] [ERROR] ./src/app/admin/page.tsx:641:19
Error: Unexpected token. Did you mean `{'}'}` or `&rbrace;`?
  639 |                     </div>
  640 |                   </div>
> 641 |                 ))}
      |                   ^
  642 |           </div>
  643 |         )}
  644 |         <Button

Parsing ecmascript source code failed

Import traces:
  Client Component Browser:
    ./src/app/admin/page.tsx [Client Component Browser]
    ./src/app/admin/page.tsx [Server Component]

  Client Component SSR:
    ./src/app/admin/page.tsx [Client Component SSR]
    ./src/app/admin/page.tsx [Server Component] @ http://localhost:3000/_next/static/chunks/node_modules_next_dist_1e8vcs8._.js:1052
[   11812ms] [ERROR] ./src/app/admin/page.tsx:641:19
Error: Unexpected token. Did you mean `{'}'}` or `&rbrace;`?
  639 |                     </div>
  640 |                   </div>
> 641 |                 ))}
      |                   ^
  642 |           </div>
  643 |         )}
  644 |         <Button

Parsing ecmascript source code failed

Import traces:
  Client Component Browser:
    ./src/app/admin/page.tsx [Client Component Browser]
    ./src/app/admin/page.tsx [Server Component]

  Client Component SSR:
    ./src/app/admin/page.tsx [Client Component SSR]
    ./src/app/admin/page.tsx [Server Component] @ http://localhost:3000/_next/static/chunks/node_modules_next_dist_1e8vcs8._.js:1052
[   11865ms] [ERROR] ./src/app/admin/page.tsx:641:19
Error: Unexpected token. Did you mean `{'}'}` or `&rbrace;`?
  639 |                     </div>
  640 |                   </div>
> 641 |                 ))}
      |                   ^
  642 |           </div>
  643 |         )}
  644 |         <Button

Parsing ecmascript source code failed

Import traces:
  Client Component Browser:
    ./src/app/admin/page.tsx [Client Component Browser]
    ./src/app/admin/page.tsx [Server Component]

  Client Component SSR:
    ./src/app/admin/page.tsx [Client Component SSR]
    ./src/app/admin/page.tsx [Server Component] @ http://localhost:3000/_next/static/chunks/node_modules_next_dist_1e8vcs8._.js:1052
[   11916ms] [ERROR] ./src/app/admin/page.tsx:641:19
Error: Unexpected token. Did you mean `{'}'}` or `&rbrace;`?
  639 |                     </div>
  640 |                   </div>
> 641 |                 ))}
      |                   ^
  642 |           </div>
  643 |         )}
  644 |         <Button

Parsing ecmascript source code failed

Import traces:
  Client Component Browser:
    ./src/app/admin/page.tsx [Client Component Browser]
    ./src/app/admin/page.tsx [Server Component]

  Client Component SSR:
    ./src/app/admin/page.tsx [Client Component SSR]
    ./src/app/admin/page.tsx [Server Component] @ http://localhost:3000/_next/static/chunks/node_modules_next_dist_1e8vcs8._.js:1052
[   11968ms] [ERROR] ./src/app/admin/page.tsx:641:19
Error: Unexpected token. Did you mean `{'}'}` or `&rbrace;`?
  639 |                     </div>
  640 |                   </div>
> 641 |                 ))}
      |                   ^
  642 |           </div>
  643 |         )}
  644 |         <Button

Parsing ecmascript source code failed

Import traces:
  Client Component Browser:
    ./src/app/admin/page.tsx [Client Component Browser]
    ./src/app/admin/page.tsx [Server Component]

  Client Component SSR:
    ./src/app/admin/page.tsx [Client Component SSR]
    ./src/app/admin/page.tsx [Server Component] @ http://localhost:3000/_next/static/chunks/node_modules_next_dist_1e8vcs8._.js:1052
[   12023ms] [ERROR] ./src/app/admin/page.tsx:641:19
Error: Unexpected token. Did you mean `{'}'}` or `&rbrace;`?
  639 |                     </div>
  640 |                   </div>
> 641 |                 ))}
      |                   ^
  642 |           </div>
  643 |         )}
  644 |         <Button

Parsing ecmascript source code failed

Import traces:
  Client Component Browser:
    ./src/app/admin/page.tsx [Client Component Browser]
    ./src/app/admin/page.tsx [Server Component]

  Client Component SSR:
    ./src/app/admin/page.tsx [Client Component SSR]
    ./src/app/admin/page.tsx [Server Component] @ http://localhost:3000/_next/static/chunks/node_modules_next_dist_1e8vcs8._.js:1052
[   12079ms] [ERROR] ./src/app/admin/page.tsx:641:19
Error: Unexpected token. Did you mean `{'}'}` or `&rbrace;`?
  639 |                     </div>
  640 |                   </div>
> 641 |                 ))}
      |                   ^
  642 |           </div>
  643 |         )}
  644 |         <Button

Parsing ecmascript source code failed

Import traces:
  Client Component Browser:
    ./src/app/admin/page.tsx [Client Component Browser]
    ./src/app/admin/page.tsx [Server Component]

  Client Component SSR:
    ./src/app/admin/page.tsx [Client Component SSR]
    ./src/app/admin/page.tsx [Server Component] @ http://localhost:3000/_next/static/chunks/node_modules_next_dist_1e8vcs8._.js:1052
[   12134ms] [ERROR] ./src/app/admin/page.tsx:641:19
Error: Unexpected token. Did you mean `{'}'}` or `&rbrace;`?
  639 |                     </div>
  640 |                   </div>
> 641 |                 ))}
      |                   ^
  642 |           </div>
  643 |         )}
  644 |         <Button

Parsing ecmascript source code failed

Import traces:
  Client Component Browser:
    ./src/app/admin/page.tsx [Client Component Browser]
    ./src/app/admin/page.tsx [Server Component]

  Client Component SSR:
    ./src/app/admin/page.tsx [Client Component SSR]
    ./src/app/admin/page.tsx [Server Component] @ http://localhost:3000/_next/static/chunks/node_modules_next_dist_1e8vcs8._.js:1052
[   12190ms] [ERROR] ./src/app/admin/page.tsx:641:19
Error: Unexpected token. Did you mean `{'}'}` or `&rbrace;`?
  639 |                     </div>
  640 |                   </div>
> 641 |                 ))}
      |                   ^
  642 |           </div>
  643 |         )}
  644 |         <Button

Parsing ecmascript source code failed

Import traces:
  Client Component Browser:
    ./src/app/admin/page.tsx [Client Component Browser]
    ./src/app/admin/page.tsx [Server Component]

  Client Component SSR:
    ./src/app/admin/page.tsx [Client Component SSR]
    ./src/app/admin/page.tsx [Server Component] @ http://localhost:3000/_next/static/chunks/node_modules_next_dist_1e8vcs8._.js:1052
[   12246ms] [ERROR] ./src/app/admin/page.tsx:641:19
Error: Unexpected token. Did you mean `{'}'}` or `&rbrace;`?
  639 |                     </div>
  640 |                   </div>
> 641 |                 ))}
      |                   ^
  642 |           </div>
  643 |         )}
  644 |         <Button

Parsing ecmascript source code failed

Import traces:
  Client Component Browser:
    ./src/app/admin/page.tsx [Client Component Browser]
    ./src/app/admin/page.tsx [Server Component]

  Client Component SSR:
    ./src/app/admin/page.tsx [Client Component SSR]
    ./src/app/admin/page.tsx [Server Component] @ http://localhost:3000/_next/static/chunks/node_modules_next_dist_1e8vcs8._.js:1052
[   12299ms] [ERROR] ./src/app/admin/page.tsx:641:19
Error: Unexpected token. Did you mean `{'}'}` or `&rbrace;`?
  639 |                     </div>
  640 |                   </div>
> 641 |                 ))}
      |                   ^
  642 |           </div>
  643 |         )}
  644 |         <Button

Parsing ecmascript source code failed

Import traces:
  Client Component Browser:
    ./src/app/admin/page.tsx [Client Component Browser]
    ./src/app/admin/page.tsx [Server Component]

  Client Component SSR:
    ./src/app/admin/page.tsx [Client Component SSR]
    ./src/app/admin/page.tsx [Server Component] @ http://localhost:3000/_next/static/chunks/node_modules_next_dist_1e8vcs8._.js:1052
[   12351ms] [ERROR] ./src/app/admin/page.tsx:641:19
Error: Unexpected token. Did you mean `{'}'}` or `&rbrace;`?
  639 |                     </div>
  640 |                   </div>
> 641 |                 ))}
      |                   ^
  642 |           </div>
  643 |         )}
  644 |         <Button

Parsing ecmascript source code failed

Import traces:
  Client Component Browser:
    ./src/app/admin/page.tsx [Client Component Browser]
    ./src/app/admin/page.tsx [Server Component]

  Client Component SSR:
    ./src/app/admin/page.tsx [Client Component SSR]
    ./src/app/admin/page.tsx [Server Component] @ http://localhost:3000/_next/static/chunks/node_modules_next_dist_1e8vcs8._.js:1052
[   12404ms] [ERROR] ./src/app/admin/page.tsx:641:19
Error: Unexpected token. Did you mean `{'}'}` or `&rbrace;`?
  639 |                     </div>
  640 |                   </div>
> 641 |                 ))}
      |                   ^
  642 |           </div>
  643 |         )}
  644 |         <Button

Parsing ecmascript source code failed

Import traces:
  Client Component Browser:
    ./src/app/admin/page.tsx [Client Component Browser]
    ./src/app/admin/page.tsx [Server Component]

  Client Component SSR:
    ./src/app/admin/page.tsx [Client Component SSR]
    ./src/app/admin/page.tsx [Server Component] @ http://localhost:3000/_next/static/chunks/node_modules_next_dist_1e8vcs8._.js:1052
[   12459ms] [ERROR] ./src/app/admin/page.tsx:641:19
Error: Unexpected token. Did you mean `{'}'}` or `&rbrace;`?
  639 |                     </div>
  640 |                   </div>
> 641 |                 ))}
      |                   ^
  642 |           </div>
  643 |         )}
  644 |         <Button

Parsing ecmascript source code failed

Import traces:
  Client Component Browser:
    ./src/app/admin/page.tsx [Client Component Browser]
    ./src/app/admin/page.tsx [Server Component]

  Client Component SSR:
    ./src/app/admin/page.tsx [Client Component SSR]
    ./src/app/admin/page.tsx [Server Component] @ http://localhost:3000/_next/static/chunks/node_modules_next_dist_1e8vcs8._.js:1052
[   12513ms] [ERROR] ./src/app/admin/page.tsx:641:19
Error: Unexpected token. Did you mean `{'}'}` or `&rbrace;`?
  639 |                     </div>
  640 |                   </div>
> 641 |                 ))}
      |                   ^
  642 |           </div>
  643 |         )}
  644 |         <Button

Parsing ecmascript source code failed

Import traces:
  Client Component Browser:
    ./src/app/admin/page.tsx [Client Component Browser]
    ./src/app/admin/page.tsx [Server Component]

  Client Component SSR:
    ./src/app/admin/page.tsx [Client Component SSR]
    ./src/app/admin/page.tsx [Server Component] @ http://localhost:3000/_next/static/chunks/node_modules_next_dist_1e8vcs8._.js:1052
[   12567ms] [ERROR] ./src/app/admin/page.tsx:641:19
Error: Unexpected token. Did you mean `{'}'}` or `&rbrace;`?
  639 |                     </div>
  640 |                   </div>
> 641 |                 ))}
      |                   ^
  642 |           </div>
  643 |         )}
  644 |         <Button

Parsing ecmascript source code failed

Import traces:
  Client Component Browser:
    ./src/app/admin/page.tsx [Client Component Browser]
    ./src/app/admin/page.tsx [Server Component]

  Client Component SSR:
    ./src/app/admin/page.tsx [Client Component SSR]
    ./src/app/admin/page.tsx [Server Component] @ http://localhost:3000/_next/static/chunks/node_modules_next_dist_1e8vcs8._.js:1052
[   12620ms] [ERROR] ./src/app/admin/page.tsx:641:19
Error: Unexpected token. Did you mean `{'}'}` or `&rbrace;`?
  639 |                     </div>
  640 |                   </div>
> 641 |                 ))}
      |                   ^
  642 |           </div>
  643 |         )}
  644 |         <Button

Parsing ecmascript source code failed

Import traces:
  Client Component Browser:
    ./src/app/admin/page.tsx [Client Component Browser]
    ./src/app/admin/page.tsx [Server Component]

  Client Component SSR:
    ./src/app/admin/page.tsx [Client Component SSR]
    ./src/app/admin/page.tsx [Server Component] @ http://localhost:3000/_next/static/chunks/node_modules_next_dist_1e8vcs8._.js:1052
[   12671ms] [ERROR] ./src/app/admin/page.tsx:641:19
Error: Unexpected token. Did you mean `{'}'}` or `&rbrace;`?
  639 |                     </div>
  640 |                   </div>
> 641 |                 ))}
      |                   ^
  642 |           </div>
  643 |         )}
  644 |         <Button

Parsing ecmascript source code failed

Import traces:
  Client Component Browser:
    ./src/app/admin/page.tsx [Client Component Browser]
    ./src/app/admin/page.tsx [Server Component]

  Client Component SSR:
    ./src/app/admin/page.tsx [Client Component SSR]
    ./src/app/admin/page.tsx [Server Component] @ http://localhost:3000/_next/static/chunks/node_modules_next_dist_1e8vcs8._.js:1052
[   12724ms] [ERROR] ./src/app/admin/page.tsx:641:19
Error: Unexpected token. Did you mean `{'}'}` or `&rbrace;`?
  639 |                     </div>
  640 |                   </div>
> 641 |                 ))}
      |                   ^
  642 |           </div>
  643 |         )}
  644 |         <Button

Parsing ecmascript source code failed

Import traces:
  Client Component Browser:
    ./src/app/admin/page.tsx [Client Component Browser]
    ./src/app/admin/page.tsx [Server Component]

  Client Component SSR:
    ./src/app/admin/page.tsx [Client Component SSR]
    ./src/app/admin/page.tsx [Server Component] @ http://localhost:3000/_next/static/chunks/node_modules_next_dist_1e8vcs8._.js:1052
[   12780ms] [ERROR] ./src/app/admin/page.tsx:641:19
Error: Unexpected token. Did you mean `{'}'}` or `&rbrace;`?
  639 |                     </div>
  640 |                   </div>
> 641 |                 ))}
      |                   ^
  642 |           </div>
  643 |         )}
  644 |         <Button

Parsing ecmascript source code failed

Import traces:
  Client Component Browser:
    ./src/app/admin/page.tsx [Client Component Browser]
    ./src/app/admin/page.tsx [Server Component]

  Client Component SSR:
    ./src/app/admin/page.tsx [Client Component SSR]
    ./src/app/admin/page.tsx [Server Component] @ http://localhost:3000/_next/static/chunks/node_modules_next_dist_1e8vcs8._.js:1052
[   12835ms] [ERROR] ./src/app/admin/page.tsx:641:19
Error: Unexpected token. Did you mean `{'}'}` or `&rbrace;`?
  639 |                     </div>
  640 |                   </div>
> 641 |                 ))}
      |                   ^
  642 |           </div>
  643 |         )}
  644 |         <Button

Parsing ecmascript source code failed

Import traces:
  Client Component Browser:
    ./src/app/admin/page.tsx [Client Component Browser]
    ./src/app/admin/page.tsx [Server Component]

  Client Component SSR:
    ./src/app/admin/page.tsx [Client Component SSR]
    ./src/app/admin/page.tsx [Server Component] @ http://localhost:3000/_next/static/chunks/node_modules_next_dist_1e8vcs8._.js:1052
[   12889ms] [ERROR] ./src/app/admin/page.tsx:641:19
Error: Unexpected token. Did you mean `{'}'}` or `&rbrace;`?
  639 |                     </div>
  640 |                   </div>
> 641 |                 ))}
      |                   ^
  642 |           </div>
  643 |         )}
  644 |         <Button

Parsing ecmascript source code failed

Import traces:
  Client Component Browser:
    ./src/app/admin/page.tsx [Client Component Browser]
    ./src/app/admin/page.tsx [Server Component]

  Client Component SSR:
    ./src/app/admin/page.tsx [Client Component SSR]
    ./src/app/admin/page.tsx [Server Component] @ http://localhost:3000/_next/static/chunks/node_modules_next_dist_1e8vcs8._.js:1052
[   12942ms] [ERROR] ./src/app/admin/page.tsx:641:19
Error: Unexpected token. Did you mean `{'}'}` or `&rbrace;`?
  639 |                     </div>
  640 |                   </div>
> 641 |                 ))}
      |                   ^
  642 |           </div>
  643 |         )}
  644 |         <Button

Parsing ecmascript source code failed

Import traces:
  Client Component Browser:
    ./src/app/admin/page.tsx [Client Component Browser]
    ./src/app/admin/page.tsx [Server Component]

  Client Component SSR:
    ./src/app/admin/page.tsx [Client Component SSR]
    ./src/app/admin/page.tsx [Server Component] @ http://localhost:3000/_next/static/chunks/node_modules_next_dist_1e8vcs8._.js:1052
[   12996ms] [ERROR] ./src/app/admin/page.tsx:641:19
Error: Unexpected token. Did you mean `{'}'}` or `&rbrace;`?
  639 |                     </div>
  640 |                   </div>
> 641 |                 ))}
      |                   ^
  642 |           </div>
  643 |         )}
  644 |         <Button

Parsing ecmascript source code failed

Import traces:
  Client Component Browser:
    ./src/app/admin/page.tsx [Client Component Browser]
    ./src/app/admin/page.tsx [Server Component]

  Client Component SSR:
    ./src/app/admin/page.tsx [Client Component SSR]
    ./src/app/admin/page.tsx [Server Component] @ http://localhost:3000/_next/static/chunks/node_modules_next_dist_1e8vcs8._.js:1052
[   13047ms] [ERROR] ./src/app/admin/page.tsx:641:19
Error: Unexpected token. Did you mean `{'}'}` or `&rbrace;`?
  639 |                     </div>
  640 |                   </div>
> 641 |                 ))}
      |                   ^
  642 |           </div>
  643 |         )}
  644 |         <Button

Parsing ecmascript source code failed

Import traces:
  Client Component Browser:
    ./src/app/admin/page.tsx [Client Component Browser]
    ./src/app/admin/page.tsx [Server Component]

  Client Component SSR:
    ./src/app/admin/page.tsx [Client Component SSR]
    ./src/app/admin/page.tsx [Server Component] @ http://localhost:3000/_next/static/chunks/node_modules_next_dist_1e8vcs8._.js:1052
[   13098ms] [ERROR] ./src/app/admin/page.tsx:641:19
Error: Unexpected token. Did you mean `{'}'}` or `&rbrace;`?
  639 |                     </div>
  640 |                   </div>
> 641 |                 ))}
      |                   ^
  642 |           </div>
  643 |         )}
  644 |         <Button

Parsing ecmascript source code failed

Import traces:
  Client Component Browser:
    ./src/app/admin/page.tsx [Client Component Browser]
    ./src/app/admin/page.tsx [Server Component]

  Client Component SSR:
    ./src/app/admin/page.tsx [Client Component SSR]
    ./src/app/admin/page.tsx [Server Component] @ http://localhost:3000/_next/static/chunks/node_modules_next_dist_1e8vcs8._.js:1052
[   13154ms] [ERROR] ./src/app/admin/page.tsx:641:19
Error: Unexpected token. Did you mean `{'}'}` or `&rbrace;`?
  639 |                     </div>
  640 |                   </div>
> 641 |                 ))}
      |                   ^
  642 |           </div>
  643 |         )}
  644 |         <Button

Parsing ecmascript source code failed

Import traces:
  Client Component Browser:
    ./src/app/admin/page.tsx [Client Component Browser]
    ./src/app/admin/page.tsx [Server Component]

  Client Component SSR:
    ./src/app/admin/page.tsx [Client Component SSR]
    ./src/app/admin/page.tsx [Server Component] @ http://localhost:3000/_next/static/chunks/node_modules_next_dist_1e8vcs8._.js:1052
[   13335ms] [ERROR] ./src/app/admin/page.tsx:641:19
Error: Unexpected token. Did you mean `{'}'}` or `&rbrace;`?
  639 |                     </div>
  640 |                   </div>
> 641 |                 ))}
      |                   ^
  642 |           </div>
  643 |         )}
  644 |         <Button

Parsing ecmascript source code failed

Import traces:
  Client Component Browser:
    ./src/app/admin/page.tsx [Client Component Browser]
    ./src/app/admin/page.tsx [Server Component]

  Client Component SSR:
    ./src/app/admin/page.tsx [Client Component SSR]
    ./src/app/admin/page.tsx [Server Component] @ http://localhost:3000/_next/static/chunks/node_modules_next_dist_1e8vcs8._.js:1052
[   13388ms] [ERROR] ./src/app/admin/page.tsx:641:19
Error: Unexpected token. Did you mean `{'}'}` or `&rbrace;`?
  639 |                     </div>
  640 |                   </div>
> 641 |                 ))}
      |                   ^
  642 |           </div>
  643 |         )}
  644 |         <Button

Parsing ecmascript source code failed

Import traces:
  Client Component Browser:
    ./src/app/admin/page.tsx [Client Component Browser]
    ./src/app/admin/page.tsx [Server Component]

  Client Component SSR:
    ./src/app/admin/page.tsx [Client Component SSR]
    ./src/app/admin/page.tsx [Server Component] @ http://localhost:3000/_next/static/chunks/node_modules_next_dist_1e8vcs8._.js:1052
[   13442ms] [ERROR] ./src/app/admin/page.tsx:641:19
Error: Unexpected token. Did you mean `{'}'}` or `&rbrace;`?
  639 |                     </div>
  640 |                   </div>
> 641 |                 ))}
      |                   ^
  642 |           </div>
  643 |         )}
  644 |         <Button

Parsing ecmascript source code failed

Import traces:
  Client Component Browser:
    ./src/app/admin/page.tsx [Client Component Browser]
    ./src/app/admin/page.tsx [Server Component]

  Client Component SSR:
    ./src/app/admin/page.tsx [Client Component SSR]
    ./src/app/admin/page.tsx [Server Component] @ http://localhost:3000/_next/static/chunks/node_modules_next_dist_1e8vcs8._.js:1052
[   13497ms] [ERROR] ./src/app/admin/page.tsx:641:19
Error: Unexpected token. Did you mean `{'}'}` or `&rbrace;`?
  639 |                     </div>
  640 |                   </div>
> 641 |                 ))}
      |                   ^
  642 |           </div>
  643 |         )}
  644 |         <Button

Parsing ecmascript source code failed

Import traces:
  Client Component Browser:
    ./src/app/admin/page.tsx [Client Component Browser]
    ./src/app/admin/page.tsx [Server Component]

  Client Component SSR:
    ./src/app/admin/page.tsx [Client Component SSR]
    ./src/app/admin/page.tsx [Server Component] @ http://localhost:3000/_next/static/chunks/node_modules_next_dist_1e8vcs8._.js:1052
[   13549ms] [ERROR] ./src/app/admin/page.tsx:641:19
Error: Unexpected token. Did you mean `{'}'}` or `&rbrace;`?
  639 |                     </div>
  640 |                   </div>
> 641 |                 ))}
      |                   ^
  642 |           </div>
  643 |         )}
  644 |         <Button

Parsing ecmascript source code failed

Import traces:
  Client Component Browser:
    ./src/app/admin/page.tsx [Client Component Browser]
    ./src/app/admin/page.tsx [Server Component]

  Client Component SSR:
    ./src/app/admin/page.tsx [Client Component SSR]
    ./src/app/admin/page.tsx [Server Component] @ http://localhost:3000/_next/static/chunks/node_modules_next_dist_1e8vcs8._.js:1052
[   13601ms] [ERROR] ./src/app/admin/page.tsx:641:19
Error: Unexpected token. Did you mean `{'}'}` or `&rbrace;`?
  639 |                     </div>
  640 |                   </div>
> 641 |                 ))}
      |                   ^
  642 |           </div>
  643 |         )}
  644 |         <Button

Parsing ecmascript source code failed

Import traces:
  Client Component Browser:
    ./src/app/admin/page.tsx [Client Component Browser]
    ./src/app/admin/page.tsx [Server Component]

  Client Component SSR:
    ./src/app/admin/page.tsx [Client Component SSR]
    ./src/app/admin/page.tsx [Server Component] @ http://localhost:3000/_next/static/chunks/node_modules_next_dist_1e8vcs8._.js:1052
[   13656ms] [ERROR] ./src/app/admin/page.tsx:641:19
Error: Unexpected token. Did you mean `{'}'}` or `&rbrace;`?
  639 |                     </div>
  640 |                   </div>
> 641 |                 ))}
      |                   ^
  642 |           </div>
  643 |         )}
  644 |         <Button

Parsing ecmascript source code failed

Import traces:
  Client Component Browser:
    ./src/app/admin/page.tsx [Client Component Browser]
    ./src/app/admin/page.tsx [Server Component]

  Client Component SSR:
    ./src/app/admin/page.tsx [Client Component SSR]
    ./src/app/admin/page.tsx [Server Component] @ http://localhost:3000/_next/static/chunks/node_modules_next_dist_1e8vcs8._.js:1052
[   13712ms] [ERROR] ./src/app/admin/page.tsx:641:19
Error: Unexpected token. Did you mean `{'}'}` or `&rbrace;`?
  639 |                     </div>
  640 |                   </div>
> 641 |                 ))}
      |                   ^
  642 |           </div>
  643 |         )}
  644 |         <Button

Parsing ecmascript source code failed

Import traces:
  Client Component Browser:
    ./src/app/admin/page.tsx [Client Component Browser]
    ./src/app/admin/page.tsx [Server Component]

  Client Component SSR:
    ./src/app/admin/page.tsx [Client Component SSR]
    ./src/app/admin/page.tsx [Server Component] @ http://localhost:3000/_next/static/chunks/node_modules_next_dist_1e8vcs8._.js:1052
[   13768ms] [ERROR] ./src/app/admin/page.tsx:641:19
Error: Unexpected token. Did you mean `{'}'}` or `&rbrace;`?
  639 |                     </div>
  640 |                   </div>
> 641 |                 ))}
      |                   ^
  642 |           </div>
  643 |         )}
  644 |         <Button

Parsing ecmascript source code failed

Import traces:
  Client Component Browser:
    ./src/app/admin/page.tsx [Client Component Browser]
    ./src/app/admin/page.tsx [Server Component]

  Client Component SSR:
    ./src/app/admin/page.tsx [Client Component SSR]
    ./src/app/admin/page.tsx [Server Component] @ http://localhost:3000/_next/static/chunks/node_modules_next_dist_1e8vcs8._.js:1052
[   13821ms] [ERROR] ./src/app/admin/page.tsx:641:19
Error: Unexpected token. Did you mean `{'}'}` or `&rbrace;`?
  639 |                     </div>
  640 |                   </div>
> 641 |                 ))}
      |                   ^
  642 |           </div>
  643 |         )}
  644 |         <Button

Parsing ecmascript source code failed

Import traces:
  Client Component Browser:
    ./src/app/admin/page.tsx [Client Component Browser]
    ./src/app/admin/page.tsx [Server Component]

  Client Component SSR:
    ./src/app/admin/page.tsx [Client Component SSR]
    ./src/app/admin/page.tsx [Server Component] @ http://localhost:3000/_next/static/chunks/node_modules_next_dist_1e8vcs8._.js:1052
[   13876ms] [ERROR] ./src/app/admin/page.tsx:641:19
Error: Unexpected token. Did you mean `{'}'}` or `&rbrace;`?
  639 |                     </div>
  640 |                   </div>
> 641 |                 ))}
      |                   ^
  642 |           </div>
  643 |         )}
  644 |         <Button

Parsing ecmascript source code failed

Import traces:
  Client Component Browser:
    ./src/app/admin/page.tsx [Client Component Browser]
    ./src/app/admin/page.tsx [Server Component]

  Client Component SSR:
    ./src/app/admin/page.tsx [Client Component SSR]
    ./src/app/admin/page.tsx [Server Component] @ http://localhost:3000/_next/static/chunks/node_modules_next_dist_1e8vcs8._.js:1052
[   13931ms] [ERROR] ./src/app/admin/page.tsx:641:19
Error: Unexpected token. Did you mean `{'}'}` or `&rbrace;`?
  639 |                     </div>
  640 |                   </div>
> 641 |                 ))}
      |                   ^
  642 |           </div>
  643 |         )}
  644 |         <Button

Parsing ecmascript source code failed

Import traces:
  Client Component Browser:
    ./src/app/admin/page.tsx [Client Component Browser]
    ./src/app/admin/page.tsx [Server Component]

  Client Component SSR:
    ./src/app/admin/page.tsx [Client Component SSR]
    ./src/app/admin/page.tsx [Server Component] @ http://localhost:3000/_next/static/chunks/node_modules_next_dist_1e8vcs8._.js:1052
[   13984ms] [ERROR] ./src/app/admin/page.tsx:641:19
Error: Unexpected token. Did you mean `{'}'}` or `&rbrace;`?
  639 |                     </div>
  640 |                   </div>
> 641 |                 ))}
      |                   ^
  642 |           </div>
  643 |         )}
  644 |         <Button

Parsing ecmascript source code failed

Import traces:
  Client Component Browser:
    ./src/app/admin/page.tsx [Client Component Browser]
    ./src/app/admin/page.tsx [Server Component]

  Client Component SSR:
    ./src/app/admin/page.tsx [Client Component SSR]
    ./src/app/admin/page.tsx [Server Component] @ http://localhost:3000/_next/static/chunks/node_modules_next_dist_1e8vcs8._.js:1052
[   14101ms] [ERROR] ./src/app/admin/page.tsx:641:19
Error: Unexpected token. Did you mean `{'}'}` or `&rbrace;`?
  639 |                     </div>
  640 |                   </div>
> 641 |                 ))}
      |                   ^
  642 |           </div>
  643 |         )}
  644 |         <Button

Parsing ecmascript source code failed

Import traces:
  Client Component Browser:
    ./src/app/admin/page.tsx [Client Component Browser]
    ./src/app/admin/page.tsx [Server Component]

  Client Component SSR:
    ./src/app/admin/page.tsx [Client Component SSR]
    ./src/app/admin/page.tsx [Server Component] @ http://localhost:3000/_next/static/chunks/node_modules_next_dist_1e8vcs8._.js:1052
[   14156ms] [ERROR] ./src/app/admin/page.tsx:641:19
Error: Unexpected token. Did you mean `{'}'}` or `&rbrace;`?
  639 |                     </div>
  640 |                   </div>
> 641 |                 ))}
      |                   ^
  642 |           </div>
  643 |         )}
  644 |         <Button

Parsing ecmascript source code failed

Import traces:
  Client Component Browser:
    ./src/app/admin/page.tsx [Client Component Browser]
    ./src/app/admin/page.tsx [Server Component]

  Client Component SSR:
    ./src/app/admin/page.tsx [Client Component SSR]
    ./src/app/admin/page.tsx [Server Component] @ http://localhost:3000/_next/static/chunks/node_modules_next_dist_1e8vcs8._.js:1052
[   14208ms] [ERROR] ./src/app/admin/page.tsx:641:19
Error: Unexpected token. Did you mean `{'}'}` or `&rbrace;`?
  639 |                     </div>
  640 |                   </div>
> 641 |                 ))}
      |                   ^
  642 |           </div>
  643 |         )}
  644 |         <Button

Parsing ecmascript source code failed

Import traces:
  Client Component Browser:
    ./src/app/admin/page.tsx [Client Component Browser]
    ./src/app/admin/page.tsx [Server Component]

  Client Component SSR:
    ./src/app/admin/page.tsx [Client Component SSR]
    ./src/app/admin/page.tsx [Server Component] @ http://localhost:3000/_next/static/chunks/node_modules_next_dist_1e8vcs8._.js:1052
[   14259ms] [ERROR] ./src/app/admin/page.tsx:641:19
Error: Unexpected token. Did you mean `{'}'}` or `&rbrace;`?
  639 |                     </div>
  640 |                   </div>
> 641 |                 ))}
      |                   ^
  642 |           </div>
  643 |         )}
  644 |         <Button

Parsing ecmascript source code failed

Import traces:
  Client Component Browser:
    ./src/app/admin/page.tsx [Client Component Browser]
    ./src/app/admin/page.tsx [Server Component]

  Client Component SSR:
    ./src/app/admin/page.tsx [Client Component SSR]
    ./src/app/admin/page.tsx [Server Component] @ http://localhost:3000/_next/static/chunks/node_modules_next_dist_1e8vcs8._.js:1052
[   14309ms] [ERROR] ./src/app/admin/page.tsx:641:19
Error: Unexpected token. Did you mean `{'}'}` or `&rbrace;`?
  639 |                     </div>
  640 |                   </div>
> 641 |                 ))}
      |                   ^
  642 |           </div>
  643 |         )}
  644 |         <Button

Parsing ecmascript source code failed

Import traces:
  Client Component Browser:
    ./src/app/admin/page.tsx [Client Component Browser]
    ./src/app/admin/page.tsx [Server Component]

  Client Component SSR:
    ./src/app/admin/page.tsx [Client Component SSR]
    ./src/app/admin/page.tsx [Server Component] @ http://localhost:3000/_next/static/chunks/node_modules_next_dist_1e8vcs8._.js:1052
[   14361ms] [ERROR] ./src/app/admin/page.tsx:641:19
Error: Unexpected token. Did you mean `{'}'}` or `&rbrace;`?
  639 |                     </div>
  640 |                   </div>
> 641 |                 ))}
      |                   ^
  642 |           </div>
  643 |         )}
  644 |         <Button

Parsing ecmascript source code failed

Import traces:
  Client Component Browser:
    ./src/app/admin/page.tsx [Client Component Browser]
    ./src/app/admin/page.tsx [Server Component]

  Client Component SSR:
    ./src/app/admin/page.tsx [Client Component SSR]
    ./src/app/admin/page.tsx [Server Component] @ http://localhost:3000/_next/static/chunks/node_modules_next_dist_1e8vcs8._.js:1052
[   14410ms] [ERROR] ./src/app/admin/page.tsx:641:19
Error: Unexpected token. Did you mean `{'}'}` or `&rbrace;`?
  639 |                     </div>
  640 |                   </div>
> 641 |                 ))}
      |                   ^
  642 |           </div>
  643 |         )}
  644 |         <Button

Parsing ecmascript source code failed

Import traces:
  Client Component Browser:
    ./src/app/admin/page.tsx [Client Component Browser]
    ./src/app/admin/page.tsx [Server Component]

  Client Component SSR:
    ./src/app/admin/page.tsx [Client Component SSR]
    ./src/app/admin/page.tsx [Server Component] @ http://localhost:3000/_next/static/chunks/node_modules_next_dist_1e8vcs8._.js:1052
[   14460ms] [ERROR] ./src/app/admin/page.tsx:641:19
Error: Unexpected token. Did you mean `{'}'}` or `&rbrace;`?
  639 |                     </div>
  640 |                   </div>
> 641 |                 ))}
      |                   ^
  642 |           </div>
  643 |         )}
  644 |         <Button

Parsing ecmascript source code failed

Import traces:
  Client Component Browser:
    ./src/app/admin/page.tsx [Client Component Browser]
    ./src/app/admin/page.tsx [Server Component]

  Client Component SSR:
    ./src/app/admin/page.tsx [Client Component SSR]
    ./src/app/admin/page.tsx [Server Component] @ http://localhost:3000/_next/static/chunks/node_modules_next_dist_1e8vcs8._.js:1052
[   14649ms] [ERROR] ./src/app/admin/page.tsx:641:19
Error: Unexpected token. Did you mean `{'}'}` or `&rbrace;`?
  639 |                     </div>
  640 |                   </div>
> 641 |                 ))}
      |                   ^
  642 |           </div>
  643 |         )}
  644 |         <Button

Parsing ecmascript source code failed

Import traces:
  Client Component Browser:
    ./src/app/admin/page.tsx [Client Component Browser]
    ./src/app/admin/page.tsx [Server Component]

  Client Component SSR:
    ./src/app/admin/page.tsx [Client Component SSR]
    ./src/app/admin/page.tsx [Server Component] @ http://localhost:3000/_next/static/chunks/node_modules_next_dist_1e8vcs8._.js:1052
[   14701ms] [ERROR] ./src/app/admin/page.tsx:641:19
Error: Unexpected token. Did you mean `{'}'}` or `&rbrace;`?
  639 |                     </div>
  640 |                   </div>
> 641 |                 ))}
      |                   ^
  642 |           </div>
  643 |         )}
  644 |         <Button

Parsing ecmascript source code failed

Import traces:
  Client Component Browser:
    ./src/app/admin/page.tsx [Client Component Browser]
    ./src/app/admin/page.tsx [Server Component]

  Client Component SSR:
    ./src/app/admin/page.tsx [Client Component SSR]
    ./src/app/admin/page.tsx [Server Component] @ http://localhost:3000/_next/static/chunks/node_modules_next_dist_1e8vcs8._.js:1052
[   14882ms] [ERROR] ./src/app/admin/page.tsx:641:19
Error: Unexpected token. Did you mean `{'}'}` or `&rbrace;`?
  639 |                     </div>
  640 |                   </div>
> 641 |                 ))}
      |                   ^
  642 |           </div>
  643 |         )}
  644 |         <Button

Parsing ecmascript source code failed

Import traces:
  Client Component Browser:
    ./src/app/admin/page.tsx [Client Component Browser]
    ./src/app/admin/page.tsx [Server Component]

  Client Component SSR:
    ./src/app/admin/page.tsx [Client Component SSR]
    ./src/app/admin/page.tsx [Server Component] @ http://localhost:3000/_next/static/chunks/node_modules_next_dist_1e8vcs8._.js:1052
[   15166ms] [ERROR] ./src/app/admin/page.tsx:641:19
Error: Unexpected token. Did you mean `{'}'}` or `&rbrace;`?
  639 |                     </div>
  640 |                   </div>
> 641 |                 ))}
      |                   ^
  642 |           </div>
  643 |         )}
  644 |         <Button

Parsing ecmascript source code failed

Import traces:
  Client Component Browser:
    ./src/app/admin/page.tsx [Client Component Browser]
    ./src/app/admin/page.tsx [Server Component]

  Client Component SSR:
    ./src/app/admin/page.tsx [Client Component SSR]
    ./src/app/admin/page.tsx [Server Component] @ http://localhost:3000/_next/static/chunks/node_modules_next_dist_1e8vcs8._.js:1052
[   15220ms] [ERROR] ./src/app/admin/page.tsx:641:19
Error: Unexpected token. Did you mean `{'}'}` or `&rbrace;`?
  639 |                     </div>
  640 |                   </div>
> 641 |                 ))}
      |                   ^
  642 |           </div>
  643 |         )}
  644 |         <Button

Parsing ecmascript source code failed

Import traces:
  Client Component Browser:
    ./src/app/admin/page.tsx [Client Component Browser]
    ./src/app/admin/page.tsx [Server Component]

  Client Component SSR:
    ./src/app/admin/page.tsx [Client Component SSR]
    ./src/app/admin/page.tsx [Server Component] @ http://localhost:3000/_next/static/chunks/node_modules_next_dist_1e8vcs8._.js:1052
[   15275ms] [ERROR] ./src/app/admin/page.tsx:641:19
Error: Unexpected token. Did you mean `{'}'}` or `&rbrace;`?
  639 |                     </div>
  640 |                   </div>
> 641 |                 ))}
      |                   ^
  642 |           </div>
  643 |         )}
  644 |         <Button

Parsing ecmascript source code failed

Import traces:
  Client Component Browser:
    ./src/app/admin/page.tsx [Client Component Browser]
    ./src/app/admin/page.tsx [Server Component]

  Client Component SSR:
    ./src/app/admin/page.tsx [Client Component SSR]
    ./src/app/admin/page.tsx [Server Component] @ http://localhost:3000/_next/static/chunks/node_modules_next_dist_1e8vcs8._.js:1052
[   15426ms] [ERROR] ./src/app/admin/page.tsx:641:19
Error: Unexpected token. Did you mean `{'}'}` or `&rbrace;`?
  639 |                     </div>
  640 |                   </div>
> 641 |                 ))}
      |                   ^
  642 |           </div>
  643 |         )}
  644 |         <Button

Parsing ecmascript source code failed

Import traces:
  Client Component Browser:
    ./src/app/admin/page.tsx [Client Component Browser]
    ./src/app/admin/page.tsx [Server Component]

  Client Component SSR:
    ./src/app/admin/page.tsx [Client Component SSR]
    ./src/app/admin/page.tsx [Server Component] @ http://localhost:3000/_next/static/chunks/node_modules_next_dist_1e8vcs8._.js:1052
[   15480ms] [ERROR] ./src/app/admin/page.tsx:641:19
Error: Unexpected token. Did you mean `{'}'}` or `&rbrace;`?
  639 |                     </div>
  640 |                   </div>
> 641 |                 ))}
      |                   ^
  642 |           </div>
  643 |         )}
  644 |         <Button

Parsing ecmascript source code failed

Import traces:
  Client Component Browser:
    ./src/app/admin/page.tsx [Client Component Browser]
    ./src/app/admin/page.tsx [Server Component]

  Client Component SSR:
    ./src/app/admin/page.tsx [Client Component SSR]
    ./src/app/admin/page.tsx [Server Component] @ http://localhost:3000/_next/static/chunks/node_modules_next_dist_1e8vcs8._.js:1052
[   15535ms] [ERROR] ./src/app/admin/page.tsx:641:19
Error: Unexpected token. Did you mean `{'}'}` or `&rbrace;`?
  639 |                     </div>
  640 |                   </div>
> 641 |                 ))}
      |                   ^
  642 |           </div>
  643 |         )}
  644 |         <Button

Parsing ecmascript source code failed

Import traces:
  Client Component Browser:
    ./src/app/admin/page.tsx [Client Component Browser]
    ./src/app/admin/page.tsx [Server Component]

  Client Component SSR:
    ./src/app/admin/page.tsx [Client Component SSR]
    ./src/app/admin/page.tsx [Server Component] @ http://localhost:3000/_next/static/chunks/node_modules_next_dist_1e8vcs8._.js:1052
[   15699ms] [ERROR] ./src/app/admin/page.tsx:641:19
Error: Unexpected token. Did you mean `{'}'}` or `&rbrace;`?
  639 |                     </div>
  640 |                   </div>
> 641 |                 ))}
      |                   ^
  642 |           </div>
  643 |         )}
  644 |         <Button

Parsing ecmascript source code failed

Import traces:
  Client Component Browser:
    ./src/app/admin/page.tsx [Client Component Browser]
    ./src/app/admin/page.tsx [Server Component]

  Client Component SSR:
    ./src/app/admin/page.tsx [Client Component SSR]
    ./src/app/admin/page.tsx [Server Component] @ http://localhost:3000/_next/static/chunks/node_modules_next_dist_1e8vcs8._.js:1052
[   15754ms] [ERROR] ./src/app/admin/page.tsx:641:19
Error: Unexpected token. Did you mean `{'}'}` or `&rbrace;`?
  639 |                     </div>
  640 |                   </div>
> 641 |                 ))}
      |                   ^
  642 |           </div>
  643 |         )}
  644 |         <Button

Parsing ecmascript source code failed

Import traces:
  Client Component Browser:
    ./src/app/admin/page.tsx [Client Component Browser]
    ./src/app/admin/page.tsx [Server Component]

  Client Component SSR:
    ./src/app/admin/page.tsx [Client Component SSR]
    ./src/app/admin/page.tsx [Server Component] @ http://localhost:3000/_next/static/chunks/node_modules_next_dist_1e8vcs8._.js:1052
[   15810ms] [ERROR] ./src/app/admin/page.tsx:641:19
Error: Unexpected token. Did you mean `{'}'}` or `&rbrace;`?
  639 |                     </div>
  640 |                   </div>
> 641 |                 ))}
      |                   ^
  642 |           </div>
  643 |         )}
  644 |         <Button

Parsing ecmascript source code failed

Import traces:
  Client Component Browser:
    ./src/app/admin/page.tsx [Client Component Browser]
    ./src/app/admin/page.tsx [Server Component]

  Client Component SSR:
    ./src/app/admin/page.tsx [Client Component SSR]
    ./src/app/admin/page.tsx [Server Component] @ http://localhost:3000/_next/static/chunks/node_modules_next_dist_1e8vcs8._.js:1052
[   15865ms] [ERROR] ./src/app/admin/page.tsx:641:19
Error: Unexpected token. Did you mean `{'}'}` or `&rbrace;`?
  639 |                     </div>
  640 |                   </div>
> 641 |                 ))}
      |                   ^
  642 |           </div>
  643 |         )}
  644 |         <Button

Parsing ecmascript source code failed

Import traces:
  Client Component Browser:
    ./src/app/admin/page.tsx [Client Component Browser]
    ./src/app/admin/page.tsx [Server Component]

  Client Component SSR:
    ./src/app/admin/page.tsx [Client Component SSR]
    ./src/app/admin/page.tsx [Server Component] @ http://localhost:3000/_next/static/chunks/node_modules_next_dist_1e8vcs8._.js:1052
[   15922ms] [ERROR] ./src/app/admin/page.tsx:641:19
Error: Unexpected token. Did you mean `{'}'}` or `&rbrace;`?
  639 |                     </div>
  640 |                   </div>
> 641 |                 ))}
      |                   ^
  642 |           </div>
  643 |         )}
  644 |         <Button

Parsing ecmascript source code failed

Import traces:
  Client Component Browser:
    ./src/app/admin/page.tsx [Client Component Browser]
    ./src/app/admin/page.tsx [Server Component]

  Client Component SSR:
    ./src/app/admin/page.tsx [Client Component SSR]
    ./src/app/admin/page.tsx [Server Component] @ http://localhost:3000/_next/static/chunks/node_modules_next_dist_1e8vcs8._.js:1052
[   15995ms] [ERROR] ./src/app/admin/page.tsx:641:19
Error: Unexpected token. Did you mean `{'}'}` or `&rbrace;`?
  639 |                     </div>
  640 |                   </div>
> 641 |                 ))}
      |                   ^
  642 |           </div>
  643 |         )}
  644 |         <Button

Parsing ecmascript source code failed

Import traces:
  Client Component Browser:
    ./src/app/admin/page.tsx [Client Component Browser]
    ./src/app/admin/page.tsx [Server Component]

  Client Component SSR:
    ./src/app/admin/page.tsx [Client Component SSR]
    ./src/app/admin/page.tsx [Server Component] @ http://localhost:3000/_next/static/chunks/node_modules_next_dist_1e8vcs8._.js:1052
[   16063ms] [ERROR] ./src/app/admin/page.tsx:641:19
Error: Unexpected token. Did you mean `{'}'}` or `&rbrace;`?
  639 |                     </div>
  640 |                   </div>
> 641 |                 ))}
      |                   ^
  642 |           </div>
  643 |         )}
  644 |         <Button

Parsing ecmascript source code failed

Import traces:
  Client Component Browser:
    ./src/app/admin/page.tsx [Client Component Browser]
    ./src/app/admin/page.tsx [Server Component]

  Client Component SSR:
    ./src/app/admin/page.tsx [Client Component SSR]
    ./src/app/admin/page.tsx [Server Component] @ http://localhost:3000/_next/static/chunks/node_modules_next_dist_1e8vcs8._.js:1052
[   16118ms] [ERROR] ./src/app/admin/page.tsx:641:19
Error: Unexpected token. Did you mean `{'}'}` or `&rbrace;`?
  639 |                     </div>
  640 |                   </div>
> 641 |                 ))}
      |                   ^
  642 |           </div>
  643 |         )}
  644 |         <Button

Parsing ecmascript source code failed

Import traces:
  Client Component Browser:
    ./src/app/admin/page.tsx [Client Component Browser]
    ./src/app/admin/page.tsx [Server Component]

  Client Component SSR:
    ./src/app/admin/page.tsx [Client Component SSR]
    ./src/app/admin/page.tsx [Server Component] @ http://localhost:3000/_next/static/chunks/node_modules_next_dist_1e8vcs8._.js:1052
[   16174ms] [ERROR] ./src/app/admin/page.tsx:641:19
Error: Unexpected token. Did you mean `{'}'}` or `&rbrace;`?
  639 |                     </div>
  640 |                   </div>
> 641 |                 ))}
      |                   ^
  642 |           </div>
  643 |         )}
  644 |         <Button

Parsing ecmascript source code failed

Import traces:
  Client Component Browser:
    ./src/app/admin/page.tsx [Client Component Browser]
    ./src/app/admin/page.tsx [Server Component]

  Client Component SSR:
    ./src/app/admin/page.tsx [Client Component SSR]
    ./src/app/admin/page.tsx [Server Component] @ http://localhost:3000/_next/static/chunks/node_modules_next_dist_1e8vcs8._.js:1052
[   16228ms] [ERROR] ./src/app/admin/page.tsx:641:19
Error: Unexpected token. Did you mean `{'}'}` or `&rbrace;`?
  639 |                     </div>
  640 |                   </div>
> 641 |                 ))}
      |                   ^
  642 |           </div>
  643 |         )}
  644 |         <Button

Parsing ecmascript source code failed

Import traces:
  Client Component Browser:
    ./src/app/admin/page.tsx [Client Component Browser]
    ./src/app/admin/page.tsx [Server Component]

  Client Component SSR:
    ./src/app/admin/page.tsx [Client Component SSR]
    ./src/app/admin/page.tsx [Server Component] @ http://localhost:3000/_next/static/chunks/node_modules_next_dist_1e8vcs8._.js:1052
[   16280ms] [ERROR] ./src/app/admin/page.tsx:641:19
Error: Unexpected token. Did you mean `{'}'}` or `&rbrace;`?
  639 |                     </div>
  640 |                   </div>
> 641 |                 ))}
      |                   ^
  642 |           </div>
  643 |         )}
  644 |         <Button

Parsing ecmascript source code failed

Import traces:
  Client Component Browser:
    ./src/app/admin/page.tsx [Client Component Browser]
    ./src/app/admin/page.tsx [Server Component]

  Client Component SSR:
    ./src/app/admin/page.tsx [Client Component SSR]
    ./src/app/admin/page.tsx [Server Component] @ http://localhost:3000/_next/static/chunks/node_modules_next_dist_1e8vcs8._.js:1052
[   16389ms] [ERROR] ./src/app/admin/page.tsx:641:19
Error: Unexpected token. Did you mean `{'}'}` or `&rbrace;`?
  639 |                     </div>
  640 |                   </div>
> 641 |                 ))}
      |                   ^
  642 |           </div>
  643 |         )}
  644 |         <Button

Parsing ecmascript source code failed

Import traces:
  Client Component Browser:
    ./src/app/admin/page.tsx [Client Component Browser]
    ./src/app/admin/page.tsx [Server Component]

  Client Component SSR:
    ./src/app/admin/page.tsx [Client Component SSR]
    ./src/app/admin/page.tsx [Server Component] @ http://localhost:3000/_next/static/chunks/node_modules_next_dist_1e8vcs8._.js:1052
[   16442ms] [ERROR] ./src/app/admin/page.tsx:641:19
Error: Unexpected token. Did you mean `{'}'}` or `&rbrace;`?
  639 |                     </div>
  640 |                   </div>
> 641 |                 ))}
      |                   ^
  642 |           </div>
  643 |         )}
  644 |         <Button

Parsing ecmascript source code failed

Import traces:
  Client Component Browser:
    ./src/app/admin/page.tsx [Client Component Browser]
    ./src/app/admin/page.tsx [Server Component]

  Client Component SSR:
    ./src/app/admin/page.tsx [Client Component SSR]
    ./src/app/admin/page.tsx [Server Component] @ http://localhost:3000/_next/static/chunks/node_modules_next_dist_1e8vcs8._.js:1052
[   16502ms] [ERROR] ./src/app/admin/page.tsx:641:19
Error: Unexpected token. Did you mean `{'}'}` or `&rbrace;`?
  639 |                     </div>
  640 |                   </div>
> 641 |                 ))}
      |                   ^
  642 |           </div>
  643 |         )}
  644 |         <Button

Parsing ecmascript source code failed

Import traces:
  Client Component Browser:
    ./src/app/admin/page.tsx [Client Component Browser]
    ./src/app/admin/page.tsx [Server Component]

  Client Component SSR:
    ./src/app/admin/page.tsx [Client Component SSR]
    ./src/app/admin/page.tsx [Server Component] @ http://localhost:3000/_next/static/chunks/node_modules_next_dist_1e8vcs8._.js:1052
[   16556ms] [ERROR] ./src/app/admin/page.tsx:641:19
Error: Unexpected token. Did you mean `{'}'}` or `&rbrace;`?
  639 |                     </div>
  640 |                   </div>
> 641 |                 ))}
      |                   ^
  642 |           </div>
  643 |         )}
  644 |         <Button

Parsing ecmascript source code failed

Import traces:
  Client Component Browser:
    ./src/app/admin/page.tsx [Client Component Browser]
    ./src/app/admin/page.tsx [Server Component]

  Client Component SSR:
    ./src/app/admin/page.tsx [Client Component SSR]
    ./src/app/admin/page.tsx [Server Component] @ http://localhost:3000/_next/static/chunks/node_modules_next_dist_1e8vcs8._.js:1052
[   16607ms] [ERROR] ./src/app/admin/page.tsx:641:19
Error: Unexpected token. Did you mean `{'}'}` or `&rbrace;`?
  639 |                     </div>
  640 |                   </div>
> 641 |                 ))}
      |                   ^
  642 |           </div>
  643 |         )}
  644 |         <Button

Parsing ecmascript source code failed

Import traces:
  Client Component Browser:
    ./src/app/admin/page.tsx [Client Component Browser]
    ./src/app/admin/page.tsx [Server Component]

  Client Component SSR:
    ./src/app/admin/page.tsx [Client Component SSR]
    ./src/app/admin/page.tsx [Server Component] @ http://localhost:3000/_next/static/chunks/node_modules_next_dist_1e8vcs8._.js:1052
[   16659ms] [ERROR] ./src/app/admin/page.tsx:641:19
Error: Unexpected token. Did you mean `{'}'}` or `&rbrace;`?
  639 |                     </div>
  640 |                   </div>
> 641 |                 ))}
      |                   ^
  642 |           </div>
  643 |         )}
  644 |         <Button

Parsing ecmascript source code failed

Import traces:
  Client Component Browser:
    ./src/app/admin/page.tsx [Client Component Browser]
    ./src/app/admin/page.tsx [Server Component]

  Client Component SSR:
    ./src/app/admin/page.tsx [Client Component SSR]
    ./src/app/admin/page.tsx [Server Component] @ http://localhost:3000/_next/static/chunks/node_modules_next_dist_1e8vcs8._.js:1052
[   16713ms] [ERROR] ./src/app/admin/page.tsx:641:19
Error: Unexpected token. Did you mean `{'}'}` or `&rbrace;`?
  639 |                     </div>
  640 |                   </div>
> 641 |                 ))}
      |                   ^
  642 |           </div>
  643 |         )}
  644 |         <Button

Parsing ecmascript source code failed

Import traces:
  Client Component Browser:
    ./src/app/admin/page.tsx [Client Component Browser]
    ./src/app/admin/page.tsx [Server Component]

  Client Component SSR:
    ./src/app/admin/page.tsx [Client Component SSR]
    ./src/app/admin/page.tsx [Server Component] @ http://localhost:3000/_next/static/chunks/node_modules_next_dist_1e8vcs8._.js:1052
[   16764ms] [ERROR] ./src/app/admin/page.tsx:641:19
Error: Unexpected token. Did you mean `{'}'}` or `&rbrace;`?
  639 |                     </div>
  640 |                   </div>
> 641 |                 ))}
      |                   ^
  642 |           </div>
  643 |         )}
  644 |         <Button

Parsing ecmascript source code failed

Import traces:
  Client Component Browser:
    ./src/app/admin/page.tsx [Client Component Browser]
    ./src/app/admin/page.tsx [Server Component]

  Client Component SSR:
    ./src/app/admin/page.tsx [Client Component SSR]
    ./src/app/admin/page.tsx [Server Component] @ http://localhost:3000/_next/static/chunks/node_modules_next_dist_1e8vcs8._.js:1052
[   16816ms] [ERROR] ./src/app/admin/page.tsx:641:19
Error: Unexpected token. Did you mean `{'}'}` or `&rbrace;`?
  639 |                     </div>
  640 |                   </div>
> 641 |                 ))}
      |                   ^
  642 |           </div>
  643 |         )}
  644 |         <Button

Parsing ecmascript source code failed

Import traces:
  Client Component Browser:
    ./src/app/admin/page.tsx [Client Component Browser]
    ./src/app/admin/page.tsx [Server Component]

  Client Component SSR:
    ./src/app/admin/page.tsx [Client Component SSR]
    ./src/app/admin/page.tsx [Server Component] @ http://localhost:3000/_next/static/chunks/node_modules_next_dist_1e8vcs8._.js:1052
[   16868ms] [ERROR] ./src/app/admin/page.tsx:641:19
Error: Unexpected token. Did you mean `{'}'}` or `&rbrace;`?
  639 |                     </div>
  640 |                   </div>
> 641 |                 ))}
      |                   ^
  642 |           </div>
  643 |         )}
  644 |         <Button

Parsing ecmascript source code failed

Import traces:
  Client Component Browser:
    ./src/app/admin/page.tsx [Client Component Browser]
    ./src/app/admin/page.tsx [Server Component]

  Client Component SSR:
    ./src/app/admin/page.tsx [Client Component SSR]
    ./src/app/admin/page.tsx [Server Component] @ http://localhost:3000/_next/static/chunks/node_modules_next_dist_1e8vcs8._.js:1052
[   16921ms] [ERROR] ./src/app/admin/page.tsx:641:19
Error: Unexpected token. Did you mean `{'}'}` or `&rbrace;`?
  639 |                     </div>
  640 |                   </div>
> 641 |                 ))}
      |                   ^
  642 |           </div>
  643 |         )}
  644 |         <Button

Parsing ecmascript source code failed

Import traces:
  Client Component Browser:
    ./src/app/admin/page.tsx [Client Component Browser]
    ./src/app/admin/page.tsx [Server Component]

  Client Component SSR:
    ./src/app/admin/page.tsx [Client Component SSR]
    ./src/app/admin/page.tsx [Server Component] @ http://localhost:3000/_next/static/chunks/node_modules_next_dist_1e8vcs8._.js:1052
[   16974ms] [ERROR] ./src/app/admin/page.tsx:641:19
Error: Unexpected token. Did you mean `{'}'}` or `&rbrace;`?
  639 |                     </div>
  640 |                   </div>
> 641 |                 ))}
      |                   ^
  642 |           </div>
  643 |         )}
  644 |         <Button

Parsing ecmascript source code failed

Import traces:
  Client Component Browser:
    ./src/app/admin/page.tsx [Client Component Browser]
    ./src/app/admin/page.tsx [Server Component]

  Client Component SSR:
    ./src/app/admin/page.tsx [Client Component SSR]
    ./src/app/admin/page.tsx [Server Component] @ http://localhost:3000/_next/static/chunks/node_modules_next_dist_1e8vcs8._.js:1052
[   17025ms] [ERROR] ./src/app/admin/page.tsx:641:19
Error: Unexpected token. Did you mean `{'}'}` or `&rbrace;`?
  639 |                     </div>
  640 |                   </div>
> 641 |                 ))}
      |                   ^
  642 |           </div>
  643 |         )}
  644 |         <Button

Parsing ecmascript source code failed

Import traces:
  Client Component Browser:
    ./src/app/admin/page.tsx [Client Component Browser]
    ./src/app/admin/page.tsx [Server Component]

  Client Component SSR:
    ./src/app/admin/page.tsx [Client Component SSR]
    ./src/app/admin/page.tsx [Server Component] @ http://localhost:3000/_next/static/chunks/node_modules_next_dist_1e8vcs8._.js:1052
[   17077ms] [ERROR] ./src/app/admin/page.tsx:641:19
Error: Unexpected token. Did you mean `{'}'}` or `&rbrace;`?
  639 |                     </div>
  640 |                   </div>
> 641 |                 ))}
      |                   ^
  642 |           </div>
  643 |         )}
  644 |         <Button

Parsing ecmascript source code failed

Import traces:
  Client Component Browser:
    ./src/app/admin/page.tsx [Client Component Browser]
    ./src/app/admin/page.tsx [Server Component]

  Client Component SSR:
    ./src/app/admin/page.tsx [Client Component SSR]
    ./src/app/admin/page.tsx [Server Component] @ http://localhost:3000/_next/static/chunks/node_modules_next_dist_1e8vcs8._.js:1052
[   17131ms] [ERROR] ./src/app/admin/page.tsx:641:19
Error: Unexpected token. Did you mean `{'}'}` or `&rbrace;`?
  639 |                     </div>
  640 |                   </div>
> 641 |                 ))}
      |                   ^
  642 |           </div>
  643 |         )}
  644 |         <Button

Parsing ecmascript source code failed

Import traces:
  Client Component Browser:
    ./src/app/admin/page.tsx [Client Component Browser]
    ./src/app/admin/page.tsx [Server Component]

  Client Component SSR:
    ./src/app/admin/page.tsx [Client Component SSR]
    ./src/app/admin/page.tsx [Server Component] @ http://localhost:3000/_next/static/chunks/node_modules_next_dist_1e8vcs8._.js:1052
[   17184ms] [ERROR] ./src/app/admin/page.tsx:641:19
Error: Unexpected token. Did you mean `{'}'}` or `&rbrace;`?
  639 |                     </div>
  640 |                   </div>
> 641 |                 ))}
      |                   ^
  642 |           </div>
  643 |         )}
  644 |         <Button

Parsing ecmascript source code failed

Import traces:
  Client Component Browser:
    ./src/app/admin/page.tsx [Client Component Browser]
    ./src/app/admin/page.tsx [Server Component]

  Client Component SSR:
    ./src/app/admin/page.tsx [Client Component SSR]
    ./src/app/admin/page.tsx [Server Component] @ http://localhost:3000/_next/static/chunks/node_modules_next_dist_1e8vcs8._.js:1052
[   17236ms] [ERROR] ./src/app/admin/page.tsx:641:19
Error: Unexpected token. Did you mean `{'}'}` or `&rbrace;`?
  639 |                     </div>
  640 |                   </div>
> 641 |                 ))}
      |                   ^
  642 |           </div>
  643 |         )}
  644 |         <Button

Parsing ecmascript source code failed

Import traces:
  Client Component Browser:
    ./src/app/admin/page.tsx [Client Component Browser]
    ./src/app/admin/page.tsx [Server Component]

  Client Component SSR:
    ./src/app/admin/page.tsx [Client Component SSR]
    ./src/app/admin/page.tsx [Server Component] @ http://localhost:3000/_next/static/chunks/node_modules_next_dist_1e8vcs8._.js:1052
[   17288ms] [ERROR] ./src/app/admin/page.tsx:641:19
Error: Unexpected token. Did you mean `{'}'}` or `&rbrace;`?
  639 |                     </div>
  640 |                   </div>
> 641 |                 ))}
      |                   ^
  642 |           </div>
  643 |         )}
  644 |         <Button

Parsing ecmascript source code failed

Import traces:
  Client Component Browser:
    ./src/app/admin/page.tsx [Client Component Browser]
    ./src/app/admin/page.tsx [Server Component]

  Client Component SSR:
    ./src/app/admin/page.tsx [Client Component SSR]
    ./src/app/admin/page.tsx [Server Component] @ http://localhost:3000/_next/static/chunks/node_modules_next_dist_1e8vcs8._.js:1052
[   17337ms] [ERROR] ./src/app/admin/page.tsx:641:19
Error: Unexpected token. Did you mean `{'}'}` or `&rbrace;`?
  639 |                     </div>
  640 |                   </div>
> 641 |                 ))}
      |                   ^
  642 |           </div>
  643 |         )}
  644 |         <Button

Parsing ecmascript source code failed

Import traces:
  Client Component Browser:
    ./src/app/admin/page.tsx [Client Component Browser]
    ./src/app/admin/page.tsx [Server Component]

  Client Component SSR:
    ./src/app/admin/page.tsx [Client Component SSR]
    ./src/app/admin/page.tsx [Server Component] @ http://localhost:3000/_next/static/chunks/node_modules_next_dist_1e8vcs8._.js:1052
[   17387ms] [ERROR] ./src/app/admin/page.tsx:641:19
Error: Unexpected token. Did you mean `{'}'}` or `&rbrace;`?
  639 |                     </div>
  640 |                   </div>
> 641 |                 ))}
      |                   ^
  642 |           </div>
  643 |         )}
  644 |         <Button

Parsing ecmascript source code failed

Import traces:
  Client Component Browser:
    ./src/app/admin/page.tsx [Client Component Browser]
    ./src/app/admin/page.tsx [Server Component]

  Client Component SSR:
    ./src/app/admin/page.tsx [Client Component SSR]
    ./src/app/admin/page.tsx [Server Component] @ http://localhost:3000/_next/static/chunks/node_modules_next_dist_1e8vcs8._.js:1052
[   17451ms] [ERROR] ./src/app/admin/page.tsx:641:19
Error: Unexpected token. Did you mean `{'}'}` or `&rbrace;`?
  639 |                     </div>
  640 |                   </div>
> 641 |                 ))}
      |                   ^
  642 |           </div>
  643 |         )}
  644 |         <Button

Parsing ecmascript source code failed

Import traces:
  Client Component Browser:
    ./src/app/admin/page.tsx [Client Component Browser]
    ./src/app/admin/page.tsx [Server Component]

  Client Component SSR:
    ./src/app/admin/page.tsx [Client Component SSR]
    ./src/app/admin/page.tsx [Server Component] @ http://localhost:3000/_next/static/chunks/node_modules_next_dist_1e8vcs8._.js:1052
[   17500ms] [ERROR] ./src/app/admin/page.tsx:641:19
Error: Unexpected token. Did you mean `{'}'}` or `&rbrace;`?
  639 |                     </div>
  640 |                   </div>
> 641 |                 ))}
      |                   ^
  642 |           </div>
  643 |         )}
  644 |         <Button

Parsing ecmascript source code failed

Import traces:
  Client Component Browser:
    ./src/app/admin/page.tsx [Client Component Browser]
    ./src/app/admin/page.tsx [Server Component]

  Client Component SSR:
    ./src/app/admin/page.tsx [Client Component SSR]
    ./src/app/admin/page.tsx [Server Component] @ http://localhost:3000/_next/static/chunks/node_modules_next_dist_1e8vcs8._.js:1052
[   17550ms] [ERROR] ./src/app/admin/page.tsx:641:19
Error: Unexpected token. Did you mean `{'}'}` or `&rbrace;`?
  639 |                     </div>
  640 |                   </div>
> 641 |                 ))}
      |                   ^
  642 |           </div>
  643 |         )}
  644 |         <Button

Parsing ecmascript source code failed

Import traces:
  Client Component Browser:
    ./src/app/admin/page.tsx [Client Component Browser]
    ./src/app/admin/page.tsx [Server Component]

  Client Component SSR:
    ./src/app/admin/page.tsx [Client Component SSR]
    ./src/app/admin/page.tsx [Server Component] @ http://localhost:3000/_next/static/chunks/node_modules_next_dist_1e8vcs8._.js:1052
[   17601ms] [ERROR] ./src/app/admin/page.tsx:641:19
Error: Unexpected token. Did you mean `{'}'}` or `&rbrace;`?
  639 |                     </div>
  640 |                   </div>
> 641 |                 ))}
      |                   ^
  642 |           </div>
  643 |         )}
  644 |         <Button

Parsing ecmascript source code failed

Import traces:
  Client Component Browser:
    ./src/app/admin/page.tsx [Client Component Browser]
    ./src/app/admin/page.tsx [Server Component]

  Client Component SSR:
    ./src/app/admin/page.tsx [Client Component SSR]
    ./src/app/admin/page.tsx [Server Component] @ http://localhost:3000/_next/static/chunks/node_modules_next_dist_1e8vcs8._.js:1052
[   17654ms] [ERROR] ./src/app/admin/page.tsx:641:19
Error: Unexpected token. Did you mean `{'}'}` or `&rbrace;`?
  639 |                     </div>
  640 |                   </div>
> 641 |                 ))}
      |                   ^
  642 |           </div>
  643 |         )}
  644 |         <Button

Parsing ecmascript source code failed

Import traces:
  Client Component Browser:
    ./src/app/admin/page.tsx [Client Component Browser]
    ./src/app/admin/page.tsx [Server Component]

  Client Component SSR:
    ./src/app/admin/page.tsx [Client Component SSR]
    ./src/app/admin/page.tsx [Server Component] @ http://localhost:3000/_next/static/chunks/node_modules_next_dist_1e8vcs8._.js:1052
[   17706ms] [ERROR] ./src/app/admin/page.tsx:641:19
Error: Unexpected token. Did you mean `{'}'}` or `&rbrace;`?
  639 |                     </div>
  640 |                   </div>
> 641 |                 ))}
      |                   ^
  642 |           </div>
  643 |         )}
  644 |         <Button

Parsing ecmascript source code failed

Import traces:
  Client Component Browser:
    ./src/app/admin/page.tsx [Client Component Browser]
    ./src/app/admin/page.tsx [Server Component]

  Client Component SSR:
    ./src/app/admin/page.tsx [Client Component SSR]
    ./src/app/admin/page.tsx [Server Component] @ http://localhost:3000/_next/static/chunks/node_modules_next_dist_1e8vcs8._.js:1052
[   17760ms] [ERROR] ./src/app/admin/page.tsx:641:19
Error: Unexpected token. Did you mean `{'}'}` or `&rbrace;`?
  639 |                     </div>
  640 |                   </div>
> 641 |                 ))}
      |                   ^
  642 |           </div>
  643 |         )}
  644 |         <Button

Parsing ecmascript source code failed

Import traces:
  Client Component Browser:
    ./src/app/admin/page.tsx [Client Component Browser]
    ./src/app/admin/page.tsx [Server Component]

  Client Component SSR:
    ./src/app/admin/page.tsx [Client Component SSR]
    ./src/app/admin/page.tsx [Server Component] @ http://localhost:3000/_next/static/chunks/node_modules_next_dist_1e8vcs8._.js:1052
[   17815ms] [ERROR] ./src/app/admin/page.tsx:641:19
Error: Unexpected token. Did you mean `{'}'}` or `&rbrace;`?
  639 |                     </div>
  640 |                   </div>
> 641 |                 ))}
      |                   ^
  642 |           </div>
  643 |         )}
  644 |         <Button

Parsing ecmascript source code failed

Import traces:
  Client Component Browser:
    ./src/app/admin/page.tsx [Client Component Browser]
    ./src/app/admin/page.tsx [Server Component]

  Client Component SSR:
    ./src/app/admin/page.tsx [Client Component SSR]
    ./src/app/admin/page.tsx [Server Component] @ http://localhost:3000/_next/static/chunks/node_modules_next_dist_1e8vcs8._.js:1052
[   17870ms] [ERROR] ./src/app/admin/page.tsx:641:19
Error: Unexpected token. Did you mean `{'}'}` or `&rbrace;`?
  639 |                     </div>
  640 |                   </div>
> 641 |                 ))}
      |                   ^
  642 |           </div>
  643 |         )}
  644 |         <Button

Parsing ecmascript source code failed

Import traces:
  Client Component Browser:
    ./src/app/admin/page.tsx [Client Component Browser]
    ./src/app/admin/page.tsx [Server Component]

  Client Component SSR:
    ./src/app/admin/page.tsx [Client Component SSR]
    ./src/app/admin/page.tsx [Server Component] @ http://localhost:3000/_next/static/chunks/node_modules_next_dist_1e8vcs8._.js:1052
[   17931ms] [ERROR] ./src/app/admin/page.tsx:641:19
Error: Unexpected token. Did you mean `{'}'}` or `&rbrace;`?
  639 |                     </div>
  640 |                   </div>
> 641 |                 ))}
      |                   ^
  642 |           </div>
  643 |         )}
  644 |         <Button

Parsing ecmascript source code failed

Import traces:
  Client Component Browser:
    ./src/app/admin/page.tsx [Client Component Browser]
    ./src/app/admin/page.tsx [Server Component]

  Client Component SSR:
    ./src/app/admin/page.tsx [Client Component SSR]
    ./src/app/admin/page.tsx [Server Component] @ http://localhost:3000/_next/static/chunks/node_modules_next_dist_1e8vcs8._.js:1052
[   17985ms] [ERROR] ./src/app/admin/page.tsx:641:19
Error: Unexpected token. Did you mean `{'}'}` or `&rbrace;`?
  639 |                     </div>
  640 |                   </div>
> 641 |                 ))}
      |                   ^
  642 |           </div>
  643 |         )}
  644 |         <Button

Parsing ecmascript source code failed

Import traces:
  Client Component Browser:
    ./src/app/admin/page.tsx [Client Component Browser]
    ./src/app/admin/page.tsx [Server Component]

  Client Component SSR:
    ./src/app/admin/page.tsx [Client Component SSR]
    ./src/app/admin/page.tsx [Server Component] @ http://localhost:3000/_next/static/chunks/node_modules_next_dist_1e8vcs8._.js:1052
[   18040ms] [ERROR] ./src/app/admin/page.tsx:641:19
Error: Unexpected token. Did you mean `{'}'}` or `&rbrace;`?
  639 |                     </div>
  640 |                   </div>
> 641 |                 ))}
      |                   ^
  642 |           </div>
  643 |         )}
  644 |         <Button

Parsing ecmascript source code failed

Import traces:
  Client Component Browser:
    ./src/app/admin/page.tsx [Client Component Browser]
    ./src/app/admin/page.tsx [Server Component]

  Client Component SSR:
    ./src/app/admin/page.tsx [Client Component SSR]
    ./src/app/admin/page.tsx [Server Component] @ http://localhost:3000/_next/static/chunks/node_modules_next_dist_1e8vcs8._.js:1052
[   18094ms] [ERROR] ./src/app/admin/page.tsx:641:19
Error: Unexpected token. Did you mean `{'}'}` or `&rbrace;`?
  639 |                     </div>
  640 |                   </div>
> 641 |                 ))}
      |                   ^
  642 |           </div>
  643 |         )}
  644 |         <Button

Parsing ecmascript source code failed

Import traces:
  Client Component Browser:
    ./src/app/admin/page.tsx [Client Component Browser]
    ./src/app/admin/page.tsx [Server Component]

  Client Component SSR:
    ./src/app/admin/page.tsx [Client Component SSR]
    ./src/app/admin/page.tsx [Server Component] @ http://localhost:3000/_next/static/chunks/node_modules_next_dist_1e8vcs8._.js:1052
[   18148ms] [ERROR] ./src/app/admin/page.tsx:641:19
Error: Unexpected token. Did you mean `{'}'}` or `&rbrace;`?
  639 |                     </div>
  640 |                   </div>
> 641 |                 ))}
      |                   ^
  642 |           </div>
  643 |         )}
  644 |         <Button

Parsing ecmascript source code failed

Import traces:
  Client Component Browser:
    ./src/app/admin/page.tsx [Client Component Browser]
    ./src/app/admin/page.tsx [Server Component]

  Client Component SSR:
    ./src/app/admin/page.tsx [Client Component SSR]
    ./src/app/admin/page.tsx [Server Component] @ http://localhost:3000/_next/static/chunks/node_modules_next_dist_1e8vcs8._.js:1052
[   18212ms] [ERROR] ./src/app/admin/page.tsx:641:19
Error: Unexpected token. Did you mean `{'}'}` or `&rbrace;`?
  639 |                     </div>
  640 |                   </div>
> 641 |                 ))}
      |                   ^
  642 |           </div>
  643 |         )}
  644 |         <Button

Parsing ecmascript source code failed

Import traces:
  Client Component Browser:
    ./src/app/admin/page.tsx [Client Component Browser]
    ./src/app/admin/page.tsx [Server Component]

  Client Component SSR:
    ./src/app/admin/page.tsx [Client Component SSR]
    ./src/app/admin/page.tsx [Server Component] @ http://localhost:3000/_next/static/chunks/node_modules_next_dist_1e8vcs8._.js:1052
[   18265ms] [ERROR] ./src/app/admin/page.tsx:641:19
Error: Unexpected token. Did you mean `{'}'}` or `&rbrace;`?
  639 |                     </div>
  640 |                   </div>
> 641 |                 ))}
      |                   ^
  642 |           </div>
  643 |         )}
  644 |         <Button

Parsing ecmascript source code failed

Import traces:
  Client Component Browser:
    ./src/app/admin/page.tsx [Client Component Browser]
    ./src/app/admin/page.tsx [Server Component]

  Client Component SSR:
    ./src/app/admin/page.tsx [Client Component SSR]
    ./src/app/admin/page.tsx [Server Component] @ http://localhost:3000/_next/static/chunks/node_modules_next_dist_1e8vcs8._.js:1052
[   18320ms] [ERROR] ./src/app/admin/page.tsx:641:19
Error: Unexpected token. Did you mean `{'}'}` or `&rbrace;`?
  639 |                     </div>
  640 |                   </div>
> 641 |                 ))}
      |                   ^
  642 |           </div>
  643 |         )}
  644 |         <Button

Parsing ecmascript source code failed

Import traces:
  Client Component Browser:
    ./src/app/admin/page.tsx [Client Component Browser]
    ./src/app/admin/page.tsx [Server Component]

  Client Component SSR:
    ./src/app/admin/page.tsx [Client Component SSR]
    ./src/app/admin/page.tsx [Server Component] @ http://localhost:3000/_next/static/chunks/node_modules_next_dist_1e8vcs8._.js:1052
[   18373ms] [ERROR] ./src/app/admin/page.tsx:641:19
Error: Unexpected token. Did you mean `{'}'}` or `&rbrace;`?
  639 |                     </div>
  640 |                   </div>
> 641 |                 ))}
      |                   ^
  642 |           </div>
  643 |         )}
  644 |         <Button

Parsing ecmascript source code failed

Import traces:
  Client Component Browser:
    ./src/app/admin/page.tsx [Client Component Browser]
    ./src/app/admin/page.tsx [Server Component]

  Client Component SSR:
    ./src/app/admin/page.tsx [Client Component SSR]
    ./src/app/admin/page.tsx [Server Component] @ http://localhost:3000/_next/static/chunks/node_modules_next_dist_1e8vcs8._.js:1052
[   18428ms] [ERROR] ./src/app/admin/page.tsx:641:19
Error: Unexpected token. Did you mean `{'}'}` or `&rbrace;`?
  639 |                     </div>
  640 |                   </div>
> 641 |                 ))}
      |                   ^
  642 |           </div>
  643 |         )}
  644 |         <Button

Parsing ecmascript source code failed

Import traces:
  Client Component Browser:
    ./src/app/admin/page.tsx [Client Component Browser]
    ./src/app/admin/page.tsx [Server Component]

  Client Component SSR:
    ./src/app/admin/page.tsx [Client Component SSR]
    ./src/app/admin/page.tsx [Server Component] @ http://localhost:3000/_next/static/chunks/node_modules_next_dist_1e8vcs8._.js:1052
[   18480ms] [ERROR] ./src/app/admin/page.tsx:641:19
Error: Unexpected token. Did you mean `{'}'}` or `&rbrace;`?
  639 |                     </div>
  640 |                   </div>
> 641 |                 ))}
      |                   ^
  642 |           </div>
  643 |         )}
  644 |         <Button

Parsing ecmascript source code failed

Import traces:
  Client Component Browser:
    ./src/app/admin/page.tsx [Client Component Browser]
    ./src/app/admin/page.tsx [Server Component]

  Client Component SSR:
    ./src/app/admin/page.tsx [Client Component SSR]
    ./src/app/admin/page.tsx [Server Component] @ http://localhost:3000/_next/static/chunks/node_modules_next_dist_1e8vcs8._.js:1052
[   18528ms] [ERROR] ./src/app/admin/page.tsx:641:19
Error: Unexpected token. Did you mean `{'}'}` or `&rbrace;`?
  639 |                     </div>
  640 |                   </div>
> 641 |                 ))}
      |                   ^
  642 |           </div>
  643 |         )}
  644 |         <Button

Parsing ecmascript source code failed

Import traces:
  Client Component Browser:
    ./src/app/admin/page.tsx [Client Component Browser]
    ./src/app/admin/page.tsx [Server Component]

  Client Component SSR:
    ./src/app/admin/page.tsx [Client Component SSR]
    ./src/app/admin/page.tsx [Server Component] @ http://localhost:3000/_next/static/chunks/node_modules_next_dist_1e8vcs8._.js:1052
[   18579ms] [ERROR] ./src/app/admin/page.tsx:641:19
Error: Unexpected token. Did you mean `{'}'}` or `&rbrace;`?
  639 |                     </div>
  640 |                   </div>
> 641 |                 ))}
      |                   ^
  642 |           </div>
  643 |         )}
  644 |         <Button

Parsing ecmascript source code failed

Import traces:
  Client Component Browser:
    ./src/app/admin/page.tsx [Client Component Browser]
    ./src/app/admin/page.tsx [Server Component]

  Client Component SSR:
    ./src/app/admin/page.tsx [Client Component SSR]
    ./src/app/admin/page.tsx [Server Component] @ http://localhost:3000/_next/static/chunks/node_modules_next_dist_1e8vcs8._.js:1052
[   18630ms] [ERROR] ./src/app/admin/page.tsx:641:19
Error: Unexpected token. Did you mean `{'}'}` or `&rbrace;`?
  639 |                     </div>
  640 |                   </div>
> 641 |                 ))}
      |                   ^
  642 |           </div>
  643 |         )}
  644 |         <Button

Parsing ecmascript source code failed

Import traces:
  Client Component Browser:
    ./src/app/admin/page.tsx [Client Component Browser]
    ./src/app/admin/page.tsx [Server Component]

  Client Component SSR:
    ./src/app/admin/page.tsx [Client Component SSR]
    ./src/app/admin/page.tsx [Server Component] @ http://localhost:3000/_next/static/chunks/node_modules_next_dist_1e8vcs8._.js:1052
[   18681ms] [ERROR] ./src/app/admin/page.tsx:641:19
Error: Unexpected token. Did you mean `{'}'}` or `&rbrace;`?
  639 |                     </div>
  640 |                   </div>
> 641 |                 ))}
      |                   ^
  642 |           </div>
  643 |         )}
  644 |         <Button

Parsing ecmascript source code failed

Import traces:
  Client Component Browser:
    ./src/app/admin/page.tsx [Client Component Browser]
    ./src/app/admin/page.tsx [Server Component]

  Client Component SSR:
    ./src/app/admin/page.tsx [Client Component SSR]
    ./src/app/admin/page.tsx [Server Component] @ http://localhost:3000/_next/static/chunks/node_modules_next_dist_1e8vcs8._.js:1052
[   18732ms] [ERROR] ./src/app/admin/page.tsx:641:19
Error: Unexpected token. Did you mean `{'}'}` or `&rbrace;`?
  639 |                     </div>
  640 |                   </div>
> 641 |                 ))}
      |                   ^
  642 |           </div>
  643 |         )}
  644 |         <Button

Parsing ecmascript source code failed

Import traces:
  Client Component Browser:
    ./src/app/admin/page.tsx [Client Component Browser]
    ./src/app/admin/page.tsx [Server Component]

  Client Component SSR:
    ./src/app/admin/page.tsx [Client Component SSR]
    ./src/app/admin/page.tsx [Server Component] @ http://localhost:3000/_next/static/chunks/node_modules_next_dist_1e8vcs8._.js:1052
[   18783ms] [ERROR] ./src/app/admin/page.tsx:641:19
Error: Unexpected token. Did you mean `{'}'}` or `&rbrace;`?
  639 |                     </div>
  640 |                   </div>
> 641 |                 ))}
      |                   ^
  642 |           </div>
  643 |         )}
  644 |         <Button

Parsing ecmascript source code failed

Import traces:
  Client Component Browser:
    ./src/app/admin/page.tsx [Client Component Browser]
    ./src/app/admin/page.tsx [Server Component]

  Client Component SSR:
    ./src/app/admin/page.tsx [Client Component SSR]
    ./src/app/admin/page.tsx [Server Component] @ http://localhost:3000/_next/static/chunks/node_modules_next_dist_1e8vcs8._.js:1052
[   18833ms] [ERROR] ./src/app/admin/page.tsx:641:19
Error: Unexpected token. Did you mean `{'}'}` or `&rbrace;`?
  639 |                     </div>
  640 |                   </div>
> 641 |                 ))}
      |                   ^
  642 |           </div>
  643 |         )}
  644 |         <Button

Parsing ecmascript source code failed

Import traces:
  Client Component Browser:
    ./src/app/admin/page.tsx [Client Component Browser]
    ./src/app/admin/page.tsx [Server Component]

  Client Component SSR:
    ./src/app/admin/page.tsx [Client Component SSR]
    ./src/app/admin/page.tsx [Server Component] @ http://localhost:3000/_next/static/chunks/node_modules_next_dist_1e8vcs8._.js:1052
[   18884ms] [ERROR] ./src/app/admin/page.tsx:641:19
Error: Unexpected token. Did you mean `{'}'}` or `&rbrace;`?
  639 |                     </div>
  640 |                   </div>
> 641 |                 ))}
      |                   ^
  642 |           </div>
  643 |         )}
  644 |         <Button

Parsing ecmascript source code failed

Import traces:
  Client Component Browser:
    ./src/app/admin/page.tsx [Client Component Browser]
    ./src/app/admin/page.tsx [Server Component]

  Client Component SSR:
    ./src/app/admin/page.tsx [Client Component SSR]
    ./src/app/admin/page.tsx [Server Component] @ http://localhost:3000/_next/static/chunks/node_modules_next_dist_1e8vcs8._.js:1052
[   18935ms] [ERROR] ./src/app/admin/page.tsx:641:19
Error: Unexpected token. Did you mean `{'}'}` or `&rbrace;`?
  639 |                     </div>
  640 |                   </div>
> 641 |                 ))}
      |                   ^
  642 |           </div>
  643 |         )}
  644 |         <Button

Parsing ecmascript source code failed

Import traces:
  Client Component Browser:
    ./src/app/admin/page.tsx [Client Component Browser]
    ./src/app/admin/page.tsx [Server Component]

  Client Component SSR:
    ./src/app/admin/page.tsx [Client Component SSR]
    ./src/app/admin/page.tsx [Server Component] @ http://localhost:3000/_next/static/chunks/node_modules_next_dist_1e8vcs8._.js:1052
[   18985ms] [ERROR] ./src/app/admin/page.tsx:641:19
Error: Unexpected token. Did you mean `{'}'}` or `&rbrace;`?
  639 |                     </div>
  640 |                   </div>
> 641 |                 ))}
      |                   ^
  642 |           </div>
  643 |         )}
  644 |         <Button

Parsing ecmascript source code failed

Import traces:
  Client Component Browser:
    ./src/app/admin/page.tsx [Client Component Browser]
    ./src/app/admin/page.tsx [Server Component]

  Client Component SSR:
    ./src/app/admin/page.tsx [Client Component SSR]
    ./src/app/admin/page.tsx [Server Component] @ http://localhost:3000/_next/static/chunks/node_modules_next_dist_1e8vcs8._.js:1052
[   19035ms] [ERROR] ./src/app/admin/page.tsx:641:19
Error: Unexpected token. Did you mean `{'}'}` or `&rbrace;`?
  639 |                     </div>
  640 |                   </div>
> 641 |                 ))}
      |                   ^
  642 |           </div>
  643 |         )}
  644 |         <Button

Parsing ecmascript source code failed

Import traces:
  Client Component Browser:
    ./src/app/admin/page.tsx [Client Component Browser]
    ./src/app/admin/page.tsx [Server Component]

  Client Component SSR:
    ./src/app/admin/page.tsx [Client Component SSR]
    ./src/app/admin/page.tsx [Server Component] @ http://localhost:3000/_next/static/chunks/node_modules_next_dist_1e8vcs8._.js:1052
[   19086ms] [ERROR] ./src/app/admin/page.tsx:641:19
Error: Unexpected token. Did you mean `{'}'}` or `&rbrace;`?
  639 |                     </div>
  640 |                   </div>
> 641 |                 ))}
      |                   ^
  642 |           </div>
  643 |         )}
  644 |         <Button

Parsing ecmascript source code failed

Import traces:
  Client Component Browser:
    ./src/app/admin/page.tsx [Client Component Browser]
    ./src/app/admin/page.tsx [Server Component]

  Client Component SSR:
    ./src/app/admin/page.tsx [Client Component SSR]
    ./src/app/admin/page.tsx [Server Component] @ http://localhost:3000/_next/static/chunks/node_modules_next_dist_1e8vcs8._.js:1052
[   19143ms] [ERROR] ./src/app/admin/page.tsx:641:19
Error: Unexpected token. Did you mean `{'}'}` or `&rbrace;`?
  639 |                     </div>
  640 |                   </div>
> 641 |                 ))}
      |                   ^
  642 |           </div>
  643 |         )}
  644 |         <Button

Parsing ecmascript source code failed

Import traces:
  Client Component Browser:
    ./src/app/admin/page.tsx [Client Component Browser]
    ./src/app/admin/page.tsx [Server Component]

  Client Component SSR:
    ./src/app/admin/page.tsx [Client Component SSR]
    ./src/app/admin/page.tsx [Server Component] @ http://localhost:3000/_next/static/chunks/node_modules_next_dist_1e8vcs8._.js:1052
[   19204ms] [ERROR] ./src/app/admin/page.tsx:641:19
Error: Unexpected token. Did you mean `{'}'}` or `&rbrace;`?
  639 |                     </div>
  640 |                   </div>
> 641 |                 ))}
      |                   ^
  642 |           </div>
  643 |         )}
  644 |         <Button

Parsing ecmascript source code failed

Import traces:
  Client Component Browser:
    ./src/app/admin/page.tsx [Client Component Browser]
    ./src/app/admin/page.tsx [Server Component]

  Client Component SSR:
    ./src/app/admin/page.tsx [Client Component SSR]
    ./src/app/admin/page.tsx [Server Component] @ http://localhost:3000/_next/static/chunks/node_modules_next_dist_1e8vcs8._.js:1052
[   19259ms] [ERROR] ./src/app/admin/page.tsx:641:19
Error: Unexpected token. Did you mean `{'}'}` or `&rbrace;`?
  639 |                     </div>
  640 |                   </div>
> 641 |                 ))}
      |                   ^
  642 |           </div>
  643 |         )}
  644 |         <Button

Parsing ecmascript source code failed

Import traces:
  Client Component Browser:
    ./src/app/admin/page.tsx [Client Component Browser]
    ./src/app/admin/page.tsx [Server Component]

  Client Component SSR:
    ./src/app/admin/page.tsx [Client Component SSR]
    ./src/app/admin/page.tsx [Server Component] @ http://localhost:3000/_next/static/chunks/node_modules_next_dist_1e8vcs8._.js:1052
[   19319ms] [ERROR] ./src/app/admin/page.tsx:641:19
Error: Unexpected token. Did you mean `{'}'}` or `&rbrace;`?
  639 |                     </div>
  640 |                   </div>
> 641 |                 ))}
      |                   ^
  642 |           </div>
  643 |         )}
  644 |         <Button

Parsing ecmascript source code failed

Import traces:
  Client Component Browser:
    ./src/app/admin/page.tsx [Client Component Browser]
    ./src/app/admin/page.tsx [Server Component]

  Client Component SSR:
    ./src/app/admin/page.tsx [Client Component SSR]
    ./src/app/admin/page.tsx [Server Component] @ http://localhost:3000/_next/static/chunks/node_modules_next_dist_1e8vcs8._.js:1052
[   19374ms] [ERROR] ./src/app/admin/page.tsx:641:19
Error: Unexpected token. Did you mean `{'}'}` or `&rbrace;`?
  639 |                     </div>
  640 |                   </div>
> 641 |                 ))}
      |                   ^
  642 |           </div>
  643 |         )}
  644 |         <Button

Parsing ecmascript source code failed

Import traces:
  Client Component Browser:
    ./src/app/admin/page.tsx [Client Component Browser]
    ./src/app/admin/page.tsx [Server Component]

  Client Component SSR:
    ./src/app/admin/page.tsx [Client Component SSR]
    ./src/app/admin/page.tsx [Server Component] @ http://localhost:3000/_next/static/chunks/node_modules_next_dist_1e8vcs8._.js:1052
[   19424ms] [ERROR] ./src/app/admin/page.tsx:641:19
Error: Unexpected token. Did you mean `{'}'}` or `&rbrace;`?
  639 |                     </div>
  640 |                   </div>
> 641 |                 ))}
      |                   ^
  642 |           </div>
  643 |         )}
  644 |         <Button

Parsing ecmascript source code failed

Import traces:
  Client Component Browser:
    ./src/app/admin/page.tsx [Client Component Browser]
    ./src/app/admin/page.tsx [Server Component]

  Client Component SSR:
    ./src/app/admin/page.tsx [Client Component SSR]
    ./src/app/admin/page.tsx [Server Component] @ http://localhost:3000/_next/static/chunks/node_modules_next_dist_1e8vcs8._.js:1052
[   19483ms] [ERROR] ./src/app/admin/page.tsx:641:19
Error: Unexpected token. Did you mean `{'}'}` or `&rbrace;`?
  639 |                     </div>
  640 |                   </div>
> 641 |                 ))}
      |                   ^
  642 |           </div>
  643 |         )}
  644 |         <Button

Parsing ecmascript source code failed

Import traces:
  Client Component Browser:
    ./src/app/admin/page.tsx [Client Component Browser]
    ./src/app/admin/page.tsx [Server Component]

  Client Component SSR:
    ./src/app/admin/page.tsx [Client Component SSR]
    ./src/app/admin/page.tsx [Server Component] @ http://localhost:3000/_next/static/chunks/node_modules_next_dist_1e8vcs8._.js:1052
[   19535ms] [ERROR] ./src/app/admin/page.tsx:641:19
Error: Unexpected token. Did you mean `{'}'}` or `&rbrace;`?
  639 |                     </div>
  640 |                   </div>
> 641 |                 ))}
      |                   ^
  642 |           </div>
  643 |         )}
  644 |         <Button

Parsing ecmascript source code failed

Import traces:
  Client Component Browser:
    ./src/app/admin/page.tsx [Client Component Browser]
    ./src/app/admin/page.tsx [Server Component]

  Client Component SSR:
    ./src/app/admin/page.tsx [Client Component SSR]
    ./src/app/admin/page.tsx [Server Component] @ http://localhost:3000/_next/static/chunks/node_modules_next_dist_1e8vcs8._.js:1052
[   19585ms] [ERROR] ./src/app/admin/page.tsx:641:19
Error: Unexpected token. Did you mean `{'}'}` or `&rbrace;`?
  639 |                     </div>
  640 |                   </div>
> 641 |                 ))}
      |                   ^
  642 |           </div>
  643 |         )}
  644 |         <Button

Parsing ecmascript source code failed

Import traces:
  Client Component Browser:
    ./src/app/admin/page.tsx [Client Component Browser]
    ./src/app/admin/page.tsx [Server Component]

  Client Component SSR:
    ./src/app/admin/page.tsx [Client Component SSR]
    ./src/app/admin/page.tsx [Server Component] @ http://localhost:3000/_next/static/chunks/node_modules_next_dist_1e8vcs8._.js:1052
[   19637ms] [ERROR] ./src/app/admin/page.tsx:641:19
Error: Unexpected token. Did you mean `{'}'}` or `&rbrace;`?
  639 |                     </div>
  640 |                   </div>
> 641 |                 ))}
      |                   ^
  642 |           </div>
  643 |         )}
  644 |         <Button

Parsing ecmascript source code failed

Import traces:
  Client Component Browser:
    ./src/app/admin/page.tsx [Client Component Browser]
    ./src/app/admin/page.tsx [Server Component]

  Client Component SSR:
    ./src/app/admin/page.tsx [Client Component SSR]
    ./src/app/admin/page.tsx [Server Component] @ http://localhost:3000/_next/static/chunks/node_modules_next_dist_1e8vcs8._.js:1052
[   19691ms] [ERROR] ./src/app/admin/page.tsx:641:19
Error: Unexpected token. Did you mean `{'}'}` or `&rbrace;`?
  639 |                     </div>
  640 |                   </div>
> 641 |                 ))}
      |                   ^
  642 |           </div>
  643 |         )}
  644 |         <Button

Parsing ecmascript source code failed

Import traces:
  Client Component Browser:
    ./src/app/admin/page.tsx [Client Component Browser]
    ./src/app/admin/page.tsx [Server Component]

  Client Component SSR:
    ./src/app/admin/page.tsx [Client Component SSR]
    ./src/app/admin/page.tsx [Server Component] @ http://localhost:3000/_next/static/chunks/node_modules_next_dist_1e8vcs8._.js:1052
[   19742ms] [ERROR] ./src/app/admin/page.tsx:641:19
Error: Unexpected token. Did you mean `{'}'}` or `&rbrace;`?
  639 |                     </div>
  640 |                   </div>
> 641 |                 ))}
      |                   ^
  642 |           </div>
  643 |         )}
  644 |         <Button

Parsing ecmascript source code failed

Import traces:
  Client Component Browser:
    ./src/app/admin/page.tsx [Client Component Browser]
    ./src/app/admin/page.tsx [Server Component]

  Client Component SSR:
    ./src/app/admin/page.tsx [Client Component SSR]
    ./src/app/admin/page.tsx [Server Component] @ http://localhost:3000/_next/static/chunks/node_modules_next_dist_1e8vcs8._.js:1052
[   19793ms] [ERROR] ./src/app/admin/page.tsx:641:19
Error: Unexpected token. Did you mean `{'}'}` or `&rbrace;`?
  639 |                     </div>
  640 |                   </div>
> 641 |                 ))}
      |                   ^
  642 |           </div>
  643 |         )}
  644 |         <Button

Parsing ecmascript source code failed

Import traces:
  Client Component Browser:
    ./src/app/admin/page.tsx [Client Component Browser]
    ./src/app/admin/page.tsx [Server Component]

  Client Component SSR:
    ./src/app/admin/page.tsx [Client Component SSR]
    ./src/app/admin/page.tsx [Server Component] @ http://localhost:3000/_next/static/chunks/node_modules_next_dist_1e8vcs8._.js:1052
[   19845ms] [ERROR] ./src/app/admin/page.tsx:641:19
Error: Unexpected token. Did you mean `{'}'}` or `&rbrace;`?
  639 |                     </div>
  640 |                   </div>
> 641 |                 ))}
      |                   ^
  642 |           </div>
  643 |         )}
  644 |         <Button

Parsing ecmascript source code failed

Import traces:
  Client Component Browser:
    ./src/app/admin/page.tsx [Client Component Browser]
    ./src/app/admin/page.tsx [Server Component]

  Client Component SSR:
    ./src/app/admin/page.tsx [Client Component SSR]
    ./src/app/admin/page.tsx [Server Component] @ http://localhost:3000/_next/static/chunks/node_modules_next_dist_1e8vcs8._.js:1052
[   19899ms] [ERROR] ./src/app/admin/page.tsx:641:19
Error: Unexpected token. Did you mean `{'}'}` or `&rbrace;`?
  639 |                     </div>
  640 |                   </div>
> 641 |                 ))}
      |                   ^
  642 |           </div>
  643 |         )}
  644 |         <Button

Parsing ecmascript source code failed

Import traces:
  Client Component Browser:
    ./src/app/admin/page.tsx [Client Component Browser]
    ./src/app/admin/page.tsx [Server Component]

  Client Component SSR:
    ./src/app/admin/page.tsx [Client Component SSR]
    ./src/app/admin/page.tsx [Server Component] @ http://localhost:3000/_next/static/chunks/node_modules_next_dist_1e8vcs8._.js:1052
[   19951ms] [ERROR] ./src/app/admin/page.tsx:641:19
Error: Unexpected token. Did you mean `{'}'}` or `&rbrace;`?
  639 |                     </div>
  640 |                   </div>
> 641 |                 ))}
      |                   ^
  642 |           </div>
  643 |         )}
  644 |         <Button

Parsing ecmascript source code failed

Import traces:
  Client Component Browser:
    ./src/app/admin/page.tsx [Client Component Browser]
    ./src/app/admin/page.tsx [Server Component]

  Client Component SSR:
    ./src/app/admin/page.tsx [Client Component SSR]
    ./src/app/admin/page.tsx [Server Component] @ http://localhost:3000/_next/static/chunks/node_modules_next_dist_1e8vcs8._.js:1052
[   20003ms] [ERROR] ./src/app/admin/page.tsx:641:19
Error: Unexpected token. Did you mean `{'}'}` or `&rbrace;`?
  639 |                     </div>
  640 |                   </div>
> 641 |                 ))}
      |                   ^
  642 |           </div>
  643 |         )}
  644 |         <Button

Parsing ecmascript source code failed

Import traces:
  Client Component Browser:
    ./src/app/admin/page.tsx [Client Component Browser]
    ./src/app/admin/page.tsx [Server Component]

  Client Component SSR:
    ./src/app/admin/page.tsx [Client Component SSR]
    ./src/app/admin/page.tsx [Server Component] @ http://localhost:3000/_next/static/chunks/node_modules_next_dist_1e8vcs8._.js:1052
[   20056ms] [ERROR] ./src/app/admin/page.tsx:641:19
Error: Unexpected token. Did you mean `{'}'}` or `&rbrace;`?
  639 |                     </div>
  640 |                   </div>
> 641 |                 ))}
      |                   ^
  642 |           </div>
  643 |         )}
  644 |         <Button

Parsing ecmascript source code failed

Import traces:
  Client Component Browser:
    ./src/app/admin/page.tsx [Client Component Browser]
    ./src/app/admin/page.tsx [Server Component]

  Client Component SSR:
    ./src/app/admin/page.tsx [Client Component SSR]
    ./src/app/admin/page.tsx [Server Component] @ http://localhost:3000/_next/static/chunks/node_modules_next_dist_1e8vcs8._.js:1052
[   20109ms] [ERROR] ./src/app/admin/page.tsx:641:19
Error: Unexpected token. Did you mean `{'}'}` or `&rbrace;`?
  639 |                     </div>
  640 |                   </div>
> 641 |                 ))}
      |                   ^
  642 |           </div>
  643 |         )}
  644 |         <Button

Parsing ecmascript source code failed

Import traces:
  Client Component Browser:
    ./src/app/admin/page.tsx [Client Component Browser]
    ./src/app/admin/page.tsx [Server Component]

  Client Component SSR:
    ./src/app/admin/page.tsx [Client Component SSR]
    ./src/app/admin/page.tsx [Server Component] @ http://localhost:3000/_next/static/chunks/node_modules_next_dist_1e8vcs8._.js:1052
[   20161ms] [ERROR] ./src/app/admin/page.tsx:641:19
Error: Unexpected token. Did you mean `{'}'}` or `&rbrace;`?
  639 |                     </div>
  640 |                   </div>
> 641 |                 ))}
      |                   ^
  642 |           </div>
  643 |         )}
  644 |         <Button

Parsing ecmascript source code failed

Import traces:
  Client Component Browser:
    ./src/app/admin/page.tsx [Client Component Browser]
    ./src/app/admin/page.tsx [Server Component]

  Client Component SSR:
    ./src/app/admin/page.tsx [Client Component SSR]
    ./src/app/admin/page.tsx [Server Component] @ http://localhost:3000/_next/static/chunks/node_modules_next_dist_1e8vcs8._.js:1052
[   20214ms] [ERROR] ./src/app/admin/page.tsx:641:19
Error: Unexpected token. Did you mean `{'}'}` or `&rbrace;`?
  639 |                     </div>
  640 |                   </div>
> 641 |                 ))}
      |                   ^
  642 |           </div>
  643 |         )}
  644 |         <Button

Parsing ecmascript source code failed

Import traces:
  Client Component Browser:
    ./src/app/admin/page.tsx [Client Component Browser]
    ./src/app/admin/page.tsx [Server Component]

  Client Component SSR:
    ./src/app/admin/page.tsx [Client Component SSR]
    ./src/app/admin/page.tsx [Server Component] @ http://localhost:3000/_next/static/chunks/node_modules_next_dist_1e8vcs8._.js:1052
[   20265ms] [ERROR] ./src/app/admin/page.tsx:641:19
Error: Unexpected token. Did you mean `{'}'}` or `&rbrace;`?
  639 |                     </div>
  640 |                   </div>
> 641 |                 ))}
      |                   ^
  642 |           </div>
  643 |         )}
  644 |         <Button

Parsing ecmascript source code failed

Import traces:
  Client Component Browser:
    ./src/app/admin/page.tsx [Client Component Browser]
    ./src/app/admin/page.tsx [Server Component]

  Client Component SSR:
    ./src/app/admin/page.tsx [Client Component SSR]
    ./src/app/admin/page.tsx [Server Component] @ http://localhost:3000/_next/static/chunks/node_modules_next_dist_1e8vcs8._.js:1052
[   20318ms] [ERROR] ./src/app/admin/page.tsx:641:19
Error: Unexpected token. Did you mean `{'}'}` or `&rbrace;`?
  639 |                     </div>
  640 |                   </div>
> 641 |                 ))}
      |                   ^
  642 |           </div>
  643 |         )}
  644 |         <Button

Parsing ecmascript source code failed

Import traces:
  Client Component Browser:
    ./src/app/admin/page.tsx [Client Component Browser]
    ./src/app/admin/page.tsx [Server Component]

  Client Component SSR:
    ./src/app/admin/page.tsx [Client Component SSR]
    ./src/app/admin/page.tsx [Server Component] @ http://localhost:3000/_next/static/chunks/node_modules_next_dist_1e8vcs8._.js:1052
[   20386ms] [ERROR] ./src/app/admin/page.tsx:641:19
Error: Unexpected token. Did you mean `{'}'}` or `&rbrace;`?
  639 |                     </div>
  640 |                   </div>
> 641 |                 ))}
      |                   ^
  642 |           </div>
  643 |         )}
  644 |         <Button

Parsing ecmascript source code failed

Import traces:
  Client Component Browser:
    ./src/app/admin/page.tsx [Client Component Browser]
    ./src/app/admin/page.tsx [Server Component]

  Client Component SSR:
    ./src/app/admin/page.tsx [Client Component SSR]
    ./src/app/admin/page.tsx [Server Component] @ http://localhost:3000/_next/static/chunks/node_modules_next_dist_1e8vcs8._.js:1052
[   20542ms] [ERROR] ./src/app/admin/page.tsx:641:19
Error: Unexpected token. Did you mean `{'}'}` or `&rbrace;`?
  639 |                     </div>
  640 |                   </div>
> 641 |                 ))}
      |                   ^
  642 |           </div>
  643 |         )}
  644 |         <Button

Parsing ecmascript source code failed

Import traces:
  Client Component Browser:
    ./src/app/admin/page.tsx [Client Component Browser]
    ./src/app/admin/page.tsx [Server Component]

  Client Component SSR:
    ./src/app/admin/page.tsx [Client Component SSR]
    ./src/app/admin/page.tsx [Server Component] @ http://localhost:3000/_next/static/chunks/node_modules_next_dist_1e8vcs8._.js:1052
[   20593ms] [ERROR] ./src/app/admin/page.tsx:641:19
Error: Unexpected token. Did you mean `{'}'}` or `&rbrace;`?
  639 |                     </div>
  640 |                   </div>
> 641 |                 ))}
      |                   ^
  642 |           </div>
  643 |         )}
  644 |         <Button

Parsing ecmascript source code failed

Import traces:
  Client Component Browser:
    ./src/app/admin/page.tsx [Client Component Browser]
    ./src/app/admin/page.tsx [Server Component]

  Client Component SSR:
    ./src/app/admin/page.tsx [Client Component SSR]
    ./src/app/admin/page.tsx [Server Component] @ http://localhost:3000/_next/static/chunks/node_modules_next_dist_1e8vcs8._.js:1052
[   20643ms] [ERROR] ./src/app/admin/page.tsx:641:19
Error: Unexpected token. Did you mean `{'}'}` or `&rbrace;`?
  639 |                     </div>
  640 |                   </div>
> 641 |                 ))}
      |                   ^
  642 |           </div>
  643 |         )}
  644 |         <Button

Parsing ecmascript source code failed

Import traces:
  Client Component Browser:
    ./src/app/admin/page.tsx [Client Component Browser]
    ./src/app/admin/page.tsx [Server Component]

  Client Component SSR:
    ./src/app/admin/page.tsx [Client Component SSR]
    ./src/app/admin/page.tsx [Server Component] @ http://localhost:3000/_next/static/chunks/node_modules_next_dist_1e8vcs8._.js:1052
[   20686ms] [ERROR] ./src/app/admin/page.tsx:641:19
Error: Unexpected token. Did you mean `{'}'}` or `&rbrace;`?
  639 |                     </div>
  640 |                   </div>
> 641 |                 ))}
      |                   ^
  642 |           </div>
  643 |         )}
  644 |         <Button

Parsing ecmascript source code failed

Import traces:
  Client Component Browser:
    ./src/app/admin/page.tsx [Client Component Browser]
    ./src/app/admin/page.tsx [Server Component]

  Client Component SSR:
    ./src/app/admin/page.tsx [Client Component SSR]
    ./src/app/admin/page.tsx [Server Component] @ http://localhost:3000/_next/static/chunks/node_modules_next_dist_1e8vcs8._.js:1052
[   20743ms] [ERROR] ./src/app/admin/page.tsx:641:19
Error: Unexpected token. Did you mean `{'}'}` or `&rbrace;`?
  639 |                     </div>
  640 |                   </div>
> 641 |                 ))}
      |                   ^
  642 |           </div>
  643 |         )}
  644 |         <Button

Parsing ecmascript source code failed

Import traces:
  Client Component Browser:
    ./src/app/admin/page.tsx [Client Component Browser]
    ./src/app/admin/page.tsx [Server Component]

  Client Component SSR:
    ./src/app/admin/page.tsx [Client Component SSR]
    ./src/app/admin/page.tsx [Server Component] @ http://localhost:3000/_next/static/chunks/node_modules_next_dist_1e8vcs8._.js:1052
[   20796ms] [ERROR] ./src/app/admin/page.tsx:641:19
Error: Unexpected token. Did you mean `{'}'}` or `&rbrace;`?
  639 |                     </div>
  640 |                   </div>
> 641 |                 ))}
      |                   ^
  642 |           </div>
  643 |         )}
  644 |         <Button

Parsing ecmascript source code failed

Import traces:
  Client Component Browser:
    ./src/app/admin/page.tsx [Client Component Browser]
    ./src/app/admin/page.tsx [Server Component]

  Client Component SSR:
    ./src/app/admin/page.tsx [Client Component SSR]
    ./src/app/admin/page.tsx [Server Component] @ http://localhost:3000/_next/static/chunks/node_modules_next_dist_1e8vcs8._.js:1052
[   20849ms] [ERROR] ./src/app/admin/page.tsx:641:19
Error: Unexpected token. Did you mean `{'}'}` or `&rbrace;`?
  639 |                     </div>
  640 |                   </div>
> 641 |                 ))}
      |                   ^
  642 |           </div>
  643 |         )}
  644 |         <Button

Parsing ecmascript source code failed

Import traces:
  Client Component Browser:
    ./src/app/admin/page.tsx [Client Component Browser]
    ./src/app/admin/page.tsx [Server Component]

  Client Component SSR:
    ./src/app/admin/page.tsx [Client Component SSR]
    ./src/app/admin/page.tsx [Server Component] @ http://localhost:3000/_next/static/chunks/node_modules_next_dist_1e8vcs8._.js:1052
[   20899ms] [ERROR] ./src/app/admin/page.tsx:641:19
Error: Unexpected token. Did you mean `{'}'}` or `&rbrace;`?
  639 |                     </div>
  640 |                   </div>
> 641 |                 ))}
      |                   ^
  642 |           </div>
  643 |         )}
  644 |         <Button

Parsing ecmascript source code failed

Import traces:
  Client Component Browser:
    ./src/app/admin/page.tsx [Client Component Browser]
    ./src/app/admin/page.tsx [Server Component]

  Client Component SSR:
    ./src/app/admin/page.tsx [Client Component SSR]
    ./src/app/admin/page.tsx [Server Component] @ http://localhost:3000/_next/static/chunks/node_modules_next_dist_1e8vcs8._.js:1052
[   20949ms] [ERROR] ./src/app/admin/page.tsx:641:19
Error: Unexpected token. Did you mean `{'}'}` or `&rbrace;`?
  639 |                     </div>
  640 |                   </div>
> 641 |                 ))}
      |                   ^
  642 |           </div>
  643 |         )}
  644 |         <Button

Parsing ecmascript source code failed

Import traces:
  Client Component Browser:
    ./src/app/admin/page.tsx [Client Component Browser]
    ./src/app/admin/page.tsx [Server Component]

  Client Component SSR:
    ./src/app/admin/page.tsx [Client Component SSR]
    ./src/app/admin/page.tsx [Server Component] @ http://localhost:3000/_next/static/chunks/node_modules_next_dist_1e8vcs8._.js:1052
[   21002ms] [ERROR] ./src/app/admin/page.tsx:641:19
Error: Unexpected token. Did you mean `{'}'}` or `&rbrace;`?
  639 |                     </div>
  640 |                   </div>
> 641 |                 ))}
      |                   ^
  642 |           </div>
  643 |         )}
  644 |         <Button

Parsing ecmascript source code failed

Import traces:
  Client Component Browser:
    ./src/app/admin/page.tsx [Client Component Browser]
    ./src/app/admin/page.tsx [Server Component]

  Client Component SSR:
    ./src/app/admin/page.tsx [Client Component SSR]
    ./src/app/admin/page.tsx [Server Component] @ http://localhost:3000/_next/static/chunks/node_modules_next_dist_1e8vcs8._.js:1052
[   21055ms] [ERROR] ./src/app/admin/page.tsx:641:19
Error: Unexpected token. Did you mean `{'}'}` or `&rbrace;`?
  639 |                     </div>
  640 |                   </div>
> 641 |                 ))}
      |                   ^
  642 |           </div>
  643 |         )}
  644 |         <Button

Parsing ecmascript source code failed

Import traces:
  Client Component Browser:
    ./src/app/admin/page.tsx [Client Component Browser]
    ./src/app/admin/page.tsx [Server Component]

  Client Component SSR:
    ./src/app/admin/page.tsx [Client Component SSR]
    ./src/app/admin/page.tsx [Server Component] @ http://localhost:3000/_next/static/chunks/node_modules_next_dist_1e8vcs8._.js:1052
[   21109ms] [ERROR] ./src/app/admin/page.tsx:641:19
Error: Unexpected token. Did you mean `{'}'}` or `&rbrace;`?
  639 |                     </div>
  640 |                   </div>
> 641 |                 ))}
      |                   ^
  642 |           </div>
  643 |         )}
  644 |         <Button

Parsing ecmascript source code failed

Import traces:
  Client Component Browser:
    ./src/app/admin/page.tsx [Client Component Browser]
    ./src/app/admin/page.tsx [Server Component]

  Client Component SSR:
    ./src/app/admin/page.tsx [Client Component SSR]
    ./src/app/admin/page.tsx [Server Component] @ http://localhost:3000/_next/static/chunks/node_modules_next_dist_1e8vcs8._.js:1052
[   21164ms] [ERROR] ./src/app/admin/page.tsx:641:19
Error: Unexpected token. Did you mean `{'}'}` or `&rbrace;`?
  639 |                     </div>
  640 |                   </div>
> 641 |                 ))}
      |                   ^
  642 |           </div>
  643 |         )}
  644 |         <Button

Parsing ecmascript source code failed

Import traces:
  Client Component Browser:
    ./src/app/admin/page.tsx [Client Component Browser]
    ./src/app/admin/page.tsx [Server Component]

  Client Component SSR:
    ./src/app/admin/page.tsx [Client Component SSR]
    ./src/app/admin/page.tsx [Server Component] @ http://localhost:3000/_next/static/chunks/node_modules_next_dist_1e8vcs8._.js:1052
[   21224ms] [ERROR] ./src/app/admin/page.tsx:641:19
Error: Unexpected token. Did you mean `{'}'}` or `&rbrace;`?
  639 |                     </div>
  640 |                   </div>
> 641 |                 ))}
      |                   ^
  642 |           </div>
  643 |         )}
  644 |         <Button

Parsing ecmascript source code failed

Import traces:
  Client Component Browser:
    ./src/app/admin/page.tsx [Client Component Browser]
    ./src/app/admin/page.tsx [Server Component]

  Client Component SSR:
    ./src/app/admin/page.tsx [Client Component SSR]
    ./src/app/admin/page.tsx [Server Component] @ http://localhost:3000/_next/static/chunks/node_modules_next_dist_1e8vcs8._.js:1052
[   21277ms] [ERROR] ./src/app/admin/page.tsx:641:19
Error: Unexpected token. Did you mean `{'}'}` or `&rbrace;`?
  639 |                     </div>
  640 |                   </div>
> 641 |                 ))}
      |                   ^
  642 |           </div>
  643 |         )}
  644 |         <Button

Parsing ecmascript source code failed

Import traces:
  Client Component Browser:
    ./src/app/admin/page.tsx [Client Component Browser]
    ./src/app/admin/page.tsx [Server Component]

  Client Component SSR:
    ./src/app/admin/page.tsx [Client Component SSR]
    ./src/app/admin/page.tsx [Server Component] @ http://localhost:3000/_next/static/chunks/node_modules_next_dist_1e8vcs8._.js:1052
[   21330ms] [ERROR] ./src/app/admin/page.tsx:641:19
Error: Unexpected token. Did you mean `{'}'}` or `&rbrace;`?
  639 |                     </div>
  640 |                   </div>
> 641 |                 ))}
      |                   ^
  642 |           </div>
  643 |         )}
  644 |         <Button

Parsing ecmascript source code failed

Import traces:
  Client Component Browser:
    ./src/app/admin/page.tsx [Client Component Browser]
    ./src/app/admin/page.tsx [Server Component]

  Client Component SSR:
    ./src/app/admin/page.tsx [Client Component SSR]
    ./src/app/admin/page.tsx [Server Component] @ http://localhost:3000/_next/static/chunks/node_modules_next_dist_1e8vcs8._.js:1052
[   21384ms] [ERROR] ./src/app/admin/page.tsx:641:19
Error: Unexpected token. Did you mean `{'}'}` or `&rbrace;`?
  639 |                     </div>
  640 |                   </div>
> 641 |                 ))}
      |                   ^
  642 |           </div>
  643 |         )}
  644 |         <Button

Parsing ecmascript source code failed

Import traces:
  Client Component Browser:
    ./src/app/admin/page.tsx [Client Component Browser]
    ./src/app/admin/page.tsx [Server Component]

  Client Component SSR:
    ./src/app/admin/page.tsx [Client Component SSR]
    ./src/app/admin/page.tsx [Server Component] @ http://localhost:3000/_next/static/chunks/node_modules_next_dist_1e8vcs8._.js:1052
[   21436ms] [ERROR] ./src/app/admin/page.tsx:641:19
Error: Unexpected token. Did you mean `{'}'}` or `&rbrace;`?
  639 |                     </div>
  640 |                   </div>
> 641 |                 ))}
      |                   ^
  642 |           </div>
  643 |         )}
  644 |         <Button

Parsing ecmascript source code failed

Import traces:
  Client Component Browser:
    ./src/app/admin/page.tsx [Client Component Browser]
    ./src/app/admin/page.tsx [Server Component]

  Client Component SSR:
    ./src/app/admin/page.tsx [Client Component SSR]
    ./src/app/admin/page.tsx [Server Component] @ http://localhost:3000/_next/static/chunks/node_modules_next_dist_1e8vcs8._.js:1052
[   21488ms] [ERROR] ./src/app/admin/page.tsx:641:19
Error: Unexpected token. Did you mean `{'}'}` or `&rbrace;`?
  639 |                     </div>
  640 |                   </div>
> 641 |                 ))}
      |                   ^
  642 |           </div>
  643 |         )}
  644 |         <Button

Parsing ecmascript source code failed

Import traces:
  Client Component Browser:
    ./src/app/admin/page.tsx [Client Component Browser]
    ./src/app/admin/page.tsx [Server Component]

  Client Component SSR:
    ./src/app/admin/page.tsx [Client Component SSR]
    ./src/app/admin/page.tsx [Server Component] @ http://localhost:3000/_next/static/chunks/node_modules_next_dist_1e8vcs8._.js:1052
[   21741ms] [ERROR] ./src/app/admin/page.tsx:641:19
Error: Unexpected token. Did you mean `{'}'}` or `&rbrace;`?
  639 |                     </div>
  640 |                   </div>
> 641 |                 ))}
      |                   ^
  642 |           </div>
  643 |         )}
  644 |         <Button

Parsing ecmascript source code failed

Import traces:
  Client Component Browser:
    ./src/app/admin/page.tsx [Client Component Browser]
    ./src/app/admin/page.tsx [Server Component]

  Client Component SSR:
    ./src/app/admin/page.tsx [Client Component SSR]
    ./src/app/admin/page.tsx [Server Component] @ http://localhost:3000/_next/static/chunks/node_modules_next_dist_1e8vcs8._.js:1052
[   21797ms] [ERROR] ./src/app/admin/page.tsx:641:19
Error: Unexpected token. Did you mean `{'}'}` or `&rbrace;`?
  639 |                     </div>
  640 |                   </div>
> 641 |                 ))}
      |                   ^
  642 |           </div>
  643 |         )}
  644 |         <Button

Parsing ecmascript source code failed

Import traces:
  Client Component Browser:
    ./src/app/admin/page.tsx [Client Component Browser]
    ./src/app/admin/page.tsx [Server Component]

  Client Component SSR:
    ./src/app/admin/page.tsx [Client Component SSR]
    ./src/app/admin/page.tsx [Server Component] @ http://localhost:3000/_next/static/chunks/node_modules_next_dist_1e8vcs8._.js:1052
[   21848ms] [ERROR] ./src/app/admin/page.tsx:641:19
Error: Unexpected token. Did you mean `{'}'}` or `&rbrace;`?
  639 |                     </div>
  640 |                   </div>
> 641 |                 ))}
      |                   ^
  642 |           </div>
  643 |         )}
  644 |         <Button

Parsing ecmascript source code failed

Import traces:
  Client Component Browser:
    ./src/app/admin/page.tsx [Client Component Browser]
    ./src/app/admin/page.tsx [Server Component]

  Client Component SSR:
    ./src/app/admin/page.tsx [Client Component SSR]
    ./src/app/admin/page.tsx [Server Component] @ http://localhost:3000/_next/static/chunks/node_modules_next_dist_1e8vcs8._.js:1052
[   21899ms] [ERROR] ./src/app/admin/page.tsx:641:19
Error: Unexpected token. Did you mean `{'}'}` or `&rbrace;`?
  639 |                     </div>
  640 |                   </div>
> 641 |                 ))}
      |                   ^
  642 |           </div>
  643 |         )}
  644 |         <Button

Parsing ecmascript source code failed

Import traces:
  Client Component Browser:
    ./src/app/admin/page.tsx [Client Component Browser]
    ./src/app/admin/page.tsx [Server Component]

  Client Component SSR:
    ./src/app/admin/page.tsx [Client Component SSR]
    ./src/app/admin/page.tsx [Server Component] @ http://localhost:3000/_next/static/chunks/node_modules_next_dist_1e8vcs8._.js:1052
[   21950ms] [ERROR] ./src/app/admin/page.tsx:641:19
Error: Unexpected token. Did you mean `{'}'}` or `&rbrace;`?
  639 |                     </div>
  640 |                   </div>
> 641 |                 ))}
      |                   ^
  642 |           </div>
  643 |         )}
  644 |         <Button

Parsing ecmascript source code failed

Import traces:
  Client Component Browser:
    ./src/app/admin/page.tsx [Client Component Browser]
    ./src/app/admin/page.tsx [Server Component]

  Client Component SSR:
    ./src/app/admin/page.tsx [Client Component SSR]
    ./src/app/admin/page.tsx [Server Component] @ http://localhost:3000/_next/static/chunks/node_modules_next_dist_1e8vcs8._.js:1052
[   22004ms] [ERROR] ./src/app/admin/page.tsx:641:19
Error: Unexpected token. Did you mean `{'}'}` or `&rbrace;`?
  639 |                     </div>
  640 |                   </div>
> 641 |                 ))}
      |                   ^
  642 |           </div>
  643 |         )}
  644 |         <Button

Parsing ecmascript source code failed

Import traces:
  Client Component Browser:
    ./src/app/admin/page.tsx [Client Component Browser]
    ./src/app/admin/page.tsx [Server Component]

  Client Component SSR:
    ./src/app/admin/page.tsx [Client Component SSR]
    ./src/app/admin/page.tsx [Server Component] @ http://localhost:3000/_next/static/chunks/node_modules_next_dist_1e8vcs8._.js:1052
[   22055ms] [ERROR] ./src/app/admin/page.tsx:641:19
Error: Unexpected token. Did you mean `{'}'}` or `&rbrace;`?
  639 |                     </div>
  640 |                   </div>
> 641 |                 ))}
      |                   ^
  642 |           </div>
  643 |         )}
  644 |         <Button

Parsing ecmascript source code failed

Import traces:
  Client Component Browser:
    ./src/app/admin/page.tsx [Client Component Browser]
    ./src/app/admin/page.tsx [Server Component]

  Client Component SSR:
    ./src/app/admin/page.tsx [Client Component SSR]
    ./src/app/admin/page.tsx [Server Component] @ http://localhost:3000/_next/static/chunks/node_modules_next_dist_1e8vcs8._.js:1052
[   22108ms] [ERROR] ./src/app/admin/page.tsx:641:19
Error: Unexpected token. Did you mean `{'}'}` or `&rbrace;`?
  639 |                     </div>
  640 |                   </div>
> 641 |                 ))}
      |                   ^
  642 |           </div>
  643 |         )}
  644 |         <Button

Parsing ecmascript source code failed

Import traces:
  Client Component Browser:
    ./src/app/admin/page.tsx [Client Component Browser]
    ./src/app/admin/page.tsx [Server Component]

  Client Component SSR:
    ./src/app/admin/page.tsx [Client Component SSR]
    ./src/app/admin/page.tsx [Server Component] @ http://localhost:3000/_next/static/chunks/node_modules_next_dist_1e8vcs8._.js:1052
[   22155ms] [ERROR] ./src/app/admin/page.tsx:641:19
Error: Unexpected token. Did you mean `{'}'}` or `&rbrace;`?
  639 |                     </div>
  640 |                   </div>
> 641 |                 ))}
      |                   ^
  642 |           </div>
  643 |         )}
  644 |         <Button

Parsing ecmascript source code failed

Import traces:
  Client Component Browser:
    ./src/app/admin/page.tsx [Client Component Browser]
    ./src/app/admin/page.tsx [Server Component]

  Client Component SSR:
    ./src/app/admin/page.tsx [Client Component SSR]
    ./src/app/admin/page.tsx [Server Component] @ http://localhost:3000/_next/static/chunks/node_modules_next_dist_1e8vcs8._.js:1052
[   22207ms] [ERROR] ./src/app/admin/page.tsx:641:19
Error: Unexpected token. Did you mean `{'}'}` or `&rbrace;`?
  639 |                     </div>
  640 |                   </div>
> 641 |                 ))}
      |                   ^
  642 |           </div>
  643 |         )}
  644 |         <Button

Parsing ecmascript source code failed

Import traces:
  Client Component Browser:
    ./src/app/admin/page.tsx [Client Component Browser]
    ./src/app/admin/page.tsx [Server Component]

  Client Component SSR:
    ./src/app/admin/page.tsx [Client Component SSR]
    ./src/app/admin/page.tsx [Server Component] @ http://localhost:3000/_next/static/chunks/node_modules_next_dist_1e8vcs8._.js:1052
[   22263ms] [ERROR] ./src/app/admin/page.tsx:641:19
Error: Unexpected token. Did you mean `{'}'}` or `&rbrace;`?
  639 |                     </div>
  640 |                   </div>
> 641 |                 ))}
      |                   ^
  642 |           </div>
  643 |         )}
  644 |         <Button

Parsing ecmascript source code failed

Import traces:
  Client Component Browser:
    ./src/app/admin/page.tsx [Client Component Browser]
    ./src/app/admin/page.tsx [Server Component]

  Client Component SSR:
    ./src/app/admin/page.tsx [Client Component SSR]
    ./src/app/admin/page.tsx [Server Component] @ http://localhost:3000/_next/static/chunks/node_modules_next_dist_1e8vcs8._.js:1052
[   22315ms] [ERROR] ./src/app/admin/page.tsx:641:19
Error: Unexpected token. Did you mean `{'}'}` or `&rbrace;`?
  639 |                     </div>
  640 |                   </div>
> 641 |                 ))}
      |                   ^
  642 |           </div>
  643 |         )}
  644 |         <Button

Parsing ecmascript source code failed

Import traces:
  Client Component Browser:
    ./src/app/admin/page.tsx [Client Component Browser]
    ./src/app/admin/page.tsx [Server Component]

  Client Component SSR:
    ./src/app/admin/page.tsx [Client Component SSR]
    ./src/app/admin/page.tsx [Server Component] @ http://localhost:3000/_next/static/chunks/node_modules_next_dist_1e8vcs8._.js:1052
[   22368ms] [ERROR] ./src/app/admin/page.tsx:641:19
Error: Unexpected token. Did you mean `{'}'}` or `&rbrace;`?
  639 |                     </div>
  640 |                   </div>
> 641 |                 ))}
      |                   ^
  642 |           </div>
  643 |         )}
  644 |         <Button

Parsing ecmascript source code failed

Import traces:
  Client Component Browser:
    ./src/app/admin/page.tsx [Client Component Browser]
    ./src/app/admin/page.tsx [Server Component]

  Client Component SSR:
    ./src/app/admin/page.tsx [Client Component SSR]
    ./src/app/admin/page.tsx [Server Component] @ http://localhost:3000/_next/static/chunks/node_modules_next_dist_1e8vcs8._.js:1052
[   22422ms] [ERROR] ./src/app/admin/page.tsx:641:19
Error: Unexpected token. Did you mean `{'}'}` or `&rbrace;`?
  639 |                     </div>
  640 |                   </div>
> 641 |                 ))}
      |                   ^
  642 |           </div>
  643 |         )}
  644 |         <Button

Parsing ecmascript source code failed

Import traces:
  Client Component Browser:
    ./src/app/admin/page.tsx [Client Component Browser]
    ./src/app/admin/page.tsx [Server Component]

  Client Component SSR:
    ./src/app/admin/page.tsx [Client Component SSR]
    ./src/app/admin/page.tsx [Server Component] @ http://localhost:3000/_next/static/chunks/node_modules_next_dist_1e8vcs8._.js:1052
[   22475ms] [ERROR] ./src/app/admin/page.tsx:641:19
Error: Unexpected token. Did you mean `{'}'}` or `&rbrace;`?
  639 |                     </div>
  640 |                   </div>
> 641 |                 ))}
      |                   ^
  642 |           </div>
  643 |         )}
  644 |         <Button

Parsing ecmascript source code failed

Import traces:
  Client Component Browser:
    ./src/app/admin/page.tsx [Client Component Browser]
    ./src/app/admin/page.tsx [Server Component]

  Client Component SSR:
    ./src/app/admin/page.tsx [Client Component SSR]
    ./src/app/admin/page.tsx [Server Component] @ http://localhost:3000/_next/static/chunks/node_modules_next_dist_1e8vcs8._.js:1052
[   22530ms] [ERROR] ./src/app/admin/page.tsx:641:19
Error: Unexpected token. Did you mean `{'}'}` or `&rbrace;`?
  639 |                     </div>
  640 |                   </div>
> 641 |                 ))}
      |                   ^
  642 |           </div>
  643 |         )}
  644 |         <Button

Parsing ecmascript source code failed

Import traces:
  Client Component Browser:
    ./src/app/admin/page.tsx [Client Component Browser]
    ./src/app/admin/page.tsx [Server Component]

  Client Component SSR:
    ./src/app/admin/page.tsx [Client Component SSR]
    ./src/app/admin/page.tsx [Server Component] @ http://localhost:3000/_next/static/chunks/node_modules_next_dist_1e8vcs8._.js:1052
[   22582ms] [ERROR] ./src/app/admin/page.tsx:641:19
Error: Unexpected token. Did you mean `{'}'}` or `&rbrace;`?
  639 |                     </div>
  640 |                   </div>
> 641 |                 ))}
      |                   ^
  642 |           </div>
  643 |         )}
  644 |         <Button

Parsing ecmascript source code failed

Import traces:
  Client Component Browser:
    ./src/app/admin/page.tsx [Client Component Browser]
    ./src/app/admin/page.tsx [Server Component]

  Client Component SSR:
    ./src/app/admin/page.tsx [Client Component SSR]
    ./src/app/admin/page.tsx [Server Component] @ http://localhost:3000/_next/static/chunks/node_modules_next_dist_1e8vcs8._.js:1052
[   22637ms] [ERROR] ./src/app/admin/page.tsx:641:19
Error: Unexpected token. Did you mean `{'}'}` or `&rbrace;`?
  639 |                     </div>
  640 |                   </div>
> 641 |                 ))}
      |                   ^
  642 |           </div>
  643 |         )}
  644 |         <Button

Parsing ecmascript source code failed

Import traces:
  Client Component Browser:
    ./src/app/admin/page.tsx [Client Component Browser]
    ./src/app/admin/page.tsx [Server Component]

  Client Component SSR:
    ./src/app/admin/page.tsx [Client Component SSR]
    ./src/app/admin/page.tsx [Server Component] @ http://localhost:3000/_next/static/chunks/node_modules_next_dist_1e8vcs8._.js:1052
[   22692ms] [ERROR] ./src/app/admin/page.tsx:641:19
Error: Unexpected token. Did you mean `{'}'}` or `&rbrace;`?
  639 |                     </div>
  640 |                   </div>
> 641 |                 ))}
      |                   ^
  642 |           </div>
  643 |         )}
  644 |         <Button

Parsing ecmascript source code failed

Import traces:
  Client Component Browser:
    ./src/app/admin/page.tsx [Client Component Browser]
    ./src/app/admin/page.tsx [Server Component]

  Client Component SSR:
    ./src/app/admin/page.tsx [Client Component SSR]
    ./src/app/admin/page.tsx [Server Component] @ http://localhost:3000/_next/static/chunks/node_modules_next_dist_1e8vcs8._.js:1052
[   22745ms] [ERROR] ./src/app/admin/page.tsx:641:19
Error: Unexpected token. Did you mean `{'}'}` or `&rbrace;`?
  639 |                     </div>
  640 |                   </div>
> 641 |                 ))}
      |                   ^
  642 |           </div>
  643 |         )}
  644 |         <Button

Parsing ecmascript source code failed

Import traces:
  Client Component Browser:
    ./src/app/admin/page.tsx [Client Component Browser]
    ./src/app/admin/page.tsx [Server Component]

  Client Component SSR:
    ./src/app/admin/page.tsx [Client Component SSR]
    ./src/app/admin/page.tsx [Server Component] @ http://localhost:3000/_next/static/chunks/node_modules_next_dist_1e8vcs8._.js:1052
[   22799ms] [ERROR] ./src/app/admin/page.tsx:641:19
Error: Unexpected token. Did you mean `{'}'}` or `&rbrace;`?
  639 |                     </div>
  640 |                   </div>
> 641 |                 ))}
      |                   ^
  642 |           </div>
  643 |         )}
  644 |         <Button

Parsing ecmascript source code failed

Import traces:
  Client Component Browser:
    ./src/app/admin/page.tsx [Client Component Browser]
    ./src/app/admin/page.tsx [Server Component]

  Client Component SSR:
    ./src/app/admin/page.tsx [Client Component SSR]
    ./src/app/admin/page.tsx [Server Component] @ http://localhost:3000/_next/static/chunks/node_modules_next_dist_1e8vcs8._.js:1052
[   22849ms] [ERROR] ./src/app/admin/page.tsx:641:19
Error: Unexpected token. Did you mean `{'}'}` or `&rbrace;`?
  639 |                     </div>
  640 |                   </div>
> 641 |                 ))}
      |                   ^
  642 |           </div>
  643 |         )}
  644 |         <Button

Parsing ecmascript source code failed

Import traces:
  Client Component Browser:
    ./src/app/admin/page.tsx [Client Component Browser]
    ./src/app/admin/page.tsx [Server Component]

  Client Component SSR:
    ./src/app/admin/page.tsx [Client Component SSR]
    ./src/app/admin/page.tsx [Server Component] @ http://localhost:3000/_next/static/chunks/node_modules_next_dist_1e8vcs8._.js:1052
[   22901ms] [ERROR] ./src/app/admin/page.tsx:641:19
Error: Unexpected token. Did you mean `{'}'}` or `&rbrace;`?
  639 |                     </div>
  640 |                   </div>
> 641 |                 ))}
      |                   ^
  642 |           </div>
  643 |         )}
  644 |         <Button

Parsing ecmascript source code failed

Import traces:
  Client Component Browser:
    ./src/app/admin/page.tsx [Client Component Browser]
    ./src/app/admin/page.tsx [Server Component]

  Client Component SSR:
    ./src/app/admin/page.tsx [Client Component SSR]
    ./src/app/admin/page.tsx [Server Component] @ http://localhost:3000/_next/static/chunks/node_modules_next_dist_1e8vcs8._.js:1052
[   22955ms] [ERROR] ./src/app/admin/page.tsx:641:19
Error: Unexpected token. Did you mean `{'}'}` or `&rbrace;`?
  639 |                     </div>
  640 |                   </div>
> 641 |                 ))}
      |                   ^
  642 |           </div>
  643 |         )}
  644 |         <Button

Parsing ecmascript source code failed

Import traces:
  Client Component Browser:
    ./src/app/admin/page.tsx [Client Component Browser]
    ./src/app/admin/page.tsx [Server Component]

  Client Component SSR:
    ./src/app/admin/page.tsx [Client Component SSR]
    ./src/app/admin/page.tsx [Server Component] @ http://localhost:3000/_next/static/chunks/node_modules_next_dist_1e8vcs8._.js:1052
[   23013ms] [ERROR] ./src/app/admin/page.tsx:641:19
Error: Unexpected token. Did you mean `{'}'}` or `&rbrace;`?
  639 |                     </div>
  640 |                   </div>
> 641 |                 ))}
      |                   ^
  642 |           </div>
  643 |         )}
  644 |         <Button

Parsing ecmascript source code failed

Import traces:
  Client Component Browser:
    ./src/app/admin/page.tsx [Client Component Browser]
    ./src/app/admin/page.tsx [Server Component]

  Client Component SSR:
    ./src/app/admin/page.tsx [Client Component SSR]
    ./src/app/admin/page.tsx [Server Component] @ http://localhost:3000/_next/static/chunks/node_modules_next_dist_1e8vcs8._.js:1052
[   23064ms] [ERROR] ./src/app/admin/page.tsx:641:19
Error: Unexpected token. Did you mean `{'}'}` or `&rbrace;`?
  639 |                     </div>
  640 |                   </div>
> 641 |                 ))}
      |                   ^
  642 |           </div>
  643 |         )}
  644 |         <Button

Parsing ecmascript source code failed

Import traces:
  Client Component Browser:
    ./src/app/admin/page.tsx [Client Component Browser]
    ./src/app/admin/page.tsx [Server Component]

  Client Component SSR:
    ./src/app/admin/page.tsx [Client Component SSR]
    ./src/app/admin/page.tsx [Server Component] @ http://localhost:3000/_next/static/chunks/node_modules_next_dist_1e8vcs8._.js:1052
[   23117ms] [ERROR] ./src/app/admin/page.tsx:641:19
Error: Unexpected token. Did you mean `{'}'}` or `&rbrace;`?
  639 |                     </div>
  640 |                   </div>
> 641 |                 ))}
      |                   ^
  642 |           </div>
  643 |         )}
  644 |         <Button

Parsing ecmascript source code failed

Import traces:
  Client Component Browser:
    ./src/app/admin/page.tsx [Client Component Browser]
    ./src/app/admin/page.tsx [Server Component]

  Client Component SSR:
    ./src/app/admin/page.tsx [Client Component SSR]
    ./src/app/admin/page.tsx [Server Component] @ http://localhost:3000/_next/static/chunks/node_modules_next_dist_1e8vcs8._.js:1052
[   23173ms] [ERROR] ./src/app/admin/page.tsx:641:19
Error: Unexpected token. Did you mean `{'}'}` or `&rbrace;`?
  639 |                     </div>
  640 |                   </div>
> 641 |                 ))}
      |                   ^
  642 |           </div>
  643 |         )}
  644 |         <Button

Parsing ecmascript source code failed

Import traces:
  Client Component Browser:
    ./src/app/admin/page.tsx [Client Component Browser]
    ./src/app/admin/page.tsx [Server Component]

  Client Component SSR:
    ./src/app/admin/page.tsx [Client Component SSR]
    ./src/app/admin/page.tsx [Server Component] @ http://localhost:3000/_next/static/chunks/node_modules_next_dist_1e8vcs8._.js:1052
[   23225ms] [ERROR] ./src/app/admin/page.tsx:641:19
Error: Unexpected token. Did you mean `{'}'}` or `&rbrace;`?
  639 |                     </div>
  640 |                   </div>
> 641 |                 ))}
      |                   ^
  642 |           </div>
  643 |         )}
  644 |         <Button

Parsing ecmascript source code failed

Import traces:
  Client Component Browser:
    ./src/app/admin/page.tsx [Client Component Browser]
    ./src/app/admin/page.tsx [Server Component]

  Client Component SSR:
    ./src/app/admin/page.tsx [Client Component SSR]
    ./src/app/admin/page.tsx [Server Component] @ http://localhost:3000/_next/static/chunks/node_modules_next_dist_1e8vcs8._.js:1052
[   23280ms] [ERROR] ./src/app/admin/page.tsx:641:19
Error: Unexpected token. Did you mean `{'}'}` or `&rbrace;`?
  639 |                     </div>
  640 |                   </div>
> 641 |                 ))}
      |                   ^
  642 |           </div>
  643 |         )}
  644 |         <Button

Parsing ecmascript source code failed

Import traces:
  Client Component Browser:
    ./src/app/admin/page.tsx [Client Component Browser]
    ./src/app/admin/page.tsx [Server Component]

  Client Component SSR:
    ./src/app/admin/page.tsx [Client Component SSR]
    ./src/app/admin/page.tsx [Server Component] @ http://localhost:3000/_next/static/chunks/node_modules_next_dist_1e8vcs8._.js:1052
[   23334ms] [ERROR] ./src/app/admin/page.tsx:641:19
Error: Unexpected token. Did you mean `{'}'}` or `&rbrace;`?
  639 |                     </div>
  640 |                   </div>
> 641 |                 ))}
      |                   ^
  642 |           </div>
  643 |         )}
  644 |         <Button

Parsing ecmascript source code failed

Import traces:
  Client Component Browser:
    ./src/app/admin/page.tsx [Client Component Browser]
    ./src/app/admin/page.tsx [Server Component]

  Client Component SSR:
    ./src/app/admin/page.tsx [Client Component SSR]
    ./src/app/admin/page.tsx [Server Component] @ http://localhost:3000/_next/static/chunks/node_modules_next_dist_1e8vcs8._.js:1052
[   23386ms] [ERROR] ./src/app/admin/page.tsx:641:19
Error: Unexpected token. Did you mean `{'}'}` or `&rbrace;`?
  639 |                     </div>
  640 |                   </div>
> 641 |                 ))}
      |                   ^
  642 |           </div>
  643 |         )}
  644 |         <Button

Parsing ecmascript source code failed

Import traces:
  Client Component Browser:
    ./src/app/admin/page.tsx [Client Component Browser]
    ./src/app/admin/page.tsx [Server Component]

  Client Component SSR:
    ./src/app/admin/page.tsx [Client Component SSR]
    ./src/app/admin/page.tsx [Server Component] @ http://localhost:3000/_next/static/chunks/node_modules_next_dist_1e8vcs8._.js:1052
[   23437ms] [ERROR] ./src/app/admin/page.tsx:641:19
Error: Unexpected token. Did you mean `{'}'}` or `&rbrace;`?
  639 |                     </div>
  640 |                   </div>
> 641 |                 ))}
      |                   ^
  642 |           </div>
  643 |         )}
  644 |         <Button

Parsing ecmascript source code failed

Import traces:
  Client Component Browser:
    ./src/app/admin/page.tsx [Client Component Browser]
    ./src/app/admin/page.tsx [Server Component]

  Client Component SSR:
    ./src/app/admin/page.tsx [Client Component SSR]
    ./src/app/admin/page.tsx [Server Component] @ http://localhost:3000/_next/static/chunks/node_modules_next_dist_1e8vcs8._.js:1052
[   23490ms] [ERROR] ./src/app/admin/page.tsx:641:19
Error: Unexpected token. Did you mean `{'}'}` or `&rbrace;`?
  639 |                     </div>
  640 |                   </div>
> 641 |                 ))}
      |                   ^
  642 |           </div>
  643 |         )}
  644 |         <Button

Parsing ecmascript source code failed

Import traces:
  Client Component Browser:
    ./src/app/admin/page.tsx [Client Component Browser]
    ./src/app/admin/page.tsx [Server Component]

  Client Component SSR:
    ./src/app/admin/page.tsx [Client Component SSR]
    ./src/app/admin/page.tsx [Server Component] @ http://localhost:3000/_next/static/chunks/node_modules_next_dist_1e8vcs8._.js:1052
[   23546ms] [ERROR] ./src/app/admin/page.tsx:641:19
Error: Unexpected token. Did you mean `{'}'}` or `&rbrace;`?
  639 |                     </div>
  640 |                   </div>
> 641 |                 ))}
      |                   ^
  642 |           </div>
  643 |         )}
  644 |         <Button

Parsing ecmascript source code failed

Import traces:
  Client Component Browser:
    ./src/app/admin/page.tsx [Client Component Browser]
    ./src/app/admin/page.tsx [Server Component]

  Client Component SSR:
    ./src/app/admin/page.tsx [Client Component SSR]
    ./src/app/admin/page.tsx [Server Component] @ http://localhost:3000/_next/static/chunks/node_modules_next_dist_1e8vcs8._.js:1052
[   23609ms] [ERROR] ./src/app/admin/page.tsx:641:19
Error: Unexpected token. Did you mean `{'}'}` or `&rbrace;`?
  639 |                     </div>
  640 |                   </div>
> 641 |                 ))}
      |                   ^
  642 |           </div>
  643 |         )}
  644 |         <Button

Parsing ecmascript source code failed

Import traces:
  Client Component Browser:
    ./src/app/admin/page.tsx [Client Component Browser]
    ./src/app/admin/page.tsx [Server Component]

  Client Component SSR:
    ./src/app/admin/page.tsx [Client Component SSR]
    ./src/app/admin/page.tsx [Server Component] @ http://localhost:3000/_next/static/chunks/node_modules_next_dist_1e8vcs8._.js:1052
[   23664ms] [ERROR] ./src/app/admin/page.tsx:641:19
Error: Unexpected token. Did you mean `{'}'}` or `&rbrace;`?
  639 |                     </div>
  640 |                   </div>
> 641 |                 ))}
      |                   ^
  642 |           </div>
  643 |         )}
  644 |         <Button

Parsing ecmascript source code failed

Import traces:
  Client Component Browser:
    ./src/app/admin/page.tsx [Client Component Browser]
    ./src/app/admin/page.tsx [Server Component]

  Client Component SSR:
    ./src/app/admin/page.tsx [Client Component SSR]
    ./src/app/admin/page.tsx [Server Component] @ http://localhost:3000/_next/static/chunks/node_modules_next_dist_1e8vcs8._.js:1052
[   23707ms] [ERROR] ./src/app/admin/page.tsx:641:19
Error: Unexpected token. Did you mean `{'}'}` or `&rbrace;`?
  639 |                     </div>
  640 |                   </div>
> 641 |                 ))}
      |                   ^
  642 |           </div>
  643 |         )}
  644 |         <Button

Parsing ecmascript source code failed

Import traces:
  Client Component Browser:
    ./src/app/admin/page.tsx [Client Component Browser]
    ./src/app/admin/page.tsx [Server Component]

  Client Component SSR:
    ./src/app/admin/page.tsx [Client Component SSR]
    ./src/app/admin/page.tsx [Server Component] @ http://localhost:3000/_next/static/chunks/node_modules_next_dist_1e8vcs8._.js:1052
[   23761ms] [ERROR] ./src/app/admin/page.tsx:641:19
Error: Unexpected token. Did you mean `{'}'}` or `&rbrace;`?
  639 |                     </div>
  640 |                   </div>
> 641 |                 ))}
      |                   ^
  642 |           </div>
  643 |         )}
  644 |         <Button

Parsing ecmascript source code failed

Import traces:
  Client Component Browser:
    ./src/app/admin/page.tsx [Client Component Browser]
    ./src/app/admin/page.tsx [Server Component]

  Client Component SSR:
    ./src/app/admin/page.tsx [Client Component SSR]
    ./src/app/admin/page.tsx [Server Component] @ http://localhost:3000/_next/static/chunks/node_modules_next_dist_1e8vcs8._.js:1052
[   23814ms] [ERROR] ./src/app/admin/page.tsx:641:19
Error: Unexpected token. Did you mean `{'}'}` or `&rbrace;`?
  639 |                     </div>
  640 |                   </div>
> 641 |                 ))}
      |                   ^
  642 |           </div>
  643 |         )}
  644 |         <Button

Parsing ecmascript source code failed

Import traces:
  Client Component Browser:
    ./src/app/admin/page.tsx [Client Component Browser]
    ./src/app/admin/page.tsx [Server Component]

  Client Component SSR:
    ./src/app/admin/page.tsx [Client Component SSR]
    ./src/app/admin/page.tsx [Server Component] @ http://localhost:3000/_next/static/chunks/node_modules_next_dist_1e8vcs8._.js:1052
[   23867ms] [ERROR] ./src/app/admin/page.tsx:641:19
Error: Unexpected token. Did you mean `{'}'}` or `&rbrace;`?
  639 |                     </div>
  640 |                   </div>
> 641 |                 ))}
      |                   ^
  642 |           </div>
  643 |         )}
  644 |         <Button

Parsing ecmascript source code failed

Import traces:
  Client Component Browser:
    ./src/app/admin/page.tsx [Client Component Browser]
    ./src/app/admin/page.tsx [Server Component]

  Client Component SSR:
    ./src/app/admin/page.tsx [Client Component SSR]
    ./src/app/admin/page.tsx [Server Component] @ http://localhost:3000/_next/static/chunks/node_modules_next_dist_1e8vcs8._.js:1052
[   23919ms] [ERROR] ./src/app/admin/page.tsx:641:19
Error: Unexpected token. Did you mean `{'}'}` or `&rbrace;`?
  639 |                     </div>
  640 |                   </div>
> 641 |                 ))}
      |                   ^
  642 |           </div>
  643 |         )}
  644 |         <Button

Parsing ecmascript source code failed

Import traces:
  Client Component Browser:
    ./src/app/admin/page.tsx [Client Component Browser]
    ./src/app/admin/page.tsx [Server Component]

  Client Component SSR:
    ./src/app/admin/page.tsx [Client Component SSR]
    ./src/app/admin/page.tsx [Server Component] @ http://localhost:3000/_next/static/chunks/node_modules_next_dist_1e8vcs8._.js:1052
[   23972ms] [ERROR] ./src/app/admin/page.tsx:641:19
Error: Unexpected token. Did you mean `{'}'}` or `&rbrace;`?
  639 |                     </div>
  640 |                   </div>
> 641 |                 ))}
      |                   ^
  642 |           </div>
  643 |         )}
  644 |         <Button

Parsing ecmascript source code failed

Import traces:
  Client Component Browser:
    ./src/app/admin/page.tsx [Client Component Browser]
    ./src/app/admin/page.tsx [Server Component]

  Client Component SSR:
    ./src/app/admin/page.tsx [Client Component SSR]
    ./src/app/admin/page.tsx [Server Component] @ http://localhost:3000/_next/static/chunks/node_modules_next_dist_1e8vcs8._.js:1052
[   24027ms] [ERROR] ./src/app/admin/page.tsx:641:19
Error: Unexpected token. Did you mean `{'}'}` or `&rbrace;`?
  639 |                     </div>
  640 |                   </div>
> 641 |                 ))}
      |                   ^
  642 |           </div>
  643 |         )}
  644 |         <Button

Parsing ecmascript source code failed

Import traces:
  Client Component Browser:
    ./src/app/admin/page.tsx [Client Component Browser]
    ./src/app/admin/page.tsx [Server Component]

  Client Component SSR:
    ./src/app/admin/page.tsx [Client Component SSR]
    ./src/app/admin/page.tsx [Server Component] @ http://localhost:3000/_next/static/chunks/node_modules_next_dist_1e8vcs8._.js:1052
[   24080ms] [ERROR] ./src/app/admin/page.tsx:641:19
Error: Unexpected token. Did you mean `{'}'}` or `&rbrace;`?
  639 |                     </div>
  640 |                   </div>
> 641 |                 ))}
      |                   ^
  642 |           </div>
  643 |         )}
  644 |         <Button

Parsing ecmascript source code failed

Import traces:
  Client Component Browser:
    ./src/app/admin/page.tsx [Client Component Browser]
    ./src/app/admin/page.tsx [Server Component]

  Client Component SSR:
    ./src/app/admin/page.tsx [Client Component SSR]
    ./src/app/admin/page.tsx [Server Component] @ http://localhost:3000/_next/static/chunks/node_modules_next_dist_1e8vcs8._.js:1052
[   24133ms] [ERROR] ./src/app/admin/page.tsx:641:19
Error: Unexpected token. Did you mean `{'}'}` or `&rbrace;`?
  639 |                     </div>
  640 |                   </div>
> 641 |                 ))}
      |                   ^
  642 |           </div>
  643 |         )}
  644 |         <Button

Parsing ecmascript source code failed

Import traces:
  Client Component Browser:
    ./src/app/admin/page.tsx [Client Component Browser]
    ./src/app/admin/page.tsx [Server Component]

  Client Component SSR:
    ./src/app/admin/page.tsx [Client Component SSR]
    ./src/app/admin/page.tsx [Server Component] @ http://localhost:3000/_next/static/chunks/node_modules_next_dist_1e8vcs8._.js:1052
[   24189ms] [ERROR] ./src/app/admin/page.tsx:641:19
Error: Unexpected token. Did you mean `{'}'}` or `&rbrace;`?
  639 |                     </div>
  640 |                   </div>
> 641 |                 ))}
      |                   ^
  642 |           </div>
  643 |         )}
  644 |         <Button

Parsing ecmascript source code failed

Import traces:
  Client Component Browser:
    ./src/app/admin/page.tsx [Client Component Browser]
    ./src/app/admin/page.tsx [Server Component]

  Client Component SSR:
    ./src/app/admin/page.tsx [Client Component SSR]
    ./src/app/admin/page.tsx [Server Component] @ http://localhost:3000/_next/static/chunks/node_modules_next_dist_1e8vcs8._.js:1052
[   24242ms] [ERROR] ./src/app/admin/page.tsx:641:19
Error: Unexpected token. Did you mean `{'}'}` or `&rbrace;`?
  639 |                     </div>
  640 |                   </div>
> 641 |                 ))}
      |                   ^
  642 |           </div>
  643 |         )}
  644 |         <Button

Parsing ecmascript source code failed

Import traces:
  Client Component Browser:
    ./src/app/admin/page.tsx [Client Component Browser]
    ./src/app/admin/page.tsx [Server Component]

  Client Component SSR:
    ./src/app/admin/page.tsx [Client Component SSR]
    ./src/app/admin/page.tsx [Server Component] @ http://localhost:3000/_next/static/chunks/node_modules_next_dist_1e8vcs8._.js:1052
[   24296ms] [ERROR] ./src/app/admin/page.tsx:641:19
Error: Unexpected token. Did you mean `{'}'}` or `&rbrace;`?
  639 |                     </div>
  640 |                   </div>
> 641 |                 ))}
      |                   ^
  642 |           </div>
  643 |         )}
  644 |         <Button

Parsing ecmascript source code failed

Import traces:
  Client Component Browser:
    ./src/app/admin/page.tsx [Client Component Browser]
    ./src/app/admin/page.tsx [Server Component]

  Client Component SSR:
    ./src/app/admin/page.tsx [Client Component SSR]
    ./src/app/admin/page.tsx [Server Component] @ http://localhost:3000/_next/static/chunks/node_modules_next_dist_1e8vcs8._.js:1052
[   24349ms] [ERROR] ./src/app/admin/page.tsx:641:19
Error: Unexpected token. Did you mean `{'}'}` or `&rbrace;`?
  639 |                     </div>
  640 |                   </div>
> 641 |                 ))}
      |                   ^
  642 |           </div>
  643 |         )}
  644 |         <Button

Parsing ecmascript source code failed

Import traces:
  Client Component Browser:
    ./src/app/admin/page.tsx [Client Component Browser]
    ./src/app/admin/page.tsx [Server Component]

  Client Component SSR:
    ./src/app/admin/page.tsx [Client Component SSR]
    ./src/app/admin/page.tsx [Server Component] @ http://localhost:3000/_next/static/chunks/node_modules_next_dist_1e8vcs8._.js:1052
[   24400ms] [ERROR] ./src/app/admin/page.tsx:641:19
Error: Unexpected token. Did you mean `{'}'}` or `&rbrace;`?
  639 |                     </div>
  640 |                   </div>
> 641 |                 ))}
      |                   ^
  642 |           </div>
  643 |         )}
  644 |         <Button

Parsing ecmascript source code failed

Import traces:
  Client Component Browser:
    ./src/app/admin/page.tsx [Client Component Browser]
    ./src/app/admin/page.tsx [Server Component]

  Client Component SSR:
    ./src/app/admin/page.tsx [Client Component SSR]
    ./src/app/admin/page.tsx [Server Component] @ http://localhost:3000/_next/static/chunks/node_modules_next_dist_1e8vcs8._.js:1052
[   24451ms] [ERROR] ./src/app/admin/page.tsx:641:19
Error: Unexpected token. Did you mean `{'}'}` or `&rbrace;`?
  639 |                     </div>
  640 |                   </div>
> 641 |                 ))}
      |                   ^
  642 |           </div>
  643 |         )}
  644 |         <Button

Parsing ecmascript source code failed

Import traces:
  Client Component Browser:
    ./src/app/admin/page.tsx [Client Component Browser]
    ./src/app/admin/page.tsx [Server Component]

  Client Component SSR:
    ./src/app/admin/page.tsx [Client Component SSR]
    ./src/app/admin/page.tsx [Server Component] @ http://localhost:3000/_next/static/chunks/node_modules_next_dist_1e8vcs8._.js:1052
[   24504ms] [ERROR] ./src/app/admin/page.tsx:641:19
Error: Unexpected token. Did you mean `{'}'}` or `&rbrace;`?
  639 |                     </div>
  640 |                   </div>
> 641 |                 ))}
      |                   ^
  642 |           </div>
  643 |         )}
  644 |         <Button

Parsing ecmascript source code failed

Import traces:
  Client Component Browser:
    ./src/app/admin/page.tsx [Client Component Browser]
    ./src/app/admin/page.tsx [Server Component]

  Client Component SSR:
    ./src/app/admin/page.tsx [Client Component SSR]
    ./src/app/admin/page.tsx [Server Component] @ http://localhost:3000/_next/static/chunks/node_modules_next_dist_1e8vcs8._.js:1052
[   24559ms] [ERROR] ./src/app/admin/page.tsx:641:19
Error: Unexpected token. Did you mean `{'}'}` or `&rbrace;`?
  639 |                     </div>
  640 |                   </div>
> 641 |                 ))}
      |                   ^
  642 |           </div>
  643 |         )}
  644 |         <Button

Parsing ecmascript source code failed

Import traces:
  Client Component Browser:
    ./src/app/admin/page.tsx [Client Component Browser]
    ./src/app/admin/page.tsx [Server Component]

  Client Component SSR:
    ./src/app/admin/page.tsx [Client Component SSR]
    ./src/app/admin/page.tsx [Server Component] @ http://localhost:3000/_next/static/chunks/node_modules_next_dist_1e8vcs8._.js:1052
[   24613ms] [ERROR] ./src/app/admin/page.tsx:641:19
Error: Unexpected token. Did you mean `{'}'}` or `&rbrace;`?
  639 |                     </div>
  640 |                   </div>
> 641 |                 ))}
      |                   ^
  642 |           </div>
  643 |         )}
  644 |         <Button

Parsing ecmascript source code failed

Import traces:
  Client Component Browser:
    ./src/app/admin/page.tsx [Client Component Browser]
    ./src/app/admin/page.tsx [Server Component]

  Client Component SSR:
    ./src/app/admin/page.tsx [Client Component SSR]
    ./src/app/admin/page.tsx [Server Component] @ http://localhost:3000/_next/static/chunks/node_modules_next_dist_1e8vcs8._.js:1052
[   24668ms] [ERROR] ./src/app/admin/page.tsx:641:19
Error: Unexpected token. Did you mean `{'}'}` or `&rbrace;`?
  639 |                     </div>
  640 |                   </div>
> 641 |                 ))}
      |                   ^
  642 |           </div>
  643 |         )}
  644 |         <Button

Parsing ecmascript source code failed

Import traces:
  Client Component Browser:
    ./src/app/admin/page.tsx [Client Component Browser]
    ./src/app/admin/page.tsx [Server Component]

  Client Component SSR:
    ./src/app/admin/page.tsx [Client Component SSR]
    ./src/app/admin/page.tsx [Server Component] @ http://localhost:3000/_next/static/chunks/node_modules_next_dist_1e8vcs8._.js:1052
[   24719ms] [ERROR] ./src/app/admin/page.tsx:641:19
Error: Unexpected token. Did you mean `{'}'}` or `&rbrace;`?
  639 |                     </div>
  640 |                   </div>
> 641 |                 ))}
      |                   ^
  642 |           </div>
  643 |         )}
  644 |         <Button

Parsing ecmascript source code failed

Import traces:
  Client Component Browser:
    ./src/app/admin/page.tsx [Client Component Browser]
    ./src/app/admin/page.tsx [Server Component]

  Client Component SSR:
    ./src/app/admin/page.tsx [Client Component SSR]
    ./src/app/admin/page.tsx [Server Component] @ http://localhost:3000/_next/static/chunks/node_modules_next_dist_1e8vcs8._.js:1052
[   24771ms] [ERROR] ./src/app/admin/page.tsx:641:19
Error: Unexpected token. Did you mean `{'}'}` or `&rbrace;`?
  639 |                     </div>
  640 |                   </div>
> 641 |                 ))}
      |                   ^
  642 |           </div>
  643 |         )}
  644 |         <Button

Parsing ecmascript source code failed

Import traces:
  Client Component Browser:
    ./src/app/admin/page.tsx [Client Component Browser]
    ./src/app/admin/page.tsx [Server Component]

  Client Component SSR:
    ./src/app/admin/page.tsx [Client Component SSR]
    ./src/app/admin/page.tsx [Server Component] @ http://localhost:3000/_next/static/chunks/node_modules_next_dist_1e8vcs8._.js:1052
[   24824ms] [ERROR] ./src/app/admin/page.tsx:641:19
Error: Unexpected token. Did you mean `{'}'}` or `&rbrace;`?
  639 |                     </div>
  640 |                   </div>
> 641 |                 ))}
      |                   ^
  642 |           </div>
  643 |         )}
  644 |         <Button

Parsing ecmascript source code failed

Import traces:
  Client Component Browser:
    ./src/app/admin/page.tsx [Client Component Browser]
    ./src/app/admin/page.tsx [Server Component]

  Client Component SSR:
    ./src/app/admin/page.tsx [Client Component SSR]
    ./src/app/admin/page.tsx [Server Component] @ http://localhost:3000/_next/static/chunks/node_modules_next_dist_1e8vcs8._.js:1052
[   24878ms] [ERROR] ./src/app/admin/page.tsx:641:19
Error: Unexpected token. Did you mean `{'}'}` or `&rbrace;`?
  639 |                     </div>
  640 |                   </div>
> 641 |                 ))}
      |                   ^
  642 |           </div>
  643 |         )}
  644 |         <Button

Parsing ecmascript source code failed

Import traces:
  Client Component Browser:
    ./src/app/admin/page.tsx [Client Component Browser]
    ./src/app/admin/page.tsx [Server Component]

  Client Component SSR:
    ./src/app/admin/page.tsx [Client Component SSR]
    ./src/app/admin/page.tsx [Server Component] @ http://localhost:3000/_next/static/chunks/node_modules_next_dist_1e8vcs8._.js:1052
[   24932ms] [ERROR] ./src/app/admin/page.tsx:641:19
Error: Unexpected token. Did you mean `{'}'}` or `&rbrace;`?
  639 |                     </div>
  640 |                   </div>
> 641 |                 ))}
      |                   ^
  642 |           </div>
  643 |         )}
  644 |         <Button

Parsing ecmascript source code failed

Import traces:
  Client Component Browser:
    ./src/app/admin/page.tsx [Client Component Browser]
    ./src/app/admin/page.tsx [Server Component]

  Client Component SSR:
    ./src/app/admin/page.tsx [Client Component SSR]
    ./src/app/admin/page.tsx [Server Component] @ http://localhost:3000/_next/static/chunks/node_modules_next_dist_1e8vcs8._.js:1052
[   24985ms] [ERROR] ./src/app/admin/page.tsx:641:19
Error: Unexpected token. Did you mean `{'}'}` or `&rbrace;`?
  639 |                     </div>
  640 |                   </div>
> 641 |                 ))}
      |                   ^
  642 |           </div>
  643 |         )}
  644 |         <Button

Parsing ecmascript source code failed

Import traces:
  Client Component Browser:
    ./src/app/admin/page.tsx [Client Component Browser]
    ./src/app/admin/page.tsx [Server Component]

  Client Component SSR:
    ./src/app/admin/page.tsx [Client Component SSR]
    ./src/app/admin/page.tsx [Server Component] @ http://localhost:3000/_next/static/chunks/node_modules_next_dist_1e8vcs8._.js:1052
[   25041ms] [ERROR] ./src/app/admin/page.tsx:641:19
Error: Unexpected token. Did you mean `{'}'}` or `&rbrace;`?
  639 |                     </div>
  640 |                   </div>
> 641 |                 ))}
      |                   ^
  642 |           </div>
  643 |         )}
  644 |         <Button

Parsing ecmascript source code failed

Import traces:
  Client Component Browser:
    ./src/app/admin/page.tsx [Client Component Browser]
    ./src/app/admin/page.tsx [Server Component]

  Client Component SSR:
    ./src/app/admin/page.tsx [Client Component SSR]
    ./src/app/admin/page.tsx [Server Component] @ http://localhost:3000/_next/static/chunks/node_modules_next_dist_1e8vcs8._.js:1052
[   25093ms] [ERROR] ./src/app/admin/page.tsx:641:19
Error: Unexpected token. Did you mean `{'}'}` or `&rbrace;`?
  639 |                     </div>
  640 |                   </div>
> 641 |                 ))}
      |                   ^
  642 |           </div>
  643 |         )}
  644 |         <Button

Parsing ecmascript source code failed

Import traces:
  Client Component Browser:
    ./src/app/admin/page.tsx [Client Component Browser]
    ./src/app/admin/page.tsx [Server Component]

  Client Component SSR:
    ./src/app/admin/page.tsx [Client Component SSR]
    ./src/app/admin/page.tsx [Server Component] @ http://localhost:3000/_next/static/chunks/node_modules_next_dist_1e8vcs8._.js:1052
[   25146ms] [ERROR] ./src/app/admin/page.tsx:641:19
Error: Unexpected token. Did you mean `{'}'}` or `&rbrace;`?
  639 |                     </div>
  640 |                   </div>
> 641 |                 ))}
      |                   ^
  642 |           </div>
  643 |         )}
  644 |         <Button

Parsing ecmascript source code failed

Import traces:
  Client Component Browser:
    ./src/app/admin/page.tsx [Client Component Browser]
    ./src/app/admin/page.tsx [Server Component]

  Client Component SSR:
    ./src/app/admin/page.tsx [Client Component SSR]
    ./src/app/admin/page.tsx [Server Component] @ http://localhost:3000/_next/static/chunks/node_modules_next_dist_1e8vcs8._.js:1052
[   25199ms] [ERROR] ./src/app/admin/page.tsx:641:19
Error: Unexpected token. Did you mean `{'}'}` or `&rbrace;`?
  639 |                     </div>
  640 |                   </div>
> 641 |                 ))}
      |                   ^
  642 |           </div>
  643 |         )}
  644 |         <Button

Parsing ecmascript source code failed

Import traces:
  Client Component Browser:
    ./src/app/admin/page.tsx [Client Component Browser]
    ./src/app/admin/page.tsx [Server Component]

  Client Component SSR:
    ./src/app/admin/page.tsx [Client Component SSR]
    ./src/app/admin/page.tsx [Server Component] @ http://localhost:3000/_next/static/chunks/node_modules_next_dist_1e8vcs8._.js:1052
[   25252ms] [ERROR] ./src/app/admin/page.tsx:641:19
Error: Unexpected token. Did you mean `{'}'}` or `&rbrace;`?
  639 |                     </div>
  640 |                   </div>
> 641 |                 ))}
      |                   ^
  642 |           </div>
  643 |         )}
  644 |         <Button

Parsing ecmascript source code failed

Import traces:
  Client Component Browser:
    ./src/app/admin/page.tsx [Client Component Browser]
    ./src/app/admin/page.tsx [Server Component]

  Client Component SSR:
    ./src/app/admin/page.tsx [Client Component SSR]
    ./src/app/admin/page.tsx [Server Component] @ http://localhost:3000/_next/static/chunks/node_modules_next_dist_1e8vcs8._.js:1052
[   25307ms] [ERROR] ./src/app/admin/page.tsx:641:19
Error: Unexpected token. Did you mean `{'}'}` or `&rbrace;`?
  639 |                     </div>
  640 |                   </div>
> 641 |                 ))}
      |                   ^
  642 |           </div>
  643 |         )}
  644 |         <Button

Parsing ecmascript source code failed

Import traces:
  Client Component Browser:
    ./src/app/admin/page.tsx [Client Component Browser]
    ./src/app/admin/page.tsx [Server Component]

  Client Component SSR:
    ./src/app/admin/page.tsx [Client Component SSR]
    ./src/app/admin/page.tsx [Server Component] @ http://localhost:3000/_next/static/chunks/node_modules_next_dist_1e8vcs8._.js:1052
[   25361ms] [ERROR] ./src/app/admin/page.tsx:641:19
Error: Unexpected token. Did you mean `{'}'}` or `&rbrace;`?
  639 |                     </div>
  640 |                   </div>
> 641 |                 ))}
      |                   ^
  642 |           </div>
  643 |         )}
  644 |         <Button

Parsing ecmascript source code failed

Import traces:
  Client Component Browser:
    ./src/app/admin/page.tsx [Client Component Browser]
    ./src/app/admin/page.tsx [Server Component]

  Client Component SSR:
    ./src/app/admin/page.tsx [Client Component SSR]
    ./src/app/admin/page.tsx [Server Component] @ http://localhost:3000/_next/static/chunks/node_modules_next_dist_1e8vcs8._.js:1052
[   25415ms] [ERROR] ./src/app/admin/page.tsx:641:19
Error: Unexpected token. Did you mean `{'}'}` or `&rbrace;`?
  639 |                     </div>
  640 |                   </div>
> 641 |                 ))}
      |                   ^
  642 |           </div>
  643 |         )}
  644 |         <Button

Parsing ecmascript source code failed

Import traces:
  Client Component Browser:
    ./src/app/admin/page.tsx [Client Component Browser]
    ./src/app/admin/page.tsx [Server Component]

  Client Component SSR:
    ./src/app/admin/page.tsx [Client Component SSR]
    ./src/app/admin/page.tsx [Server Component] @ http://localhost:3000/_next/static/chunks/node_modules_next_dist_1e8vcs8._.js:1052
[   25468ms] [ERROR] ./src/app/admin/page.tsx:641:19
Error: Unexpected token. Did you mean `{'}'}` or `&rbrace;`?
  639 |                     </div>
  640 |                   </div>
> 641 |                 ))}
      |                   ^
  642 |           </div>
  643 |         )}
  644 |         <Button

Parsing ecmascript source code failed

Import traces:
  Client Component Browser:
    ./src/app/admin/page.tsx [Client Component Browser]
    ./src/app/admin/page.tsx [Server Component]

  Client Component SSR:
    ./src/app/admin/page.tsx [Client Component SSR]
    ./src/app/admin/page.tsx [Server Component] @ http://localhost:3000/_next/static/chunks/node_modules_next_dist_1e8vcs8._.js:1052
[   25522ms] [ERROR] ./src/app/admin/page.tsx:641:19
Error: Unexpected token. Did you mean `{'}'}` or `&rbrace;`?
  639 |                     </div>
  640 |                   </div>
> 641 |                 ))}
      |                   ^
  642 |           </div>
  643 |         )}
  644 |         <Button

Parsing ecmascript source code failed

Import traces:
  Client Component Browser:
    ./src/app/admin/page.tsx [Client Component Browser]
    ./src/app/admin/page.tsx [Server Component]

  Client Component SSR:
    ./src/app/admin/page.tsx [Client Component SSR]
    ./src/app/admin/page.tsx [Server Component] @ http://localhost:3000/_next/static/chunks/node_modules_next_dist_1e8vcs8._.js:1052
[   25575ms] [ERROR] ./src/app/admin/page.tsx:641:19
Error: Unexpected token. Did you mean `{'}'}` or `&rbrace;`?
  639 |                     </div>
  640 |                   </div>
> 641 |                 ))}
      |                   ^
  642 |           </div>
  643 |         )}
  644 |         <Button

Parsing ecmascript source code failed

Import traces:
  Client Component Browser:
    ./src/app/admin/page.tsx [Client Component Browser]
    ./src/app/admin/page.tsx [Server Component]

  Client Component SSR:
    ./src/app/admin/page.tsx [Client Component SSR]
    ./src/app/admin/page.tsx [Server Component] @ http://localhost:3000/_next/static/chunks/node_modules_next_dist_1e8vcs8._.js:1052
[   25629ms] [ERROR] ./src/app/admin/page.tsx:641:19
Error: Unexpected token. Did you mean `{'}'}` or `&rbrace;`?
  639 |                     </div>
  640 |                   </div>
> 641 |                 ))}
      |                   ^
  642 |           </div>
  643 |         )}
  644 |         <Button

Parsing ecmascript source code failed

Import traces:
  Client Component Browser:
    ./src/app/admin/page.tsx [Client Component Browser]
    ./src/app/admin/page.tsx [Server Component]

  Client Component SSR:
    ./src/app/admin/page.tsx [Client Component SSR]
    ./src/app/admin/page.tsx [Server Component] @ http://localhost:3000/_next/static/chunks/node_modules_next_dist_1e8vcs8._.js:1052
[   25682ms] [ERROR] ./src/app/admin/page.tsx:641:19
Error: Unexpected token. Did you mean `{'}'}` or `&rbrace;`?
  639 |                     </div>
  640 |                   </div>
> 641 |                 ))}
      |                   ^
  642 |           </div>
  643 |         )}
  644 |         <Button

Parsing ecmascript source code failed

Import traces:
  Client Component Browser:
    ./src/app/admin/page.tsx [Client Component Browser]
    ./src/app/admin/page.tsx [Server Component]

  Client Component SSR:
    ./src/app/admin/page.tsx [Client Component SSR]
    ./src/app/admin/page.tsx [Server Component] @ http://localhost:3000/_next/static/chunks/node_modules_next_dist_1e8vcs8._.js:1052
[   25734ms] [ERROR] ./src/app/admin/page.tsx:641:19
Error: Unexpected token. Did you mean `{'}'}` or `&rbrace;`?
  639 |                     </div>
  640 |                   </div>
> 641 |                 ))}
      |                   ^
  642 |           </div>
  643 |         )}
  644 |         <Button

Parsing ecmascript source code failed

Import traces:
  Client Component Browser:
    ./src/app/admin/page.tsx [Client Component Browser]
    ./src/app/admin/page.tsx [Server Component]

  Client Component SSR:
    ./src/app/admin/page.tsx [Client Component SSR]
    ./src/app/admin/page.tsx [Server Component] @ http://localhost:3000/_next/static/chunks/node_modules_next_dist_1e8vcs8._.js:1052
[   25788ms] [ERROR] ./src/app/admin/page.tsx:641:19
Error: Unexpected token. Did you mean `{'}'}` or `&rbrace;`?
  639 |                     </div>
  640 |                   </div>
> 641 |                 ))}
      |                   ^
  642 |           </div>
  643 |         )}
  644 |         <Button

Parsing ecmascript source code failed

Import traces:
  Client Component Browser:
    ./src/app/admin/page.tsx [Client Component Browser]
    ./src/app/admin/page.tsx [Server Component]

  Client Component SSR:
    ./src/app/admin/page.tsx [Client Component SSR]
    ./src/app/admin/page.tsx [Server Component] @ http://localhost:3000/_next/static/chunks/node_modules_next_dist_1e8vcs8._.js:1052
[   25842ms] [ERROR] ./src/app/admin/page.tsx:641:19
Error: Unexpected token. Did you mean `{'}'}` or `&rbrace;`?
  639 |                     </div>
  640 |                   </div>
> 641 |                 ))}
      |                   ^
  642 |           </div>
  643 |         )}
  644 |         <Button

Parsing ecmascript source code failed

Import traces:
  Client Component Browser:
    ./src/app/admin/page.tsx [Client Component Browser]
    ./src/app/admin/page.tsx [Server Component]

  Client Component SSR:
    ./src/app/admin/page.tsx [Client Component SSR]
    ./src/app/admin/page.tsx [Server Component] @ http://localhost:3000/_next/static/chunks/node_modules_next_dist_1e8vcs8._.js:1052
[   25897ms] [ERROR] ./src/app/admin/page.tsx:641:19
Error: Unexpected token. Did you mean `{'}'}` or `&rbrace;`?
  639 |                     </div>
  640 |                   </div>
> 641 |                 ))}
      |                   ^
  642 |           </div>
  643 |         )}
  644 |         <Button

Parsing ecmascript source code failed

Import traces:
  Client Component Browser:
    ./src/app/admin/page.tsx [Client Component Browser]
    ./src/app/admin/page.tsx [Server Component]

  Client Component SSR:
    ./src/app/admin/page.tsx [Client Component SSR]
    ./src/app/admin/page.tsx [Server Component] @ http://localhost:3000/_next/static/chunks/node_modules_next_dist_1e8vcs8._.js:1052
[   25952ms] [ERROR] ./src/app/admin/page.tsx:641:19
Error: Unexpected token. Did you mean `{'}'}` or `&rbrace;`?
  639 |                     </div>
  640 |                   </div>
> 641 |                 ))}
      |                   ^
  642 |           </div>
  643 |         )}
  644 |         <Button

Parsing ecmascript source code failed

Import traces:
  Client Component Browser:
    ./src/app/admin/page.tsx [Client Component Browser]
    ./src/app/admin/page.tsx [Server Component]

  Client Component SSR:
    ./src/app/admin/page.tsx [Client Component SSR]
    ./src/app/admin/page.tsx [Server Component] @ http://localhost:3000/_next/static/chunks/node_modules_next_dist_1e8vcs8._.js:1052
[   26006ms] [ERROR] ./src/app/admin/page.tsx:641:19
Error: Unexpected token. Did you mean `{'}'}` or `&rbrace;`?
  639 |                     </div>
  640 |                   </div>
> 641 |                 ))}
      |                   ^
  642 |           </div>
  643 |         )}
  644 |         <Button

Parsing ecmascript source code failed

Import traces:
  Client Component Browser:
    ./src/app/admin/page.tsx [Client Component Browser]
    ./src/app/admin/page.tsx [Server Component]

  Client Component SSR:
    ./src/app/admin/page.tsx [Client Component SSR]
    ./src/app/admin/page.tsx [Server Component] @ http://localhost:3000/_next/static/chunks/node_modules_next_dist_1e8vcs8._.js:1052
[   26061ms] [ERROR] ./src/app/admin/page.tsx:641:19
Error: Unexpected token. Did you mean `{'}'}` or `&rbrace;`?
  639 |                     </div>
  640 |                   </div>
> 641 |                 ))}
      |                   ^
  642 |           </div>
  643 |         )}
  644 |         <Button

Parsing ecmascript source code failed

Import traces:
  Client Component Browser:
    ./src/app/admin/page.tsx [Client Component Browser]
    ./src/app/admin/page.tsx [Server Component]

  Client Component SSR:
    ./src/app/admin/page.tsx [Client Component SSR]
    ./src/app/admin/page.tsx [Server Component] @ http://localhost:3000/_next/static/chunks/node_modules_next_dist_1e8vcs8._.js:1052
[   26115ms] [ERROR] ./src/app/admin/page.tsx:641:19
Error: Unexpected token. Did you mean `{'}'}` or `&rbrace;`?
  639 |                     </div>
  640 |                   </div>
> 641 |                 ))}
      |                   ^
  642 |           </div>
  643 |         )}
  644 |         <Button

Parsing ecmascript source code failed

Import traces:
  Client Component Browser:
    ./src/app/admin/page.tsx [Client Component Browser]
    ./src/app/admin/page.tsx [Server Component]

  Client Component SSR:
    ./src/app/admin/page.tsx [Client Component SSR]
    ./src/app/admin/page.tsx [Server Component] @ http://localhost:3000/_next/static/chunks/node_modules_next_dist_1e8vcs8._.js:1052
[   26167ms] [ERROR] ./src/app/admin/page.tsx:641:19
Error: Unexpected token. Did you mean `{'}'}` or `&rbrace;`?
  639 |                     </div>
  640 |                   </div>
> 641 |                 ))}
      |                   ^
  642 |           </div>
  643 |         )}
  644 |         <Button

Parsing ecmascript source code failed

Import traces:
  Client Component Browser:
    ./src/app/admin/page.tsx [Client Component Browser]
    ./src/app/admin/page.tsx [Server Component]

  Client Component SSR:
    ./src/app/admin/page.tsx [Client Component SSR]
    ./src/app/admin/page.tsx [Server Component] @ http://localhost:3000/_next/static/chunks/node_modules_next_dist_1e8vcs8._.js:1052
[   26218ms] [ERROR] ./src/app/admin/page.tsx:641:19
Error: Unexpected token. Did you mean `{'}'}` or `&rbrace;`?
  639 |                     </div>
  640 |                   </div>
> 641 |                 ))}
      |                   ^
  642 |           </div>
  643 |         )}
  644 |         <Button

Parsing ecmascript source code failed

Import traces:
  Client Component Browser:
    ./src/app/admin/page.tsx [Client Component Browser]
    ./src/app/admin/page.tsx [Server Component]

  Client Component SSR:
    ./src/app/admin/page.tsx [Client Component SSR]
    ./src/app/admin/page.tsx [Server Component] @ http://localhost:3000/_next/static/chunks/node_modules_next_dist_1e8vcs8._.js:1052
[   26270ms] [ERROR] ./src/app/admin/page.tsx:641:19
Error: Unexpected token. Did you mean `{'}'}` or `&rbrace;`?
  639 |                     </div>
  640 |                   </div>
> 641 |                 ))}
      |                   ^
  642 |           </div>
  643 |         )}
  644 |         <Button

Parsing ecmascript source code failed

Import traces:
  Client Component Browser:
    ./src/app/admin/page.tsx [Client Component Browser]
    ./src/app/admin/page.tsx [Server Component]

  Client Component SSR:
    ./src/app/admin/page.tsx [Client Component SSR]
    ./src/app/admin/page.tsx [Server Component] @ http://localhost:3000/_next/static/chunks/node_modules_next_dist_1e8vcs8._.js:1052
[   26323ms] [ERROR] ./src/app/admin/page.tsx:641:19
Error: Unexpected token. Did you mean `{'}'}` or `&rbrace;`?
  639 |                     </div>
  640 |                   </div>
> 641 |                 ))}
      |                   ^
  642 |           </div>
  643 |         )}
  644 |         <Button

Parsing ecmascript source code failed

Import traces:
  Client Component Browser:
    ./src/app/admin/page.tsx [Client Component Browser]
    ./src/app/admin/page.tsx [Server Component]

  Client Component SSR:
    ./src/app/admin/page.tsx [Client Component SSR]
    ./src/app/admin/page.tsx [Server Component] @ http://localhost:3000/_next/static/chunks/node_modules_next_dist_1e8vcs8._.js:1052
[   26378ms] [ERROR] ./src/app/admin/page.tsx:641:19
Error: Unexpected token. Did you mean `{'}'}` or `&rbrace;`?
  639 |                     </div>
  640 |                   </div>
> 641 |                 ))}
      |                   ^
  642 |           </div>
  643 |         )}
  644 |         <Button

Parsing ecmascript source code failed

Import traces:
  Client Component Browser:
    ./src/app/admin/page.tsx [Client Component Browser]
    ./src/app/admin/page.tsx [Server Component]

  Client Component SSR:
    ./src/app/admin/page.tsx [Client Component SSR]
    ./src/app/admin/page.tsx [Server Component] @ http://localhost:3000/_next/static/chunks/node_modules_next_dist_1e8vcs8._.js:1052
[   26432ms] [ERROR] ./src/app/admin/page.tsx:641:19
Error: Unexpected token. Did you mean `{'}'}` or `&rbrace;`?
  639 |                     </div>
  640 |                   </div>
> 641 |                 ))}
      |                   ^
  642 |           </div>
  643 |         )}
  644 |         <Button

Parsing ecmascript source code failed

Import traces:
  Client Component Browser:
    ./src/app/admin/page.tsx [Client Component Browser]
    ./src/app/admin/page.tsx [Server Component]

  Client Component SSR:
    ./src/app/admin/page.tsx [Client Component SSR]
    ./src/app/admin/page.tsx [Server Component] @ http://localhost:3000/_next/static/chunks/node_modules_next_dist_1e8vcs8._.js:1052
[   26485ms] [ERROR] ./src/app/admin/page.tsx:641:19
Error: Unexpected token. Did you mean `{'}'}` or `&rbrace;`?
  639 |                     </div>
  640 |                   </div>
> 641 |                 ))}
      |                   ^
  642 |           </div>
  643 |         )}
  644 |         <Button

Parsing ecmascript source code failed

Import traces:
  Client Component Browser:
    ./src/app/admin/page.tsx [Client Component Browser]
    ./src/app/admin/page.tsx [Server Component]

  Client Component SSR:
    ./src/app/admin/page.tsx [Client Component SSR]
    ./src/app/admin/page.tsx [Server Component] @ http://localhost:3000/_next/static/chunks/node_modules_next_dist_1e8vcs8._.js:1052
[   26540ms] [ERROR] ./src/app/admin/page.tsx:641:19
Error: Unexpected token. Did you mean `{'}'}` or `&rbrace;`?
  639 |                     </div>
  640 |                   </div>
> 641 |                 ))}
      |                   ^
  642 |           </div>
  643 |         )}
  644 |         <Button

Parsing ecmascript source code failed

Import traces:
  Client Component Browser:
    ./src/app/admin/page.tsx [Client Component Browser]
    ./src/app/admin/page.tsx [Server Component]

  Client Component SSR:
    ./src/app/admin/page.tsx [Client Component SSR]
    ./src/app/admin/page.tsx [Server Component] @ http://localhost:3000/_next/static/chunks/node_modules_next_dist_1e8vcs8._.js:1052
[   26594ms] [ERROR] ./src/app/admin/page.tsx:641:19
Error: Unexpected token. Did you mean `{'}'}` or `&rbrace;`?
  639 |                     </div>
  640 |                   </div>
> 641 |                 ))}
      |                   ^
  642 |           </div>
  643 |         )}
  644 |         <Button

Parsing ecmascript source code failed

Import traces:
  Client Component Browser:
    ./src/app/admin/page.tsx [Client Component Browser]
    ./src/app/admin/page.tsx [Server Component]

  Client Component SSR:
    ./src/app/admin/page.tsx [Client Component SSR]
    ./src/app/admin/page.tsx [Server Component] @ http://localhost:3000/_next/static/chunks/node_modules_next_dist_1e8vcs8._.js:1052
[   26647ms] [ERROR] ./src/app/admin/page.tsx:641:19
Error: Unexpected token. Did you mean `{'}'}` or `&rbrace;`?
  639 |                     </div>
  640 |                   </div>
> 641 |                 ))}
      |                   ^
  642 |           </div>
  643 |         )}
  644 |         <Button

Parsing ecmascript source code failed

Import traces:
  Client Component Browser:
    ./src/app/admin/page.tsx [Client Component Browser]
    ./src/app/admin/page.tsx [Server Component]

  Client Component SSR:
    ./src/app/admin/page.tsx [Client Component SSR]
    ./src/app/admin/page.tsx [Server Component] @ http://localhost:3000/_next/static/chunks/node_modules_next_dist_1e8vcs8._.js:1052
[   26701ms] [ERROR] ./src/app/admin/page.tsx:641:19
Error: Unexpected token. Did you mean `{'}'}` or `&rbrace;`?
  639 |                     </div>
  640 |                   </div>
> 641 |                 ))}
      |                   ^
  642 |           </div>
  643 |         )}
  644 |         <Button

Parsing ecmascript source code failed

Import traces:
  Client Component Browser:
    ./src/app/admin/page.tsx [Client Component Browser]
    ./src/app/admin/page.tsx [Server Component]

  Client Component SSR:
    ./src/app/admin/page.tsx [Client Component SSR]
    ./src/app/admin/page.tsx [Server Component] @ http://localhost:3000/_next/static/chunks/node_modules_next_dist_1e8vcs8._.js:1052
[   26755ms] [ERROR] ./src/app/admin/page.tsx:641:19
Error: Unexpected token. Did you mean `{'}'}` or `&rbrace;`?
  639 |                     </div>
  640 |                   </div>
> 641 |                 ))}
      |                   ^
  642 |           </div>
  643 |         )}
  644 |         <Button

Parsing ecmascript source code failed

Import traces:
  Client Component Browser:
    ./src/app/admin/page.tsx [Client Component Browser]
    ./src/app/admin/page.tsx [Server Component]

  Client Component SSR:
    ./src/app/admin/page.tsx [Client Component SSR]
    ./src/app/admin/page.tsx [Server Component] @ http://localhost:3000/_next/static/chunks/node_modules_next_dist_1e8vcs8._.js:1052
[   26811ms] [ERROR] ./src/app/admin/page.tsx:641:19
Error: Unexpected token. Did you mean `{'}'}` or `&rbrace;`?
  639 |                     </div>
  640 |                   </div>
> 641 |                 ))}
      |                   ^
  642 |           </div>
  643 |         )}
  644 |         <Button

Parsing ecmascript source code failed

Import traces:
  Client Component Browser:
    ./src/app/admin/page.tsx [Client Component Browser]
    ./src/app/admin/page.tsx [Server Component]

  Client Component SSR:
    ./src/app/admin/page.tsx [Client Component SSR]
    ./src/app/admin/page.tsx [Server Component] @ http://localhost:3000/_next/static/chunks/node_modules_next_dist_1e8vcs8._.js:1052
[   26862ms] [ERROR] ./src/app/admin/page.tsx:641:19
Error: Unexpected token. Did you mean `{'}'}` or `&rbrace;`?
  639 |                     </div>
  640 |                   </div>
> 641 |                 ))}
      |                   ^
  642 |           </div>
  643 |         )}
  644 |         <Button

Parsing ecmascript source code failed

Import traces:
  Client Component Browser:
    ./src/app/admin/page.tsx [Client Component Browser]
    ./src/app/admin/page.tsx [Server Component]

  Client Component SSR:
    ./src/app/admin/page.tsx [Client Component SSR]
    ./src/app/admin/page.tsx [Server Component] @ http://localhost:3000/_next/static/chunks/node_modules_next_dist_1e8vcs8._.js:1052
[   26916ms] [ERROR] ./src/app/admin/page.tsx:641:19
Error: Unexpected token. Did you mean `{'}'}` or `&rbrace;`?
  639 |                     </div>
  640 |                   </div>
> 641 |                 ))}
      |                   ^
  642 |           </div>
  643 |         )}
  644 |         <Button

Parsing ecmascript source code failed

Import traces:
  Client Component Browser:
    ./src/app/admin/page.tsx [Client Component Browser]
    ./src/app/admin/page.tsx [Server Component]

  Client Component SSR:
    ./src/app/admin/page.tsx [Client Component SSR]
    ./src/app/admin/page.tsx [Server Component] @ http://localhost:3000/_next/static/chunks/node_modules_next_dist_1e8vcs8._.js:1052
[   26968ms] [ERROR] ./src/app/admin/page.tsx:641:19
Error: Unexpected token. Did you mean `{'}'}` or `&rbrace;`?
  639 |                     </div>
  640 |                   </div>
> 641 |                 ))}
      |                   ^
  642 |           </div>
  643 |         )}
  644 |         <Button

Parsing ecmascript source code failed

Import traces:
  Client Component Browser:
    ./src/app/admin/page.tsx [Client Component Browser]
    ./src/app/admin/page.tsx [Server Component]

  Client Component SSR:
    ./src/app/admin/page.tsx [Client Component SSR]
    ./src/app/admin/page.tsx [Server Component] @ http://localhost:3000/_next/static/chunks/node_modules_next_dist_1e8vcs8._.js:1052
[   27018ms] [ERROR] ./src/app/admin/page.tsx:641:19
Error: Unexpected token. Did you mean `{'}'}` or `&rbrace;`?
  639 |                     </div>
  640 |                   </div>
> 641 |                 ))}
      |                   ^
  642 |           </div>
  643 |         )}
  644 |         <Button

Parsing ecmascript source code failed

Import traces:
  Client Component Browser:
    ./src/app/admin/page.tsx [Client Component Browser]
    ./src/app/admin/page.tsx [Server Component]

  Client Component SSR:
    ./src/app/admin/page.tsx [Client Component SSR]
    ./src/app/admin/page.tsx [Server Component] @ http://localhost:3000/_next/static/chunks/node_modules_next_dist_1e8vcs8._.js:1052
[   27070ms] [ERROR] ./src/app/admin/page.tsx:641:19
Error: Unexpected token. Did you mean `{'}'}` or `&rbrace;`?
  639 |                     </div>
  640 |                   </div>
> 641 |                 ))}
      |                   ^
  642 |           </div>
  643 |         )}
  644 |         <Button

Parsing ecmascript source code failed

Import traces:
  Client Component Browser:
    ./src/app/admin/page.tsx [Client Component Browser]
    ./src/app/admin/page.tsx [Server Component]

  Client Component SSR:
    ./src/app/admin/page.tsx [Client Component SSR]
    ./src/app/admin/page.tsx [Server Component] @ http://localhost:3000/_next/static/chunks/node_modules_next_dist_1e8vcs8._.js:1052
[   27122ms] [ERROR] ./src/app/admin/page.tsx:641:19
Error: Unexpected token. Did you mean `{'}'}` or `&rbrace;`?
  639 |                     </div>
  640 |                   </div>
> 641 |                 ))}
      |                   ^
  642 |           </div>
  643 |         )}
  644 |         <Button

Parsing ecmascript source code failed

Import traces:
  Client Component Browser:
    ./src/app/admin/page.tsx [Client Component Browser]
    ./src/app/admin/page.tsx [Server Component]

  Client Component SSR:
    ./src/app/admin/page.tsx [Client Component SSR]
    ./src/app/admin/page.tsx [Server Component] @ http://localhost:3000/_next/static/chunks/node_modules_next_dist_1e8vcs8._.js:1052
[   27172ms] [ERROR] ./src/app/admin/page.tsx:641:19
Error: Unexpected token. Did you mean `{'}'}` or `&rbrace;`?
  639 |                     </div>
  640 |                   </div>
> 641 |                 ))}
      |                   ^
  642 |           </div>
  643 |         )}
  644 |         <Button

Parsing ecmascript source code failed

Import traces:
  Client Component Browser:
    ./src/app/admin/page.tsx [Client Component Browser]
    ./src/app/admin/page.tsx [Server Component]

  Client Component SSR:
    ./src/app/admin/page.tsx [Client Component SSR]
    ./src/app/admin/page.tsx [Server Component] @ http://localhost:3000/_next/static/chunks/node_modules_next_dist_1e8vcs8._.js:1052
[   27224ms] [ERROR] ./src/app/admin/page.tsx:641:19
Error: Unexpected token. Did you mean `{'}'}` or `&rbrace;`?
  639 |                     </div>
  640 |                   </div>
> 641 |                 ))}
      |                   ^
  642 |           </div>
  643 |         )}
  644 |         <Button

Parsing ecmascript source code failed

Import traces:
  Client Component Browser:
    ./src/app/admin/page.tsx [Client Component Browser]
    ./src/app/admin/page.tsx [Server Component]

  Client Component SSR:
    ./src/app/admin/page.tsx [Client Component SSR]
    ./src/app/admin/page.tsx [Server Component] @ http://localhost:3000/_next/static/chunks/node_modules_next_dist_1e8vcs8._.js:1052
[   27276ms] [ERROR] ./src/app/admin/page.tsx:641:19
Error: Unexpected token. Did you mean `{'}'}` or `&rbrace;`?
  639 |                     </div>
  640 |                   </div>
> 641 |                 ))}
      |                   ^
  642 |           </div>
  643 |         )}
  644 |         <Button

Parsing ecmascript source code failed

Import traces:
  Client Component Browser:
    ./src/app/admin/page.tsx [Client Component Browser]
    ./src/app/admin/page.tsx [Server Component]

  Client Component SSR:
    ./src/app/admin/page.tsx [Client Component SSR]
    ./src/app/admin/page.tsx [Server Component] @ http://localhost:3000/_next/static/chunks/node_modules_next_dist_1e8vcs8._.js:1052
[   27329ms] [ERROR] ./src/app/admin/page.tsx:641:19
Error: Unexpected token. Did you mean `{'}'}` or `&rbrace;`?
  639 |                     </div>
  640 |                   </div>
> 641 |                 ))}
      |                   ^
  642 |           </div>
  643 |         )}
  644 |         <Button

Parsing ecmascript source code failed

Import traces:
  Client Component Browser:
    ./src/app/admin/page.tsx [Client Component Browser]
    ./src/app/admin/page.tsx [Server Component]

  Client Component SSR:
    ./src/app/admin/page.tsx [Client Component SSR]
    ./src/app/admin/page.tsx [Server Component] @ http://localhost:3000/_next/static/chunks/node_modules_next_dist_1e8vcs8._.js:1052
[   27382ms] [ERROR] ./src/app/admin/page.tsx:641:19
Error: Unexpected token. Did you mean `{'}'}` or `&rbrace;`?
  639 |                     </div>
  640 |                   </div>
> 641 |                 ))}
      |                   ^
  642 |           </div>
  643 |         )}
  644 |         <Button

Parsing ecmascript source code failed

Import traces:
  Client Component Browser:
    ./src/app/admin/page.tsx [Client Component Browser]
    ./src/app/admin/page.tsx [Server Component]

  Client Component SSR:
    ./src/app/admin/page.tsx [Client Component SSR]
    ./src/app/admin/page.tsx [Server Component] @ http://localhost:3000/_next/static/chunks/node_modules_next_dist_1e8vcs8._.js:1052
[   27433ms] [ERROR] ./src/app/admin/page.tsx:641:19
Error: Unexpected token. Did you mean `{'}'}` or `&rbrace;`?
  639 |                     </div>
  640 |                   </div>
> 641 |                 ))}
      |                   ^
  642 |           </div>
  643 |         )}
  644 |         <Button

Parsing ecmascript source code failed

Import traces:
  Client Component Browser:
    ./src/app/admin/page.tsx [Client Component Browser]
    ./src/app/admin/page.tsx [Server Component]

  Client Component SSR:
    ./src/app/admin/page.tsx [Client Component SSR]
    ./src/app/admin/page.tsx [Server Component] @ http://localhost:3000/_next/static/chunks/node_modules_next_dist_1e8vcs8._.js:1052
[   27484ms] [ERROR] ./src/app/admin/page.tsx:641:19
Error: Unexpected token. Did you mean `{'}'}` or `&rbrace;`?
  639 |                     </div>
  640 |                   </div>
> 641 |                 ))}
      |                   ^
  642 |           </div>
  643 |         )}
  644 |         <Button

Parsing ecmascript source code failed

Import traces:
  Client Component Browser:
    ./src/app/admin/page.tsx [Client Component Browser]
    ./src/app/admin/page.tsx [Server Component]

  Client Component SSR:
    ./src/app/admin/page.tsx [Client Component SSR]
    ./src/app/admin/page.tsx [Server Component] @ http://localhost:3000/_next/static/chunks/node_modules_next_dist_1e8vcs8._.js:1052
[   27535ms] [ERROR] ./src/app/admin/page.tsx:641:19
Error: Unexpected token. Did you mean `{'}'}` or `&rbrace;`?
  639 |                     </div>
  640 |                   </div>
> 641 |                 ))}
      |                   ^
  642 |           </div>
  643 |         )}
  644 |         <Button

Parsing ecmascript source code failed

Import traces:
  Client Component Browser:
    ./src/app/admin/page.tsx [Client Component Browser]
    ./src/app/admin/page.tsx [Server Component]

  Client Component SSR:
    ./src/app/admin/page.tsx [Client Component SSR]
    ./src/app/admin/page.tsx [Server Component] @ http://localhost:3000/_next/static/chunks/node_modules_next_dist_1e8vcs8._.js:1052
[   27585ms] [ERROR] ./src/app/admin/page.tsx:641:19
Error: Unexpected token. Did you mean `{'}'}` or `&rbrace;`?
  639 |                     </div>
  640 |                   </div>
> 641 |                 ))}
      |                   ^
  642 |           </div>
  643 |         )}
  644 |         <Button

Parsing ecmascript source code failed

Import traces:
  Client Component Browser:
    ./src/app/admin/page.tsx [Client Component Browser]
    ./src/app/admin/page.tsx [Server Component]

  Client Component SSR:
    ./src/app/admin/page.tsx [Client Component SSR]
    ./src/app/admin/page.tsx [Server Component] @ http://localhost:3000/_next/static/chunks/node_modules_next_dist_1e8vcs8._.js:1052
[   27637ms] [ERROR] ./src/app/admin/page.tsx:641:19
Error: Unexpected token. Did you mean `{'}'}` or `&rbrace;`?
  639 |                     </div>
  640 |                   </div>
> 641 |                 ))}
      |                   ^
  642 |           </div>
  643 |         )}
  644 |         <Button

Parsing ecmascript source code failed

Import traces:
  Client Component Browser:
    ./src/app/admin/page.tsx [Client Component Browser]
    ./src/app/admin/page.tsx [Server Component]

  Client Component SSR:
    ./src/app/admin/page.tsx [Client Component SSR]
    ./src/app/admin/page.tsx [Server Component] @ http://localhost:3000/_next/static/chunks/node_modules_next_dist_1e8vcs8._.js:1052
[   27689ms] [ERROR] ./src/app/admin/page.tsx:641:19
Error: Unexpected token. Did you mean `{'}'}` or `&rbrace;`?
  639 |                     </div>
  640 |                   </div>
> 641 |                 ))}
      |                   ^
  642 |           </div>
  643 |         )}
  644 |         <Button

Parsing ecmascript source code failed

Import traces:
  Client Component Browser:
    ./src/app/admin/page.tsx [Client Component Browser]
    ./src/app/admin/page.tsx [Server Component]

  Client Component SSR:
    ./src/app/admin/page.tsx [Client Component SSR]
    ./src/app/admin/page.tsx [Server Component] @ http://localhost:3000/_next/static/chunks/node_modules_next_dist_1e8vcs8._.js:1052
[   27741ms] [ERROR] ./src/app/admin/page.tsx:641:19
Error: Unexpected token. Did you mean `{'}'}` or `&rbrace;`?
  639 |                     </div>
  640 |                   </div>
> 641 |                 ))}
      |                   ^
  642 |           </div>
  643 |         )}
  644 |         <Button

Parsing ecmascript source code failed

Import traces:
  Client Component Browser:
    ./src/app/admin/page.tsx [Client Component Browser]
    ./src/app/admin/page.tsx [Server Component]

  Client Component SSR:
    ./src/app/admin/page.tsx [Client Component SSR]
    ./src/app/admin/page.tsx [Server Component] @ http://localhost:3000/_next/static/chunks/node_modules_next_dist_1e8vcs8._.js:1052
[   27793ms] [ERROR] ./src/app/admin/page.tsx:641:19
Error: Unexpected token. Did you mean `{'}'}` or `&rbrace;`?
  639 |                     </div>
  640 |                   </div>
> 641 |                 ))}
      |                   ^
  642 |           </div>
  643 |         )}
  644 |         <Button

Parsing ecmascript source code failed

Import traces:
  Client Component Browser:
    ./src/app/admin/page.tsx [Client Component Browser]
    ./src/app/admin/page.tsx [Server Component]

  Client Component SSR:
    ./src/app/admin/page.tsx [Client Component SSR]
    ./src/app/admin/page.tsx [Server Component] @ http://localhost:3000/_next/static/chunks/node_modules_next_dist_1e8vcs8._.js:1052
[   27848ms] [ERROR] ./src/app/admin/page.tsx:641:19
Error: Unexpected token. Did you mean `{'}'}` or `&rbrace;`?
  639 |                     </div>
  640 |                   </div>
> 641 |                 ))}
      |                   ^
  642 |           </div>
  643 |         )}
  644 |         <Button

Parsing ecmascript source code failed

Import traces:
  Client Component Browser:
    ./src/app/admin/page.tsx [Client Component Browser]
    ./src/app/admin/page.tsx [Server Component]

  Client Component SSR:
    ./src/app/admin/page.tsx [Client Component SSR]
    ./src/app/admin/page.tsx [Server Component] @ http://localhost:3000/_next/static/chunks/node_modules_next_dist_1e8vcs8._.js:1052
[   27901ms] [ERROR] ./src/app/admin/page.tsx:641:19
Error: Unexpected token. Did you mean `{'}'}` or `&rbrace;`?
  639 |                     </div>
  640 |                   </div>
> 641 |                 ))}
      |                   ^
  642 |           </div>
  643 |         )}
  644 |         <Button

Parsing ecmascript source code failed

Import traces:
  Client Component Browser:
    ./src/app/admin/page.tsx [Client Component Browser]
    ./src/app/admin/page.tsx [Server Component]

  Client Component SSR:
    ./src/app/admin/page.tsx [Client Component SSR]
    ./src/app/admin/page.tsx [Server Component] @ http://localhost:3000/_next/static/chunks/node_modules_next_dist_1e8vcs8._.js:1052
[   27954ms] [ERROR] ./src/app/admin/page.tsx:641:19
Error: Unexpected token. Did you mean `{'}'}` or `&rbrace;`?
  639 |                     </div>
  640 |                   </div>
> 641 |                 ))}
      |                   ^
  642 |           </div>
  643 |         )}
  644 |         <Button

Parsing ecmascript source code failed

Import traces:
  Client Component Browser:
    ./src/app/admin/page.tsx [Client Component Browser]
    ./src/app/admin/page.tsx [Server Component]

  Client Component SSR:
    ./src/app/admin/page.tsx [Client Component SSR]
    ./src/app/admin/page.tsx [Server Component] @ http://localhost:3000/_next/static/chunks/node_modules_next_dist_1e8vcs8._.js:1052
[   28006ms] [ERROR] ./src/app/admin/page.tsx:641:19
Error: Unexpected token. Did you mean `{'}'}` or `&rbrace;`?
  639 |                     </div>
  640 |                   </div>
> 641 |                 ))}
      |                   ^
  642 |           </div>
  643 |         )}
  644 |         <Button

Parsing ecmascript source code failed

Import traces:
  Client Component Browser:
    ./src/app/admin/page.tsx [Client Component Browser]
    ./src/app/admin/page.tsx [Server Component]

  Client Component SSR:
    ./src/app/admin/page.tsx [Client Component SSR]
    ./src/app/admin/page.tsx [Server Component] @ http://localhost:3000/_next/static/chunks/node_modules_next_dist_1e8vcs8._.js:1052
[   28060ms] [ERROR] ./src/app/admin/page.tsx:641:19
Error: Unexpected token. Did you mean `{'}'}` or `&rbrace;`?
  639 |                     </div>
  640 |                   </div>
> 641 |                 ))}
      |                   ^
  642 |           </div>
  643 |         )}
  644 |         <Button

Parsing ecmascript source code failed

Import traces:
  Client Component Browser:
    ./src/app/admin/page.tsx [Client Component Browser]
    ./src/app/admin/page.tsx [Server Component]

  Client Component SSR:
    ./src/app/admin/page.tsx [Client Component SSR]
    ./src/app/admin/page.tsx [Server Component] @ http://localhost:3000/_next/static/chunks/node_modules_next_dist_1e8vcs8._.js:1052
[   28113ms] [ERROR] ./src/app/admin/page.tsx:641:19
Error: Unexpected token. Did you mean `{'}'}` or `&rbrace;`?
  639 |                     </div>
  640 |                   </div>
> 641 |                 ))}
      |                   ^
  642 |           </div>
  643 |         )}
  644 |         <Button

Parsing ecmascript source code failed

Import traces:
  Client Component Browser:
    ./src/app/admin/page.tsx [Client Component Browser]
    ./src/app/admin/page.tsx [Server Component]

  Client Component SSR:
    ./src/app/admin/page.tsx [Client Component SSR]
    ./src/app/admin/page.tsx [Server Component] @ http://localhost:3000/_next/static/chunks/node_modules_next_dist_1e8vcs8._.js:1052
[   28166ms] [ERROR] ./src/app/admin/page.tsx:641:19
Error: Unexpected token. Did you mean `{'}'}` or `&rbrace;`?
  639 |                     </div>
  640 |                   </div>
> 641 |                 ))}
      |                   ^
  642 |           </div>
  643 |         )}
  644 |         <Button

Parsing ecmascript source code failed

Import traces:
  Client Component Browser:
    ./src/app/admin/page.tsx [Client Component Browser]
    ./src/app/admin/page.tsx [Server Component]

  Client Component SSR:
    ./src/app/admin/page.tsx [Client Component SSR]
    ./src/app/admin/page.tsx [Server Component] @ http://localhost:3000/_next/static/chunks/node_modules_next_dist_1e8vcs8._.js:1052
[   28218ms] [ERROR] ./src/app/admin/page.tsx:641:19
Error: Unexpected token. Did you mean `{'}'}` or `&rbrace;`?
  639 |                     </div>
  640 |                   </div>
> 641 |                 ))}
      |                   ^
  642 |           </div>
  643 |         )}
  644 |         <Button

Parsing ecmascript source code failed

Import traces:
  Client Component Browser:
    ./src/app/admin/page.tsx [Client Component Browser]
    ./src/app/admin/page.tsx [Server Component]

  Client Component SSR:
    ./src/app/admin/page.tsx [Client Component SSR]
    ./src/app/admin/page.tsx [Server Component] @ http://localhost:3000/_next/static/chunks/node_modules_next_dist_1e8vcs8._.js:1052
[   28271ms] [ERROR] ./src/app/admin/page.tsx:641:19
Error: Unexpected token. Did you mean `{'}'}` or `&rbrace;`?
  639 |                     </div>
  640 |                   </div>
> 641 |                 ))}
      |                   ^
  642 |           </div>
  643 |         )}
  644 |         <Button

Parsing ecmascript source code failed

Import traces:
  Client Component Browser:
    ./src/app/admin/page.tsx [Client Component Browser]
    ./src/app/admin/page.tsx [Server Component]

  Client Component SSR:
    ./src/app/admin/page.tsx [Client Component SSR]
    ./src/app/admin/page.tsx [Server Component] @ http://localhost:3000/_next/static/chunks/node_modules_next_dist_1e8vcs8._.js:1052
[   28324ms] [ERROR] ./src/app/admin/page.tsx:641:19
Error: Unexpected token. Did you mean `{'}'}` or `&rbrace;`?
  639 |                     </div>
  640 |                   </div>
> 641 |                 ))}
      |                   ^
  642 |           </div>
  643 |         )}
  644 |         <Button

Parsing ecmascript source code failed

Import traces:
  Client Component Browser:
    ./src/app/admin/page.tsx [Client Component Browser]
    ./src/app/admin/page.tsx [Server Component]

  Client Component SSR:
    ./src/app/admin/page.tsx [Client Component SSR]
    ./src/app/admin/page.tsx [Server Component] @ http://localhost:3000/_next/static/chunks/node_modules_next_dist_1e8vcs8._.js:1052
[   28378ms] [ERROR] ./src/app/admin/page.tsx:641:19
Error: Unexpected token. Did you mean `{'}'}` or `&rbrace;`?
  639 |                     </div>
  640 |                   </div>
> 641 |                 ))}
      |                   ^
  642 |           </div>
  643 |         )}
  644 |         <Button

Parsing ecmascript source code failed

Import traces:
  Client Component Browser:
    ./src/app/admin/page.tsx [Client Component Browser]
    ./src/app/admin/page.tsx [Server Component]

  Client Component SSR:
    ./src/app/admin/page.tsx [Client Component SSR]
    ./src/app/admin/page.tsx [Server Component] @ http://localhost:3000/_next/static/chunks/node_modules_next_dist_1e8vcs8._.js:1052
[   28431ms] [ERROR] ./src/app/admin/page.tsx:641:19
Error: Unexpected token. Did you mean `{'}'}` or `&rbrace;`?
  639 |                     </div>
  640 |                   </div>
> 641 |                 ))}
      |                   ^
  642 |           </div>
  643 |         )}
  644 |         <Button

Parsing ecmascript source code failed

Import traces:
  Client Component Browser:
    ./src/app/admin/page.tsx [Client Component Browser]
    ./src/app/admin/page.tsx [Server Component]

  Client Component SSR:
    ./src/app/admin/page.tsx [Client Component SSR]
    ./src/app/admin/page.tsx [Server Component] @ http://localhost:3000/_next/static/chunks/node_modules_next_dist_1e8vcs8._.js:1052
[   28482ms] [ERROR] ./src/app/admin/page.tsx:641:19
Error: Unexpected token. Did you mean `{'}'}` or `&rbrace;`?
  639 |                     </div>
  640 |                   </div>
> 641 |                 ))}
      |                   ^
  642 |           </div>
  643 |         )}
  644 |         <Button

Parsing ecmascript source code failed

Import traces:
  Client Component Browser:
    ./src/app/admin/page.tsx [Client Component Browser]
    ./src/app/admin/page.tsx [Server Component]

  Client Component SSR:
    ./src/app/admin/page.tsx [Client Component SSR]
    ./src/app/admin/page.tsx [Server Component] @ http://localhost:3000/_next/static/chunks/node_modules_next_dist_1e8vcs8._.js:1052
[   28536ms] [ERROR] ./src/app/admin/page.tsx:641:19
Error: Unexpected token. Did you mean `{'}'}` or `&rbrace;`?
  639 |                     </div>
  640 |                   </div>
> 641 |                 ))}
      |                   ^
  642 |           </div>
  643 |         )}
  644 |         <Button

Parsing ecmascript source code failed

Import traces:
  Client Component Browser:
    ./src/app/admin/page.tsx [Client Component Browser]
    ./src/app/admin/page.tsx [Server Component]

  Client Component SSR:
    ./src/app/admin/page.tsx [Client Component SSR]
    ./src/app/admin/page.tsx [Server Component] @ http://localhost:3000/_next/static/chunks/node_modules_next_dist_1e8vcs8._.js:1052
[   28589ms] [ERROR] ./src/app/admin/page.tsx:641:19
Error: Unexpected token. Did you mean `{'}'}` or `&rbrace;`?
  639 |                     </div>
  640 |                   </div>
> 641 |                 ))}
      |                   ^
  642 |           </div>
  643 |         )}
  644 |         <Button

Parsing ecmascript source code failed

Import traces:
  Client Component Browser:
    ./src/app/admin/page.tsx [Client Component Browser]
    ./src/app/admin/page.tsx [Server Component]

  Client Component SSR:
    ./src/app/admin/page.tsx [Client Component SSR]
    ./src/app/admin/page.tsx [Server Component] @ http://localhost:3000/_next/static/chunks/node_modules_next_dist_1e8vcs8._.js:1052
[   28641ms] [ERROR] ./src/app/admin/page.tsx:641:19
Error: Unexpected token. Did you mean `{'}'}` or `&rbrace;`?
  639 |                     </div>
  640 |                   </div>
> 641 |                 ))}
      |                   ^
  642 |           </div>
  643 |         )}
  644 |         <Button

Parsing ecmascript source code failed

Import traces:
  Client Component Browser:
    ./src/app/admin/page.tsx [Client Component Browser]
    ./src/app/admin/page.tsx [Server Component]

  Client Component SSR:
    ./src/app/admin/page.tsx [Client Component SSR]
    ./src/app/admin/page.tsx [Server Component] @ http://localhost:3000/_next/static/chunks/node_modules_next_dist_1e8vcs8._.js:1052
[   28694ms] [ERROR] ./src/app/admin/page.tsx:641:19
Error: Unexpected token. Did you mean `{'}'}` or `&rbrace;`?
  639 |                     </div>
  640 |                   </div>
> 641 |                 ))}
      |                   ^
  642 |           </div>
  643 |         )}
  644 |         <Button

Parsing ecmascript source code failed

Import traces:
  Client Component Browser:
    ./src/app/admin/page.tsx [Client Component Browser]
    ./src/app/admin/page.tsx [Server Component]

  Client Component SSR:
    ./src/app/admin/page.tsx [Client Component SSR]
    ./src/app/admin/page.tsx [Server Component] @ http://localhost:3000/_next/static/chunks/node_modules_next_dist_1e8vcs8._.js:1052
[   28747ms] [ERROR] ./src/app/admin/page.tsx:641:19
Error: Unexpected token. Did you mean `{'}'}` or `&rbrace;`?
  639 |                     </div>
  640 |                   </div>
> 641 |                 ))}
      |                   ^
  642 |           </div>
  643 |         )}
  644 |         <Button

Parsing ecmascript source code failed

Import traces:
  Client Component Browser:
    ./src/app/admin/page.tsx [Client Component Browser]
    ./src/app/admin/page.tsx [Server Component]

  Client Component SSR:
    ./src/app/admin/page.tsx [Client Component SSR]
    ./src/app/admin/page.tsx [Server Component] @ http://localhost:3000/_next/static/chunks/node_modules_next_dist_1e8vcs8._.js:1052
[   28800ms] [ERROR] ./src/app/admin/page.tsx:641:19
Error: Unexpected token. Did you mean `{'}'}` or `&rbrace;`?
  639 |                     </div>
  640 |                   </div>
> 641 |                 ))}
      |                   ^
  642 |           </div>
  643 |         )}
  644 |         <Button

Parsing ecmascript source code failed

Import traces:
  Client Component Browser:
    ./src/app/admin/page.tsx [Client Component Browser]
    ./src/app/admin/page.tsx [Server Component]

  Client Component SSR:
    ./src/app/admin/page.tsx [Client Component SSR]
    ./src/app/admin/page.tsx [Server Component] @ http://localhost:3000/_next/static/chunks/node_modules_next_dist_1e8vcs8._.js:1052
[   28851ms] [ERROR] ./src/app/admin/page.tsx:641:19
Error: Unexpected token. Did you mean `{'}'}` or `&rbrace;`?
  639 |                     </div>
  640 |                   </div>
> 641 |                 ))}
      |                   ^
  642 |           </div>
  643 |         )}
  644 |         <Button

Parsing ecmascript source code failed

Import traces:
  Client Component Browser:
    ./src/app/admin/page.tsx [Client Component Browser]
    ./src/app/admin/page.tsx [Server Component]

  Client Component SSR:
    ./src/app/admin/page.tsx [Client Component SSR]
    ./src/app/admin/page.tsx [Server Component] @ http://localhost:3000/_next/static/chunks/node_modules_next_dist_1e8vcs8._.js:1052
[   28903ms] [ERROR] ./src/app/admin/page.tsx:641:19
Error: Unexpected token. Did you mean `{'}'}` or `&rbrace;`?
  639 |                     </div>
  640 |                   </div>
> 641 |                 ))}
      |                   ^
  642 |           </div>
  643 |         )}
  644 |         <Button

Parsing ecmascript source code failed

Import traces:
  Client Component Browser:
    ./src/app/admin/page.tsx [Client Component Browser]
    ./src/app/admin/page.tsx [Server Component]

  Client Component SSR:
    ./src/app/admin/page.tsx [Client Component SSR]
    ./src/app/admin/page.tsx [Server Component] @ http://localhost:3000/_next/static/chunks/node_modules_next_dist_1e8vcs8._.js:1052
[   28957ms] [ERROR] ./src/app/admin/page.tsx:641:19
Error: Unexpected token. Did you mean `{'}'}` or `&rbrace;`?
  639 |                     </div>
  640 |                   </div>
> 641 |                 ))}
      |                   ^
  642 |           </div>
  643 |         )}
  644 |         <Button

Parsing ecmascript source code failed

Import traces:
  Client Component Browser:
    ./src/app/admin/page.tsx [Client Component Browser]
    ./src/app/admin/page.tsx [Server Component]

  Client Component SSR:
    ./src/app/admin/page.tsx [Client Component SSR]
    ./src/app/admin/page.tsx [Server Component] @ http://localhost:3000/_next/static/chunks/node_modules_next_dist_1e8vcs8._.js:1052
[   29008ms] [ERROR] ./src/app/admin/page.tsx:641:19
Error: Unexpected token. Did you mean `{'}'}` or `&rbrace;`?
  639 |                     </div>
  640 |                   </div>
> 641 |                 ))}
      |                   ^
  642 |           </div>
  643 |         )}
  644 |         <Button

Parsing ecmascript source code failed

Import traces:
  Client Component Browser:
    ./src/app/admin/page.tsx [Client Component Browser]
    ./src/app/admin/page.tsx [Server Component]

  Client Component SSR:
    ./src/app/admin/page.tsx [Client Component SSR]
    ./src/app/admin/page.tsx [Server Component] @ http://localhost:3000/_next/static/chunks/node_modules_next_dist_1e8vcs8._.js:1052
[   29070ms] [ERROR] ./src/app/admin/page.tsx:641:19
Error: Unexpected token. Did you mean `{'}'}` or `&rbrace;`?
  639 |                     </div>
  640 |                   </div>
> 641 |                 ))}
      |                   ^
  642 |           </div>
  643 |         )}
  644 |         <Button

Parsing ecmascript source code failed

Import traces:
  Client Component Browser:
    ./src/app/admin/page.tsx [Client Component Browser]
    ./src/app/admin/page.tsx [Server Component]

  Client Component SSR:
    ./src/app/admin/page.tsx [Client Component SSR]
    ./src/app/admin/page.tsx [Server Component] @ http://localhost:3000/_next/static/chunks/node_modules_next_dist_1e8vcs8._.js:1052
[   29121ms] [ERROR] ./src/app/admin/page.tsx:641:19
Error: Unexpected token. Did you mean `{'}'}` or `&rbrace;`?
  639 |                     </div>
  640 |                   </div>
> 641 |                 ))}
      |                   ^
  642 |           </div>
  643 |         )}
  644 |         <Button

Parsing ecmascript source code failed

Import traces:
  Client Component Browser:
    ./src/app/admin/page.tsx [Client Component Browser]
    ./src/app/admin/page.tsx [Server Component]

  Client Component SSR:
    ./src/app/admin/page.tsx [Client Component SSR]
    ./src/app/admin/page.tsx [Server Component] @ http://localhost:3000/_next/static/chunks/node_modules_next_dist_1e8vcs8._.js:1052
[   29177ms] [ERROR] ./src/app/admin/page.tsx:641:19
Error: Unexpected token. Did you mean `{'}'}` or `&rbrace;`?
  639 |                     </div>
  640 |                   </div>
> 641 |                 ))}
      |                   ^
  642 |           </div>
  643 |         )}
  644 |         <Button

Parsing ecmascript source code failed

Import traces:
  Client Component Browser:
    ./src/app/admin/page.tsx [Client Component Browser]
    ./src/app/admin/page.tsx [Server Component]

  Client Component SSR:
    ./src/app/admin/page.tsx [Client Component SSR]
    ./src/app/admin/page.tsx [Server Component] @ http://localhost:3000/_next/static/chunks/node_modules_next_dist_1e8vcs8._.js:1052
[   29237ms] [ERROR] ./src/app/admin/page.tsx:641:19
Error: Unexpected token. Did you mean `{'}'}` or `&rbrace;`?
  639 |                     </div>
  640 |                   </div>
> 641 |                 ))}
      |                   ^
  642 |           </div>
  643 |         )}
  644 |         <Button

Parsing ecmascript source code failed

Import traces:
  Client Component Browser:
    ./src/app/admin/page.tsx [Client Component Browser]
    ./src/app/admin/page.tsx [Server Component]

  Client Component SSR:
    ./src/app/admin/page.tsx [Client Component SSR]
    ./src/app/admin/page.tsx [Server Component] @ http://localhost:3000/_next/static/chunks/node_modules_next_dist_1e8vcs8._.js:1052
[   29289ms] [ERROR] ./src/app/admin/page.tsx:641:19
Error: Unexpected token. Did you mean `{'}'}` or `&rbrace;`?
  639 |                     </div>
  640 |                   </div>
> 641 |                 ))}
      |                   ^
  642 |           </div>
  643 |         )}
  644 |         <Button

Parsing ecmascript source code failed

Import traces:
  Client Component Browser:
    ./src/app/admin/page.tsx [Client Component Browser]
    ./src/app/admin/page.tsx [Server Component]

  Client Component SSR:
    ./src/app/admin/page.tsx [Client Component SSR]
    ./src/app/admin/page.tsx [Server Component] @ http://localhost:3000/_next/static/chunks/node_modules_next_dist_1e8vcs8._.js:1052
[   29340ms] [ERROR] ./src/app/admin/page.tsx:641:19
Error: Unexpected token. Did you mean `{'}'}` or `&rbrace;`?
  639 |                     </div>
  640 |                   </div>
> 641 |                 ))}
      |                   ^
  642 |           </div>
  643 |         )}
  644 |         <Button

Parsing ecmascript source code failed

Import traces:
  Client Component Browser:
    ./src/app/admin/page.tsx [Client Component Browser]
    ./src/app/admin/page.tsx [Server Component]

  Client Component SSR:
    ./src/app/admin/page.tsx [Client Component SSR]
    ./src/app/admin/page.tsx [Server Component] @ http://localhost:3000/_next/static/chunks/node_modules_next_dist_1e8vcs8._.js:1052
[   29391ms] [ERROR] ./src/app/admin/page.tsx:641:19
Error: Unexpected token. Did you mean `{'}'}` or `&rbrace;`?
  639 |                     </div>
  640 |                   </div>
> 641 |                 ))}
      |                   ^
  642 |           </div>
  643 |         )}
  644 |         <Button

Parsing ecmascript source code failed

Import traces:
  Client Component Browser:
    ./src/app/admin/page.tsx [Client Component Browser]
    ./src/app/admin/page.tsx [Server Component]

  Client Component SSR:
    ./src/app/admin/page.tsx [Client Component SSR]
    ./src/app/admin/page.tsx [Server Component] @ http://localhost:3000/_next/static/chunks/node_modules_next_dist_1e8vcs8._.js:1052
[   29442ms] [ERROR] ./src/app/admin/page.tsx:641:19
Error: Unexpected token. Did you mean `{'}'}` or `&rbrace;`?
  639 |                     </div>
  640 |                   </div>
> 641 |                 ))}
      |                   ^
  642 |           </div>
  643 |         )}
  644 |         <Button

Parsing ecmascript source code failed

Import traces:
  Client Component Browser:
    ./src/app/admin/page.tsx [Client Component Browser]
    ./src/app/admin/page.tsx [Server Component]

  Client Component SSR:
    ./src/app/admin/page.tsx [Client Component SSR]
    ./src/app/admin/page.tsx [Server Component] @ http://localhost:3000/_next/static/chunks/node_modules_next_dist_1e8vcs8._.js:1052
[   29500ms] [ERROR] ./src/app/admin/page.tsx:641:19
Error: Unexpected token. Did you mean `{'}'}` or `&rbrace;`?
  639 |                     </div>
  640 |                   </div>
> 641 |                 ))}
      |                   ^
  642 |           </div>
  643 |         )}
  644 |         <Button

Parsing ecmascript source code failed

Import traces:
  Client Component Browser:
    ./src/app/admin/page.tsx [Client Component Browser]
    ./src/app/admin/page.tsx [Server Component]

  Client Component SSR:
    ./src/app/admin/page.tsx [Client Component SSR]
    ./src/app/admin/page.tsx [Server Component] @ http://localhost:3000/_next/static/chunks/node_modules_next_dist_1e8vcs8._.js:1052
[   29552ms] [ERROR] ./src/app/admin/page.tsx:641:19
Error: Unexpected token. Did you mean `{'}'}` or `&rbrace;`?
  639 |                     </div>
  640 |                   </div>
> 641 |                 ))}
      |                   ^
  642 |           </div>
  643 |         )}
  644 |         <Button

Parsing ecmascript source code failed

Import traces:
  Client Component Browser:
    ./src/app/admin/page.tsx [Client Component Browser]
    ./src/app/admin/page.tsx [Server Component]

  Client Component SSR:
    ./src/app/admin/page.tsx [Client Component SSR]
    ./src/app/admin/page.tsx [Server Component] @ http://localhost:3000/_next/static/chunks/node_modules_next_dist_1e8vcs8._.js:1052
[   29603ms] [ERROR] ./src/app/admin/page.tsx:641:19
Error: Unexpected token. Did you mean `{'}'}` or `&rbrace;`?
  639 |                     </div>
  640 |                   </div>
> 641 |                 ))}
      |                   ^
  642 |           </div>
  643 |         )}
  644 |         <Button

Parsing ecmascript source code failed

Import traces:
  Client Component Browser:
    ./src/app/admin/page.tsx [Client Component Browser]
    ./src/app/admin/page.tsx [Server Component]

  Client Component SSR:
    ./src/app/admin/page.tsx [Client Component SSR]
    ./src/app/admin/page.tsx [Server Component] @ http://localhost:3000/_next/static/chunks/node_modules_next_dist_1e8vcs8._.js:1052
[   29657ms] [ERROR] ./src/app/admin/page.tsx:641:19
Error: Unexpected token. Did you mean `{'}'}` or `&rbrace;`?
  639 |                     </div>
  640 |                   </div>
> 641 |                 ))}
      |                   ^
  642 |           </div>
  643 |         )}
  644 |         <Button

Parsing ecmascript source code failed

Import traces:
  Client Component Browser:
    ./src/app/admin/page.tsx [Client Component Browser]
    ./src/app/admin/page.tsx [Server Component]

  Client Component SSR:
    ./src/app/admin/page.tsx [Client Component SSR]
    ./src/app/admin/page.tsx [Server Component] @ http://localhost:3000/_next/static/chunks/node_modules_next_dist_1e8vcs8._.js:1052
[   29710ms] [ERROR] ./src/app/admin/page.tsx:641:19
Error: Unexpected token. Did you mean `{'}'}` or `&rbrace;`?
  639 |                     </div>
  640 |                   </div>
> 641 |                 ))}
      |                   ^
  642 |           </div>
  643 |         )}
  644 |         <Button

Parsing ecmascript source code failed

Import traces:
  Client Component Browser:
    ./src/app/admin/page.tsx [Client Component Browser]
    ./src/app/admin/page.tsx [Server Component]

  Client Component SSR:
    ./src/app/admin/page.tsx [Client Component SSR]
    ./src/app/admin/page.tsx [Server Component] @ http://localhost:3000/_next/static/chunks/node_modules_next_dist_1e8vcs8._.js:1052
[   29761ms] [ERROR] ./src/app/admin/page.tsx:641:19
Error: Unexpected token. Did you mean `{'}'}` or `&rbrace;`?
  639 |                     </div>
  640 |                   </div>
> 641 |                 ))}
      |                   ^
  642 |           </div>
  643 |         )}
  644 |         <Button

Parsing ecmascript source code failed

Import traces:
  Client Component Browser:
    ./src/app/admin/page.tsx [Client Component Browser]
    ./src/app/admin/page.tsx [Server Component]

  Client Component SSR:
    ./src/app/admin/page.tsx [Client Component SSR]
    ./src/app/admin/page.tsx [Server Component] @ http://localhost:3000/_next/static/chunks/node_modules_next_dist_1e8vcs8._.js:1052
[   29812ms] [ERROR] ./src/app/admin/page.tsx:641:19
Error: Unexpected token. Did you mean `{'}'}` or `&rbrace;`?
  639 |                     </div>
  640 |                   </div>
> 641 |                 ))}
      |                   ^
  642 |           </div>
  643 |         )}
  644 |         <Button

Parsing ecmascript source code failed

Import traces:
  Client Component Browser:
    ./src/app/admin/page.tsx [Client Component Browser]
    ./src/app/admin/page.tsx [Server Component]

  Client Component SSR:
    ./src/app/admin/page.tsx [Client Component SSR]
    ./src/app/admin/page.tsx [Server Component] @ http://localhost:3000/_next/static/chunks/node_modules_next_dist_1e8vcs8._.js:1052
[   29862ms] [ERROR] ./src/app/admin/page.tsx:641:19
Error: Unexpected token. Did you mean `{'}'}` or `&rbrace;`?
  639 |                     </div>
  640 |                   </div>
> 641 |                 ))}
      |                   ^
  642 |           </div>
  643 |         )}
  644 |         <Button

Parsing ecmascript source code failed

Import traces:
  Client Component Browser:
    ./src/app/admin/page.tsx [Client Component Browser]
    ./src/app/admin/page.tsx [Server Component]

  Client Component SSR:
    ./src/app/admin/page.tsx [Client Component SSR]
    ./src/app/admin/page.tsx [Server Component] @ http://localhost:3000/_next/static/chunks/node_modules_next_dist_1e8vcs8._.js:1052
[   29913ms] [ERROR] ./src/app/admin/page.tsx:641:19
Error: Unexpected token. Did you mean `{'}'}` or `&rbrace;`?
  639 |                     </div>
  640 |                   </div>
> 641 |                 ))}
      |                   ^
  642 |           </div>
  643 |         )}
  644 |         <Button

Parsing ecmascript source code failed

Import traces:
  Client Component Browser:
    ./src/app/admin/page.tsx [Client Component Browser]
    ./src/app/admin/page.tsx [Server Component]

  Client Component SSR:
    ./src/app/admin/page.tsx [Client Component SSR]
    ./src/app/admin/page.tsx [Server Component] @ http://localhost:3000/_next/static/chunks/node_modules_next_dist_1e8vcs8._.js:1052
[   29964ms] [ERROR] ./src/app/admin/page.tsx:641:19
Error: Unexpected token. Did you mean `{'}'}` or `&rbrace;`?
  639 |                     </div>
  640 |                   </div>
> 641 |                 ))}
      |                   ^
  642 |           </div>
  643 |         )}
  644 |         <Button

Parsing ecmascript source code failed

Import traces:
  Client Component Browser:
    ./src/app/admin/page.tsx [Client Component Browser]
    ./src/app/admin/page.tsx [Server Component]

  Client Component SSR:
    ./src/app/admin/page.tsx [Client Component SSR]
    ./src/app/admin/page.tsx [Server Component] @ http://localhost:3000/_next/static/chunks/node_modules_next_dist_1e8vcs8._.js:1052
[   30016ms] [ERROR] ./src/app/admin/page.tsx:641:19
Error: Unexpected token. Did you mean `{'}'}` or `&rbrace;`?
  639 |                     </div>
  640 |                   </div>
> 641 |                 ))}
      |                   ^
  642 |           </div>
  643 |         )}
  644 |         <Button

Parsing ecmascript source code failed

Import traces:
  Client Component Browser:
    ./src/app/admin/page.tsx [Client Component Browser]
    ./src/app/admin/page.tsx [Server Component]

  Client Component SSR:
    ./src/app/admin/page.tsx [Client Component SSR]
    ./src/app/admin/page.tsx [Server Component] @ http://localhost:3000/_next/static/chunks/node_modules_next_dist_1e8vcs8._.js:1052
[   30091ms] [ERROR] ./src/app/admin/page.tsx:641:19
Error: Unexpected token. Did you mean `{'}'}` or `&rbrace;`?
  639 |                     </div>
  640 |                   </div>
> 641 |                 ))}
      |                   ^
  642 |           </div>
  643 |         )}
  644 |         <Button

Parsing ecmascript source code failed

Import traces:
  Client Component Browser:
    ./src/app/admin/page.tsx [Client Component Browser]
    ./src/app/admin/page.tsx [Server Component]

  Client Component SSR:
    ./src/app/admin/page.tsx [Client Component SSR]
    ./src/app/admin/page.tsx [Server Component] @ http://localhost:3000/_next/static/chunks/node_modules_next_dist_1e8vcs8._.js:1052
[   30146ms] [ERROR] ./src/app/admin/page.tsx:641:19
Error: Unexpected token. Did you mean `{'}'}` or `&rbrace;`?
  639 |                     </div>
  640 |                   </div>
> 641 |                 ))}
      |                   ^
  642 |           </div>
  643 |         )}
  644 |         <Button

Parsing ecmascript source code failed

Import traces:
  Client Component Browser:
    ./src/app/admin/page.tsx [Client Component Browser]
    ./src/app/admin/page.tsx [Server Component]

  Client Component SSR:
    ./src/app/admin/page.tsx [Client Component SSR]
    ./src/app/admin/page.tsx [Server Component] @ http://localhost:3000/_next/static/chunks/node_modules_next_dist_1e8vcs8._.js:1052
[   30198ms] [ERROR] ./src/app/admin/page.tsx:641:19
Error: Unexpected token. Did you mean `{'}'}` or `&rbrace;`?
  639 |                     </div>
  640 |                   </div>
> 641 |                 ))}
      |                   ^
  642 |           </div>
  643 |         )}
  644 |         <Button

Parsing ecmascript source code failed

Import traces:
  Client Component Browser:
    ./src/app/admin/page.tsx [Client Component Browser]
    ./src/app/admin/page.tsx [Server Component]

  Client Component SSR:
    ./src/app/admin/page.tsx [Client Component SSR]
    ./src/app/admin/page.tsx [Server Component] @ http://localhost:3000/_next/static/chunks/node_modules_next_dist_1e8vcs8._.js:1052
[   30250ms] [ERROR] ./src/app/admin/page.tsx:641:19
Error: Unexpected token. Did you mean `{'}'}` or `&rbrace;`?
  639 |                     </div>
  640 |                   </div>
> 641 |                 ))}
      |                   ^
  642 |           </div>
  643 |         )}
  644 |         <Button

Parsing ecmascript source code failed

Import traces:
  Client Component Browser:
    ./src/app/admin/page.tsx [Client Component Browser]
    ./src/app/admin/page.tsx [Server Component]

  Client Component SSR:
    ./src/app/admin/page.tsx [Client Component SSR]
    ./src/app/admin/page.tsx [Server Component] @ http://localhost:3000/_next/static/chunks/node_modules_next_dist_1e8vcs8._.js:1052
[   30301ms] [ERROR] ./src/app/admin/page.tsx:641:19
Error: Unexpected token. Did you mean `{'}'}` or `&rbrace;`?
  639 |                     </div>
  640 |                   </div>
> 641 |                 ))}
      |                   ^
  642 |           </div>
  643 |         )}
  644 |         <Button

Parsing ecmascript source code failed

Import traces:
  Client Component Browser:
    ./src/app/admin/page.tsx [Client Component Browser]
    ./src/app/admin/page.tsx [Server Component]

  Client Component SSR:
    ./src/app/admin/page.tsx [Client Component SSR]
    ./src/app/admin/page.tsx [Server Component] @ http://localhost:3000/_next/static/chunks/node_modules_next_dist_1e8vcs8._.js:1052
[   30358ms] [ERROR] ./src/app/admin/page.tsx:641:19
Error: Unexpected token. Did you mean `{'}'}` or `&rbrace;`?
  639 |                     </div>
  640 |                   </div>
> 641 |                 ))}
      |                   ^
  642 |           </div>
  643 |         )}
  644 |         <Button

Parsing ecmascript source code failed

Import traces:
  Client Component Browser:
    ./src/app/admin/page.tsx [Client Component Browser]
    ./src/app/admin/page.tsx [Server Component]

  Client Component SSR:
    ./src/app/admin/page.tsx [Client Component SSR]
    ./src/app/admin/page.tsx [Server Component] @ http://localhost:3000/_next/static/chunks/node_modules_next_dist_1e8vcs8._.js:1052
[   30407ms] [ERROR] ./src/app/admin/page.tsx:641:19
Error: Unexpected token. Did you mean `{'}'}` or `&rbrace;`?
  639 |                     </div>
  640 |                   </div>
> 641 |                 ))}
      |                   ^
  642 |           </div>
  643 |         )}
  644 |         <Button

Parsing ecmascript source code failed

Import traces:
  Client Component Browser:
    ./src/app/admin/page.tsx [Client Component Browser]
    ./src/app/admin/page.tsx [Server Component]

  Client Component SSR:
    ./src/app/admin/page.tsx [Client Component SSR]
    ./src/app/admin/page.tsx [Server Component] @ http://localhost:3000/_next/static/chunks/node_modules_next_dist_1e8vcs8._.js:1052
[   30458ms] [ERROR] ./src/app/admin/page.tsx:641:19
Error: Unexpected token. Did you mean `{'}'}` or `&rbrace;`?
  639 |                     </div>
  640 |                   </div>
> 641 |                 ))}
      |                   ^
  642 |           </div>
  643 |         )}
  644 |         <Button

Parsing ecmascript source code failed

Import traces:
  Client Component Browser:
    ./src/app/admin/page.tsx [Client Component Browser]
    ./src/app/admin/page.tsx [Server Component]

  Client Component SSR:
    ./src/app/admin/page.tsx [Client Component SSR]
    ./src/app/admin/page.tsx [Server Component] @ http://localhost:3000/_next/static/chunks/node_modules_next_dist_1e8vcs8._.js:1052
[   30508ms] [ERROR] ./src/app/admin/page.tsx:641:19
Error: Unexpected token. Did you mean `{'}'}` or `&rbrace;`?
  639 |                     </div>
  640 |                   </div>
> 641 |                 ))}
      |                   ^
  642 |           </div>
  643 |         )}
  644 |         <Button

Parsing ecmascript source code failed

Import traces:
  Client Component Browser:
    ./src/app/admin/page.tsx [Client Component Browser]
    ./src/app/admin/page.tsx [Server Component]

  Client Component SSR:
    ./src/app/admin/page.tsx [Client Component SSR]
    ./src/app/admin/page.tsx [Server Component] @ http://localhost:3000/_next/static/chunks/node_modules_next_dist_1e8vcs8._.js:1052
[   30559ms] [ERROR] ./src/app/admin/page.tsx:641:19
Error: Unexpected token. Did you mean `{'}'}` or `&rbrace;`?
  639 |                     </div>
  640 |                   </div>
> 641 |                 ))}
      |                   ^
  642 |           </div>
  643 |         )}
  644 |         <Button

Parsing ecmascript source code failed

Import traces:
  Client Component Browser:
    ./src/app/admin/page.tsx [Client Component Browser]
    ./src/app/admin/page.tsx [Server Component]

  Client Component SSR:
    ./src/app/admin/page.tsx [Client Component SSR]
    ./src/app/admin/page.tsx [Server Component] @ http://localhost:3000/_next/static/chunks/node_modules_next_dist_1e8vcs8._.js:1052
[   30612ms] [ERROR] ./src/app/admin/page.tsx:641:19
Error: Unexpected token. Did you mean `{'}'}` or `&rbrace;`?
  639 |                     </div>
  640 |                   </div>
> 641 |                 ))}
      |                   ^
  642 |           </div>
  643 |         )}
  644 |         <Button

Parsing ecmascript source code failed

Import traces:
  Client Component Browser:
    ./src/app/admin/page.tsx [Client Component Browser]
    ./src/app/admin/page.tsx [Server Component]

  Client Component SSR:
    ./src/app/admin/page.tsx [Client Component SSR]
    ./src/app/admin/page.tsx [Server Component] @ http://localhost:3000/_next/static/chunks/node_modules_next_dist_1e8vcs8._.js:1052
[   30664ms] [ERROR] ./src/app/admin/page.tsx:641:19
Error: Unexpected token. Did you mean `{'}'}` or `&rbrace;`?
  639 |                     </div>
  640 |                   </div>
> 641 |                 ))}
      |                   ^
  642 |           </div>
  643 |         )}
  644 |         <Button

Parsing ecmascript source code failed

Import traces:
  Client Component Browser:
    ./src/app/admin/page.tsx [Client Component Browser]
    ./src/app/admin/page.tsx [Server Component]

  Client Component SSR:
    ./src/app/admin/page.tsx [Client Component SSR]
    ./src/app/admin/page.tsx [Server Component] @ http://localhost:3000/_next/static/chunks/node_modules_next_dist_1e8vcs8._.js:1052
[   30719ms] [ERROR] ./src/app/admin/page.tsx:641:19
Error: Unexpected token. Did you mean `{'}'}` or `&rbrace;`?
  639 |                     </div>
  640 |                   </div>
> 641 |                 ))}
      |                   ^
  642 |           </div>
  643 |         )}
  644 |         <Button

Parsing ecmascript source code failed

Import traces:
  Client Component Browser:
    ./src/app/admin/page.tsx [Client Component Browser]
    ./src/app/admin/page.tsx [Server Component]

  Client Component SSR:
    ./src/app/admin/page.tsx [Client Component SSR]
    ./src/app/admin/page.tsx [Server Component] @ http://localhost:3000/_next/static/chunks/node_modules_next_dist_1e8vcs8._.js:1052
[   30772ms] [ERROR] ./src/app/admin/page.tsx:641:19
Error: Unexpected token. Did you mean `{'}'}` or `&rbrace;`?
  639 |                     </div>
  640 |                   </div>
> 641 |                 ))}
      |                   ^
  642 |           </div>
  643 |         )}
  644 |         <Button

Parsing ecmascript source code failed

Import traces:
  Client Component Browser:
    ./src/app/admin/page.tsx [Client Component Browser]
    ./src/app/admin/page.tsx [Server Component]

  Client Component SSR:
    ./src/app/admin/page.tsx [Client Component SSR]
    ./src/app/admin/page.tsx [Server Component] @ http://localhost:3000/_next/static/chunks/node_modules_next_dist_1e8vcs8._.js:1052
[   30824ms] [ERROR] ./src/app/admin/page.tsx:641:19
Error: Unexpected token. Did you mean `{'}'}` or `&rbrace;`?
  639 |                     </div>
  640 |                   </div>
> 641 |                 ))}
      |                   ^
  642 |           </div>
  643 |         )}
  644 |         <Button

Parsing ecmascript source code failed

Import traces:
  Client Component Browser:
    ./src/app/admin/page.tsx [Client Component Browser]
    ./src/app/admin/page.tsx [Server Component]

  Client Component SSR:
    ./src/app/admin/page.tsx [Client Component SSR]
    ./src/app/admin/page.tsx [Server Component] @ http://localhost:3000/_next/static/chunks/node_modules_next_dist_1e8vcs8._.js:1052
[   30876ms] [ERROR] ./src/app/admin/page.tsx:641:19
Error: Unexpected token. Did you mean `{'}'}` or `&rbrace;`?
  639 |                     </div>
  640 |                   </div>
> 641 |                 ))}
      |                   ^
  642 |           </div>
  643 |         )}
  644 |         <Button

Parsing ecmascript source code failed

Import traces:
  Client Component Browser:
    ./src/app/admin/page.tsx [Client Component Browser]
    ./src/app/admin/page.tsx [Server Component]

  Client Component SSR:
    ./src/app/admin/page.tsx [Client Component SSR]
    ./src/app/admin/page.tsx [Server Component] @ http://localhost:3000/_next/static/chunks/node_modules_next_dist_1e8vcs8._.js:1052
[   30928ms] [ERROR] ./src/app/admin/page.tsx:641:19
Error: Unexpected token. Did you mean `{'}'}` or `&rbrace;`?
  639 |                     </div>
  640 |                   </div>
> 641 |                 ))}
      |                   ^
  642 |           </div>
  643 |         )}
  644 |         <Button

Parsing ecmascript source code failed

Import traces:
  Client Component Browser:
    ./src/app/admin/page.tsx [Client Component Browser]
    ./src/app/admin/page.tsx [Server Component]

  Client Component SSR:
    ./src/app/admin/page.tsx [Client Component SSR]
    ./src/app/admin/page.tsx [Server Component] @ http://localhost:3000/_next/static/chunks/node_modules_next_dist_1e8vcs8._.js:1052
[   30982ms] [ERROR] ./src/app/admin/page.tsx:641:19
Error: Unexpected token. Did you mean `{'}'}` or `&rbrace;`?
  639 |                     </div>
  640 |                   </div>
> 641 |                 ))}
      |                   ^
  642 |           </div>
  643 |         )}
  644 |         <Button

Parsing ecmascript source code failed

Import traces:
  Client Component Browser:
    ./src/app/admin/page.tsx [Client Component Browser]
    ./src/app/admin/page.tsx [Server Component]

  Client Component SSR:
    ./src/app/admin/page.tsx [Client Component SSR]
    ./src/app/admin/page.tsx [Server Component] @ http://localhost:3000/_next/static/chunks/node_modules_next_dist_1e8vcs8._.js:1052
[   31033ms] [ERROR] ./src/app/admin/page.tsx:641:19
Error: Unexpected token. Did you mean `{'}'}` or `&rbrace;`?
  639 |                     </div>
  640 |                   </div>
> 641 |                 ))}
      |                   ^
  642 |           </div>
  643 |         )}
  644 |         <Button

Parsing ecmascript source code failed

Import traces:
  Client Component Browser:
    ./src/app/admin/page.tsx [Client Component Browser]
    ./src/app/admin/page.tsx [Server Component]

  Client Component SSR:
    ./src/app/admin/page.tsx [Client Component SSR]
    ./src/app/admin/page.tsx [Server Component] @ http://localhost:3000/_next/static/chunks/node_modules_next_dist_1e8vcs8._.js:1052
[   31087ms] [ERROR] ./src/app/admin/page.tsx:641:19
Error: Unexpected token. Did you mean `{'}'}` or `&rbrace;`?
  639 |                     </div>
  640 |                   </div>
> 641 |                 ))}
      |                   ^
  642 |           </div>
  643 |         )}
  644 |         <Button

Parsing ecmascript source code failed

Import traces:
  Client Component Browser:
    ./src/app/admin/page.tsx [Client Component Browser]
    ./src/app/admin/page.tsx [Server Component]

  Client Component SSR:
    ./src/app/admin/page.tsx [Client Component SSR]
    ./src/app/admin/page.tsx [Server Component] @ http://localhost:3000/_next/static/chunks/node_modules_next_dist_1e8vcs8._.js:1052
[   31141ms] [ERROR] ./src/app/admin/page.tsx:641:19
Error: Unexpected token. Did you mean `{'}'}` or `&rbrace;`?
  639 |                     </div>
  640 |                   </div>
> 641 |                 ))}
      |                   ^
  642 |           </div>
  643 |         )}
  644 |         <Button

Parsing ecmascript source code failed

Import traces:
  Client Component Browser:
    ./src/app/admin/page.tsx [Client Component Browser]
    ./src/app/admin/page.tsx [Server Component]

  Client Component SSR:
    ./src/app/admin/page.tsx [Client Component SSR]
    ./src/app/admin/page.tsx [Server Component] @ http://localhost:3000/_next/static/chunks/node_modules_next_dist_1e8vcs8._.js:1052
[   31193ms] [ERROR] ./src/app/admin/page.tsx:641:19
Error: Unexpected token. Did you mean `{'}'}` or `&rbrace;`?
  639 |                     </div>
  640 |                   </div>
> 641 |                 ))}
      |                   ^
  642 |           </div>
  643 |         )}
  644 |         <Button

Parsing ecmascript source code failed

Import traces:
  Client Component Browser:
    ./src/app/admin/page.tsx [Client Component Browser]
    ./src/app/admin/page.tsx [Server Component]

  Client Component SSR:
    ./src/app/admin/page.tsx [Client Component SSR]
    ./src/app/admin/page.tsx [Server Component] @ http://localhost:3000/_next/static/chunks/node_modules_next_dist_1e8vcs8._.js:1052
[   31243ms] [ERROR] ./src/app/admin/page.tsx:641:19
Error: Unexpected token. Did you mean `{'}'}` or `&rbrace;`?
  639 |                     </div>
  640 |                   </div>
> 641 |                 ))}
      |                   ^
  642 |           </div>
  643 |         )}
  644 |         <Button

Parsing ecmascript source code failed

Import traces:
  Client Component Browser:
    ./src/app/admin/page.tsx [Client Component Browser]
    ./src/app/admin/page.tsx [Server Component]

  Client Component SSR:
    ./src/app/admin/page.tsx [Client Component SSR]
    ./src/app/admin/page.tsx [Server Component] @ http://localhost:3000/_next/static/chunks/node_modules_next_dist_1e8vcs8._.js:1052
[   31299ms] [ERROR] ./src/app/admin/page.tsx:641:19
Error: Unexpected token. Did you mean `{'}'}` or `&rbrace;`?
  639 |                     </div>
  640 |                   </div>
> 641 |                 ))}
      |                   ^
  642 |           </div>
  643 |         )}
  644 |         <Button

Parsing ecmascript source code failed

Import traces:
  Client Component Browser:
    ./src/app/admin/page.tsx [Client Component Browser]
    ./src/app/admin/page.tsx [Server Component]

  Client Component SSR:
    ./src/app/admin/page.tsx [Client Component SSR]
    ./src/app/admin/page.tsx [Server Component] @ http://localhost:3000/_next/static/chunks/node_modules_next_dist_1e8vcs8._.js:1052
[   31356ms] [ERROR] ./src/app/admin/page.tsx:641:19
Error: Unexpected token. Did you mean `{'}'}` or `&rbrace;`?
  639 |                     </div>
  640 |                   </div>
> 641 |                 ))}
      |                   ^
  642 |           </div>
  643 |         )}
  644 |         <Button

Parsing ecmascript source code failed

Import traces:
  Client Component Browser:
    ./src/app/admin/page.tsx [Client Component Browser]
    ./src/app/admin/page.tsx [Server Component]

  Client Component SSR:
    ./src/app/admin/page.tsx [Client Component SSR]
    ./src/app/admin/page.tsx [Server Component] @ http://localhost:3000/_next/static/chunks/node_modules_next_dist_1e8vcs8._.js:1052
[   31411ms] [ERROR] ./src/app/admin/page.tsx:641:19
Error: Unexpected token. Did you mean `{'}'}` or `&rbrace;`?
  639 |                     </div>
  640 |                   </div>
> 641 |                 ))}
      |                   ^
  642 |           </div>
  643 |         )}
  644 |         <Button

Parsing ecmascript source code failed

Import traces:
  Client Component Browser:
    ./src/app/admin/page.tsx [Client Component Browser]
    ./src/app/admin/page.tsx [Server Component]

  Client Component SSR:
    ./src/app/admin/page.tsx [Client Component SSR]
    ./src/app/admin/page.tsx [Server Component] @ http://localhost:3000/_next/static/chunks/node_modules_next_dist_1e8vcs8._.js:1052
[   31461ms] [ERROR] ./src/app/admin/page.tsx:641:19
Error: Unexpected token. Did you mean `{'}'}` or `&rbrace;`?
  639 |                     </div>
  640 |                   </div>
> 641 |                 ))}
      |                   ^
  642 |           </div>
  643 |         )}
  644 |         <Button

Parsing ecmascript source code failed

Import traces:
  Client Component Browser:
    ./src/app/admin/page.tsx [Client Component Browser]
    ./src/app/admin/page.tsx [Server Component]

  Client Component SSR:
    ./src/app/admin/page.tsx [Client Component SSR]
    ./src/app/admin/page.tsx [Server Component] @ http://localhost:3000/_next/static/chunks/node_modules_next_dist_1e8vcs8._.js:1052
[   31513ms] [ERROR] ./src/app/admin/page.tsx:641:19
Error: Unexpected token. Did you mean `{'}'}` or `&rbrace;`?
  639 |                     </div>
  640 |                   </div>
> 641 |                 ))}
      |                   ^
  642 |           </div>
  643 |         )}
  644 |         <Button

Parsing ecmascript source code failed

Import traces:
  Client Component Browser:
    ./src/app/admin/page.tsx [Client Component Browser]
    ./src/app/admin/page.tsx [Server Component]

  Client Component SSR:
    ./src/app/admin/page.tsx [Client Component SSR]
    ./src/app/admin/page.tsx [Server Component] @ http://localhost:3000/_next/static/chunks/node_modules_next_dist_1e8vcs8._.js:1052
[   31567ms] [ERROR] ./src/app/admin/page.tsx:641:19
Error: Unexpected token. Did you mean `{'}'}` or `&rbrace;`?
  639 |                     </div>
  640 |                   </div>
> 641 |                 ))}
      |                   ^
  642 |           </div>
  643 |         )}
  644 |         <Button

Parsing ecmascript source code failed

Import traces:
  Client Component Browser:
    ./src/app/admin/page.tsx [Client Component Browser]
    ./src/app/admin/page.tsx [Server Component]

  Client Component SSR:
    ./src/app/admin/page.tsx [Client Component SSR]
    ./src/app/admin/page.tsx [Server Component] @ http://localhost:3000/_next/static/chunks/node_modules_next_dist_1e8vcs8._.js:1052
[   31619ms] [ERROR] ./src/app/admin/page.tsx:641:19
Error: Unexpected token. Did you mean `{'}'}` or `&rbrace;`?
  639 |                     </div>
  640 |                   </div>
> 641 |                 ))}
      |                   ^
  642 |           </div>
  643 |         )}
  644 |         <Button

Parsing ecmascript source code failed

Import traces:
  Client Component Browser:
    ./src/app/admin/page.tsx [Client Component Browser]
    ./src/app/admin/page.tsx [Server Component]

  Client Component SSR:
    ./src/app/admin/page.tsx [Client Component SSR]
    ./src/app/admin/page.tsx [Server Component] @ http://localhost:3000/_next/static/chunks/node_modules_next_dist_1e8vcs8._.js:1052
[   31670ms] [ERROR] ./src/app/admin/page.tsx:641:19
Error: Unexpected token. Did you mean `{'}'}` or `&rbrace;`?
  639 |                     </div>
  640 |                   </div>
> 641 |                 ))}
      |                   ^
  642 |           </div>
  643 |         )}
  644 |         <Button

Parsing ecmascript source code failed

Import traces:
  Client Component Browser:
    ./src/app/admin/page.tsx [Client Component Browser]
    ./src/app/admin/page.tsx [Server Component]

  Client Component SSR:
    ./src/app/admin/page.tsx [Client Component SSR]
    ./src/app/admin/page.tsx [Server Component] @ http://localhost:3000/_next/static/chunks/node_modules_next_dist_1e8vcs8._.js:1052
[   31721ms] [ERROR] ./src/app/admin/page.tsx:641:19
Error: Unexpected token. Did you mean `{'}'}` or `&rbrace;`?
  639 |                     </div>
  640 |                   </div>
> 641 |                 ))}
      |                   ^
  642 |           </div>
  643 |         )}
  644 |         <Button

Parsing ecmascript source code failed

Import traces:
  Client Component Browser:
    ./src/app/admin/page.tsx [Client Component Browser]
    ./src/app/admin/page.tsx [Server Component]

  Client Component SSR:
    ./src/app/admin/page.tsx [Client Component SSR]
    ./src/app/admin/page.tsx [Server Component] @ http://localhost:3000/_next/static/chunks/node_modules_next_dist_1e8vcs8._.js:1052
[   31774ms] [ERROR] ./src/app/admin/page.tsx:641:19
Error: Unexpected token. Did you mean `{'}'}` or `&rbrace;`?
  639 |                     </div>
  640 |                   </div>
> 641 |                 ))}
      |                   ^
  642 |           </div>
  643 |         )}
  644 |         <Button

Parsing ecmascript source code failed

Import traces:
  Client Component Browser:
    ./src/app/admin/page.tsx [Client Component Browser]
    ./src/app/admin/page.tsx [Server Component]

  Client Component SSR:
    ./src/app/admin/page.tsx [Client Component SSR]
    ./src/app/admin/page.tsx [Server Component] @ http://localhost:3000/_next/static/chunks/node_modules_next_dist_1e8vcs8._.js:1052
[   31827ms] [ERROR] ./src/app/admin/page.tsx:641:19
Error: Unexpected token. Did you mean `{'}'}` or `&rbrace;`?
  639 |                     </div>
  640 |                   </div>
> 641 |                 ))}
      |                   ^
  642 |           </div>
  643 |         )}
  644 |         <Button

Parsing ecmascript source code failed

Import traces:
  Client Component Browser:
    ./src/app/admin/page.tsx [Client Component Browser]
    ./src/app/admin/page.tsx [Server Component]

  Client Component SSR:
    ./src/app/admin/page.tsx [Client Component SSR]
    ./src/app/admin/page.tsx [Server Component] @ http://localhost:3000/_next/static/chunks/node_modules_next_dist_1e8vcs8._.js:1052
[   31883ms] [ERROR] ./src/app/admin/page.tsx:641:19
Error: Unexpected token. Did you mean `{'}'}` or `&rbrace;`?
  639 |                     </div>
  640 |                   </div>
> 641 |                 ))}
      |                   ^
  642 |           </div>
  643 |         )}
  644 |         <Button

Parsing ecmascript source code failed

Import traces:
  Client Component Browser:
    ./src/app/admin/page.tsx [Client Component Browser]
    ./src/app/admin/page.tsx [Server Component]

  Client Component SSR:
    ./src/app/admin/page.tsx [Client Component SSR]
    ./src/app/admin/page.tsx [Server Component] @ http://localhost:3000/_next/static/chunks/node_modules_next_dist_1e8vcs8._.js:1052
[   31936ms] [ERROR] ./src/app/admin/page.tsx:641:19
Error: Unexpected token. Did you mean `{'}'}` or `&rbrace;`?
  639 |                     </div>
  640 |                   </div>
> 641 |                 ))}
      |                   ^
  642 |           </div>
  643 |         )}
  644 |         <Button

Parsing ecmascript source code failed

Import traces:
  Client Component Browser:
    ./src/app/admin/page.tsx [Client Component Browser]
    ./src/app/admin/page.tsx [Server Component]

  Client Component SSR:
    ./src/app/admin/page.tsx [Client Component SSR]
    ./src/app/admin/page.tsx [Server Component] @ http://localhost:3000/_next/static/chunks/node_modules_next_dist_1e8vcs8._.js:1052
[   31991ms] [ERROR] ./src/app/admin/page.tsx:641:19
Error: Unexpected token. Did you mean `{'}'}` or `&rbrace;`?
  639 |                     </div>
  640 |                   </div>
> 641 |                 ))}
      |                   ^
  642 |           </div>
  643 |         )}
  644 |         <Button

Parsing ecmascript source code failed

Import traces:
  Client Component Browser:
    ./src/app/admin/page.tsx [Client Component Browser]
    ./src/app/admin/page.tsx [Server Component]

  Client Component SSR:
    ./src/app/admin/page.tsx [Client Component SSR]
    ./src/app/admin/page.tsx [Server Component] @ http://localhost:3000/_next/static/chunks/node_modules_next_dist_1e8vcs8._.js:1052
[   32045ms] [ERROR] ./src/app/admin/page.tsx:641:19
Error: Unexpected token. Did you mean `{'}'}` or `&rbrace;`?
  639 |                     </div>
  640 |                   </div>
> 641 |                 ))}
      |                   ^
  642 |           </div>
  643 |         )}
  644 |         <Button

Parsing ecmascript source code failed

Import traces:
  Client Component Browser:
    ./src/app/admin/page.tsx [Client Component Browser]
    ./src/app/admin/page.tsx [Server Component]

  Client Component SSR:
    ./src/app/admin/page.tsx [Client Component SSR]
    ./src/app/admin/page.tsx [Server Component] @ http://localhost:3000/_next/static/chunks/node_modules_next_dist_1e8vcs8._.js:1052
[   32099ms] [ERROR] ./src/app/admin/page.tsx:641:19
Error: Unexpected token. Did you mean `{'}'}` or `&rbrace;`?
  639 |                     </div>
  640 |                   </div>
> 641 |                 ))}
      |                   ^
  642 |           </div>
  643 |         )}
  644 |         <Button

Parsing ecmascript source code failed

Import traces:
  Client Component Browser:
    ./src/app/admin/page.tsx [Client Component Browser]
    ./src/app/admin/page.tsx [Server Component]

  Client Component SSR:
    ./src/app/admin/page.tsx [Client Component SSR]
    ./src/app/admin/page.tsx [Server Component] @ http://localhost:3000/_next/static/chunks/node_modules_next_dist_1e8vcs8._.js:1052
[   32151ms] [ERROR] ./src/app/admin/page.tsx:641:19
Error: Unexpected token. Did you mean `{'}'}` or `&rbrace;`?
  639 |                     </div>
  640 |                   </div>
> 641 |                 ))}
      |                   ^
  642 |           </div>
  643 |         )}
  644 |         <Button

Parsing ecmascript source code failed

Import traces:
  Client Component Browser:
    ./src/app/admin/page.tsx [Client Component Browser]
    ./src/app/admin/page.tsx [Server Component]

  Client Component SSR:
    ./src/app/admin/page.tsx [Client Component SSR]
    ./src/app/admin/page.tsx [Server Component] @ http://localhost:3000/_next/static/chunks/node_modules_next_dist_1e8vcs8._.js:1052
[   32206ms] [ERROR] ./src/app/admin/page.tsx:641:19
Error: Unexpected token. Did you mean `{'}'}` or `&rbrace;`?
  639 |                     </div>
  640 |                   </div>
> 641 |                 ))}
      |                   ^
  642 |           </div>
  643 |         )}
  644 |         <Button

Parsing ecmascript source code failed

Import traces:
  Client Component Browser:
    ./src/app/admin/page.tsx [Client Component Browser]
    ./src/app/admin/page.tsx [Server Component]

  Client Component SSR:
    ./src/app/admin/page.tsx [Client Component SSR]
    ./src/app/admin/page.tsx [Server Component] @ http://localhost:3000/_next/static/chunks/node_modules_next_dist_1e8vcs8._.js:1052
[   32260ms] [ERROR] ./src/app/admin/page.tsx:641:19
Error: Unexpected token. Did you mean `{'}'}` or `&rbrace;`?
  639 |                     </div>
  640 |                   </div>
> 641 |                 ))}
      |                   ^
  642 |           </div>
  643 |         )}
  644 |         <Button

Parsing ecmascript source code failed

Import traces:
  Client Component Browser:
    ./src/app/admin/page.tsx [Client Component Browser]
    ./src/app/admin/page.tsx [Server Component]

  Client Component SSR:
    ./src/app/admin/page.tsx [Client Component SSR]
    ./src/app/admin/page.tsx [Server Component] @ http://localhost:3000/_next/static/chunks/node_modules_next_dist_1e8vcs8._.js:1052
[   32315ms] [ERROR] ./src/app/admin/page.tsx:641:19
Error: Unexpected token. Did you mean `{'}'}` or `&rbrace;`?
  639 |                     </div>
  640 |                   </div>
> 641 |                 ))}
      |                   ^
  642 |           </div>
  643 |         )}
  644 |         <Button

Parsing ecmascript source code failed

Import traces:
  Client Component Browser:
    ./src/app/admin/page.tsx [Client Component Browser]
    ./src/app/admin/page.tsx [Server Component]

  Client Component SSR:
    ./src/app/admin/page.tsx [Client Component SSR]
    ./src/app/admin/page.tsx [Server Component] @ http://localhost:3000/_next/static/chunks/node_modules_next_dist_1e8vcs8._.js:1052
[   32368ms] [ERROR] ./src/app/admin/page.tsx:641:19
Error: Unexpected token. Did you mean `{'}'}` or `&rbrace;`?
  639 |                     </div>
  640 |                   </div>
> 641 |                 ))}
      |                   ^
  642 |           </div>
  643 |         )}
  644 |         <Button

Parsing ecmascript source code failed

Import traces:
  Client Component Browser:
    ./src/app/admin/page.tsx [Client Component Browser]
    ./src/app/admin/page.tsx [Server Component]

  Client Component SSR:
    ./src/app/admin/page.tsx [Client Component SSR]
    ./src/app/admin/page.tsx [Server Component] @ http://localhost:3000/_next/static/chunks/node_modules_next_dist_1e8vcs8._.js:1052
[   32419ms] [ERROR] ./src/app/admin/page.tsx:641:19
Error: Unexpected token. Did you mean `{'}'}` or `&rbrace;`?
  639 |                     </div>
  640 |                   </div>
> 641 |                 ))}
      |                   ^
  642 |           </div>
  643 |         )}
  644 |         <Button

Parsing ecmascript source code failed

Import traces:
  Client Component Browser:
    ./src/app/admin/page.tsx [Client Component Browser]
    ./src/app/admin/page.tsx [Server Component]

  Client Component SSR:
    ./src/app/admin/page.tsx [Client Component SSR]
    ./src/app/admin/page.tsx [Server Component] @ http://localhost:3000/_next/static/chunks/node_modules_next_dist_1e8vcs8._.js:1052
[   32472ms] [ERROR] ./src/app/admin/page.tsx:641:19
Error: Unexpected token. Did you mean `{'}'}` or `&rbrace;`?
  639 |                     </div>
  640 |                   </div>
> 641 |                 ))}
      |                   ^
  642 |           </div>
  643 |         )}
  644 |         <Button

Parsing ecmascript source code failed

Import traces:
  Client Component Browser:
    ./src/app/admin/page.tsx [Client Component Browser]
    ./src/app/admin/page.tsx [Server Component]

  Client Component SSR:
    ./src/app/admin/page.tsx [Client Component SSR]
    ./src/app/admin/page.tsx [Server Component] @ http://localhost:3000/_next/static/chunks/node_modules_next_dist_1e8vcs8._.js:1052
[   32525ms] [ERROR] ./src/app/admin/page.tsx:641:19
Error: Unexpected token. Did you mean `{'}'}` or `&rbrace;`?
  639 |                     </div>
  640 |                   </div>
> 641 |                 ))}
      |                   ^
  642 |           </div>
  643 |         )}
  644 |         <Button

Parsing ecmascript source code failed

Import traces:
  Client Component Browser:
    ./src/app/admin/page.tsx [Client Component Browser]
    ./src/app/admin/page.tsx [Server Component]

  Client Component SSR:
    ./src/app/admin/page.tsx [Client Component SSR]
    ./src/app/admin/page.tsx [Server Component] @ http://localhost:3000/_next/static/chunks/node_modules_next_dist_1e8vcs8._.js:1052
[   32578ms] [ERROR] ./src/app/admin/page.tsx:641:19
Error: Unexpected token. Did you mean `{'}'}` or `&rbrace;`?
  639 |                     </div>
  640 |                   </div>
> 641 |                 ))}
      |                   ^
  642 |           </div>
  643 |         )}
  644 |         <Button

Parsing ecmascript source code failed

Import traces:
  Client Component Browser:
    ./src/app/admin/page.tsx [Client Component Browser]
    ./src/app/admin/page.tsx [Server Component]

  Client Component SSR:
    ./src/app/admin/page.tsx [Client Component SSR]
    ./src/app/admin/page.tsx [Server Component] @ http://localhost:3000/_next/static/chunks/node_modules_next_dist_1e8vcs8._.js:1052
[   32631ms] [ERROR] ./src/app/admin/page.tsx:641:19
Error: Unexpected token. Did you mean `{'}'}` or `&rbrace;`?
  639 |                     </div>
  640 |                   </div>
> 641 |                 ))}
      |                   ^
  642 |           </div>
  643 |         )}
  644 |         <Button

Parsing ecmascript source code failed

Import traces:
  Client Component Browser:
    ./src/app/admin/page.tsx [Client Component Browser]
    ./src/app/admin/page.tsx [Server Component]

  Client Component SSR:
    ./src/app/admin/page.tsx [Client Component SSR]
    ./src/app/admin/page.tsx [Server Component] @ http://localhost:3000/_next/static/chunks/node_modules_next_dist_1e8vcs8._.js:1052
[   32686ms] [ERROR] ./src/app/admin/page.tsx:641:19
Error: Unexpected token. Did you mean `{'}'}` or `&rbrace;`?
  639 |                     </div>
  640 |                   </div>
> 641 |                 ))}
      |                   ^
  642 |           </div>
  643 |         )}
  644 |         <Button

Parsing ecmascript source code failed

Import traces:
  Client Component Browser:
    ./src/app/admin/page.tsx [Client Component Browser]
    ./src/app/admin/page.tsx [Server Component]

  Client Component SSR:
    ./src/app/admin/page.tsx [Client Component SSR]
    ./src/app/admin/page.tsx [Server Component] @ http://localhost:3000/_next/static/chunks/node_modules_next_dist_1e8vcs8._.js:1052
[   32734ms] [ERROR] ./src/app/admin/page.tsx:641:19
Error: Unexpected token. Did you mean `{'}'}` or `&rbrace;`?
  639 |                     </div>
  640 |                   </div>
> 641 |                 ))}
      |                   ^
  642 |           </div>
  643 |         )}
  644 |         <Button

Parsing ecmascript source code failed

Import traces:
  Client Component Browser:
    ./src/app/admin/page.tsx [Client Component Browser]
    ./src/app/admin/page.tsx [Server Component]

  Client Component SSR:
    ./src/app/admin/page.tsx [Client Component SSR]
    ./src/app/admin/page.tsx [Server Component] @ http://localhost:3000/_next/static/chunks/node_modules_next_dist_1e8vcs8._.js:1052
[   32787ms] [ERROR] ./src/app/admin/page.tsx:641:19
Error: Unexpected token. Did you mean `{'}'}` or `&rbrace;`?
  639 |                     </div>
  640 |                   </div>
> 641 |                 ))}
      |                   ^
  642 |           </div>
  643 |         )}
  644 |         <Button

Parsing ecmascript source code failed

Import traces:
  Client Component Browser:
    ./src/app/admin/page.tsx [Client Component Browser]
    ./src/app/admin/page.tsx [Server Component]

  Client Component SSR:
    ./src/app/admin/page.tsx [Client Component SSR]
    ./src/app/admin/page.tsx [Server Component] @ http://localhost:3000/_next/static/chunks/node_modules_next_dist_1e8vcs8._.js:1052
[   32838ms] [ERROR] ./src/app/admin/page.tsx:641:19
Error: Unexpected token. Did you mean `{'}'}` or `&rbrace;`?
  639 |                     </div>
  640 |                   </div>
> 641 |                 ))}
      |                   ^
  642 |           </div>
  643 |         )}
  644 |         <Button

Parsing ecmascript source code failed

Import traces:
  Client Component Browser:
    ./src/app/admin/page.tsx [Client Component Browser]
    ./src/app/admin/page.tsx [Server Component]

  Client Component SSR:
    ./src/app/admin/page.tsx [Client Component SSR]
    ./src/app/admin/page.tsx [Server Component] @ http://localhost:3000/_next/static/chunks/node_modules_next_dist_1e8vcs8._.js:1052
[   32889ms] [ERROR] ./src/app/admin/page.tsx:641:19
Error: Unexpected token. Did you mean `{'}'}` or `&rbrace;`?
  639 |                     </div>
  640 |                   </div>
> 641 |                 ))}
      |                   ^
  642 |           </div>
  643 |         )}
  644 |         <Button

Parsing ecmascript source code failed

Import traces:
  Client Component Browser:
    ./src/app/admin/page.tsx [Client Component Browser]
    ./src/app/admin/page.tsx [Server Component]

  Client Component SSR:
    ./src/app/admin/page.tsx [Client Component SSR]
    ./src/app/admin/page.tsx [Server Component] @ http://localhost:3000/_next/static/chunks/node_modules_next_dist_1e8vcs8._.js:1052
[   32942ms] [ERROR] ./src/app/admin/page.tsx:641:19
Error: Unexpected token. Did you mean `{'}'}` or `&rbrace;`?
  639 |                     </div>
  640 |                   </div>
> 641 |                 ))}
      |                   ^
  642 |           </div>
  643 |         )}
  644 |         <Button

Parsing ecmascript source code failed

Import traces:
  Client Component Browser:
    ./src/app/admin/page.tsx [Client Component Browser]
    ./src/app/admin/page.tsx [Server Component]

  Client Component SSR:
    ./src/app/admin/page.tsx [Client Component SSR]
    ./src/app/admin/page.tsx [Server Component] @ http://localhost:3000/_next/static/chunks/node_modules_next_dist_1e8vcs8._.js:1052
[   33012ms] [ERROR] ./src/app/admin/page.tsx:641:19
Error: Unexpected token. Did you mean `{'}'}` or `&rbrace;`?
  639 |                     </div>
  640 |                   </div>
> 641 |                 ))}
      |                   ^
  642 |           </div>
  643 |         )}
  644 |         <Button

Parsing ecmascript source code failed

Import traces:
  Client Component Browser:
    ./src/app/admin/page.tsx [Client Component Browser]
    ./src/app/admin/page.tsx [Server Component]

  Client Component SSR:
    ./src/app/admin/page.tsx [Client Component SSR]
    ./src/app/admin/page.tsx [Server Component] @ http://localhost:3000/_next/static/chunks/node_modules_next_dist_1e8vcs8._.js:1052
[   33195ms] [ERROR] ./src/app/admin/page.tsx:641:19
Error: Unexpected token. Did you mean `{'}'}` or `&rbrace;`?
  639 |                     </div>
  640 |                   </div>
> 641 |                 ))}
      |                   ^
  642 |           </div>
  643 |         )}
  644 |         <Button

Parsing ecmascript source code failed

Import traces:
  Client Component Browser:
    ./src/app/admin/page.tsx [Client Component Browser]
    ./src/app/admin/page.tsx [Server Component]

  Client Component SSR:
    ./src/app/admin/page.tsx [Client Component SSR]
    ./src/app/admin/page.tsx [Server Component] @ http://localhost:3000/_next/static/chunks/node_modules_next_dist_1e8vcs8._.js:1052
[   33249ms] [ERROR] ./src/app/admin/page.tsx:641:19
Error: Unexpected token. Did you mean `{'}'}` or `&rbrace;`?
  639 |                     </div>
  640 |                   </div>
> 641 |                 ))}
      |                   ^
  642 |           </div>
  643 |         )}
  644 |         <Button

Parsing ecmascript source code failed

Import traces:
  Client Component Browser:
    ./src/app/admin/page.tsx [Client Component Browser]
    ./src/app/admin/page.tsx [Server Component]

  Client Component SSR:
    ./src/app/admin/page.tsx [Client Component SSR]
    ./src/app/admin/page.tsx [Server Component] @ http://localhost:3000/_next/static/chunks/node_modules_next_dist_1e8vcs8._.js:1052
[   33303ms] [ERROR] ./src/app/admin/page.tsx:641:19
Error: Unexpected token. Did you mean `{'}'}` or `&rbrace;`?
  639 |                     </div>
  640 |                   </div>
> 641 |                 ))}
      |                   ^
  642 |           </div>
  643 |         )}
  644 |         <Button

Parsing ecmascript source code failed

Import traces:
  Client Component Browser:
    ./src/app/admin/page.tsx [Client Component Browser]
    ./src/app/admin/page.tsx [Server Component]

  Client Component SSR:
    ./src/app/admin/page.tsx [Client Component SSR]
    ./src/app/admin/page.tsx [Server Component] @ http://localhost:3000/_next/static/chunks/node_modules_next_dist_1e8vcs8._.js:1052
[   33356ms] [ERROR] ./src/app/admin/page.tsx:641:19
Error: Unexpected token. Did you mean `{'}'}` or `&rbrace;`?
  639 |                     </div>
  640 |                   </div>
> 641 |                 ))}
      |                   ^
  642 |           </div>
  643 |         )}
  644 |         <Button

Parsing ecmascript source code failed

Import traces:
  Client Component Browser:
    ./src/app/admin/page.tsx [Client Component Browser]
    ./src/app/admin/page.tsx [Server Component]

  Client Component SSR:
    ./src/app/admin/page.tsx [Client Component SSR]
    ./src/app/admin/page.tsx [Server Component] @ http://localhost:3000/_next/static/chunks/node_modules_next_dist_1e8vcs8._.js:1052
[   33411ms] [ERROR] ./src/app/admin/page.tsx:641:19
Error: Unexpected token. Did you mean `{'}'}` or `&rbrace;`?
  639 |                     </div>
  640 |                   </div>
> 641 |                 ))}
      |                   ^
  642 |           </div>
  643 |         )}
  644 |         <Button

Parsing ecmascript source code failed

Import traces:
  Client Component Browser:
    ./src/app/admin/page.tsx [Client Component Browser]
    ./src/app/admin/page.tsx [Server Component]

  Client Component SSR:
    ./src/app/admin/page.tsx [Client Component SSR]
    ./src/app/admin/page.tsx [Server Component] @ http://localhost:3000/_next/static/chunks/node_modules_next_dist_1e8vcs8._.js:1052
[   33463ms] [ERROR] ./src/app/admin/page.tsx:641:19
Error: Unexpected token. Did you mean `{'}'}` or `&rbrace;`?
  639 |                     </div>
  640 |                   </div>
> 641 |                 ))}
      |                   ^
  642 |           </div>
  643 |         )}
  644 |         <Button

Parsing ecmascript source code failed

Import traces:
  Client Component Browser:
    ./src/app/admin/page.tsx [Client Component Browser]
    ./src/app/admin/page.tsx [Server Component]

  Client Component SSR:
    ./src/app/admin/page.tsx [Client Component SSR]
    ./src/app/admin/page.tsx [Server Component] @ http://localhost:3000/_next/static/chunks/node_modules_next_dist_1e8vcs8._.js:1052
[   33515ms] [ERROR] ./src/app/admin/page.tsx:641:19
Error: Unexpected token. Did you mean `{'}'}` or `&rbrace;`?
  639 |                     </div>
  640 |                   </div>
> 641 |                 ))}
      |                   ^
  642 |           </div>
  643 |         )}
  644 |         <Button

Parsing ecmascript source code failed

Import traces:
  Client Component Browser:
    ./src/app/admin/page.tsx [Client Component Browser]
    ./src/app/admin/page.tsx [Server Component]

  Client Component SSR:
    ./src/app/admin/page.tsx [Client Component SSR]
    ./src/app/admin/page.tsx [Server Component] @ http://localhost:3000/_next/static/chunks/node_modules_next_dist_1e8vcs8._.js:1052
[   33568ms] [ERROR] ./src/app/admin/page.tsx:641:19
Error: Unexpected token. Did you mean `{'}'}` or `&rbrace;`?
  639 |                     </div>
  640 |                   </div>
> 641 |                 ))}
      |                   ^
  642 |           </div>
  643 |         )}
  644 |         <Button

Parsing ecmascript source code failed

Import traces:
  Client Component Browser:
    ./src/app/admin/page.tsx [Client Component Browser]
    ./src/app/admin/page.tsx [Server Component]

  Client Component SSR:
    ./src/app/admin/page.tsx [Client Component SSR]
    ./src/app/admin/page.tsx [Server Component] @ http://localhost:3000/_next/static/chunks/node_modules_next_dist_1e8vcs8._.js:1052
[   33630ms] [ERROR] ./src/app/admin/page.tsx:641:19
Error: Unexpected token. Did you mean `{'}'}` or `&rbrace;`?
  639 |                     </div>
  640 |                   </div>
> 641 |                 ))}
      |                   ^
  642 |           </div>
  643 |         )}
  644 |         <Button

Parsing ecmascript source code failed

Import traces:
  Client Component Browser:
    ./src/app/admin/page.tsx [Client Component Browser]
    ./src/app/admin/page.tsx [Server Component]

  Client Component SSR:
    ./src/app/admin/page.tsx [Client Component SSR]
    ./src/app/admin/page.tsx [Server Component] @ http://localhost:3000/_next/static/chunks/node_modules_next_dist_1e8vcs8._.js:1052
[   33680ms] [ERROR] ./src/app/admin/page.tsx:641:19
Error: Unexpected token. Did you mean `{'}'}` or `&rbrace;`?
  639 |                     </div>
  640 |                   </div>
> 641 |                 ))}
      |                   ^
  642 |           </div>
  643 |         )}
  644 |         <Button

Parsing ecmascript source code failed

Import traces:
  Client Component Browser:
    ./src/app/admin/page.tsx [Client Component Browser]
    ./src/app/admin/page.tsx [Server Component]

  Client Component SSR:
    ./src/app/admin/page.tsx [Client Component SSR]
    ./src/app/admin/page.tsx [Server Component] @ http://localhost:3000/_next/static/chunks/node_modules_next_dist_1e8vcs8._.js:1052
[   33732ms] [ERROR] ./src/app/admin/page.tsx:641:19
Error: Unexpected token. Did you mean `{'}'}` or `&rbrace;`?
  639 |                     </div>
  640 |                   </div>
> 641 |                 ))}
      |                   ^
  642 |           </div>
  643 |         )}
  644 |         <Button

Parsing ecmascript source code failed

Import traces:
  Client Component Browser:
    ./src/app/admin/page.tsx [Client Component Browser]
    ./src/app/admin/page.tsx [Server Component]

  Client Component SSR:
    ./src/app/admin/page.tsx [Client Component SSR]
    ./src/app/admin/page.tsx [Server Component] @ http://localhost:3000/_next/static/chunks/node_modules_next_dist_1e8vcs8._.js:1052
[   33783ms] [ERROR] ./src/app/admin/page.tsx:641:19
Error: Unexpected token. Did you mean `{'}'}` or `&rbrace;`?
  639 |                     </div>
  640 |                   </div>
> 641 |                 ))}
      |                   ^
  642 |           </div>
  643 |         )}
  644 |         <Button

Parsing ecmascript source code failed

Import traces:
  Client Component Browser:
    ./src/app/admin/page.tsx [Client Component Browser]
    ./src/app/admin/page.tsx [Server Component]

  Client Component SSR:
    ./src/app/admin/page.tsx [Client Component SSR]
    ./src/app/admin/page.tsx [Server Component] @ http://localhost:3000/_next/static/chunks/node_modules_next_dist_1e8vcs8._.js:1052
[   33836ms] [ERROR] ./src/app/admin/page.tsx:641:19
Error: Unexpected token. Did you mean `{'}'}` or `&rbrace;`?
  639 |                     </div>
  640 |                   </div>
> 641 |                 ))}
      |                   ^
  642 |           </div>
  643 |         )}
  644 |         <Button

Parsing ecmascript source code failed

Import traces:
  Client Component Browser:
    ./src/app/admin/page.tsx [Client Component Browser]
    ./src/app/admin/page.tsx [Server Component]

  Client Component SSR:
    ./src/app/admin/page.tsx [Client Component SSR]
    ./src/app/admin/page.tsx [Server Component] @ http://localhost:3000/_next/static/chunks/node_modules_next_dist_1e8vcs8._.js:1052
[   33889ms] [ERROR] ./src/app/admin/page.tsx:641:19
Error: Unexpected token. Did you mean `{'}'}` or `&rbrace;`?
  639 |                     </div>
  640 |                   </div>
> 641 |                 ))}
      |                   ^
  642 |           </div>
  643 |         )}
  644 |         <Button

Parsing ecmascript source code failed

Import traces:
  Client Component Browser:
    ./src/app/admin/page.tsx [Client Component Browser]
    ./src/app/admin/page.tsx [Server Component]

  Client Component SSR:
    ./src/app/admin/page.tsx [Client Component SSR]
    ./src/app/admin/page.tsx [Server Component] @ http://localhost:3000/_next/static/chunks/node_modules_next_dist_1e8vcs8._.js:1052
[   33943ms] [ERROR] ./src/app/admin/page.tsx:641:19
Error: Unexpected token. Did you mean `{'}'}` or `&rbrace;`?
  639 |                     </div>
  640 |                   </div>
> 641 |                 ))}
      |                   ^
  642 |           </div>
  643 |         )}
  644 |         <Button

Parsing ecmascript source code failed

Import traces:
  Client Component Browser:
    ./src/app/admin/page.tsx [Client Component Browser]
    ./src/app/admin/page.tsx [Server Component]

  Client Component SSR:
    ./src/app/admin/page.tsx [Client Component SSR]
    ./src/app/admin/page.tsx [Server Component] @ http://localhost:3000/_next/static/chunks/node_modules_next_dist_1e8vcs8._.js:1052
[   33997ms] [ERROR] ./src/app/admin/page.tsx:641:19
Error: Unexpected token. Did you mean `{'}'}` or `&rbrace;`?
  639 |                     </div>
  640 |                   </div>
> 641 |                 ))}
      |                   ^
  642 |           </div>
  643 |         )}
  644 |         <Button

Parsing ecmascript source code failed

Import traces:
  Client Component Browser:
    ./src/app/admin/page.tsx [Client Component Browser]
    ./src/app/admin/page.tsx [Server Component]

  Client Component SSR:
    ./src/app/admin/page.tsx [Client Component SSR]
    ./src/app/admin/page.tsx [Server Component] @ http://localhost:3000/_next/static/chunks/node_modules_next_dist_1e8vcs8._.js:1052
[   34049ms] [ERROR] ./src/app/admin/page.tsx:641:19
Error: Unexpected token. Did you mean `{'}'}` or `&rbrace;`?
  639 |                     </div>
  640 |                   </div>
> 641 |                 ))}
      |                   ^
  642 |           </div>
  643 |         )}
  644 |         <Button

Parsing ecmascript source code failed

Import traces:
  Client Component Browser:
    ./src/app/admin/page.tsx [Client Component Browser]
    ./src/app/admin/page.tsx [Server Component]

  Client Component SSR:
    ./src/app/admin/page.tsx [Client Component SSR]
    ./src/app/admin/page.tsx [Server Component] @ http://localhost:3000/_next/static/chunks/node_modules_next_dist_1e8vcs8._.js:1052
[   34101ms] [ERROR] ./src/app/admin/page.tsx:641:19
Error: Unexpected token. Did you mean `{'}'}` or `&rbrace;`?
  639 |                     </div>
  640 |                   </div>
> 641 |                 ))}
      |                   ^
  642 |           </div>
  643 |         )}
  644 |         <Button

Parsing ecmascript source code failed

Import traces:
  Client Component Browser:
    ./src/app/admin/page.tsx [Client Component Browser]
    ./src/app/admin/page.tsx [Server Component]

  Client Component SSR:
    ./src/app/admin/page.tsx [Client Component SSR]
    ./src/app/admin/page.tsx [Server Component] @ http://localhost:3000/_next/static/chunks/node_modules_next_dist_1e8vcs8._.js:1052
[   34153ms] [ERROR] ./src/app/admin/page.tsx:641:19
Error: Unexpected token. Did you mean `{'}'}` or `&rbrace;`?
  639 |                     </div>
  640 |                   </div>
> 641 |                 ))}
      |                   ^
  642 |           </div>
  643 |         )}
  644 |         <Button

Parsing ecmascript source code failed

Import traces:
  Client Component Browser:
    ./src/app/admin/page.tsx [Client Component Browser]
    ./src/app/admin/page.tsx [Server Component]

  Client Component SSR:
    ./src/app/admin/page.tsx [Client Component SSR]
    ./src/app/admin/page.tsx [Server Component] @ http://localhost:3000/_next/static/chunks/node_modules_next_dist_1e8vcs8._.js:1052
[   34206ms] [ERROR] ./src/app/admin/page.tsx:641:19
Error: Unexpected token. Did you mean `{'}'}` or `&rbrace;`?
  639 |                     </div>
  640 |                   </div>
> 641 |                 ))}
      |                   ^
  642 |           </div>
  643 |         )}
  644 |         <Button

Parsing ecmascript source code failed

Import traces:
  Client Component Browser:
    ./src/app/admin/page.tsx [Client Component Browser]
    ./src/app/admin/page.tsx [Server Component]

  Client Component SSR:
    ./src/app/admin/page.tsx [Client Component SSR]
    ./src/app/admin/page.tsx [Server Component] @ http://localhost:3000/_next/static/chunks/node_modules_next_dist_1e8vcs8._.js:1052
[   34256ms] [ERROR] ./src/app/admin/page.tsx:641:19
Error: Unexpected token. Did you mean `{'}'}` or `&rbrace;`?
  639 |                     </div>
  640 |                   </div>
> 641 |                 ))}
      |                   ^
  642 |           </div>
  643 |         )}
  644 |         <Button

Parsing ecmascript source code failed

Import traces:
  Client Component Browser:
    ./src/app/admin/page.tsx [Client Component Browser]
    ./src/app/admin/page.tsx [Server Component]

  Client Component SSR:
    ./src/app/admin/page.tsx [Client Component SSR]
    ./src/app/admin/page.tsx [Server Component] @ http://localhost:3000/_next/static/chunks/node_modules_next_dist_1e8vcs8._.js:1052
[   34307ms] [ERROR] ./src/app/admin/page.tsx:641:19
Error: Unexpected token. Did you mean `{'}'}` or `&rbrace;`?
  639 |                     </div>
  640 |                   </div>
> 641 |                 ))}
      |                   ^
  642 |           </div>
  643 |         )}
  644 |         <Button

Parsing ecmascript source code failed

Import traces:
  Client Component Browser:
    ./src/app/admin/page.tsx [Client Component Browser]
    ./src/app/admin/page.tsx [Server Component]

  Client Component SSR:
    ./src/app/admin/page.tsx [Client Component SSR]
    ./src/app/admin/page.tsx [Server Component] @ http://localhost:3000/_next/static/chunks/node_modules_next_dist_1e8vcs8._.js:1052
[   34533ms] [ERROR] ./src/app/admin/page.tsx:641:19
Error: Unexpected token. Did you mean `{'}'}` or `&rbrace;`?
  639 |                     </div>
  640 |                   </div>
> 641 |                 ))}
      |                   ^
  642 |           </div>
  643 |         )}
  644 |         <Button

Parsing ecmascript source code failed

Import traces:
  Client Component Browser:
    ./src/app/admin/page.tsx [Client Component Browser]
    ./src/app/admin/page.tsx [Server Component]

  Client Component SSR:
    ./src/app/admin/page.tsx [Client Component SSR]
    ./src/app/admin/page.tsx [Server Component] @ http://localhost:3000/_next/static/chunks/node_modules_next_dist_1e8vcs8._.js:1052
[   34597ms] [ERROR] ./src/app/admin/page.tsx:641:19
Error: Unexpected token. Did you mean `{'}'}` or `&rbrace;`?
  639 |                     </div>
  640 |                   </div>
> 641 |                 ))}
      |                   ^
  642 |           </div>
  643 |         )}
  644 |         <Button

Parsing ecmascript source code failed

Import traces:
  Client Component Browser:
    ./src/app/admin/page.tsx [Client Component Browser]
    ./src/app/admin/page.tsx [Server Component]

  Client Component SSR:
    ./src/app/admin/page.tsx [Client Component SSR]
    ./src/app/admin/page.tsx [Server Component] @ http://localhost:3000/_next/static/chunks/node_modules_next_dist_1e8vcs8._.js:1052
[   34655ms] [ERROR] ./src/app/admin/page.tsx:641:19
Error: Unexpected token. Did you mean `{'}'}` or `&rbrace;`?
  639 |                     </div>
  640 |                   </div>
> 641 |                 ))}
      |                   ^
  642 |           </div>
  643 |         )}
  644 |         <Button

Parsing ecmascript source code failed

Import traces:
  Client Component Browser:
    ./src/app/admin/page.tsx [Client Component Browser]
    ./src/app/admin/page.tsx [Server Component]

  Client Component SSR:
    ./src/app/admin/page.tsx [Client Component SSR]
    ./src/app/admin/page.tsx [Server Component] @ http://localhost:3000/_next/static/chunks/node_modules_next_dist_1e8vcs8._.js:1052
[   34710ms] [ERROR] ./src/app/admin/page.tsx:641:19
Error: Unexpected token. Did you mean `{'}'}` or `&rbrace;`?
  639 |                     </div>
  640 |                   </div>
> 641 |                 ))}
      |                   ^
  642 |           </div>
  643 |         )}
  644 |         <Button

Parsing ecmascript source code failed

Import traces:
  Client Component Browser:
    ./src/app/admin/page.tsx [Client Component Browser]
    ./src/app/admin/page.tsx [Server Component]

  Client Component SSR:
    ./src/app/admin/page.tsx [Client Component SSR]
    ./src/app/admin/page.tsx [Server Component] @ http://localhost:3000/_next/static/chunks/node_modules_next_dist_1e8vcs8._.js:1052
[   34764ms] [ERROR] ./src/app/admin/page.tsx:641:19
Error: Unexpected token. Did you mean `{'}'}` or `&rbrace;`?
  639 |                     </div>
  640 |                   </div>
> 641 |                 ))}
      |                   ^
  642 |           </div>
  643 |         )}
  644 |         <Button

Parsing ecmascript source code failed

Import traces:
  Client Component Browser:
    ./src/app/admin/page.tsx [Client Component Browser]
    ./src/app/admin/page.tsx [Server Component]

  Client Component SSR:
    ./src/app/admin/page.tsx [Client Component SSR]
    ./src/app/admin/page.tsx [Server Component] @ http://localhost:3000/_next/static/chunks/node_modules_next_dist_1e8vcs8._.js:1052
[   34819ms] [ERROR] ./src/app/admin/page.tsx:641:19
Error: Unexpected token. Did you mean `{'}'}` or `&rbrace;`?
  639 |                     </div>
  640 |                   </div>
> 641 |                 ))}
      |                   ^
  642 |           </div>
  643 |         )}
  644 |         <Button

Parsing ecmascript source code failed

Import traces:
  Client Component Browser:
    ./src/app/admin/page.tsx [Client Component Browser]
    ./src/app/admin/page.tsx [Server Component]

  Client Component SSR:
    ./src/app/admin/page.tsx [Client Component SSR]
    ./src/app/admin/page.tsx [Server Component] @ http://localhost:3000/_next/static/chunks/node_modules_next_dist_1e8vcs8._.js:1052
[   34871ms] [ERROR] ./src/app/admin/page.tsx:641:19
Error: Unexpected token. Did you mean `{'}'}` or `&rbrace;`?
  639 |                     </div>
  640 |                   </div>
> 641 |                 ))}
      |                   ^
  642 |           </div>
  643 |         )}
  644 |         <Button

Parsing ecmascript source code failed

Import traces:
  Client Component Browser:
    ./src/app/admin/page.tsx [Client Component Browser]
    ./src/app/admin/page.tsx [Server Component]

  Client Component SSR:
    ./src/app/admin/page.tsx [Client Component SSR]
    ./src/app/admin/page.tsx [Server Component] @ http://localhost:3000/_next/static/chunks/node_modules_next_dist_1e8vcs8._.js:1052
[   34924ms] [ERROR] ./src/app/admin/page.tsx:641:19
Error: Unexpected token. Did you mean `{'}'}` or `&rbrace;`?
  639 |                     </div>
  640 |                   </div>
> 641 |                 ))}
      |                   ^
  642 |           </div>
  643 |         )}
  644 |         <Button

Parsing ecmascript source code failed

Import traces:
  Client Component Browser:
    ./src/app/admin/page.tsx [Client Component Browser]
    ./src/app/admin/page.tsx [Server Component]

  Client Component SSR:
    ./src/app/admin/page.tsx [Client Component SSR]
    ./src/app/admin/page.tsx [Server Component] @ http://localhost:3000/_next/static/chunks/node_modules_next_dist_1e8vcs8._.js:1052
[   34975ms] [ERROR] ./src/app/admin/page.tsx:641:19
Error: Unexpected token. Did you mean `{'}'}` or `&rbrace;`?
  639 |                     </div>
  640 |                   </div>
> 641 |                 ))}
      |                   ^
  642 |           </div>
  643 |         )}
  644 |         <Button

Parsing ecmascript source code failed

Import traces:
  Client Component Browser:
    ./src/app/admin/page.tsx [Client Component Browser]
    ./src/app/admin/page.tsx [Server Component]

  Client Component SSR:
    ./src/app/admin/page.tsx [Client Component SSR]
    ./src/app/admin/page.tsx [Server Component] @ http://localhost:3000/_next/static/chunks/node_modules_next_dist_1e8vcs8._.js:1052
[   35068ms] [ERROR] ./src/app/admin/page.tsx:641:19
Error: Unexpected token. Did you mean `{'}'}` or `&rbrace;`?
  639 |                     </div>
  640 |                   </div>
> 641 |                 ))}
      |                   ^
  642 |           </div>
  643 |         )}
  644 |         <Button

Parsing ecmascript source code failed

Import traces:
  Client Component Browser:
    ./src/app/admin/page.tsx [Client Component Browser]
    ./src/app/admin/page.tsx [Server Component]

  Client Component SSR:
    ./src/app/admin/page.tsx [Client Component SSR]
    ./src/app/admin/page.tsx [Server Component] @ http://localhost:3000/_next/static/chunks/node_modules_next_dist_1e8vcs8._.js:1052
[   35340ms] [ERROR] ./src/app/admin/page.tsx:641:19
Error: Unexpected token. Did you mean `{'}'}` or `&rbrace;`?
  639 |                     </div>
  640 |                   </div>
> 641 |                 ))}
      |                   ^
  642 |           </div>
  643 |         )}
  644 |         <Button

Parsing ecmascript source code failed

Import traces:
  Client Component Browser:
    ./src/app/admin/page.tsx [Client Component Browser]
    ./src/app/admin/page.tsx [Server Component]

  Client Component SSR:
    ./src/app/admin/page.tsx [Client Component SSR]
    ./src/app/admin/page.tsx [Server Component] @ http://localhost:3000/_next/static/chunks/node_modules_next_dist_1e8vcs8._.js:1052
[   35394ms] [ERROR] ./src/app/admin/page.tsx:641:19
Error: Unexpected token. Did you mean `{'}'}` or `&rbrace;`?
  639 |                     </div>
  640 |                   </div>
> 641 |                 ))}
      |                   ^
  642 |           </div>
  643 |         )}
  644 |         <Button

Parsing ecmascript source code failed

Import traces:
  Client Component Browser:
    ./src/app/admin/page.tsx [Client Component Browser]
    ./src/app/admin/page.tsx [Server Component]

  Client Component SSR:
    ./src/app/admin/page.tsx [Client Component SSR]
    ./src/app/admin/page.tsx [Server Component] @ http://localhost:3000/_next/static/chunks/node_modules_next_dist_1e8vcs8._.js:1052
[   35444ms] [ERROR] ./src/app/admin/page.tsx:641:19
Error: Unexpected token. Did you mean `{'}'}` or `&rbrace;`?
  639 |                     </div>
  640 |                   </div>
> 641 |                 ))}
      |                   ^
  642 |           </div>
  643 |         )}
  644 |         <Button

Parsing ecmascript source code failed

Import traces:
  Client Component Browser:
    ./src/app/admin/page.tsx [Client Component Browser]
    ./src/app/admin/page.tsx [Server Component]

  Client Component SSR:
    ./src/app/admin/page.tsx [Client Component SSR]
    ./src/app/admin/page.tsx [Server Component] @ http://localhost:3000/_next/static/chunks/node_modules_next_dist_1e8vcs8._.js:1052
[   35492ms] [ERROR] ./src/app/admin/page.tsx:641:19
Error: Unexpected token. Did you mean `{'}'}` or `&rbrace;`?
  639 |                     </div>
  640 |                   </div>
> 641 |                 ))}
      |                   ^
  642 |           </div>
  643 |         )}
  644 |         <Button

Parsing ecmascript source code failed

Import traces:
  Client Component Browser:
    ./src/app/admin/page.tsx [Client Component Browser]
    ./src/app/admin/page.tsx [Server Component]

  Client Component SSR:
    ./src/app/admin/page.tsx [Client Component SSR]
    ./src/app/admin/page.tsx [Server Component] @ http://localhost:3000/_next/static/chunks/node_modules_next_dist_1e8vcs8._.js:1052
[   35545ms] [ERROR] ./src/app/admin/page.tsx:641:19
Error: Unexpected token. Did you mean `{'}'}` or `&rbrace;`?
  639 |                     </div>
  640 |                   </div>
> 641 |                 ))}
      |                   ^
  642 |           </div>
  643 |         )}
  644 |         <Button

Parsing ecmascript source code failed

Import traces:
  Client Component Browser:
    ./src/app/admin/page.tsx [Client Component Browser]
    ./src/app/admin/page.tsx [Server Component]

  Client Component SSR:
    ./src/app/admin/page.tsx [Client Component SSR]
    ./src/app/admin/page.tsx [Server Component] @ http://localhost:3000/_next/static/chunks/node_modules_next_dist_1e8vcs8._.js:1052
[   35598ms] [ERROR] ./src/app/admin/page.tsx:641:19
Error: Unexpected token. Did you mean `{'}'}` or `&rbrace;`?
  639 |                     </div>
  640 |                   </div>
> 641 |                 ))}
      |                   ^
  642 |           </div>
  643 |         )}
  644 |         <Button

Parsing ecmascript source code failed

Import traces:
  Client Component Browser:
    ./src/app/admin/page.tsx [Client Component Browser]
    ./src/app/admin/page.tsx [Server Component]

  Client Component SSR:
    ./src/app/admin/page.tsx [Client Component SSR]
    ./src/app/admin/page.tsx [Server Component] @ http://localhost:3000/_next/static/chunks/node_modules_next_dist_1e8vcs8._.js:1052
[   35650ms] [ERROR] ./src/app/admin/page.tsx:641:19
Error: Unexpected token. Did you mean `{'}'}` or `&rbrace;`?
  639 |                     </div>
  640 |                   </div>
> 641 |                 ))}
      |                   ^
  642 |           </div>
  643 |         )}
  644 |         <Button

Parsing ecmascript source code failed

Import traces:
  Client Component Browser:
    ./src/app/admin/page.tsx [Client Component Browser]
    ./src/app/admin/page.tsx [Server Component]

  Client Component SSR:
    ./src/app/admin/page.tsx [Client Component SSR]
    ./src/app/admin/page.tsx [Server Component] @ http://localhost:3000/_next/static/chunks/node_modules_next_dist_1e8vcs8._.js:1052
[   35714ms] [ERROR] ./src/app/admin/page.tsx:641:19
Error: Unexpected token. Did you mean `{'}'}` or `&rbrace;`?
  639 |                     </div>
  640 |                   </div>
> 641 |                 ))}
      |                   ^
  642 |           </div>
  643 |         )}
  644 |         <Button

Parsing ecmascript source code failed

Import traces:
  Client Component Browser:
    ./src/app/admin/page.tsx [Client Component Browser]
    ./src/app/admin/page.tsx [Server Component]

  Client Component SSR:
    ./src/app/admin/page.tsx [Client Component SSR]
    ./src/app/admin/page.tsx [Server Component] @ http://localhost:3000/_next/static/chunks/node_modules_next_dist_1e8vcs8._.js:1052
[   35760ms] [ERROR] ./src/app/admin/page.tsx:641:19
Error: Unexpected token. Did you mean `{'}'}` or `&rbrace;`?
  639 |                     </div>
  640 |                   </div>
> 641 |                 ))}
      |                   ^
  642 |           </div>
  643 |         )}
  644 |         <Button

Parsing ecmascript source code failed

Import traces:
  Client Component Browser:
    ./src/app/admin/page.tsx [Client Component Browser]
    ./src/app/admin/page.tsx [Server Component]

  Client Component SSR:
    ./src/app/admin/page.tsx [Client Component SSR]
    ./src/app/admin/page.tsx [Server Component] @ http://localhost:3000/_next/static/chunks/node_modules_next_dist_1e8vcs8._.js:1052
[   35813ms] [ERROR] ./src/app/admin/page.tsx:641:19
Error: Unexpected token. Did you mean `{'}'}` or `&rbrace;`?
  639 |                     </div>
  640 |                   </div>
> 641 |                 ))}
      |                   ^
  642 |           </div>
  643 |         )}
  644 |         <Button

Parsing ecmascript source code failed

Import traces:
  Client Component Browser:
    ./src/app/admin/page.tsx [Client Component Browser]
    ./src/app/admin/page.tsx [Server Component]

  Client Component SSR:
    ./src/app/admin/page.tsx [Client Component SSR]
    ./src/app/admin/page.tsx [Server Component] @ http://localhost:3000/_next/static/chunks/node_modules_next_dist_1e8vcs8._.js:1052
[   35878ms] [ERROR] ./src/app/admin/page.tsx:641:19
Error: Unexpected token. Did you mean `{'}'}` or `&rbrace;`?
  639 |                     </div>
  640 |                   </div>
> 641 |                 ))}
      |                   ^
  642 |           </div>
  643 |         )}
  644 |         <Button

Parsing ecmascript source code failed

Import traces:
  Client Component Browser:
    ./src/app/admin/page.tsx [Client Component Browser]
    ./src/app/admin/page.tsx [Server Component]

  Client Component SSR:
    ./src/app/admin/page.tsx [Client Component SSR]
    ./src/app/admin/page.tsx [Server Component] @ http://localhost:3000/_next/static/chunks/node_modules_next_dist_1e8vcs8._.js:1052
[   35949ms] [ERROR] ./src/app/admin/page.tsx:641:19
Error: Unexpected token. Did you mean `{'}'}` or `&rbrace;`?
  639 |                     </div>
  640 |                   </div>
> 641 |                 ))}
      |                   ^
  642 |           </div>
  643 |         )}
  644 |         <Button

Parsing ecmascript source code failed

Import traces:
  Client Component Browser:
    ./src/app/admin/page.tsx [Client Component Browser]
    ./src/app/admin/page.tsx [Server Component]

  Client Component SSR:
    ./src/app/admin/page.tsx [Client Component SSR]
    ./src/app/admin/page.tsx [Server Component] @ http://localhost:3000/_next/static/chunks/node_modules_next_dist_1e8vcs8._.js:1052
[   36011ms] [ERROR] ./src/app/admin/page.tsx:641:19
Error: Unexpected token. Did you mean `{'}'}` or `&rbrace;`?
  639 |                     </div>
  640 |                   </div>
> 641 |                 ))}
      |                   ^
  642 |           </div>
  643 |         )}
  644 |         <Button

Parsing ecmascript source code failed

Import traces:
  Client Component Browser:
    ./src/app/admin/page.tsx [Client Component Browser]
    ./src/app/admin/page.tsx [Server Component]

  Client Component SSR:
    ./src/app/admin/page.tsx [Client Component SSR]
    ./src/app/admin/page.tsx [Server Component] @ http://localhost:3000/_next/static/chunks/node_modules_next_dist_1e8vcs8._.js:1052
[   36076ms] [ERROR] ./src/app/admin/page.tsx:641:19
Error: Unexpected token. Did you mean `{'}'}` or `&rbrace;`?
  639 |                     </div>
  640 |                   </div>
> 641 |                 ))}
      |                   ^
  642 |           </div>
  643 |         )}
  644 |         <Button

Parsing ecmascript source code failed

Import traces:
  Client Component Browser:
    ./src/app/admin/page.tsx [Client Component Browser]
    ./src/app/admin/page.tsx [Server Component]

  Client Component SSR:
    ./src/app/admin/page.tsx [Client Component SSR]
    ./src/app/admin/page.tsx [Server Component] @ http://localhost:3000/_next/static/chunks/node_modules_next_dist_1e8vcs8._.js:1052
[   36138ms] [ERROR] ./src/app/admin/page.tsx:641:19
Error: Unexpected token. Did you mean `{'}'}` or `&rbrace;`?
  639 |                     </div>
  640 |                   </div>
> 641 |                 ))}
      |                   ^
  642 |           </div>
  643 |         )}
  644 |         <Button

Parsing ecmascript source code failed

Import traces:
  Client Component Browser:
    ./src/app/admin/page.tsx [Client Component Browser]
    ./src/app/admin/page.tsx [Server Component]

  Client Component SSR:
    ./src/app/admin/page.tsx [Client Component SSR]
    ./src/app/admin/page.tsx [Server Component] @ http://localhost:3000/_next/static/chunks/node_modules_next_dist_1e8vcs8._.js:1052
[   36186ms] [ERROR] ./src/app/admin/page.tsx:641:19
Error: Unexpected token. Did you mean `{'}'}` or `&rbrace;`?
  639 |                     </div>
  640 |                   </div>
> 641 |                 ))}
      |                   ^
  642 |           </div>
  643 |         )}
  644 |         <Button

Parsing ecmascript source code failed

Import traces:
  Client Component Browser:
    ./src/app/admin/page.tsx [Client Component Browser]
    ./src/app/admin/page.tsx [Server Component]

  Client Component SSR:
    ./src/app/admin/page.tsx [Client Component SSR]
    ./src/app/admin/page.tsx [Server Component] @ http://localhost:3000/_next/static/chunks/node_modules_next_dist_1e8vcs8._.js:1052
[   36227ms] [ERROR] ./src/app/admin/page.tsx:641:19
Error: Unexpected token. Did you mean `{'}'}` or `&rbrace;`?
  639 |                     </div>
  640 |                   </div>
> 641 |                 ))}
      |                   ^
  642 |           </div>
  643 |         )}
  644 |         <Button

Parsing ecmascript source code failed

Import traces:
  Client Component Browser:
    ./src/app/admin/page.tsx [Client Component Browser]
    ./src/app/admin/page.tsx [Server Component]

  Client Component SSR:
    ./src/app/admin/page.tsx [Client Component SSR]
    ./src/app/admin/page.tsx [Server Component] @ http://localhost:3000/_next/static/chunks/node_modules_next_dist_1e8vcs8._.js:1052
[   36277ms] [ERROR] ./src/app/admin/page.tsx:641:19
Error: Unexpected token. Did you mean `{'}'}` or `&rbrace;`?
  639 |                     </div>
  640 |                   </div>
> 641 |                 ))}
      |                   ^
  642 |           </div>
  643 |         )}
  644 |         <Button

Parsing ecmascript source code failed

Import traces:
  Client Component Browser:
    ./src/app/admin/page.tsx [Client Component Browser]
    ./src/app/admin/page.tsx [Server Component]

  Client Component SSR:
    ./src/app/admin/page.tsx [Client Component SSR]
    ./src/app/admin/page.tsx [Server Component] @ http://localhost:3000/_next/static/chunks/node_modules_next_dist_1e8vcs8._.js:1052
[   36329ms] [ERROR] ./src/app/admin/page.tsx:641:19
Error: Unexpected token. Did you mean `{'}'}` or `&rbrace;`?
  639 |                     </div>
  640 |                   </div>
> 641 |                 ))}
      |                   ^
  642 |           </div>
  643 |         )}
  644 |         <Button

Parsing ecmascript source code failed

Import traces:
  Client Component Browser:
    ./src/app/admin/page.tsx [Client Component Browser]
    ./src/app/admin/page.tsx [Server Component]

  Client Component SSR:
    ./src/app/admin/page.tsx [Client Component SSR]
    ./src/app/admin/page.tsx [Server Component] @ http://localhost:3000/_next/static/chunks/node_modules_next_dist_1e8vcs8._.js:1052
[   36380ms] [ERROR] ./src/app/admin/page.tsx:641:19
Error: Unexpected token. Did you mean `{'}'}` or `&rbrace;`?
  639 |                     </div>
  640 |                   </div>
> 641 |                 ))}
      |                   ^
  642 |           </div>
  643 |         )}
  644 |         <Button

Parsing ecmascript source code failed

Import traces:
  Client Component Browser:
    ./src/app/admin/page.tsx [Client Component Browser]
    ./src/app/admin/page.tsx [Server Component]

  Client Component SSR:
    ./src/app/admin/page.tsx [Client Component SSR]
    ./src/app/admin/page.tsx [Server Component] @ http://localhost:3000/_next/static/chunks/node_modules_next_dist_1e8vcs8._.js:1052
[   36431ms] [ERROR] ./src/app/admin/page.tsx:641:19
Error: Unexpected token. Did you mean `{'}'}` or `&rbrace;`?
  639 |                     </div>
  640 |                   </div>
> 641 |                 ))}
      |                   ^
  642 |           </div>
  643 |         )}
  644 |         <Button

Parsing ecmascript source code failed

Import traces:
  Client Component Browser:
    ./src/app/admin/page.tsx [Client Component Browser]
    ./src/app/admin/page.tsx [Server Component]

  Client Component SSR:
    ./src/app/admin/page.tsx [Client Component SSR]
    ./src/app/admin/page.tsx [Server Component] @ http://localhost:3000/_next/static/chunks/node_modules_next_dist_1e8vcs8._.js:1052
[   36501ms] [ERROR] ./src/app/admin/page.tsx:641:19
Error: Unexpected token. Did you mean `{'}'}` or `&rbrace;`?
  639 |                     </div>
  640 |                   </div>
> 641 |                 ))}
      |                   ^
  642 |           </div>
  643 |         )}
  644 |         <Button

Parsing ecmascript source code failed

Import traces:
  Client Component Browser:
    ./src/app/admin/page.tsx [Client Component Browser]
    ./src/app/admin/page.tsx [Server Component]

  Client Component SSR:
    ./src/app/admin/page.tsx [Client Component SSR]
    ./src/app/admin/page.tsx [Server Component] @ http://localhost:3000/_next/static/chunks/node_modules_next_dist_1e8vcs8._.js:1052
[   36568ms] [ERROR] ./src/app/admin/page.tsx:641:19
Error: Unexpected token. Did you mean `{'}'}` or `&rbrace;`?
  639 |                     </div>
  640 |                   </div>
> 641 |                 ))}
      |                   ^
  642 |           </div>
  643 |         )}
  644 |         <Button

Parsing ecmascript source code failed

Import traces:
  Client Component Browser:
    ./src/app/admin/page.tsx [Client Component Browser]
    ./src/app/admin/page.tsx [Server Component]

  Client Component SSR:
    ./src/app/admin/page.tsx [Client Component SSR]
    ./src/app/admin/page.tsx [Server Component] @ http://localhost:3000/_next/static/chunks/node_modules_next_dist_1e8vcs8._.js:1052
[   36628ms] [ERROR] ./src/app/admin/page.tsx:641:19
Error: Unexpected token. Did you mean `{'}'}` or `&rbrace;`?
  639 |                     </div>
  640 |                   </div>
> 641 |                 ))}
      |                   ^
  642 |           </div>
  643 |         )}
  644 |         <Button

Parsing ecmascript source code failed

Import traces:
  Client Component Browser:
    ./src/app/admin/page.tsx [Client Component Browser]
    ./src/app/admin/page.tsx [Server Component]

  Client Component SSR:
    ./src/app/admin/page.tsx [Client Component SSR]
    ./src/app/admin/page.tsx [Server Component] @ http://localhost:3000/_next/static/chunks/node_modules_next_dist_1e8vcs8._.js:1052
[   36683ms] [ERROR] ./src/app/admin/page.tsx:641:19
Error: Unexpected token. Did you mean `{'}'}` or `&rbrace;`?
  639 |                     </div>
  640 |                   </div>
> 641 |                 ))}
      |                   ^
  642 |           </div>
  643 |         )}
  644 |         <Button

Parsing ecmascript source code failed

Import traces:
  Client Component Browser:
    ./src/app/admin/page.tsx [Client Component Browser]
    ./src/app/admin/page.tsx [Server Component]

  Client Component SSR:
    ./src/app/admin/page.tsx [Client Component SSR]
    ./src/app/admin/page.tsx [Server Component] @ http://localhost:3000/_next/static/chunks/node_modules_next_dist_1e8vcs8._.js:1052
[   36730ms] [ERROR] ./src/app/admin/page.tsx:641:19
Error: Unexpected token. Did you mean `{'}'}` or `&rbrace;`?
  639 |                     </div>
  640 |                   </div>
> 641 |                 ))}
      |                   ^
  642 |           </div>
  643 |         )}
  644 |         <Button

Parsing ecmascript source code failed

Import traces:
  Client Component Browser:
    ./src/app/admin/page.tsx [Client Component Browser]
    ./src/app/admin/page.tsx [Server Component]

  Client Component SSR:
    ./src/app/admin/page.tsx [Client Component SSR]
    ./src/app/admin/page.tsx [Server Component] @ http://localhost:3000/_next/static/chunks/node_modules_next_dist_1e8vcs8._.js:1052
[   36783ms] [ERROR] ./src/app/admin/page.tsx:641:19
Error: Unexpected token. Did you mean `{'}'}` or `&rbrace;`?
  639 |                     </div>
  640 |                   </div>
> 641 |                 ))}
      |                   ^
  642 |           </div>
  643 |         )}
  644 |         <Button

Parsing ecmascript source code failed

Import traces:
  Client Component Browser:
    ./src/app/admin/page.tsx [Client Component Browser]
    ./src/app/admin/page.tsx [Server Component]

  Client Component SSR:
    ./src/app/admin/page.tsx [Client Component SSR]
    ./src/app/admin/page.tsx [Server Component] @ http://localhost:3000/_next/static/chunks/node_modules_next_dist_1e8vcs8._.js:1052
[   36838ms] [ERROR] ./src/app/admin/page.tsx:641:19
Error: Unexpected token. Did you mean `{'}'}` or `&rbrace;`?
  639 |                     </div>
  640 |                   </div>
> 641 |                 ))}
      |                   ^
  642 |           </div>
  643 |         )}
  644 |         <Button

Parsing ecmascript source code failed

Import traces:
  Client Component Browser:
    ./src/app/admin/page.tsx [Client Component Browser]
    ./src/app/admin/page.tsx [Server Component]

  Client Component SSR:
    ./src/app/admin/page.tsx [Client Component SSR]
    ./src/app/admin/page.tsx [Server Component] @ http://localhost:3000/_next/static/chunks/node_modules_next_dist_1e8vcs8._.js:1052
[   36896ms] [ERROR] ./src/app/admin/page.tsx:641:19
Error: Unexpected token. Did you mean `{'}'}` or `&rbrace;`?
  639 |                     </div>
  640 |                   </div>
> 641 |                 ))}
      |                   ^
  642 |           </div>
  643 |         )}
  644 |         <Button

Parsing ecmascript source code failed

Import traces:
  Client Component Browser:
    ./src/app/admin/page.tsx [Client Component Browser]
    ./src/app/admin/page.tsx [Server Component]

  Client Component SSR:
    ./src/app/admin/page.tsx [Client Component SSR]
    ./src/app/admin/page.tsx [Server Component] @ http://localhost:3000/_next/static/chunks/node_modules_next_dist_1e8vcs8._.js:1052
[   36948ms] [ERROR] ./src/app/admin/page.tsx:641:19
Error: Unexpected token. Did you mean `{'}'}` or `&rbrace;`?
  639 |                     </div>
  640 |                   </div>
> 641 |                 ))}
      |                   ^
  642 |           </div>
  643 |         )}
  644 |         <Button

Parsing ecmascript source code failed

Import traces:
  Client Component Browser:
    ./src/app/admin/page.tsx [Client Component Browser]
    ./src/app/admin/page.tsx [Server Component]

  Client Component SSR:
    ./src/app/admin/page.tsx [Client Component SSR]
    ./src/app/admin/page.tsx [Server Component] @ http://localhost:3000/_next/static/chunks/node_modules_next_dist_1e8vcs8._.js:1052
[   36999ms] [ERROR] ./src/app/admin/page.tsx:641:19
Error: Unexpected token. Did you mean `{'}'}` or `&rbrace;`?
  639 |                     </div>
  640 |                   </div>
> 641 |                 ))}
      |                   ^
  642 |           </div>
  643 |         )}
  644 |         <Button

Parsing ecmascript source code failed

Import traces:
  Client Component Browser:
    ./src/app/admin/page.tsx [Client Component Browser]
    ./src/app/admin/page.tsx [Server Component]

  Client Component SSR:
    ./src/app/admin/page.tsx [Client Component SSR]
    ./src/app/admin/page.tsx [Server Component] @ http://localhost:3000/_next/static/chunks/node_modules_next_dist_1e8vcs8._.js:1052
[   37049ms] [ERROR] ./src/app/admin/page.tsx:641:19
Error: Unexpected token. Did you mean `{'}'}` or `&rbrace;`?
  639 |                     </div>
  640 |                   </div>
> 641 |                 ))}
      |                   ^
  642 |           </div>
  643 |         )}
  644 |         <Button

Parsing ecmascript source code failed

Import traces:
  Client Component Browser:
    ./src/app/admin/page.tsx [Client Component Browser]
    ./src/app/admin/page.tsx [Server Component]

  Client Component SSR:
    ./src/app/admin/page.tsx [Client Component SSR]
    ./src/app/admin/page.tsx [Server Component] @ http://localhost:3000/_next/static/chunks/node_modules_next_dist_1e8vcs8._.js:1052
[   37101ms] [ERROR] ./src/app/admin/page.tsx:641:19
Error: Unexpected token. Did you mean `{'}'}` or `&rbrace;`?
  639 |                     </div>
  640 |                   </div>
> 641 |                 ))}
      |                   ^
  642 |           </div>
  643 |         )}
  644 |         <Button

Parsing ecmascript source code failed

Import traces:
  Client Component Browser:
    ./src/app/admin/page.tsx [Client Component Browser]
    ./src/app/admin/page.tsx [Server Component]

  Client Component SSR:
    ./src/app/admin/page.tsx [Client Component SSR]
    ./src/app/admin/page.tsx [Server Component] @ http://localhost:3000/_next/static/chunks/node_modules_next_dist_1e8vcs8._.js:1052
[   37164ms] [ERROR] ./src/app/admin/page.tsx:641:19
Error: Unexpected token. Did you mean `{'}'}` or `&rbrace;`?
  639 |                     </div>
  640 |                   </div>
> 641 |                 ))}
      |                   ^
  642 |           </div>
  643 |         )}
  644 |         <Button

Parsing ecmascript source code failed

Import traces:
  Client Component Browser:
    ./src/app/admin/page.tsx [Client Component Browser]
    ./src/app/admin/page.tsx [Server Component]

  Client Component SSR:
    ./src/app/admin/page.tsx [Client Component SSR]
    ./src/app/admin/page.tsx [Server Component] @ http://localhost:3000/_next/static/chunks/node_modules_next_dist_1e8vcs8._.js:1052
[   37232ms] [ERROR] ./src/app/admin/page.tsx:641:19
Error: Unexpected token. Did you mean `{'}'}` or `&rbrace;`?
  639 |                     </div>
  640 |                   </div>
> 641 |                 ))}
      |                   ^
  642 |           </div>
  643 |         )}
  644 |         <Button

Parsing ecmascript source code failed

Import traces:
  Client Component Browser:
    ./src/app/admin/page.tsx [Client Component Browser]
    ./src/app/admin/page.tsx [Server Component]

  Client Component SSR:
    ./src/app/admin/page.tsx [Client Component SSR]
    ./src/app/admin/page.tsx [Server Component] @ http://localhost:3000/_next/static/chunks/node_modules_next_dist_1e8vcs8._.js:1052
[   37288ms] [ERROR] ./src/app/admin/page.tsx:641:19
Error: Unexpected token. Did you mean `{'}'}` or `&rbrace;`?
  639 |                     </div>
  640 |                   </div>
> 641 |                 ))}
      |                   ^
  642 |           </div>
  643 |         )}
  644 |         <Button

Parsing ecmascript source code failed

Import traces:
  Client Component Browser:
    ./src/app/admin/page.tsx [Client Component Browser]
    ./src/app/admin/page.tsx [Server Component]

  Client Component SSR:
    ./src/app/admin/page.tsx [Client Component SSR]
    ./src/app/admin/page.tsx [Server Component] @ http://localhost:3000/_next/static/chunks/node_modules_next_dist_1e8vcs8._.js:1052
[   37345ms] [ERROR] ./src/app/admin/page.tsx:641:19
Error: Unexpected token. Did you mean `{'}'}` or `&rbrace;`?
  639 |                     </div>
  640 |                   </div>
> 641 |                 ))}
      |                   ^
  642 |           </div>
  643 |         )}
  644 |         <Button

Parsing ecmascript source code failed

Import traces:
  Client Component Browser:
    ./src/app/admin/page.tsx [Client Component Browser]
    ./src/app/admin/page.tsx [Server Component]

  Client Component SSR:
    ./src/app/admin/page.tsx [Client Component SSR]
    ./src/app/admin/page.tsx [Server Component] @ http://localhost:3000/_next/static/chunks/node_modules_next_dist_1e8vcs8._.js:1052
[   37398ms] [ERROR] ./src/app/admin/page.tsx:641:19
Error: Unexpected token. Did you mean `{'}'}` or `&rbrace;`?
  639 |                     </div>
  640 |                   </div>
> 641 |                 ))}
      |                   ^
  642 |           </div>
  643 |         )}
  644 |         <Button

Parsing ecmascript source code failed

Import traces:
  Client Component Browser:
    ./src/app/admin/page.tsx [Client Component Browser]
    ./src/app/admin/page.tsx [Server Component]

  Client Component SSR:
    ./src/app/admin/page.tsx [Client Component SSR]
    ./src/app/admin/page.tsx [Server Component] @ http://localhost:3000/_next/static/chunks/node_modules_next_dist_1e8vcs8._.js:1052
[   37450ms] [ERROR] ./src/app/admin/page.tsx:641:19
Error: Unexpected token. Did you mean `{'}'}` or `&rbrace;`?
  639 |                     </div>
  640 |                   </div>
> 641 |                 ))}
      |                   ^
  642 |           </div>
  643 |         )}
  644 |         <Button

Parsing ecmascript source code failed

Import traces:
  Client Component Browser:
    ./src/app/admin/page.tsx [Client Component Browser]
    ./src/app/admin/page.tsx [Server Component]

  Client Component SSR:
    ./src/app/admin/page.tsx [Client Component SSR]
    ./src/app/admin/page.tsx [Server Component] @ http://localhost:3000/_next/static/chunks/node_modules_next_dist_1e8vcs8._.js:1052
[   37503ms] [ERROR] ./src/app/admin/page.tsx:641:19
Error: Unexpected token. Did you mean `{'}'}` or `&rbrace;`?
  639 |                     </div>
  640 |                   </div>
> 641 |                 ))}
      |                   ^
  642 |           </div>
  643 |         )}
  644 |         <Button

Parsing ecmascript source code failed

Import traces:
  Client Component Browser:
    ./src/app/admin/page.tsx [Client Component Browser]
    ./src/app/admin/page.tsx [Server Component]

  Client Component SSR:
    ./src/app/admin/page.tsx [Client Component SSR]
    ./src/app/admin/page.tsx [Server Component] @ http://localhost:3000/_next/static/chunks/node_modules_next_dist_1e8vcs8._.js:1052
[   37553ms] [ERROR] ./src/app/admin/page.tsx:641:19
Error: Unexpected token. Did you mean `{'}'}` or `&rbrace;`?
  639 |                     </div>
  640 |                   </div>
> 641 |                 ))}
      |                   ^
  642 |           </div>
  643 |         )}
  644 |         <Button

Parsing ecmascript source code failed

Import traces:
  Client Component Browser:
    ./src/app/admin/page.tsx [Client Component Browser]
    ./src/app/admin/page.tsx [Server Component]

  Client Component SSR:
    ./src/app/admin/page.tsx [Client Component SSR]
    ./src/app/admin/page.tsx [Server Component] @ http://localhost:3000/_next/static/chunks/node_modules_next_dist_1e8vcs8._.js:1052
[   37603ms] [ERROR] ./src/app/admin/page.tsx:641:19
Error: Unexpected token. Did you mean `{'}'}` or `&rbrace;`?
  639 |                     </div>
  640 |                   </div>
> 641 |                 ))}
      |                   ^
  642 |           </div>
  643 |         )}
  644 |         <Button

Parsing ecmascript source code failed

Import traces:
  Client Component Browser:
    ./src/app/admin/page.tsx [Client Component Browser]
    ./src/app/admin/page.tsx [Server Component]

  Client Component SSR:
    ./src/app/admin/page.tsx [Client Component SSR]
    ./src/app/admin/page.tsx [Server Component] @ http://localhost:3000/_next/static/chunks/node_modules_next_dist_1e8vcs8._.js:1052
[   37657ms] [ERROR] ./src/app/admin/page.tsx:641:19
Error: Unexpected token. Did you mean `{'}'}` or `&rbrace;`?
  639 |                     </div>
  640 |                   </div>
> 641 |                 ))}
      |                   ^
  642 |           </div>
  643 |         )}
  644 |         <Button

Parsing ecmascript source code failed

Import traces:
  Client Component Browser:
    ./src/app/admin/page.tsx [Client Component Browser]
    ./src/app/admin/page.tsx [Server Component]

  Client Component SSR:
    ./src/app/admin/page.tsx [Client Component SSR]
    ./src/app/admin/page.tsx [Server Component] @ http://localhost:3000/_next/static/chunks/node_modules_next_dist_1e8vcs8._.js:1052
[   37719ms] [ERROR] ./src/app/admin/page.tsx:641:19
Error: Unexpected token. Did you mean `{'}'}` or `&rbrace;`?
  639 |                     </div>
  640 |                   </div>
> 641 |                 ))}
      |                   ^
  642 |           </div>
  643 |         )}
  644 |         <Button

Parsing ecmascript source code failed

Import traces:
  Client Component Browser:
    ./src/app/admin/page.tsx [Client Component Browser]
    ./src/app/admin/page.tsx [Server Component]

  Client Component SSR:
    ./src/app/admin/page.tsx [Client Component SSR]
    ./src/app/admin/page.tsx [Server Component] @ http://localhost:3000/_next/static/chunks/node_modules_next_dist_1e8vcs8._.js:1052
[   37770ms] [ERROR] ./src/app/admin/page.tsx:641:19
Error: Unexpected token. Did you mean `{'}'}` or `&rbrace;`?
  639 |                     </div>
  640 |                   </div>
> 641 |                 ))}
      |                   ^
  642 |           </div>
  643 |         )}
  644 |         <Button

Parsing ecmascript source code failed

Import traces:
  Client Component Browser:
    ./src/app/admin/page.tsx [Client Component Browser]
    ./src/app/admin/page.tsx [Server Component]

  Client Component SSR:
    ./src/app/admin/page.tsx [Client Component SSR]
    ./src/app/admin/page.tsx [Server Component] @ http://localhost:3000/_next/static/chunks/node_modules_next_dist_1e8vcs8._.js:1052
[   37820ms] [ERROR] ./src/app/admin/page.tsx:641:19
Error: Unexpected token. Did you mean `{'}'}` or `&rbrace;`?
  639 |                     </div>
  640 |                   </div>
> 641 |                 ))}
      |                   ^
  642 |           </div>
  643 |         )}
  644 |         <Button

Parsing ecmascript source code failed

Import traces:
  Client Component Browser:
    ./src/app/admin/page.tsx [Client Component Browser]
    ./src/app/admin/page.tsx [Server Component]

  Client Component SSR:
    ./src/app/admin/page.tsx [Client Component SSR]
    ./src/app/admin/page.tsx [Server Component] @ http://localhost:3000/_next/static/chunks/node_modules_next_dist_1e8vcs8._.js:1052
[   37870ms] [ERROR] ./src/app/admin/page.tsx:641:19
Error: Unexpected token. Did you mean `{'}'}` or `&rbrace;`?
  639 |                     </div>
  640 |                   </div>
> 641 |                 ))}
      |                   ^
  642 |           </div>
  643 |         )}
  644 |         <Button

Parsing ecmascript source code failed

Import traces:
  Client Component Browser:
    ./src/app/admin/page.tsx [Client Component Browser]
    ./src/app/admin/page.tsx [Server Component]

  Client Component SSR:
    ./src/app/admin/page.tsx [Client Component SSR]
    ./src/app/admin/page.tsx [Server Component] @ http://localhost:3000/_next/static/chunks/node_modules_next_dist_1e8vcs8._.js:1052
[   37921ms] [ERROR] ./src/app/admin/page.tsx:641:19
Error: Unexpected token. Did you mean `{'}'}` or `&rbrace;`?
  639 |                     </div>
  640 |                   </div>
> 641 |                 ))}
      |                   ^
  642 |           </div>
  643 |         )}
  644 |         <Button

Parsing ecmascript source code failed

Import traces:
  Client Component Browser:
    ./src/app/admin/page.tsx [Client Component Browser]
    ./src/app/admin/page.tsx [Server Component]

  Client Component SSR:
    ./src/app/admin/page.tsx [Client Component SSR]
    ./src/app/admin/page.tsx [Server Component] @ http://localhost:3000/_next/static/chunks/node_modules_next_dist_1e8vcs8._.js:1052
[   37971ms] [ERROR] ./src/app/admin/page.tsx:641:19
Error: Unexpected token. Did you mean `{'}'}` or `&rbrace;`?
  639 |                     </div>
  640 |                   </div>
> 641 |                 ))}
      |                   ^
  642 |           </div>
  643 |         )}
  644 |         <Button

Parsing ecmascript source code failed

Import traces:
  Client Component Browser:
    ./src/app/admin/page.tsx [Client Component Browser]
    ./src/app/admin/page.tsx [Server Component]

  Client Component SSR:
    ./src/app/admin/page.tsx [Client Component SSR]
    ./src/app/admin/page.tsx [Server Component] @ http://localhost:3000/_next/static/chunks/node_modules_next_dist_1e8vcs8._.js:1052
[   38021ms] [ERROR] ./src/app/admin/page.tsx:641:19
Error: Unexpected token. Did you mean `{'}'}` or `&rbrace;`?
  639 |                     </div>
  640 |                   </div>
> 641 |                 ))}
      |                   ^
  642 |           </div>
  643 |         )}
  644 |         <Button

Parsing ecmascript source code failed

Import traces:
  Client Component Browser:
    ./src/app/admin/page.tsx [Client Component Browser]
    ./src/app/admin/page.tsx [Server Component]

  Client Component SSR:
    ./src/app/admin/page.tsx [Client Component SSR]
    ./src/app/admin/page.tsx [Server Component] @ http://localhost:3000/_next/static/chunks/node_modules_next_dist_1e8vcs8._.js:1052
[   38071ms] [ERROR] ./src/app/admin/page.tsx:641:19
Error: Unexpected token. Did you mean `{'}'}` or `&rbrace;`?
  639 |                     </div>
  640 |                   </div>
> 641 |                 ))}
      |                   ^
  642 |           </div>
  643 |         )}
  644 |         <Button

Parsing ecmascript source code failed

Import traces:
  Client Component Browser:
    ./src/app/admin/page.tsx [Client Component Browser]
    ./src/app/admin/page.tsx [Server Component]

  Client Component SSR:
    ./src/app/admin/page.tsx [Client Component SSR]
    ./src/app/admin/page.tsx [Server Component] @ http://localhost:3000/_next/static/chunks/node_modules_next_dist_1e8vcs8._.js:1052
[   38121ms] [ERROR] ./src/app/admin/page.tsx:641:19
Error: Unexpected token. Did you mean `{'}'}` or `&rbrace;`?
  639 |                     </div>
  640 |                   </div>
> 641 |                 ))}
      |                   ^
  642 |           </div>
  643 |         )}
  644 |         <Button

Parsing ecmascript source code failed

Import traces:
  Client Component Browser:
    ./src/app/admin/page.tsx [Client Component Browser]
    ./src/app/admin/page.tsx [Server Component]

  Client Component SSR:
    ./src/app/admin/page.tsx [Client Component SSR]
    ./src/app/admin/page.tsx [Server Component] @ http://localhost:3000/_next/static/chunks/node_modules_next_dist_1e8vcs8._.js:1052
[   38172ms] [ERROR] ./src/app/admin/page.tsx:641:19
Error: Unexpected token. Did you mean `{'}'}` or `&rbrace;`?
  639 |                     </div>
  640 |                   </div>
> 641 |                 ))}
      |                   ^
  642 |           </div>
  643 |         )}
  644 |         <Button

Parsing ecmascript source code failed

Import traces:
  Client Component Browser:
    ./src/app/admin/page.tsx [Client Component Browser]
    ./src/app/admin/page.tsx [Server Component]

  Client Component SSR:
    ./src/app/admin/page.tsx [Client Component SSR]
    ./src/app/admin/page.tsx [Server Component] @ http://localhost:3000/_next/static/chunks/node_modules_next_dist_1e8vcs8._.js:1052
[   38223ms] [ERROR] ./src/app/admin/page.tsx:641:19
Error: Unexpected token. Did you mean `{'}'}` or `&rbrace;`?
  639 |                     </div>
  640 |                   </div>
> 641 |                 ))}
      |                   ^
  642 |           </div>
  643 |         )}
  644 |         <Button

Parsing ecmascript source code failed

Import traces:
  Client Component Browser:
    ./src/app/admin/page.tsx [Client Component Browser]
    ./src/app/admin/page.tsx [Server Component]

  Client Component SSR:
    ./src/app/admin/page.tsx [Client Component SSR]
    ./src/app/admin/page.tsx [Server Component] @ http://localhost:3000/_next/static/chunks/node_modules_next_dist_1e8vcs8._.js:1052
[   38274ms] [ERROR] ./src/app/admin/page.tsx:641:19
Error: Unexpected token. Did you mean `{'}'}` or `&rbrace;`?
  639 |                     </div>
  640 |                   </div>
> 641 |                 ))}
      |                   ^
  642 |           </div>
  643 |         )}
  644 |         <Button

Parsing ecmascript source code failed

Import traces:
  Client Component Browser:
    ./src/app/admin/page.tsx [Client Component Browser]
    ./src/app/admin/page.tsx [Server Component]

  Client Component SSR:
    ./src/app/admin/page.tsx [Client Component SSR]
    ./src/app/admin/page.tsx [Server Component] @ http://localhost:3000/_next/static/chunks/node_modules_next_dist_1e8vcs8._.js:1052
[   38325ms] [ERROR] ./src/app/admin/page.tsx:641:19
Error: Unexpected token. Did you mean `{'}'}` or `&rbrace;`?
  639 |                     </div>
  640 |                   </div>
> 641 |                 ))}
      |                   ^
  642 |           </div>
  643 |         )}
  644 |         <Button

Parsing ecmascript source code failed

Import traces:
  Client Component Browser:
    ./src/app/admin/page.tsx [Client Component Browser]
    ./src/app/admin/page.tsx [Server Component]

  Client Component SSR:
    ./src/app/admin/page.tsx [Client Component SSR]
    ./src/app/admin/page.tsx [Server Component] @ http://localhost:3000/_next/static/chunks/node_modules_next_dist_1e8vcs8._.js:1052
[   38376ms] [ERROR] ./src/app/admin/page.tsx:641:19
Error: Unexpected token. Did you mean `{'}'}` or `&rbrace;`?
  639 |                     </div>
  640 |                   </div>
> 641 |                 ))}
      |                   ^
  642 |           </div>
  643 |         )}
  644 |         <Button

Parsing ecmascript source code failed

Import traces:
  Client Component Browser:
    ./src/app/admin/page.tsx [Client Component Browser]
    ./src/app/admin/page.tsx [Server Component]

  Client Component SSR:
    ./src/app/admin/page.tsx [Client Component SSR]
    ./src/app/admin/page.tsx [Server Component] @ http://localhost:3000/_next/static/chunks/node_modules_next_dist_1e8vcs8._.js:1052
[   38425ms] [ERROR] ./src/app/admin/page.tsx:641:19
Error: Unexpected token. Did you mean `{'}'}` or `&rbrace;`?
  639 |                     </div>
  640 |                   </div>
> 641 |                 ))}
      |                   ^
  642 |           </div>
  643 |         )}
  644 |         <Button

Parsing ecmascript source code failed

Import traces:
  Client Component Browser:
    ./src/app/admin/page.tsx [Client Component Browser]
    ./src/app/admin/page.tsx [Server Component]

  Client Component SSR:
    ./src/app/admin/page.tsx [Client Component SSR]
    ./src/app/admin/page.tsx [Server Component] @ http://localhost:3000/_next/static/chunks/node_modules_next_dist_1e8vcs8._.js:1052
[   38476ms] [ERROR] ./src/app/admin/page.tsx:641:19
Error: Unexpected token. Did you mean `{'}'}` or `&rbrace;`?
  639 |                     </div>
  640 |                   </div>
> 641 |                 ))}
      |                   ^
  642 |           </div>
  643 |         )}
  644 |         <Button

Parsing ecmascript source code failed

Import traces:
  Client Component Browser:
    ./src/app/admin/page.tsx [Client Component Browser]
    ./src/app/admin/page.tsx [Server Component]

  Client Component SSR:
    ./src/app/admin/page.tsx [Client Component SSR]
    ./src/app/admin/page.tsx [Server Component] @ http://localhost:3000/_next/static/chunks/node_modules_next_dist_1e8vcs8._.js:1052
[   38526ms] [ERROR] ./src/app/admin/page.tsx:641:19
Error: Unexpected token. Did you mean `{'}'}` or `&rbrace;`?
  639 |                     </div>
  640 |                   </div>
> 641 |                 ))}
      |                   ^
  642 |           </div>
  643 |         )}
  644 |         <Button

Parsing ecmascript source code failed

Import traces:
  Client Component Browser:
    ./src/app/admin/page.tsx [Client Component Browser]
    ./src/app/admin/page.tsx [Server Component]

  Client Component SSR:
    ./src/app/admin/page.tsx [Client Component SSR]
    ./src/app/admin/page.tsx [Server Component] @ http://localhost:3000/_next/static/chunks/node_modules_next_dist_1e8vcs8._.js:1052
[   38576ms] [ERROR] ./src/app/admin/page.tsx:641:19
Error: Unexpected token. Did you mean `{'}'}` or `&rbrace;`?
  639 |                     </div>
  640 |                   </div>
> 641 |                 ))}
      |                   ^
  642 |           </div>
  643 |         )}
  644 |         <Button

Parsing ecmascript source code failed

Import traces:
  Client Component Browser:
    ./src/app/admin/page.tsx [Client Component Browser]
    ./src/app/admin/page.tsx [Server Component]

  Client Component SSR:
    ./src/app/admin/page.tsx [Client Component SSR]
    ./src/app/admin/page.tsx [Server Component] @ http://localhost:3000/_next/static/chunks/node_modules_next_dist_1e8vcs8._.js:1052
[   38628ms] [ERROR] ./src/app/admin/page.tsx:641:19
Error: Unexpected token. Did you mean `{'}'}` or `&rbrace;`?
  639 |                     </div>
  640 |                   </div>
> 641 |                 ))}
      |                   ^
  642 |           </div>
  643 |         )}
  644 |         <Button

Parsing ecmascript source code failed

Import traces:
  Client Component Browser:
    ./src/app/admin/page.tsx [Client Component Browser]
    ./src/app/admin/page.tsx [Server Component]

  Client Component SSR:
    ./src/app/admin/page.tsx [Client Component SSR]
    ./src/app/admin/page.tsx [Server Component] @ http://localhost:3000/_next/static/chunks/node_modules_next_dist_1e8vcs8._.js:1052
[   38678ms] [ERROR] ./src/app/admin/page.tsx:641:19
Error: Unexpected token. Did you mean `{'}'}` or `&rbrace;`?
  639 |                     </div>
  640 |                   </div>
> 641 |                 ))}
      |                   ^
  642 |           </div>
  643 |         )}
  644 |         <Button

Parsing ecmascript source code failed

Import traces:
  Client Component Browser:
    ./src/app/admin/page.tsx [Client Component Browser]
    ./src/app/admin/page.tsx [Server Component]

  Client Component SSR:
    ./src/app/admin/page.tsx [Client Component SSR]
    ./src/app/admin/page.tsx [Server Component] @ http://localhost:3000/_next/static/chunks/node_modules_next_dist_1e8vcs8._.js:1052
[   38728ms] [ERROR] ./src/app/admin/page.tsx:641:19
Error: Unexpected token. Did you mean `{'}'}` or `&rbrace;`?
  639 |                     </div>
  640 |                   </div>
> 641 |                 ))}
      |                   ^
  642 |           </div>
  643 |         )}
  644 |         <Button

Parsing ecmascript source code failed

Import traces:
  Client Component Browser:
    ./src/app/admin/page.tsx [Client Component Browser]
    ./src/app/admin/page.tsx [Server Component]

  Client Component SSR:
    ./src/app/admin/page.tsx [Client Component SSR]
    ./src/app/admin/page.tsx [Server Component] @ http://localhost:3000/_next/static/chunks/node_modules_next_dist_1e8vcs8._.js:1052
[   38779ms] [ERROR] ./src/app/admin/page.tsx:641:19
Error: Unexpected token. Did you mean `{'}'}` or `&rbrace;`?
  639 |                     </div>
  640 |                   </div>
> 641 |                 ))}
      |                   ^
  642 |           </div>
  643 |         )}
  644 |         <Button

Parsing ecmascript source code failed

Import traces:
  Client Component Browser:
    ./src/app/admin/page.tsx [Client Component Browser]
    ./src/app/admin/page.tsx [Server Component]

  Client Component SSR:
    ./src/app/admin/page.tsx [Client Component SSR]
    ./src/app/admin/page.tsx [Server Component] @ http://localhost:3000/_next/static/chunks/node_modules_next_dist_1e8vcs8._.js:1052
[   38829ms] [ERROR] ./src/app/admin/page.tsx:641:19
Error: Unexpected token. Did you mean `{'}'}` or `&rbrace;`?
  639 |                     </div>
  640 |                   </div>
> 641 |                 ))}
      |                   ^
  642 |           </div>
  643 |         )}
  644 |         <Button

Parsing ecmascript source code failed

Import traces:
  Client Component Browser:
    ./src/app/admin/page.tsx [Client Component Browser]
    ./src/app/admin/page.tsx [Server Component]

  Client Component SSR:
    ./src/app/admin/page.tsx [Client Component SSR]
    ./src/app/admin/page.tsx [Server Component] @ http://localhost:3000/_next/static/chunks/node_modules_next_dist_1e8vcs8._.js:1052
[   38879ms] [ERROR] ./src/app/admin/page.tsx:641:19
Error: Unexpected token. Did you mean `{'}'}` or `&rbrace;`?
  639 |                     </div>
  640 |                   </div>
> 641 |                 ))}
      |                   ^
  642 |           </div>
  643 |         )}
  644 |         <Button

Parsing ecmascript source code failed

Import traces:
  Client Component Browser:
    ./src/app/admin/page.tsx [Client Component Browser]
    ./src/app/admin/page.tsx [Server Component]

  Client Component SSR:
    ./src/app/admin/page.tsx [Client Component SSR]
    ./src/app/admin/page.tsx [Server Component] @ http://localhost:3000/_next/static/chunks/node_modules_next_dist_1e8vcs8._.js:1052
[   38931ms] [ERROR] ./src/app/admin/page.tsx:641:19
Error: Unexpected token. Did you mean `{'}'}` or `&rbrace;`?
  639 |                     </div>
  640 |                   </div>
> 641 |                 ))}
      |                   ^
  642 |           </div>
  643 |         )}
  644 |         <Button

Parsing ecmascript source code failed

Import traces:
  Client Component Browser:
    ./src/app/admin/page.tsx [Client Component Browser]
    ./src/app/admin/page.tsx [Server Component]

  Client Component SSR:
    ./src/app/admin/page.tsx [Client Component SSR]
    ./src/app/admin/page.tsx [Server Component] @ http://localhost:3000/_next/static/chunks/node_modules_next_dist_1e8vcs8._.js:1052
[   38982ms] [ERROR] ./src/app/admin/page.tsx:641:19
Error: Unexpected token. Did you mean `{'}'}` or `&rbrace;`?
  639 |                     </div>
  640 |                   </div>
> 641 |                 ))}
      |                   ^
  642 |           </div>
  643 |         )}
  644 |         <Button

Parsing ecmascript source code failed

Import traces:
  Client Component Browser:
    ./src/app/admin/page.tsx [Client Component Browser]
    ./src/app/admin/page.tsx [Server Component]

  Client Component SSR:
    ./src/app/admin/page.tsx [Client Component SSR]
    ./src/app/admin/page.tsx [Server Component] @ http://localhost:3000/_next/static/chunks/node_modules_next_dist_1e8vcs8._.js:1052
[   39032ms] [ERROR] ./src/app/admin/page.tsx:641:19
Error: Unexpected token. Did you mean `{'}'}` or `&rbrace;`?
  639 |                     </div>
  640 |                   </div>
> 641 |                 ))}
      |                   ^
  642 |           </div>
  643 |         )}
  644 |         <Button

Parsing ecmascript source code failed

Import traces:
  Client Component Browser:
    ./src/app/admin/page.tsx [Client Component Browser]
    ./src/app/admin/page.tsx [Server Component]

  Client Component SSR:
    ./src/app/admin/page.tsx [Client Component SSR]
    ./src/app/admin/page.tsx [Server Component] @ http://localhost:3000/_next/static/chunks/node_modules_next_dist_1e8vcs8._.js:1052
[   39084ms] [ERROR] ./src/app/admin/page.tsx:641:19
Error: Unexpected token. Did you mean `{'}'}` or `&rbrace;`?
  639 |                     </div>
  640 |                   </div>
> 641 |                 ))}
      |                   ^
  642 |           </div>
  643 |         )}
  644 |         <Button

Parsing ecmascript source code failed

Import traces:
  Client Component Browser:
    ./src/app/admin/page.tsx [Client Component Browser]
    ./src/app/admin/page.tsx [Server Component]

  Client Component SSR:
    ./src/app/admin/page.tsx [Client Component SSR]
    ./src/app/admin/page.tsx [Server Component] @ http://localhost:3000/_next/static/chunks/node_modules_next_dist_1e8vcs8._.js:1052
[   39135ms] [ERROR] ./src/app/admin/page.tsx:641:19
Error: Unexpected token. Did you mean `{'}'}` or `&rbrace;`?
  639 |                     </div>
  640 |                   </div>
> 641 |                 ))}
      |                   ^
  642 |           </div>
  643 |         )}
  644 |         <Button

Parsing ecmascript source code failed

Import traces:
  Client Component Browser:
    ./src/app/admin/page.tsx [Client Component Browser]
    ./src/app/admin/page.tsx [Server Component]

  Client Component SSR:
    ./src/app/admin/page.tsx [Client Component SSR]
    ./src/app/admin/page.tsx [Server Component] @ http://localhost:3000/_next/static/chunks/node_modules_next_dist_1e8vcs8._.js:1052
[   39188ms] [ERROR] ./src/app/admin/page.tsx:641:19
Error: Unexpected token. Did you mean `{'}'}` or `&rbrace;`?
  639 |                     </div>
  640 |                   </div>
> 641 |                 ))}
      |                   ^
  642 |           </div>
  643 |         )}
  644 |         <Button

Parsing ecmascript source code failed

Import traces:
  Client Component Browser:
    ./src/app/admin/page.tsx [Client Component Browser]
    ./src/app/admin/page.tsx [Server Component]

  Client Component SSR:
    ./src/app/admin/page.tsx [Client Component SSR]
    ./src/app/admin/page.tsx [Server Component] @ http://localhost:3000/_next/static/chunks/node_modules_next_dist_1e8vcs8._.js:1052
[   39237ms] [ERROR] ./src/app/admin/page.tsx:641:19
Error: Unexpected token. Did you mean `{'}'}` or `&rbrace;`?
  639 |                     </div>
  640 |                   </div>
> 641 |                 ))}
      |                   ^
  642 |           </div>
  643 |         )}
  644 |         <Button

Parsing ecmascript source code failed

Import traces:
  Client Component Browser:
    ./src/app/admin/page.tsx [Client Component Browser]
    ./src/app/admin/page.tsx [Server Component]

  Client Component SSR:
    ./src/app/admin/page.tsx [Client Component SSR]
    ./src/app/admin/page.tsx [Server Component] @ http://localhost:3000/_next/static/chunks/node_modules_next_dist_1e8vcs8._.js:1052
[   39289ms] [ERROR] ./src/app/admin/page.tsx:641:19
Error: Unexpected token. Did you mean `{'}'}` or `&rbrace;`?
  639 |                     </div>
  640 |                   </div>
> 641 |                 ))}
      |                   ^
  642 |           </div>
  643 |         )}
  644 |         <Button

Parsing ecmascript source code failed

Import traces:
  Client Component Browser:
    ./src/app/admin/page.tsx [Client Component Browser]
    ./src/app/admin/page.tsx [Server Component]

  Client Component SSR:
    ./src/app/admin/page.tsx [Client Component SSR]
    ./src/app/admin/page.tsx [Server Component] @ http://localhost:3000/_next/static/chunks/node_modules_next_dist_1e8vcs8._.js:1052
[   39340ms] [ERROR] ./src/app/admin/page.tsx:641:19
Error: Unexpected token. Did you mean `{'}'}` or `&rbrace;`?
  639 |                     </div>
  640 |                   </div>
> 641 |                 ))}
      |                   ^
  642 |           </div>
  643 |         )}
  644 |         <Button

Parsing ecmascript source code failed

Import traces:
  Client Component Browser:
    ./src/app/admin/page.tsx [Client Component Browser]
    ./src/app/admin/page.tsx [Server Component]

  Client Component SSR:
    ./src/app/admin/page.tsx [Client Component SSR]
    ./src/app/admin/page.tsx [Server Component] @ http://localhost:3000/_next/static/chunks/node_modules_next_dist_1e8vcs8._.js:1052
[   39390ms] [ERROR] ./src/app/admin/page.tsx:641:19
Error: Unexpected token. Did you mean `{'}'}` or `&rbrace;`?
  639 |                     </div>
  640 |                   </div>
> 641 |                 ))}
      |                   ^
  642 |           </div>
  643 |         )}
  644 |         <Button

Parsing ecmascript source code failed

Import traces:
  Client Component Browser:
    ./src/app/admin/page.tsx [Client Component Browser]
    ./src/app/admin/page.tsx [Server Component]

  Client Component SSR:
    ./src/app/admin/page.tsx [Client Component SSR]
    ./src/app/admin/page.tsx [Server Component] @ http://localhost:3000/_next/static/chunks/node_modules_next_dist_1e8vcs8._.js:1052
[   39442ms] [ERROR] ./src/app/admin/page.tsx:641:19
Error: Unexpected token. Did you mean `{'}'}` or `&rbrace;`?
  639 |                     </div>
  640 |                   </div>
> 641 |                 ))}
      |                   ^
  642 |           </div>
  643 |         )}
  644 |         <Button

Parsing ecmascript source code failed

Import traces:
  Client Component Browser:
    ./src/app/admin/page.tsx [Client Component Browser]
    ./src/app/admin/page.tsx [Server Component]

  Client Component SSR:
    ./src/app/admin/page.tsx [Client Component SSR]
    ./src/app/admin/page.tsx [Server Component] @ http://localhost:3000/_next/static/chunks/node_modules_next_dist_1e8vcs8._.js:1052
[   39492ms] [ERROR] ./src/app/admin/page.tsx:641:19
Error: Unexpected token. Did you mean `{'}'}` or `&rbrace;`?
  639 |                     </div>
  640 |                   </div>
> 641 |                 ))}
      |                   ^
  642 |           </div>
  643 |         )}
  644 |         <Button

Parsing ecmascript source code failed

Import traces:
  Client Component Browser:
    ./src/app/admin/page.tsx [Client Component Browser]
    ./src/app/admin/page.tsx [Server Component]

  Client Component SSR:
    ./src/app/admin/page.tsx [Client Component SSR]
    ./src/app/admin/page.tsx [Server Component] @ http://localhost:3000/_next/static/chunks/node_modules_next_dist_1e8vcs8._.js:1052
[   39542ms] [ERROR] ./src/app/admin/page.tsx:641:19
Error: Unexpected token. Did you mean `{'}'}` or `&rbrace;`?
  639 |                     </div>
  640 |                   </div>
> 641 |                 ))}
      |                   ^
  642 |           </div>
  643 |         )}
  644 |         <Button

Parsing ecmascript source code failed

Import traces:
  Client Component Browser:
    ./src/app/admin/page.tsx [Client Component Browser]
    ./src/app/admin/page.tsx [Server Component]

  Client Component SSR:
    ./src/app/admin/page.tsx [Client Component SSR]
    ./src/app/admin/page.tsx [Server Component] @ http://localhost:3000/_next/static/chunks/node_modules_next_dist_1e8vcs8._.js:1052
[   39594ms] [ERROR] ./src/app/admin/page.tsx:641:19
Error: Unexpected token. Did you mean `{'}'}` or `&rbrace;`?
  639 |                     </div>
  640 |                   </div>
> 641 |                 ))}
      |                   ^
  642 |           </div>
  643 |         )}
  644 |         <Button

Parsing ecmascript source code failed

Import traces:
  Client Component Browser:
    ./src/app/admin/page.tsx [Client Component Browser]
    ./src/app/admin/page.tsx [Server Component]

  Client Component SSR:
    ./src/app/admin/page.tsx [Client Component SSR]
    ./src/app/admin/page.tsx [Server Component] @ http://localhost:3000/_next/static/chunks/node_modules_next_dist_1e8vcs8._.js:1052
[   39644ms] [ERROR] ./src/app/admin/page.tsx:641:19
Error: Unexpected token. Did you mean `{'}'}` or `&rbrace;`?
  639 |                     </div>
  640 |                   </div>
> 641 |                 ))}
      |                   ^
  642 |           </div>
  643 |         )}
  644 |         <Button

Parsing ecmascript source code failed

Import traces:
  Client Component Browser:
    ./src/app/admin/page.tsx [Client Component Browser]
    ./src/app/admin/page.tsx [Server Component]

  Client Component SSR:
    ./src/app/admin/page.tsx [Client Component SSR]
    ./src/app/admin/page.tsx [Server Component] @ http://localhost:3000/_next/static/chunks/node_modules_next_dist_1e8vcs8._.js:1052
[   39695ms] [ERROR] ./src/app/admin/page.tsx:641:19
Error: Unexpected token. Did you mean `{'}'}` or `&rbrace;`?
  639 |                     </div>
  640 |                   </div>
> 641 |                 ))}
      |                   ^
  642 |           </div>
  643 |         )}
  644 |         <Button

Parsing ecmascript source code failed

Import traces:
  Client Component Browser:
    ./src/app/admin/page.tsx [Client Component Browser]
    ./src/app/admin/page.tsx [Server Component]

  Client Component SSR:
    ./src/app/admin/page.tsx [Client Component SSR]
    ./src/app/admin/page.tsx [Server Component] @ http://localhost:3000/_next/static/chunks/node_modules_next_dist_1e8vcs8._.js:1052
[   39742ms] [ERROR] ./src/app/admin/page.tsx:641:19
Error: Unexpected token. Did you mean `{'}'}` or `&rbrace;`?
  639 |                     </div>
  640 |                   </div>
> 641 |                 ))}
      |                   ^
  642 |           </div>
  643 |         )}
  644 |         <Button

Parsing ecmascript source code failed

Import traces:
  Client Component Browser:
    ./src/app/admin/page.tsx [Client Component Browser]
    ./src/app/admin/page.tsx [Server Component]

  Client Component SSR:
    ./src/app/admin/page.tsx [Client Component SSR]
    ./src/app/admin/page.tsx [Server Component] @ http://localhost:3000/_next/static/chunks/node_modules_next_dist_1e8vcs8._.js:1052
[   39792ms] [ERROR] ./src/app/admin/page.tsx:641:19
Error: Unexpected token. Did you mean `{'}'}` or `&rbrace;`?
  639 |                     </div>
  640 |                   </div>
> 641 |                 ))}
      |                   ^
  642 |           </div>
  643 |         )}
  644 |         <Button

Parsing ecmascript source code failed

Import traces:
  Client Component Browser:
    ./src/app/admin/page.tsx [Client Component Browser]
    ./src/app/admin/page.tsx [Server Component]

  Client Component SSR:
    ./src/app/admin/page.tsx [Client Component SSR]
    ./src/app/admin/page.tsx [Server Component] @ http://localhost:3000/_next/static/chunks/node_modules_next_dist_1e8vcs8._.js:1052
[   39843ms] [ERROR] ./src/app/admin/page.tsx:641:19
Error: Unexpected token. Did you mean `{'}'}` or `&rbrace;`?
  639 |                     </div>
  640 |                   </div>
> 641 |                 ))}
      |                   ^
  642 |           </div>
  643 |         )}
  644 |         <Button

Parsing ecmascript source code failed

Import traces:
  Client Component Browser:
    ./src/app/admin/page.tsx [Client Component Browser]
    ./src/app/admin/page.tsx [Server Component]

  Client Component SSR:
    ./src/app/admin/page.tsx [Client Component SSR]
    ./src/app/admin/page.tsx [Server Component] @ http://localhost:3000/_next/static/chunks/node_modules_next_dist_1e8vcs8._.js:1052
[   39894ms] [ERROR] ./src/app/admin/page.tsx:641:19
Error: Unexpected token. Did you mean `{'}'}` or `&rbrace;`?
  639 |                     </div>
  640 |                   </div>
> 641 |                 ))}
      |                   ^
  642 |           </div>
  643 |         )}
  644 |         <Button

Parsing ecmascript source code failed

Import traces:
  Client Component Browser:
    ./src/app/admin/page.tsx [Client Component Browser]
    ./src/app/admin/page.tsx [Server Component]

  Client Component SSR:
    ./src/app/admin/page.tsx [Client Component SSR]
    ./src/app/admin/page.tsx [Server Component] @ http://localhost:3000/_next/static/chunks/node_modules_next_dist_1e8vcs8._.js:1052
[   39944ms] [ERROR] ./src/app/admin/page.tsx:641:19
Error: Unexpected token. Did you mean `{'}'}` or `&rbrace;`?
  639 |                     </div>
  640 |                   </div>
> 641 |                 ))}
      |                   ^
  642 |           </div>
  643 |         )}
  644 |         <Button

Parsing ecmascript source code failed

Import traces:
  Client Component Browser:
    ./src/app/admin/page.tsx [Client Component Browser]
    ./src/app/admin/page.tsx [Server Component]

  Client Component SSR:
    ./src/app/admin/page.tsx [Client Component SSR]
    ./src/app/admin/page.tsx [Server Component] @ http://localhost:3000/_next/static/chunks/node_modules_next_dist_1e8vcs8._.js:1052
[   39994ms] [ERROR] ./src/app/admin/page.tsx:641:19
Error: Unexpected token. Did you mean `{'}'}` or `&rbrace;`?
  639 |                     </div>
  640 |                   </div>
> 641 |                 ))}
      |                   ^
  642 |           </div>
  643 |         )}
  644 |         <Button

Parsing ecmascript source code failed

Import traces:
  Client Component Browser:
    ./src/app/admin/page.tsx [Client Component Browser]
    ./src/app/admin/page.tsx [Server Component]

  Client Component SSR:
    ./src/app/admin/page.tsx [Client Component SSR]
    ./src/app/admin/page.tsx [Server Component] @ http://localhost:3000/_next/static/chunks/node_modules_next_dist_1e8vcs8._.js:1052
[   40044ms] [ERROR] ./src/app/admin/page.tsx:641:19
Error: Unexpected token. Did you mean `{'}'}` or `&rbrace;`?
  639 |                     </div>
  640 |                   </div>
> 641 |                 ))}
      |                   ^
  642 |           </div>
  643 |         )}
  644 |         <Button

Parsing ecmascript source code failed

Import traces:
  Client Component Browser:
    ./src/app/admin/page.tsx [Client Component Browser]
    ./src/app/admin/page.tsx [Server Component]

  Client Component SSR:
    ./src/app/admin/page.tsx [Client Component SSR]
    ./src/app/admin/page.tsx [Server Component] @ http://localhost:3000/_next/static/chunks/node_modules_next_dist_1e8vcs8._.js:1052
[   40094ms] [ERROR] ./src/app/admin/page.tsx:641:19
Error: Unexpected token. Did you mean `{'}'}` or `&rbrace;`?
  639 |                     </div>
  640 |                   </div>
> 641 |                 ))}
      |                   ^
  642 |           </div>
  643 |         )}
  644 |         <Button

Parsing ecmascript source code failed

Import traces:
  Client Component Browser:
    ./src/app/admin/page.tsx [Client Component Browser]
    ./src/app/admin/page.tsx [Server Component]

  Client Component SSR:
    ./src/app/admin/page.tsx [Client Component SSR]
    ./src/app/admin/page.tsx [Server Component] @ http://localhost:3000/_next/static/chunks/node_modules_next_dist_1e8vcs8._.js:1052
[   40145ms] [ERROR] ./src/app/admin/page.tsx:641:19
Error: Unexpected token. Did you mean `{'}'}` or `&rbrace;`?
  639 |                     </div>
  640 |                   </div>
> 641 |                 ))}
      |                   ^
  642 |           </div>
  643 |         )}
  644 |         <Button

Parsing ecmascript source code failed

Import traces:
  Client Component Browser:
    ./src/app/admin/page.tsx [Client Component Browser]
    ./src/app/admin/page.tsx [Server Component]

  Client Component SSR:
    ./src/app/admin/page.tsx [Client Component SSR]
    ./src/app/admin/page.tsx [Server Component] @ http://localhost:3000/_next/static/chunks/node_modules_next_dist_1e8vcs8._.js:1052
[   40195ms] [ERROR] ./src/app/admin/page.tsx:641:19
Error: Unexpected token. Did you mean `{'}'}` or `&rbrace;`?
  639 |                     </div>
  640 |                   </div>
> 641 |                 ))}
      |                   ^
  642 |           </div>
  643 |         )}
  644 |         <Button

Parsing ecmascript source code failed

Import traces:
  Client Component Browser:
    ./src/app/admin/page.tsx [Client Component Browser]
    ./src/app/admin/page.tsx [Server Component]

  Client Component SSR:
    ./src/app/admin/page.tsx [Client Component SSR]
    ./src/app/admin/page.tsx [Server Component] @ http://localhost:3000/_next/static/chunks/node_modules_next_dist_1e8vcs8._.js:1052
[   40246ms] [ERROR] ./src/app/admin/page.tsx:641:19
Error: Unexpected token. Did you mean `{'}'}` or `&rbrace;`?
  639 |                     </div>
  640 |                   </div>
> 641 |                 ))}
      |                   ^
  642 |           </div>
  643 |         )}
  644 |         <Button

Parsing ecmascript source code failed

Import traces:
  Client Component Browser:
    ./src/app/admin/page.tsx [Client Component Browser]
    ./src/app/admin/page.tsx [Server Component]

  Client Component SSR:
    ./src/app/admin/page.tsx [Client Component SSR]
    ./src/app/admin/page.tsx [Server Component] @ http://localhost:3000/_next/static/chunks/node_modules_next_dist_1e8vcs8._.js:1052
[   40298ms] [ERROR] ./src/app/admin/page.tsx:641:19
Error: Unexpected token. Did you mean `{'}'}` or `&rbrace;`?
  639 |                     </div>
  640 |                   </div>
> 641 |                 ))}
      |                   ^
  642 |           </div>
  643 |         )}
  644 |         <Button

Parsing ecmascript source code failed

Import traces:
  Client Component Browser:
    ./src/app/admin/page.tsx [Client Component Browser]
    ./src/app/admin/page.tsx [Server Component]

  Client Component SSR:
    ./src/app/admin/page.tsx [Client Component SSR]
    ./src/app/admin/page.tsx [Server Component] @ http://localhost:3000/_next/static/chunks/node_modules_next_dist_1e8vcs8._.js:1052
[   40353ms] [ERROR] ./src/app/admin/page.tsx:641:19
Error: Unexpected token. Did you mean `{'}'}` or `&rbrace;`?
  639 |                     </div>
  640 |                   </div>
> 641 |                 ))}
      |                   ^
  642 |           </div>
  643 |         )}
  644 |         <Button

Parsing ecmascript source code failed

Import traces:
  Client Component Browser:
    ./src/app/admin/page.tsx [Client Component Browser]
    ./src/app/admin/page.tsx [Server Component]

  Client Component SSR:
    ./src/app/admin/page.tsx [Client Component SSR]
    ./src/app/admin/page.tsx [Server Component] @ http://localhost:3000/_next/static/chunks/node_modules_next_dist_1e8vcs8._.js:1052
[   40403ms] [ERROR] ./src/app/admin/page.tsx:641:19
Error: Unexpected token. Did you mean `{'}'}` or `&rbrace;`?
  639 |                     </div>
  640 |                   </div>
> 641 |                 ))}
      |                   ^
  642 |           </div>
  643 |         )}
  644 |         <Button

Parsing ecmascript source code failed

Import traces:
  Client Component Browser:
    ./src/app/admin/page.tsx [Client Component Browser]
    ./src/app/admin/page.tsx [Server Component]

  Client Component SSR:
    ./src/app/admin/page.tsx [Client Component SSR]
    ./src/app/admin/page.tsx [Server Component] @ http://localhost:3000/_next/static/chunks/node_modules_next_dist_1e8vcs8._.js:1052
[   40454ms] [ERROR] ./src/app/admin/page.tsx:641:19
Error: Unexpected token. Did you mean `{'}'}` or `&rbrace;`?
  639 |                     </div>
  640 |                   </div>
> 641 |                 ))}
      |                   ^
  642 |           </div>
  643 |         )}
  644 |         <Button

Parsing ecmascript source code failed

Import traces:
  Client Component Browser:
    ./src/app/admin/page.tsx [Client Component Browser]
    ./src/app/admin/page.tsx [Server Component]

  Client Component SSR:
    ./src/app/admin/page.tsx [Client Component SSR]
    ./src/app/admin/page.tsx [Server Component] @ http://localhost:3000/_next/static/chunks/node_modules_next_dist_1e8vcs8._.js:1052
[   40505ms] [ERROR] ./src/app/admin/page.tsx:641:19
Error: Unexpected token. Did you mean `{'}'}` or `&rbrace;`?
  639 |                     </div>
  640 |                   </div>
> 641 |                 ))}
      |                   ^
  642 |           </div>
  643 |         )}
  644 |         <Button

Parsing ecmascript source code failed

Import traces:
  Client Component Browser:
    ./src/app/admin/page.tsx [Client Component Browser]
    ./src/app/admin/page.tsx [Server Component]

  Client Component SSR:
    ./src/app/admin/page.tsx [Client Component SSR]
    ./src/app/admin/page.tsx [Server Component] @ http://localhost:3000/_next/static/chunks/node_modules_next_dist_1e8vcs8._.js:1052
[   40554ms] [ERROR] ./src/app/admin/page.tsx:641:19
Error: Unexpected token. Did you mean `{'}'}` or `&rbrace;`?
  639 |                     </div>
  640 |                   </div>
> 641 |                 ))}
      |                   ^
  642 |           </div>
  643 |         )}
  644 |         <Button

Parsing ecmascript source code failed

Import traces:
  Client Component Browser:
    ./src/app/admin/page.tsx [Client Component Browser]
    ./src/app/admin/page.tsx [Server Component]

  Client Component SSR:
    ./src/app/admin/page.tsx [Client Component SSR]
    ./src/app/admin/page.tsx [Server Component] @ http://localhost:3000/_next/static/chunks/node_modules_next_dist_1e8vcs8._.js:1052
[   40605ms] [ERROR] ./src/app/admin/page.tsx:641:19
Error: Unexpected token. Did you mean `{'}'}` or `&rbrace;`?
  639 |                     </div>
  640 |                   </div>
> 641 |                 ))}
      |                   ^
  642 |           </div>
  643 |         )}
  644 |         <Button

Parsing ecmascript source code failed

Import traces:
  Client Component Browser:
    ./src/app/admin/page.tsx [Client Component Browser]
    ./src/app/admin/page.tsx [Server Component]

  Client Component SSR:
    ./src/app/admin/page.tsx [Client Component SSR]
    ./src/app/admin/page.tsx [Server Component] @ http://localhost:3000/_next/static/chunks/node_modules_next_dist_1e8vcs8._.js:1052
[   40655ms] [ERROR] ./src/app/admin/page.tsx:641:19
Error: Unexpected token. Did you mean `{'}'}` or `&rbrace;`?
  639 |                     </div>
  640 |                   </div>
> 641 |                 ))}
      |                   ^
  642 |           </div>
  643 |         )}
  644 |         <Button

Parsing ecmascript source code failed

Import traces:
  Client Component Browser:
    ./src/app/admin/page.tsx [Client Component Browser]
    ./src/app/admin/page.tsx [Server Component]

  Client Component SSR:
    ./src/app/admin/page.tsx [Client Component SSR]
    ./src/app/admin/page.tsx [Server Component] @ http://localhost:3000/_next/static/chunks/node_modules_next_dist_1e8vcs8._.js:1052
[   40705ms] [ERROR] ./src/app/admin/page.tsx:641:19
Error: Unexpected token. Did you mean `{'}'}` or `&rbrace;`?
  639 |                     </div>
  640 |                   </div>
> 641 |                 ))}
      |                   ^
  642 |           </div>
  643 |         )}
  644 |         <Button

Parsing ecmascript source code failed

Import traces:
  Client Component Browser:
    ./src/app/admin/page.tsx [Client Component Browser]
    ./src/app/admin/page.tsx [Server Component]

  Client Component SSR:
    ./src/app/admin/page.tsx [Client Component SSR]
    ./src/app/admin/page.tsx [Server Component] @ http://localhost:3000/_next/static/chunks/node_modules_next_dist_1e8vcs8._.js:1052
[   40756ms] [ERROR] ./src/app/admin/page.tsx:641:19
Error: Unexpected token. Did you mean `{'}'}` or `&rbrace;`?
  639 |                     </div>
  640 |                   </div>
> 641 |                 ))}
      |                   ^
  642 |           </div>
  643 |         )}
  644 |         <Button

Parsing ecmascript source code failed

Import traces:
  Client Component Browser:
    ./src/app/admin/page.tsx [Client Component Browser]
    ./src/app/admin/page.tsx [Server Component]

  Client Component SSR:
    ./src/app/admin/page.tsx [Client Component SSR]
    ./src/app/admin/page.tsx [Server Component] @ http://localhost:3000/_next/static/chunks/node_modules_next_dist_1e8vcs8._.js:1052
[   40807ms] [ERROR] ./src/app/admin/page.tsx:641:19
Error: Unexpected token. Did you mean `{'}'}` or `&rbrace;`?
  639 |                     </div>
  640 |                   </div>
> 641 |                 ))}
      |                   ^
  642 |           </div>
  643 |         )}
  644 |         <Button

Parsing ecmascript source code failed

Import traces:
  Client Component Browser:
    ./src/app/admin/page.tsx [Client Component Browser]
    ./src/app/admin/page.tsx [Server Component]

  Client Component SSR:
    ./src/app/admin/page.tsx [Client Component SSR]
    ./src/app/admin/page.tsx [Server Component] @ http://localhost:3000/_next/static/chunks/node_modules_next_dist_1e8vcs8._.js:1052
[   40860ms] [ERROR] ./src/app/admin/page.tsx:641:19
Error: Unexpected token. Did you mean `{'}'}` or `&rbrace;`?
  639 |                     </div>
  640 |                   </div>
> 641 |                 ))}
      |                   ^
  642 |           </div>
  643 |         )}
  644 |         <Button

Parsing ecmascript source code failed

Import traces:
  Client Component Browser:
    ./src/app/admin/page.tsx [Client Component Browser]
    ./src/app/admin/page.tsx [Server Component]

  Client Component SSR:
    ./src/app/admin/page.tsx [Client Component SSR]
    ./src/app/admin/page.tsx [Server Component] @ http://localhost:3000/_next/static/chunks/node_modules_next_dist_1e8vcs8._.js:1052
[   40910ms] [ERROR] ./src/app/admin/page.tsx:641:19
Error: Unexpected token. Did you mean `{'}'}` or `&rbrace;`?
  639 |                     </div>
  640 |                   </div>
> 641 |                 ))}
      |                   ^
  642 |           </div>
  643 |         )}
  644 |         <Button

Parsing ecmascript source code failed

Import traces:
  Client Component Browser:
    ./src/app/admin/page.tsx [Client Component Browser]
    ./src/app/admin/page.tsx [Server Component]

  Client Component SSR:
    ./src/app/admin/page.tsx [Client Component SSR]
    ./src/app/admin/page.tsx [Server Component] @ http://localhost:3000/_next/static/chunks/node_modules_next_dist_1e8vcs8._.js:1052
[   40962ms] [ERROR] ./src/app/admin/page.tsx:641:19
Error: Unexpected token. Did you mean `{'}'}` or `&rbrace;`?
  639 |                     </div>
  640 |                   </div>
> 641 |                 ))}
      |                   ^
  642 |           </div>
  643 |         )}
  644 |         <Button

Parsing ecmascript source code failed

Import traces:
  Client Component Browser:
    ./src/app/admin/page.tsx [Client Component Browser]
    ./src/app/admin/page.tsx [Server Component]

  Client Component SSR:
    ./src/app/admin/page.tsx [Client Component SSR]
    ./src/app/admin/page.tsx [Server Component] @ http://localhost:3000/_next/static/chunks/node_modules_next_dist_1e8vcs8._.js:1052
[   41012ms] [ERROR] ./src/app/admin/page.tsx:641:19
Error: Unexpected token. Did you mean `{'}'}` or `&rbrace;`?
  639 |                     </div>
  640 |                   </div>
> 641 |                 ))}
      |                   ^
  642 |           </div>
  643 |         )}
  644 |         <Button

Parsing ecmascript source code failed

Import traces:
  Client Component Browser:
    ./src/app/admin/page.tsx [Client Component Browser]
    ./src/app/admin/page.tsx [Server Component]

  Client Component SSR:
    ./src/app/admin/page.tsx [Client Component SSR]
    ./src/app/admin/page.tsx [Server Component] @ http://localhost:3000/_next/static/chunks/node_modules_next_dist_1e8vcs8._.js:1052
[   41055ms] [ERROR] ./src/app/admin/page.tsx:641:19
Error: Unexpected token. Did you mean `{'}'}` or `&rbrace;`?
  639 |                     </div>
  640 |                   </div>
> 641 |                 ))}
      |                   ^
  642 |           </div>
  643 |         )}
  644 |         <Button

Parsing ecmascript source code failed

Import traces:
  Client Component Browser:
    ./src/app/admin/page.tsx [Client Component Browser]
    ./src/app/admin/page.tsx [Server Component]

  Client Component SSR:
    ./src/app/admin/page.tsx [Client Component SSR]
    ./src/app/admin/page.tsx [Server Component] @ http://localhost:3000/_next/static/chunks/node_modules_next_dist_1e8vcs8._.js:1052
[   41104ms] [ERROR] ./src/app/admin/page.tsx:641:19
Error: Unexpected token. Did you mean `{'}'}` or `&rbrace;`?
  639 |                     </div>
  640 |                   </div>
> 641 |                 ))}
      |                   ^
  642 |           </div>
  643 |         )}
  644 |         <Button

Parsing ecmascript source code failed

Import traces:
  Client Component Browser:
    ./src/app/admin/page.tsx [Client Component Browser]
    ./src/app/admin/page.tsx [Server Component]

  Client Component SSR:
    ./src/app/admin/page.tsx [Client Component SSR]
    ./src/app/admin/page.tsx [Server Component] @ http://localhost:3000/_next/static/chunks/node_modules_next_dist_1e8vcs8._.js:1052
[   41145ms] [ERROR] ./src/app/admin/page.tsx:641:19
Error: Unexpected token. Did you mean `{'}'}` or `&rbrace;`?
  639 |                     </div>
  640 |                   </div>
> 641 |                 ))}
      |                   ^
  642 |           </div>
  643 |         )}
  644 |         <Button

Parsing ecmascript source code failed

Import traces:
  Client Component Browser:
    ./src/app/admin/page.tsx [Client Component Browser]
    ./src/app/admin/page.tsx [Server Component]

  Client Component SSR:
    ./src/app/admin/page.tsx [Client Component SSR]
    ./src/app/admin/page.tsx [Server Component] @ http://localhost:3000/_next/static/chunks/node_modules_next_dist_1e8vcs8._.js:1052
[   41195ms] [ERROR] ./src/app/admin/page.tsx:641:19
Error: Unexpected token. Did you mean `{'}'}` or `&rbrace;`?
  639 |                     </div>
  640 |                   </div>
> 641 |                 ))}
      |                   ^
  642 |           </div>
  643 |         )}
  644 |         <Button

Parsing ecmascript source code failed

Import traces:
  Client Component Browser:
    ./src/app/admin/page.tsx [Client Component Browser]
    ./src/app/admin/page.tsx [Server Component]

  Client Component SSR:
    ./src/app/admin/page.tsx [Client Component SSR]
    ./src/app/admin/page.tsx [Server Component] @ http://localhost:3000/_next/static/chunks/node_modules_next_dist_1e8vcs8._.js:1052
[   41246ms] [ERROR] ./src/app/admin/page.tsx:641:19
Error: Unexpected token. Did you mean `{'}'}` or `&rbrace;`?
  639 |                     </div>
  640 |                   </div>
> 641 |                 ))}
      |                   ^
  642 |           </div>
  643 |         )}
  644 |         <Button

Parsing ecmascript source code failed

Import traces:
  Client Component Browser:
    ./src/app/admin/page.tsx [Client Component Browser]
    ./src/app/admin/page.tsx [Server Component]

  Client Component SSR:
    ./src/app/admin/page.tsx [Client Component SSR]
    ./src/app/admin/page.tsx [Server Component] @ http://localhost:3000/_next/static/chunks/node_modules_next_dist_1e8vcs8._.js:1052
[   41296ms] [ERROR] ./src/app/admin/page.tsx:641:19
Error: Unexpected token. Did you mean `{'}'}` or `&rbrace;`?
  639 |                     </div>
  640 |                   </div>
> 641 |                 ))}
      |                   ^
  642 |           </div>
  643 |         )}
  644 |         <Button

Parsing ecmascript source code failed

Import traces:
  Client Component Browser:
    ./src/app/admin/page.tsx [Client Component Browser]
    ./src/app/admin/page.tsx [Server Component]

  Client Component SSR:
    ./src/app/admin/page.tsx [Client Component SSR]
    ./src/app/admin/page.tsx [Server Component] @ http://localhost:3000/_next/static/chunks/node_modules_next_dist_1e8vcs8._.js:1052
[   41346ms] [ERROR] ./src/app/admin/page.tsx:641:19
Error: Unexpected token. Did you mean `{'}'}` or `&rbrace;`?
  639 |                     </div>
  640 |                   </div>
> 641 |                 ))}
      |                   ^
  642 |           </div>
  643 |         )}
  644 |         <Button

Parsing ecmascript source code failed

Import traces:
  Client Component Browser:
    ./src/app/admin/page.tsx [Client Component Browser]
    ./src/app/admin/page.tsx [Server Component]

  Client Component SSR:
    ./src/app/admin/page.tsx [Client Component SSR]
    ./src/app/admin/page.tsx [Server Component] @ http://localhost:3000/_next/static/chunks/node_modules_next_dist_1e8vcs8._.js:1052
[   41397ms] [ERROR] ./src/app/admin/page.tsx:641:19
Error: Unexpected token. Did you mean `{'}'}` or `&rbrace;`?
  639 |                     </div>
  640 |                   </div>
> 641 |                 ))}
      |                   ^
  642 |           </div>
  643 |         )}
  644 |         <Button

Parsing ecmascript source code failed

Import traces:
  Client Component Browser:
    ./src/app/admin/page.tsx [Client Component Browser]
    ./src/app/admin/page.tsx [Server Component]

  Client Component SSR:
    ./src/app/admin/page.tsx [Client Component SSR]
    ./src/app/admin/page.tsx [Server Component] @ http://localhost:3000/_next/static/chunks/node_modules_next_dist_1e8vcs8._.js:1052
[   41447ms] [ERROR] ./src/app/admin/page.tsx:641:19
Error: Unexpected token. Did you mean `{'}'}` or `&rbrace;`?
  639 |                     </div>
  640 |                   </div>
> 641 |                 ))}
      |                   ^
  642 |           </div>
  643 |         )}
  644 |         <Button

Parsing ecmascript source code failed

Import traces:
  Client Component Browser:
    ./src/app/admin/page.tsx [Client Component Browser]
    ./src/app/admin/page.tsx [Server Component]

  Client Component SSR:
    ./src/app/admin/page.tsx [Client Component SSR]
    ./src/app/admin/page.tsx [Server Component] @ http://localhost:3000/_next/static/chunks/node_modules_next_dist_1e8vcs8._.js:1052
[   41500ms] [ERROR] ./src/app/admin/page.tsx:641:19
Error: Unexpected token. Did you mean `{'}'}` or `&rbrace;`?
  639 |                     </div>
  640 |                   </div>
> 641 |                 ))}
      |                   ^
  642 |           </div>
  643 |         )}
  644 |         <Button

Parsing ecmascript source code failed

Import traces:
  Client Component Browser:
    ./src/app/admin/page.tsx [Client Component Browser]
    ./src/app/admin/page.tsx [Server Component]

  Client Component SSR:
    ./src/app/admin/page.tsx [Client Component SSR]
    ./src/app/admin/page.tsx [Server Component] @ http://localhost:3000/_next/static/chunks/node_modules_next_dist_1e8vcs8._.js:1052
[   41551ms] [ERROR] ./src/app/admin/page.tsx:641:19
Error: Unexpected token. Did you mean `{'}'}` or `&rbrace;`?
  639 |                     </div>
  640 |                   </div>
> 641 |                 ))}
      |                   ^
  642 |           </div>
  643 |         )}
  644 |         <Button

Parsing ecmascript source code failed

Import traces:
  Client Component Browser:
    ./src/app/admin/page.tsx [Client Component Browser]
    ./src/app/admin/page.tsx [Server Component]

  Client Component SSR:
    ./src/app/admin/page.tsx [Client Component SSR]
    ./src/app/admin/page.tsx [Server Component] @ http://localhost:3000/_next/static/chunks/node_modules_next_dist_1e8vcs8._.js:1052
[   41603ms] [ERROR] ./src/app/admin/page.tsx:641:19
Error: Unexpected token. Did you mean `{'}'}` or `&rbrace;`?
  639 |                     </div>
  640 |                   </div>
> 641 |                 ))}
      |                   ^
  642 |           </div>
  643 |         )}
  644 |         <Button

Parsing ecmascript source code failed

Import traces:
  Client Component Browser:
    ./src/app/admin/page.tsx [Client Component Browser]
    ./src/app/admin/page.tsx [Server Component]

  Client Component SSR:
    ./src/app/admin/page.tsx [Client Component SSR]
    ./src/app/admin/page.tsx [Server Component] @ http://localhost:3000/_next/static/chunks/node_modules_next_dist_1e8vcs8._.js:1052
[   41654ms] [ERROR] ./src/app/admin/page.tsx:641:19
Error: Unexpected token. Did you mean `{'}'}` or `&rbrace;`?
  639 |                     </div>
  640 |                   </div>
> 641 |                 ))}
      |                   ^
  642 |           </div>
  643 |         )}
  644 |         <Button

Parsing ecmascript source code failed

Import traces:
  Client Component Browser:
    ./src/app/admin/page.tsx [Client Component Browser]
    ./src/app/admin/page.tsx [Server Component]

  Client Component SSR:
    ./src/app/admin/page.tsx [Client Component SSR]
    ./src/app/admin/page.tsx [Server Component] @ http://localhost:3000/_next/static/chunks/node_modules_next_dist_1e8vcs8._.js:1052
[   41705ms] [ERROR] ./src/app/admin/page.tsx:641:19
Error: Unexpected token. Did you mean `{'}'}` or `&rbrace;`?
  639 |                     </div>
  640 |                   </div>
> 641 |                 ))}
      |                   ^
  642 |           </div>
  643 |         )}
  644 |         <Button

Parsing ecmascript source code failed

Import traces:
  Client Component Browser:
    ./src/app/admin/page.tsx [Client Component Browser]
    ./src/app/admin/page.tsx [Server Component]

  Client Component SSR:
    ./src/app/admin/page.tsx [Client Component SSR]
    ./src/app/admin/page.tsx [Server Component] @ http://localhost:3000/_next/static/chunks/node_modules_next_dist_1e8vcs8._.js:1052
[   41745ms] [ERROR] ./src/app/admin/page.tsx:641:19
Error: Unexpected token. Did you mean `{'}'}` or `&rbrace;`?
  639 |                     </div>
  640 |                   </div>
> 641 |                 ))}
      |                   ^
  642 |           </div>
  643 |         )}
  644 |         <Button

Parsing ecmascript source code failed

Import traces:
  Client Component Browser:
    ./src/app/admin/page.tsx [Client Component Browser]
    ./src/app/admin/page.tsx [Server Component]

  Client Component SSR:
    ./src/app/admin/page.tsx [Client Component SSR]
    ./src/app/admin/page.tsx [Server Component] @ http://localhost:3000/_next/static/chunks/node_modules_next_dist_1e8vcs8._.js:1052
[   41794ms] [ERROR] ./src/app/admin/page.tsx:641:19
Error: Unexpected token. Did you mean `{'}'}` or `&rbrace;`?
  639 |                     </div>
  640 |                   </div>
> 641 |                 ))}
      |                   ^
  642 |           </div>
  643 |         )}
  644 |         <Button

Parsing ecmascript source code failed

Import traces:
  Client Component Browser:
    ./src/app/admin/page.tsx [Client Component Browser]
    ./src/app/admin/page.tsx [Server Component]

  Client Component SSR:
    ./src/app/admin/page.tsx [Client Component SSR]
    ./src/app/admin/page.tsx [Server Component] @ http://localhost:3000/_next/static/chunks/node_modules_next_dist_1e8vcs8._.js:1052
[   41845ms] [ERROR] ./src/app/admin/page.tsx:641:19
Error: Unexpected token. Did you mean `{'}'}` or `&rbrace;`?
  639 |                     </div>
  640 |                   </div>
> 641 |                 ))}
      |                   ^
  642 |           </div>
  643 |         )}
  644 |         <Button

Parsing ecmascript source code failed

Import traces:
  Client Component Browser:
    ./src/app/admin/page.tsx [Client Component Browser]
    ./src/app/admin/page.tsx [Server Component]

  Client Component SSR:
    ./src/app/admin/page.tsx [Client Component SSR]
    ./src/app/admin/page.tsx [Server Component] @ http://localhost:3000/_next/static/chunks/node_modules_next_dist_1e8vcs8._.js:1052
[   41896ms] [ERROR] ./src/app/admin/page.tsx:641:19
Error: Unexpected token. Did you mean `{'}'}` or `&rbrace;`?
  639 |                     </div>
  640 |                   </div>
> 641 |                 ))}
      |                   ^
  642 |           </div>
  643 |         )}
  644 |         <Button

Parsing ecmascript source code failed

Import traces:
  Client Component Browser:
    ./src/app/admin/page.tsx [Client Component Browser]
    ./src/app/admin/page.tsx [Server Component]

  Client Component SSR:
    ./src/app/admin/page.tsx [Client Component SSR]
    ./src/app/admin/page.tsx [Server Component] @ http://localhost:3000/_next/static/chunks/node_modules_next_dist_1e8vcs8._.js:1052
[   41945ms] [ERROR] ./src/app/admin/page.tsx:641:19
Error: Unexpected token. Did you mean `{'}'}` or `&rbrace;`?
  639 |                     </div>
  640 |                   </div>
> 641 |                 ))}
      |                   ^
  642 |           </div>
  643 |         )}
  644 |         <Button

Parsing ecmascript source code failed

Import traces:
  Client Component Browser:
    ./src/app/admin/page.tsx [Client Component Browser]
    ./src/app/admin/page.tsx [Server Component]

  Client Component SSR:
    ./src/app/admin/page.tsx [Client Component SSR]
    ./src/app/admin/page.tsx [Server Component] @ http://localhost:3000/_next/static/chunks/node_modules_next_dist_1e8vcs8._.js:1052
[   41994ms] [ERROR] ./src/app/admin/page.tsx:641:19
Error: Unexpected token. Did you mean `{'}'}` or `&rbrace;`?
  639 |                     </div>
  640 |                   </div>
> 641 |                 ))}
      |                   ^
  642 |           </div>
  643 |         )}
  644 |         <Button

Parsing ecmascript source code failed

Import traces:
  Client Component Browser:
    ./src/app/admin/page.tsx [Client Component Browser]
    ./src/app/admin/page.tsx [Server Component]

  Client Component SSR:
    ./src/app/admin/page.tsx [Client Component SSR]
    ./src/app/admin/page.tsx [Server Component] @ http://localhost:3000/_next/static/chunks/node_modules_next_dist_1e8vcs8._.js:1052
[   42037ms] [ERROR] ./src/app/admin/page.tsx:641:19
Error: Unexpected token. Did you mean `{'}'}` or `&rbrace;`?
  639 |                     </div>
  640 |                   </div>
> 641 |                 ))}
      |                   ^
  642 |           </div>
  643 |         )}
  644 |         <Button

Parsing ecmascript source code failed

Import traces:
  Client Component Browser:
    ./src/app/admin/page.tsx [Client Component Browser]
    ./src/app/admin/page.tsx [Server Component]

  Client Component SSR:
    ./src/app/admin/page.tsx [Client Component SSR]
    ./src/app/admin/page.tsx [Server Component] @ http://localhost:3000/_next/static/chunks/node_modules_next_dist_1e8vcs8._.js:1052
[   42088ms] [ERROR] ./src/app/admin/page.tsx:641:19
Error: Unexpected token. Did you mean `{'}'}` or `&rbrace;`?
  639 |                     </div>
  640 |                   </div>
> 641 |                 ))}
      |                   ^
  642 |           </div>
  643 |         )}
  644 |         <Button

Parsing ecmascript source code failed

Import traces:
  Client Component Browser:
    ./src/app/admin/page.tsx [Client Component Browser]
    ./src/app/admin/page.tsx [Server Component]

  Client Component SSR:
    ./src/app/admin/page.tsx [Client Component SSR]
    ./src/app/admin/page.tsx [Server Component] @ http://localhost:3000/_next/static/chunks/node_modules_next_dist_1e8vcs8._.js:1052
[   42129ms] [ERROR] ./src/app/admin/page.tsx:641:19
Error: Unexpected token. Did you mean `{'}'}` or `&rbrace;`?
  639 |                     </div>
  640 |                   </div>
> 641 |                 ))}
      |                   ^
  642 |           </div>
  643 |         )}
  644 |         <Button

Parsing ecmascript source code failed

Import traces:
  Client Component Browser:
    ./src/app/admin/page.tsx [Client Component Browser]
    ./src/app/admin/page.tsx [Server Component]

  Client Component SSR:
    ./src/app/admin/page.tsx [Client Component SSR]
    ./src/app/admin/page.tsx [Server Component] @ http://localhost:3000/_next/static/chunks/node_modules_next_dist_1e8vcs8._.js:1052
[   42177ms] [ERROR] ./src/app/admin/page.tsx:641:19
Error: Unexpected token. Did you mean `{'}'}` or `&rbrace;`?
  639 |                     </div>
  640 |                   </div>
> 641 |                 ))}
      |                   ^
  642 |           </div>
  643 |         )}
  644 |         <Button

Parsing ecmascript source code failed

Import traces:
  Client Component Browser:
    ./src/app/admin/page.tsx [Client Component Browser]
    ./src/app/admin/page.tsx [Server Component]

  Client Component SSR:
    ./src/app/admin/page.tsx [Client Component SSR]
    ./src/app/admin/page.tsx [Server Component] @ http://localhost:3000/_next/static/chunks/node_modules_next_dist_1e8vcs8._.js:1052
[   42227ms] [ERROR] ./src/app/admin/page.tsx:641:19
Error: Unexpected token. Did you mean `{'}'}` or `&rbrace;`?
  639 |                     </div>
  640 |                   </div>
> 641 |                 ))}
      |                   ^
  642 |           </div>
  643 |         )}
  644 |         <Button

Parsing ecmascript source code failed

Import traces:
  Client Component Browser:
    ./src/app/admin/page.tsx [Client Component Browser]
    ./src/app/admin/page.tsx [Server Component]

  Client Component SSR:
    ./src/app/admin/page.tsx [Client Component SSR]
    ./src/app/admin/page.tsx [Server Component] @ http://localhost:3000/_next/static/chunks/node_modules_next_dist_1e8vcs8._.js:1052
[   42277ms] [ERROR] ./src/app/admin/page.tsx:641:19
Error: Unexpected token. Did you mean `{'}'}` or `&rbrace;`?
  639 |                     </div>
  640 |                   </div>
> 641 |                 ))}
      |                   ^
  642 |           </div>
  643 |         )}
  644 |         <Button

Parsing ecmascript source code failed

Import traces:
  Client Component Browser:
    ./src/app/admin/page.tsx [Client Component Browser]
    ./src/app/admin/page.tsx [Server Component]

  Client Component SSR:
    ./src/app/admin/page.tsx [Client Component SSR]
    ./src/app/admin/page.tsx [Server Component] @ http://localhost:3000/_next/static/chunks/node_modules_next_dist_1e8vcs8._.js:1052
[   42327ms] [ERROR] ./src/app/admin/page.tsx:641:19
Error: Unexpected token. Did you mean `{'}'}` or `&rbrace;`?
  639 |                     </div>
  640 |                   </div>
> 641 |                 ))}
      |                   ^
  642 |           </div>
  643 |         )}
  644 |         <Button

Parsing ecmascript source code failed

Import traces:
  Client Component Browser:
    ./src/app/admin/page.tsx [Client Component Browser]
    ./src/app/admin/page.tsx [Server Component]

  Client Component SSR:
    ./src/app/admin/page.tsx [Client Component SSR]
    ./src/app/admin/page.tsx [Server Component] @ http://localhost:3000/_next/static/chunks/node_modules_next_dist_1e8vcs8._.js:1052
[   42378ms] [ERROR] ./src/app/admin/page.tsx:641:19
Error: Unexpected token. Did you mean `{'}'}` or `&rbrace;`?
  639 |                     </div>
  640 |                   </div>
> 641 |                 ))}
      |                   ^
  642 |           </div>
  643 |         )}
  644 |         <Button

Parsing ecmascript source code failed

Import traces:
  Client Component Browser:
    ./src/app/admin/page.tsx [Client Component Browser]
    ./src/app/admin/page.tsx [Server Component]

  Client Component SSR:
    ./src/app/admin/page.tsx [Client Component SSR]
    ./src/app/admin/page.tsx [Server Component] @ http://localhost:3000/_next/static/chunks/node_modules_next_dist_1e8vcs8._.js:1052
[   42429ms] [ERROR] ./src/app/admin/page.tsx:641:19
Error: Unexpected token. Did you mean `{'}'}` or `&rbrace;`?
  639 |                     </div>
  640 |                   </div>
> 641 |                 ))}
      |                   ^
  642 |           </div>
  643 |         )}
  644 |         <Button

Parsing ecmascript source code failed

Import traces:
  Client Component Browser:
    ./src/app/admin/page.tsx [Client Component Browser]
    ./src/app/admin/page.tsx [Server Component]

  Client Component SSR:
    ./src/app/admin/page.tsx [Client Component SSR]
    ./src/app/admin/page.tsx [Server Component] @ http://localhost:3000/_next/static/chunks/node_modules_next_dist_1e8vcs8._.js:1052
[   42479ms] [ERROR] ./src/app/admin/page.tsx:641:19
Error: Unexpected token. Did you mean `{'}'}` or `&rbrace;`?
  639 |                     </div>
  640 |                   </div>
> 641 |                 ))}
      |                   ^
  642 |           </div>
  643 |         )}
  644 |         <Button

Parsing ecmascript source code failed

Import traces:
  Client Component Browser:
    ./src/app/admin/page.tsx [Client Component Browser]
    ./src/app/admin/page.tsx [Server Component]

  Client Component SSR:
    ./src/app/admin/page.tsx [Client Component SSR]
    ./src/app/admin/page.tsx [Server Component] @ http://localhost:3000/_next/static/chunks/node_modules_next_dist_1e8vcs8._.js:1052
[   42530ms] [ERROR] ./src/app/admin/page.tsx:641:19
Error: Unexpected token. Did you mean `{'}'}` or `&rbrace;`?
  639 |                     </div>
  640 |                   </div>
> 641 |                 ))}
      |                   ^
  642 |           </div>
  643 |         )}
  644 |         <Button

Parsing ecmascript source code failed

Import traces:
  Client Component Browser:
    ./src/app/admin/page.tsx [Client Component Browser]
    ./src/app/admin/page.tsx [Server Component]

  Client Component SSR:
    ./src/app/admin/page.tsx [Client Component SSR]
    ./src/app/admin/page.tsx [Server Component] @ http://localhost:3000/_next/static/chunks/node_modules_next_dist_1e8vcs8._.js:1052
[   42580ms] [ERROR] ./src/app/admin/page.tsx:641:19
Error: Unexpected token. Did you mean `{'}'}` or `&rbrace;`?
  639 |                     </div>
  640 |                   </div>
> 641 |                 ))}
      |                   ^
  642 |           </div>
  643 |         )}
  644 |         <Button

Parsing ecmascript source code failed

Import traces:
  Client Component Browser:
    ./src/app/admin/page.tsx [Client Component Browser]
    ./src/app/admin/page.tsx [Server Component]

  Client Component SSR:
    ./src/app/admin/page.tsx [Client Component SSR]
    ./src/app/admin/page.tsx [Server Component] @ http://localhost:3000/_next/static/chunks/node_modules_next_dist_1e8vcs8._.js:1052
[   42629ms] [ERROR] ./src/app/admin/page.tsx:641:19
Error: Unexpected token. Did you mean `{'}'}` or `&rbrace;`?
  639 |                     </div>
  640 |                   </div>
> 641 |                 ))}
      |                   ^
  642 |           </div>
  643 |         )}
  644 |         <Button

Parsing ecmascript source code failed

Import traces:
  Client Component Browser:
    ./src/app/admin/page.tsx [Client Component Browser]
    ./src/app/admin/page.tsx [Server Component]

  Client Component SSR:
    ./src/app/admin/page.tsx [Client Component SSR]
    ./src/app/admin/page.tsx [Server Component] @ http://localhost:3000/_next/static/chunks/node_modules_next_dist_1e8vcs8._.js:1052
[   42681ms] [ERROR] ./src/app/admin/page.tsx:641:19
Error: Unexpected token. Did you mean `{'}'}` or `&rbrace;`?
  639 |                     </div>
  640 |                   </div>
> 641 |                 ))}
      |                   ^
  642 |           </div>
  643 |         )}
  644 |         <Button

Parsing ecmascript source code failed

Import traces:
  Client Component Browser:
    ./src/app/admin/page.tsx [Client Component Browser]
    ./src/app/admin/page.tsx [Server Component]

  Client Component SSR:
    ./src/app/admin/page.tsx [Client Component SSR]
    ./src/app/admin/page.tsx [Server Component] @ http://localhost:3000/_next/static/chunks/node_modules_next_dist_1e8vcs8._.js:1052
[   42731ms] [ERROR] ./src/app/admin/page.tsx:641:19
Error: Unexpected token. Did you mean `{'}'}` or `&rbrace;`?
  639 |                     </div>
  640 |                   </div>
> 641 |                 ))}
      |                   ^
  642 |           </div>
  643 |         )}
  644 |         <Button

Parsing ecmascript source code failed

Import traces:
  Client Component Browser:
    ./src/app/admin/page.tsx [Client Component Browser]
    ./src/app/admin/page.tsx [Server Component]

  Client Component SSR:
    ./src/app/admin/page.tsx [Client Component SSR]
    ./src/app/admin/page.tsx [Server Component] @ http://localhost:3000/_next/static/chunks/node_modules_next_dist_1e8vcs8._.js:1052
[   42781ms] [ERROR] ./src/app/admin/page.tsx:641:19
Error: Unexpected token. Did you mean `{'}'}` or `&rbrace;`?
  639 |                     </div>
  640 |                   </div>
> 641 |                 ))}
      |                   ^
  642 |           </div>
  643 |         )}
  644 |         <Button

Parsing ecmascript source code failed

Import traces:
  Client Component Browser:
    ./src/app/admin/page.tsx [Client Component Browser]
    ./src/app/admin/page.tsx [Server Component]

  Client Component SSR:
    ./src/app/admin/page.tsx [Client Component SSR]
    ./src/app/admin/page.tsx [Server Component] @ http://localhost:3000/_next/static/chunks/node_modules_next_dist_1e8vcs8._.js:1052
[   42830ms] [ERROR] ./src/app/admin/page.tsx:641:19
Error: Unexpected token. Did you mean `{'}'}` or `&rbrace;`?
  639 |                     </div>
  640 |                   </div>
> 641 |                 ))}
      |                   ^
  642 |           </div>
  643 |         )}
  644 |         <Button

Parsing ecmascript source code failed

Import traces:
  Client Component Browser:
    ./src/app/admin/page.tsx [Client Component Browser]
    ./src/app/admin/page.tsx [Server Component]

  Client Component SSR:
    ./src/app/admin/page.tsx [Client Component SSR]
    ./src/app/admin/page.tsx [Server Component] @ http://localhost:3000/_next/static/chunks/node_modules_next_dist_1e8vcs8._.js:1052
[   42882ms] [ERROR] ./src/app/admin/page.tsx:641:19
Error: Unexpected token. Did you mean `{'}'}` or `&rbrace;`?
  639 |                     </div>
  640 |                   </div>
> 641 |                 ))}
      |                   ^
  642 |           </div>
  643 |         )}
  644 |         <Button

Parsing ecmascript source code failed

Import traces:
  Client Component Browser:
    ./src/app/admin/page.tsx [Client Component Browser]
    ./src/app/admin/page.tsx [Server Component]

  Client Component SSR:
    ./src/app/admin/page.tsx [Client Component SSR]
    ./src/app/admin/page.tsx [Server Component] @ http://localhost:3000/_next/static/chunks/node_modules_next_dist_1e8vcs8._.js:1052
[   42931ms] [ERROR] ./src/app/admin/page.tsx:641:19
Error: Unexpected token. Did you mean `{'}'}` or `&rbrace;`?
  639 |                     </div>
  640 |                   </div>
> 641 |                 ))}
      |                   ^
  642 |           </div>
  643 |         )}
  644 |         <Button

Parsing ecmascript source code failed

Import traces:
  Client Component Browser:
    ./src/app/admin/page.tsx [Client Component Browser]
    ./src/app/admin/page.tsx [Server Component]

  Client Component SSR:
    ./src/app/admin/page.tsx [Client Component SSR]
    ./src/app/admin/page.tsx [Server Component] @ http://localhost:3000/_next/static/chunks/node_modules_next_dist_1e8vcs8._.js:1052
[   42983ms] [ERROR] ./src/app/admin/page.tsx:641:19
Error: Unexpected token. Did you mean `{'}'}` or `&rbrace;`?
  639 |                     </div>
  640 |                   </div>
> 641 |                 ))}
      |                   ^
  642 |           </div>
  643 |         )}
  644 |         <Button

Parsing ecmascript source code failed

Import traces:
  Client Component Browser:
    ./src/app/admin/page.tsx [Client Component Browser]
    ./src/app/admin/page.tsx [Server Component]

  Client Component SSR:
    ./src/app/admin/page.tsx [Client Component SSR]
    ./src/app/admin/page.tsx [Server Component] @ http://localhost:3000/_next/static/chunks/node_modules_next_dist_1e8vcs8._.js:1052
[   43036ms] [ERROR] ./src/app/admin/page.tsx:641:19
Error: Unexpected token. Did you mean `{'}'}` or `&rbrace;`?
  639 |                     </div>
  640 |                   </div>
> 641 |                 ))}
      |                   ^
  642 |           </div>
  643 |         )}
  644 |         <Button

Parsing ecmascript source code failed

Import traces:
  Client Component Browser:
    ./src/app/admin/page.tsx [Client Component Browser]
    ./src/app/admin/page.tsx [Server Component]

  Client Component SSR:
    ./src/app/admin/page.tsx [Client Component SSR]
    ./src/app/admin/page.tsx [Server Component] @ http://localhost:3000/_next/static/chunks/node_modules_next_dist_1e8vcs8._.js:1052
[   43087ms] [ERROR] ./src/app/admin/page.tsx:641:19
Error: Unexpected token. Did you mean `{'}'}` or `&rbrace;`?
  639 |                     </div>
  640 |                   </div>
> 641 |                 ))}
      |                   ^
  642 |           </div>
  643 |         )}
  644 |         <Button

Parsing ecmascript source code failed

Import traces:
  Client Component Browser:
    ./src/app/admin/page.tsx [Client Component Browser]
    ./src/app/admin/page.tsx [Server Component]

  Client Component SSR:
    ./src/app/admin/page.tsx [Client Component SSR]
    ./src/app/admin/page.tsx [Server Component] @ http://localhost:3000/_next/static/chunks/node_modules_next_dist_1e8vcs8._.js:1052
[   43137ms] [ERROR] ./src/app/admin/page.tsx:641:19
Error: Unexpected token. Did you mean `{'}'}` or `&rbrace;`?
  639 |                     </div>
  640 |                   </div>
> 641 |                 ))}
      |                   ^
  642 |           </div>
  643 |         )}
  644 |         <Button

Parsing ecmascript source code failed

Import traces:
  Client Component Browser:
    ./src/app/admin/page.tsx [Client Component Browser]
    ./src/app/admin/page.tsx [Server Component]

  Client Component SSR:
    ./src/app/admin/page.tsx [Client Component SSR]
    ./src/app/admin/page.tsx [Server Component] @ http://localhost:3000/_next/static/chunks/node_modules_next_dist_1e8vcs8._.js:1052
[   43189ms] [ERROR] ./src/app/admin/page.tsx:641:19
Error: Unexpected token. Did you mean `{'}'}` or `&rbrace;`?
  639 |                     </div>
  640 |                   </div>
> 641 |                 ))}
      |                   ^
  642 |           </div>
  643 |         )}
  644 |         <Button

Parsing ecmascript source code failed

Import traces:
  Client Component Browser:
    ./src/app/admin/page.tsx [Client Component Browser]
    ./src/app/admin/page.tsx [Server Component]

  Client Component SSR:
    ./src/app/admin/page.tsx [Client Component SSR]
    ./src/app/admin/page.tsx [Server Component] @ http://localhost:3000/_next/static/chunks/node_modules_next_dist_1e8vcs8._.js:1052
[   43241ms] [ERROR] ./src/app/admin/page.tsx:641:19
Error: Unexpected token. Did you mean `{'}'}` or `&rbrace;`?
  639 |                     </div>
  640 |                   </div>
> 641 |                 ))}
      |                   ^
  642 |           </div>
  643 |         )}
  644 |         <Button

Parsing ecmascript source code failed

Import traces:
  Client Component Browser:
    ./src/app/admin/page.tsx [Client Component Browser]
    ./src/app/admin/page.tsx [Server Component]

  Client Component SSR:
    ./src/app/admin/page.tsx [Client Component SSR]
    ./src/app/admin/page.tsx [Server Component] @ http://localhost:3000/_next/static/chunks/node_modules_next_dist_1e8vcs8._.js:1052
[   43293ms] [ERROR] ./src/app/admin/page.tsx:641:19
Error: Unexpected token. Did you mean `{'}'}` or `&rbrace;`?
  639 |                     </div>
  640 |                   </div>
> 641 |                 ))}
      |                   ^
  642 |           </div>
  643 |         )}
  644 |         <Button

Parsing ecmascript source code failed

Import traces:
  Client Component Browser:
    ./src/app/admin/page.tsx [Client Component Browser]
    ./src/app/admin/page.tsx [Server Component]

  Client Component SSR:
    ./src/app/admin/page.tsx [Client Component SSR]
    ./src/app/admin/page.tsx [Server Component] @ http://localhost:3000/_next/static/chunks/node_modules_next_dist_1e8vcs8._.js:1052
[   43346ms] [ERROR] ./src/app/admin/page.tsx:641:19
Error: Unexpected token. Did you mean `{'}'}` or `&rbrace;`?
  639 |                     </div>
  640 |                   </div>
> 641 |                 ))}
      |                   ^
  642 |           </div>
  643 |         )}
  644 |         <Button

Parsing ecmascript source code failed

Import traces:
  Client Component Browser:
    ./src/app/admin/page.tsx [Client Component Browser]
    ./src/app/admin/page.tsx [Server Component]

  Client Component SSR:
    ./src/app/admin/page.tsx [Client Component SSR]
    ./src/app/admin/page.tsx [Server Component] @ http://localhost:3000/_next/static/chunks/node_modules_next_dist_1e8vcs8._.js:1052
[   43395ms] [ERROR] ./src/app/admin/page.tsx:641:19
Error: Unexpected token. Did you mean `{'}'}` or `&rbrace;`?
  639 |                     </div>
  640 |                   </div>
> 641 |                 ))}
      |                   ^
  642 |           </div>
  643 |         )}
  644 |         <Button

Parsing ecmascript source code failed

Import traces:
  Client Component Browser:
    ./src/app/admin/page.tsx [Client Component Browser]
    ./src/app/admin/page.tsx [Server Component]

  Client Component SSR:
    ./src/app/admin/page.tsx [Client Component SSR]
    ./src/app/admin/page.tsx [Server Component] @ http://localhost:3000/_next/static/chunks/node_modules_next_dist_1e8vcs8._.js:1052
[   43445ms] [ERROR] ./src/app/admin/page.tsx:641:19
Error: Unexpected token. Did you mean `{'}'}` or `&rbrace;`?
  639 |                     </div>
  640 |                   </div>
> 641 |                 ))}
      |                   ^
  642 |           </div>
  643 |         )}
  644 |         <Button

Parsing ecmascript source code failed

Import traces:
  Client Component Browser:
    ./src/app/admin/page.tsx [Client Component Browser]
    ./src/app/admin/page.tsx [Server Component]

  Client Component SSR:
    ./src/app/admin/page.tsx [Client Component SSR]
    ./src/app/admin/page.tsx [Server Component] @ http://localhost:3000/_next/static/chunks/node_modules_next_dist_1e8vcs8._.js:1052
[   43496ms] [ERROR] ./src/app/admin/page.tsx:641:19
Error: Unexpected token. Did you mean `{'}'}` or `&rbrace;`?
  639 |                     </div>
  640 |                   </div>
> 641 |                 ))}
      |                   ^
  642 |           </div>
  643 |         )}
  644 |         <Button

Parsing ecmascript source code failed

Import traces:
  Client Component Browser:
    ./src/app/admin/page.tsx [Client Component Browser]
    ./src/app/admin/page.tsx [Server Component]

  Client Component SSR:
    ./src/app/admin/page.tsx [Client Component SSR]
    ./src/app/admin/page.tsx [Server Component] @ http://localhost:3000/_next/static/chunks/node_modules_next_dist_1e8vcs8._.js:1052
[   43545ms] [ERROR] ./src/app/admin/page.tsx:641:19
Error: Unexpected token. Did you mean `{'}'}` or `&rbrace;`?
  639 |                     </div>
  640 |                   </div>
> 641 |                 ))}
      |                   ^
  642 |           </div>
  643 |         )}
  644 |         <Button

Parsing ecmascript source code failed

Import traces:
  Client Component Browser:
    ./src/app/admin/page.tsx [Client Component Browser]
    ./src/app/admin/page.tsx [Server Component]

  Client Component SSR:
    ./src/app/admin/page.tsx [Client Component SSR]
    ./src/app/admin/page.tsx [Server Component] @ http://localhost:3000/_next/static/chunks/node_modules_next_dist_1e8vcs8._.js:1052
[   43596ms] [ERROR] ./src/app/admin/page.tsx:641:19
Error: Unexpected token. Did you mean `{'}'}` or `&rbrace;`?
  639 |                     </div>
  640 |                   </div>
> 641 |                 ))}
      |                   ^
  642 |           </div>
  643 |         )}
  644 |         <Button

Parsing ecmascript source code failed

Import traces:
  Client Component Browser:
    ./src/app/admin/page.tsx [Client Component Browser]
    ./src/app/admin/page.tsx [Server Component]

  Client Component SSR:
    ./src/app/admin/page.tsx [Client Component SSR]
    ./src/app/admin/page.tsx [Server Component] @ http://localhost:3000/_next/static/chunks/node_modules_next_dist_1e8vcs8._.js:1052
[   43646ms] [ERROR] ./src/app/admin/page.tsx:641:19
Error: Unexpected token. Did you mean `{'}'}` or `&rbrace;`?
  639 |                     </div>
  640 |                   </div>
> 641 |                 ))}
      |                   ^
  642 |           </div>
  643 |         )}
  644 |         <Button

Parsing ecmascript source code failed

Import traces:
  Client Component Browser:
    ./src/app/admin/page.tsx [Client Component Browser]
    ./src/app/admin/page.tsx [Server Component]

  Client Component SSR:
    ./src/app/admin/page.tsx [Client Component SSR]
    ./src/app/admin/page.tsx [Server Component] @ http://localhost:3000/_next/static/chunks/node_modules_next_dist_1e8vcs8._.js:1052
[   43697ms] [ERROR] ./src/app/admin/page.tsx:641:19
Error: Unexpected token. Did you mean `{'}'}` or `&rbrace;`?
  639 |                     </div>
  640 |                   </div>
> 641 |                 ))}
      |                   ^
  642 |           </div>
  643 |         )}
  644 |         <Button

Parsing ecmascript source code failed

Import traces:
  Client Component Browser:
    ./src/app/admin/page.tsx [Client Component Browser]
    ./src/app/admin/page.tsx [Server Component]

  Client Component SSR:
    ./src/app/admin/page.tsx [Client Component SSR]
    ./src/app/admin/page.tsx [Server Component] @ http://localhost:3000/_next/static/chunks/node_modules_next_dist_1e8vcs8._.js:1052
[   43748ms] [ERROR] ./src/app/admin/page.tsx:641:19
Error: Unexpected token. Did you mean `{'}'}` or `&rbrace;`?
  639 |                     </div>
  640 |                   </div>
> 641 |                 ))}
      |                   ^
  642 |           </div>
  643 |         )}
  644 |         <Button

Parsing ecmascript source code failed

Import traces:
  Client Component Browser:
    ./src/app/admin/page.tsx [Client Component Browser]
    ./src/app/admin/page.tsx [Server Component]

  Client Component SSR:
    ./src/app/admin/page.tsx [Client Component SSR]
    ./src/app/admin/page.tsx [Server Component] @ http://localhost:3000/_next/static/chunks/node_modules_next_dist_1e8vcs8._.js:1052
[   43801ms] [ERROR] ./src/app/admin/page.tsx:641:19
Error: Unexpected token. Did you mean `{'}'}` or `&rbrace;`?
  639 |                     </div>
  640 |                   </div>
> 641 |                 ))}
      |                   ^
  642 |           </div>
  643 |         )}
  644 |         <Button

Parsing ecmascript source code failed

Import traces:
  Client Component Browser:
    ./src/app/admin/page.tsx [Client Component Browser]
    ./src/app/admin/page.tsx [Server Component]

  Client Component SSR:
    ./src/app/admin/page.tsx [Client Component SSR]
    ./src/app/admin/page.tsx [Server Component] @ http://localhost:3000/_next/static/chunks/node_modules_next_dist_1e8vcs8._.js:1052
[   43854ms] [ERROR] ./src/app/admin/page.tsx:641:19
Error: Unexpected token. Did you mean `{'}'}` or `&rbrace;`?
  639 |                     </div>
  640 |                   </div>
> 641 |                 ))}
      |                   ^
  642 |           </div>
  643 |         )}
  644 |         <Button

Parsing ecmascript source code failed

Import traces:
  Client Component Browser:
    ./src/app/admin/page.tsx [Client Component Browser]
    ./src/app/admin/page.tsx [Server Component]

  Client Component SSR:
    ./src/app/admin/page.tsx [Client Component SSR]
    ./src/app/admin/page.tsx [Server Component] @ http://localhost:3000/_next/static/chunks/node_modules_next_dist_1e8vcs8._.js:1052
[   43905ms] [ERROR] ./src/app/admin/page.tsx:641:19
Error: Unexpected token. Did you mean `{'}'}` or `&rbrace;`?
  639 |                     </div>
  640 |                   </div>
> 641 |                 ))}
      |                   ^
  642 |           </div>
  643 |         )}
  644 |         <Button

Parsing ecmascript source code failed

Import traces:
  Client Component Browser:
    ./src/app/admin/page.tsx [Client Component Browser]
    ./src/app/admin/page.tsx [Server Component]

  Client Component SSR:
    ./src/app/admin/page.tsx [Client Component SSR]
    ./src/app/admin/page.tsx [Server Component] @ http://localhost:3000/_next/static/chunks/node_modules_next_dist_1e8vcs8._.js:1052
[   43955ms] [ERROR] ./src/app/admin/page.tsx:641:19
Error: Unexpected token. Did you mean `{'}'}` or `&rbrace;`?
  639 |                     </div>
  640 |                   </div>
> 641 |                 ))}
      |                   ^
  642 |           </div>
  643 |         )}
  644 |         <Button

Parsing ecmascript source code failed

Import traces:
  Client Component Browser:
    ./src/app/admin/page.tsx [Client Component Browser]
    ./src/app/admin/page.tsx [Server Component]

  Client Component SSR:
    ./src/app/admin/page.tsx [Client Component SSR]
    ./src/app/admin/page.tsx [Server Component] @ http://localhost:3000/_next/static/chunks/node_modules_next_dist_1e8vcs8._.js:1052
[   44005ms] [ERROR] ./src/app/admin/page.tsx:641:19
Error: Unexpected token. Did you mean `{'}'}` or `&rbrace;`?
  639 |                     </div>
  640 |                   </div>
> 641 |                 ))}
      |                   ^
  642 |           </div>
  643 |         )}
  644 |         <Button

Parsing ecmascript source code failed

Import traces:
  Client Component Browser:
    ./src/app/admin/page.tsx [Client Component Browser]
    ./src/app/admin/page.tsx [Server Component]

  Client Component SSR:
    ./src/app/admin/page.tsx [Client Component SSR]
    ./src/app/admin/page.tsx [Server Component] @ http://localhost:3000/_next/static/chunks/node_modules_next_dist_1e8vcs8._.js:1052
[   44054ms] [ERROR] ./src/app/admin/page.tsx:641:19
Error: Unexpected token. Did you mean `{'}'}` or `&rbrace;`?
  639 |                     </div>
  640 |                   </div>
> 641 |                 ))}
      |                   ^
  642 |           </div>
  643 |         )}
  644 |         <Button

Parsing ecmascript source code failed

Import traces:
  Client Component Browser:
    ./src/app/admin/page.tsx [Client Component Browser]
    ./src/app/admin/page.tsx [Server Component]

  Client Component SSR:
    ./src/app/admin/page.tsx [Client Component SSR]
    ./src/app/admin/page.tsx [Server Component] @ http://localhost:3000/_next/static/chunks/node_modules_next_dist_1e8vcs8._.js:1052
[   44112ms] [ERROR] ./src/app/admin/page.tsx:641:19
Error: Unexpected token. Did you mean `{'}'}` or `&rbrace;`?
  639 |                     </div>
  640 |                   </div>
> 641 |                 ))}
      |                   ^
  642 |           </div>
  643 |         )}
  644 |         <Button

Parsing ecmascript source code failed

Import traces:
  Client Component Browser:
    ./src/app/admin/page.tsx [Client Component Browser]
    ./src/app/admin/page.tsx [Server Component]

  Client Component SSR:
    ./src/app/admin/page.tsx [Client Component SSR]
    ./src/app/admin/page.tsx [Server Component] @ http://localhost:3000/_next/static/chunks/node_modules_next_dist_1e8vcs8._.js:1052
[   44161ms] [ERROR] ./src/app/admin/page.tsx:641:19
Error: Unexpected token. Did you mean `{'}'}` or `&rbrace;`?
  639 |                     </div>
  640 |                   </div>
> 641 |                 ))}
      |                   ^
  642 |           </div>
  643 |         )}
  644 |         <Button

Parsing ecmascript source code failed

Import traces:
  Client Component Browser:
    ./src/app/admin/page.tsx [Client Component Browser]
    ./src/app/admin/page.tsx [Server Component]

  Client Component SSR:
    ./src/app/admin/page.tsx [Client Component SSR]
    ./src/app/admin/page.tsx [Server Component] @ http://localhost:3000/_next/static/chunks/node_modules_next_dist_1e8vcs8._.js:1052
[   44211ms] [ERROR] ./src/app/admin/page.tsx:641:19
Error: Unexpected token. Did you mean `{'}'}` or `&rbrace;`?
  639 |                     </div>
  640 |                   </div>
> 641 |                 ))}
      |                   ^
  642 |           </div>
  643 |         )}
  644 |         <Button

Parsing ecmascript source code failed

Import traces:
  Client Component Browser:
    ./src/app/admin/page.tsx [Client Component Browser]
    ./src/app/admin/page.tsx [Server Component]

  Client Component SSR:
    ./src/app/admin/page.tsx [Client Component SSR]
    ./src/app/admin/page.tsx [Server Component] @ http://localhost:3000/_next/static/chunks/node_modules_next_dist_1e8vcs8._.js:1052
[   44262ms] [ERROR] ./src/app/admin/page.tsx:641:19
Error: Unexpected token. Did you mean `{'}'}` or `&rbrace;`?
  639 |                     </div>
  640 |                   </div>
> 641 |                 ))}
      |                   ^
  642 |           </div>
  643 |         )}
  644 |         <Button

Parsing ecmascript source code failed

Import traces:
  Client Component Browser:
    ./src/app/admin/page.tsx [Client Component Browser]
    ./src/app/admin/page.tsx [Server Component]

  Client Component SSR:
    ./src/app/admin/page.tsx [Client Component SSR]
    ./src/app/admin/page.tsx [Server Component] @ http://localhost:3000/_next/static/chunks/node_modules_next_dist_1e8vcs8._.js:1052
[   44313ms] [ERROR] ./src/app/admin/page.tsx:641:19
Error: Unexpected token. Did you mean `{'}'}` or `&rbrace;`?
  639 |                     </div>
  640 |                   </div>
> 641 |                 ))}
      |                   ^
  642 |           </div>
  643 |         )}
  644 |         <Button

Parsing ecmascript source code failed

Import traces:
  Client Component Browser:
    ./src/app/admin/page.tsx [Client Component Browser]
    ./src/app/admin/page.tsx [Server Component]

  Client Component SSR:
    ./src/app/admin/page.tsx [Client Component SSR]
    ./src/app/admin/page.tsx [Server Component] @ http://localhost:3000/_next/static/chunks/node_modules_next_dist_1e8vcs8._.js:1052
[   44363ms] [ERROR] ./src/app/admin/page.tsx:641:19
Error: Unexpected token. Did you mean `{'}'}` or `&rbrace;`?
  639 |                     </div>
  640 |                   </div>
> 641 |                 ))}
      |                   ^
  642 |           </div>
  643 |         )}
  644 |         <Button

Parsing ecmascript source code failed

Import traces:
  Client Component Browser:
    ./src/app/admin/page.tsx [Client Component Browser]
    ./src/app/admin/page.tsx [Server Component]

  Client Component SSR:
    ./src/app/admin/page.tsx [Client Component SSR]
    ./src/app/admin/page.tsx [Server Component] @ http://localhost:3000/_next/static/chunks/node_modules_next_dist_1e8vcs8._.js:1052
[   44413ms] [ERROR] ./src/app/admin/page.tsx:641:19
Error: Unexpected token. Did you mean `{'}'}` or `&rbrace;`?
  639 |                     </div>
  640 |                   </div>
> 641 |                 ))}
      |                   ^
  642 |           </div>
  643 |         )}
  644 |         <Button

Parsing ecmascript source code failed

Import traces:
  Client Component Browser:
    ./src/app/admin/page.tsx [Client Component Browser]
    ./src/app/admin/page.tsx [Server Component]

  Client Component SSR:
    ./src/app/admin/page.tsx [Client Component SSR]
    ./src/app/admin/page.tsx [Server Component] @ http://localhost:3000/_next/static/chunks/node_modules_next_dist_1e8vcs8._.js:1052
[   44463ms] [ERROR] ./src/app/admin/page.tsx:641:19
Error: Unexpected token. Did you mean `{'}'}` or `&rbrace;`?
  639 |                     </div>
  640 |                   </div>
> 641 |                 ))}
      |                   ^
  642 |           </div>
  643 |         )}
  644 |         <Button

Parsing ecmascript source code failed

Import traces:
  Client Component Browser:
    ./src/app/admin/page.tsx [Client Component Browser]
    ./src/app/admin/page.tsx [Server Component]

  Client Component SSR:
    ./src/app/admin/page.tsx [Client Component SSR]
    ./src/app/admin/page.tsx [Server Component] @ http://localhost:3000/_next/static/chunks/node_modules_next_dist_1e8vcs8._.js:1052
[   44514ms] [ERROR] ./src/app/admin/page.tsx:641:19
Error: Unexpected token. Did you mean `{'}'}` or `&rbrace;`?
  639 |                     </div>
  640 |                   </div>
> 641 |                 ))}
      |                   ^
  642 |           </div>
  643 |         )}
  644 |         <Button

Parsing ecmascript source code failed

Import traces:
  Client Component Browser:
    ./src/app/admin/page.tsx [Client Component Browser]
    ./src/app/admin/page.tsx [Server Component]

  Client Component SSR:
    ./src/app/admin/page.tsx [Client Component SSR]
    ./src/app/admin/page.tsx [Server Component] @ http://localhost:3000/_next/static/chunks/node_modules_next_dist_1e8vcs8._.js:1052
[   44565ms] [ERROR] ./src/app/admin/page.tsx:641:19
Error: Unexpected token. Did you mean `{'}'}` or `&rbrace;`?
  639 |                     </div>
  640 |                   </div>
> 641 |                 ))}
      |                   ^
  642 |           </div>
  643 |         )}
  644 |         <Button

Parsing ecmascript source code failed

Import traces:
  Client Component Browser:
    ./src/app/admin/page.tsx [Client Component Browser]
    ./src/app/admin/page.tsx [Server Component]

  Client Component SSR:
    ./src/app/admin/page.tsx [Client Component SSR]
    ./src/app/admin/page.tsx [Server Component] @ http://localhost:3000/_next/static/chunks/node_modules_next_dist_1e8vcs8._.js:1052
[   44617ms] [ERROR] ./src/app/admin/page.tsx:641:19
Error: Unexpected token. Did you mean `{'}'}` or `&rbrace;`?
  639 |                     </div>
  640 |                   </div>
> 641 |                 ))}
      |                   ^
  642 |           </div>
  643 |         )}
  644 |         <Button

Parsing ecmascript source code failed

Import traces:
  Client Component Browser:
    ./src/app/admin/page.tsx [Client Component Browser]
    ./src/app/admin/page.tsx [Server Component]

  Client Component SSR:
    ./src/app/admin/page.tsx [Client Component SSR]
    ./src/app/admin/page.tsx [Server Component] @ http://localhost:3000/_next/static/chunks/node_modules_next_dist_1e8vcs8._.js:1052
[   44670ms] [ERROR] ./src/app/admin/page.tsx:641:19
Error: Unexpected token. Did you mean `{'}'}` or `&rbrace;`?
  639 |                     </div>
  640 |                   </div>
> 641 |                 ))}
      |                   ^
  642 |           </div>
  643 |         )}
  644 |         <Button

Parsing ecmascript source code failed

Import traces:
  Client Component Browser:
    ./src/app/admin/page.tsx [Client Component Browser]
    ./src/app/admin/page.tsx [Server Component]

  Client Component SSR:
    ./src/app/admin/page.tsx [Client Component SSR]
    ./src/app/admin/page.tsx [Server Component] @ http://localhost:3000/_next/static/chunks/node_modules_next_dist_1e8vcs8._.js:1052
[   44721ms] [ERROR] ./src/app/admin/page.tsx:641:19
Error: Unexpected token. Did you mean `{'}'}` or `&rbrace;`?
  639 |                     </div>
  640 |                   </div>
> 641 |                 ))}
      |                   ^
  642 |           </div>
  643 |         )}
  644 |         <Button

Parsing ecmascript source code failed

Import traces:
  Client Component Browser:
    ./src/app/admin/page.tsx [Client Component Browser]
    ./src/app/admin/page.tsx [Server Component]

  Client Component SSR:
    ./src/app/admin/page.tsx [Client Component SSR]
    ./src/app/admin/page.tsx [Server Component] @ http://localhost:3000/_next/static/chunks/node_modules_next_dist_1e8vcs8._.js:1052
[   44771ms] [ERROR] ./src/app/admin/page.tsx:641:19
Error: Unexpected token. Did you mean `{'}'}` or `&rbrace;`?
  639 |                     </div>
  640 |                   </div>
> 641 |                 ))}
      |                   ^
  642 |           </div>
  643 |         )}
  644 |         <Button

Parsing ecmascript source code failed

Import traces:
  Client Component Browser:
    ./src/app/admin/page.tsx [Client Component Browser]
    ./src/app/admin/page.tsx [Server Component]

  Client Component SSR:
    ./src/app/admin/page.tsx [Client Component SSR]
    ./src/app/admin/page.tsx [Server Component] @ http://localhost:3000/_next/static/chunks/node_modules_next_dist_1e8vcs8._.js:1052
[   44821ms] [ERROR] ./src/app/admin/page.tsx:641:19
Error: Unexpected token. Did you mean `{'}'}` or `&rbrace;`?
  639 |                     </div>
  640 |                   </div>
> 641 |                 ))}
      |                   ^
  642 |           </div>
  643 |         )}
  644 |         <Button

Parsing ecmascript source code failed

Import traces:
  Client Component Browser:
    ./src/app/admin/page.tsx [Client Component Browser]
    ./src/app/admin/page.tsx [Server Component]

  Client Component SSR:
    ./src/app/admin/page.tsx [Client Component SSR]
    ./src/app/admin/page.tsx [Server Component] @ http://localhost:3000/_next/static/chunks/node_modules_next_dist_1e8vcs8._.js:1052
[   44871ms] [ERROR] ./src/app/admin/page.tsx:641:19
Error: Unexpected token. Did you mean `{'}'}` or `&rbrace;`?
  639 |                     </div>
  640 |                   </div>
> 641 |                 ))}
      |                   ^
  642 |           </div>
  643 |         )}
  644 |         <Button

Parsing ecmascript source code failed

Import traces:
  Client Component Browser:
    ./src/app/admin/page.tsx [Client Component Browser]
    ./src/app/admin/page.tsx [Server Component]

  Client Component SSR:
    ./src/app/admin/page.tsx [Client Component SSR]
    ./src/app/admin/page.tsx [Server Component] @ http://localhost:3000/_next/static/chunks/node_modules_next_dist_1e8vcs8._.js:1052
[   44921ms] [ERROR] ./src/app/admin/page.tsx:641:19
Error: Unexpected token. Did you mean `{'}'}` or `&rbrace;`?
  639 |                     </div>
  640 |                   </div>
> 641 |                 ))}
      |                   ^
  642 |           </div>
  643 |         )}
  644 |         <Button

Parsing ecmascript source code failed

Import traces:
  Client Component Browser:
    ./src/app/admin/page.tsx [Client Component Browser]
    ./src/app/admin/page.tsx [Server Component]

  Client Component SSR:
    ./src/app/admin/page.tsx [Client Component SSR]
    ./src/app/admin/page.tsx [Server Component] @ http://localhost:3000/_next/static/chunks/node_modules_next_dist_1e8vcs8._.js:1052
[   44973ms] [ERROR] ./src/app/admin/page.tsx:641:19
Error: Unexpected token. Did you mean `{'}'}` or `&rbrace;`?
  639 |                     </div>
  640 |                   </div>
> 641 |                 ))}
      |                   ^
  642 |           </div>
  643 |         )}
  644 |         <Button

Parsing ecmascript source code failed

Import traces:
  Client Component Browser:
    ./src/app/admin/page.tsx [Client Component Browser]
    ./src/app/admin/page.tsx [Server Component]

  Client Component SSR:
    ./src/app/admin/page.tsx [Client Component SSR]
    ./src/app/admin/page.tsx [Server Component] @ http://localhost:3000/_next/static/chunks/node_modules_next_dist_1e8vcs8._.js:1052
[   45023ms] [ERROR] ./src/app/admin/page.tsx:641:19
Error: Unexpected token. Did you mean `{'}'}` or `&rbrace;`?
  639 |                     </div>
  640 |                   </div>
> 641 |                 ))}
      |                   ^
  642 |           </div>
  643 |         )}
  644 |         <Button

Parsing ecmascript source code failed

Import traces:
  Client Component Browser:
    ./src/app/admin/page.tsx [Client Component Browser]
    ./src/app/admin/page.tsx [Server Component]

  Client Component SSR:
    ./src/app/admin/page.tsx [Client Component SSR]
    ./src/app/admin/page.tsx [Server Component] @ http://localhost:3000/_next/static/chunks/node_modules_next_dist_1e8vcs8._.js:1052
[   45074ms] [ERROR] ./src/app/admin/page.tsx:641:19
Error: Unexpected token. Did you mean `{'}'}` or `&rbrace;`?
  639 |                     </div>
  640 |                   </div>
> 641 |                 ))}
      |                   ^
  642 |           </div>
  643 |         )}
  644 |         <Button

Parsing ecmascript source code failed

Import traces:
  Client Component Browser:
    ./src/app/admin/page.tsx [Client Component Browser]
    ./src/app/admin/page.tsx [Server Component]

  Client Component SSR:
    ./src/app/admin/page.tsx [Client Component SSR]
    ./src/app/admin/page.tsx [Server Component] @ http://localhost:3000/_next/static/chunks/node_modules_next_dist_1e8vcs8._.js:1052
[   45128ms] [ERROR] ./src/app/admin/page.tsx:641:19
Error: Unexpected token. Did you mean `{'}'}` or `&rbrace;`?
  639 |                     </div>
  640 |                   </div>
> 641 |                 ))}
      |                   ^
  642 |           </div>
  643 |         )}
  644 |         <Button

Parsing ecmascript source code failed

Import traces:
  Client Component Browser:
    ./src/app/admin/page.tsx [Client Component Browser]
    ./src/app/admin/page.tsx [Server Component]

  Client Component SSR:
    ./src/app/admin/page.tsx [Client Component SSR]
    ./src/app/admin/page.tsx [Server Component] @ http://localhost:3000/_next/static/chunks/node_modules_next_dist_1e8vcs8._.js:1052
[   45181ms] [ERROR] ./src/app/admin/page.tsx:641:19
Error: Unexpected token. Did you mean `{'}'}` or `&rbrace;`?
  639 |                     </div>
  640 |                   </div>
> 641 |                 ))}
      |                   ^
  642 |           </div>
  643 |         )}
  644 |         <Button

Parsing ecmascript source code failed

Import traces:
  Client Component Browser:
    ./src/app/admin/page.tsx [Client Component Browser]
    ./src/app/admin/page.tsx [Server Component]

  Client Component SSR:
    ./src/app/admin/page.tsx [Client Component SSR]
    ./src/app/admin/page.tsx [Server Component] @ http://localhost:3000/_next/static/chunks/node_modules_next_dist_1e8vcs8._.js:1052
[   45231ms] [ERROR] ./src/app/admin/page.tsx:641:19
Error: Unexpected token. Did you mean `{'}'}` or `&rbrace;`?
  639 |                     </div>
  640 |                   </div>
> 641 |                 ))}
      |                   ^
  642 |           </div>
  643 |         )}
  644 |         <Button

Parsing ecmascript source code failed

Import traces:
  Client Component Browser:
    ./src/app/admin/page.tsx [Client Component Browser]
    ./src/app/admin/page.tsx [Server Component]

  Client Component SSR:
    ./src/app/admin/page.tsx [Client Component SSR]
    ./src/app/admin/page.tsx [Server Component] @ http://localhost:3000/_next/static/chunks/node_modules_next_dist_1e8vcs8._.js:1052
[   45281ms] [ERROR] ./src/app/admin/page.tsx:641:19
Error: Unexpected token. Did you mean `{'}'}` or `&rbrace;`?
  639 |                     </div>
  640 |                   </div>
> 641 |                 ))}
      |                   ^
  642 |           </div>
  643 |         )}
  644 |         <Button

Parsing ecmascript source code failed

Import traces:
  Client Component Browser:
    ./src/app/admin/page.tsx [Client Component Browser]
    ./src/app/admin/page.tsx [Server Component]

  Client Component SSR:
    ./src/app/admin/page.tsx [Client Component SSR]
    ./src/app/admin/page.tsx [Server Component] @ http://localhost:3000/_next/static/chunks/node_modules_next_dist_1e8vcs8._.js:1052
[   45330ms] [ERROR] ./src/app/admin/page.tsx:641:19
Error: Unexpected token. Did you mean `{'}'}` or `&rbrace;`?
  639 |                     </div>
  640 |                   </div>
> 641 |                 ))}
      |                   ^
  642 |           </div>
  643 |         )}
  644 |         <Button

Parsing ecmascript source code failed

Import traces:
  Client Component Browser:
    ./src/app/admin/page.tsx [Client Component Browser]
    ./src/app/admin/page.tsx [Server Component]

  Client Component SSR:
    ./src/app/admin/page.tsx [Client Component SSR]
    ./src/app/admin/page.tsx [Server Component] @ http://localhost:3000/_next/static/chunks/node_modules_next_dist_1e8vcs8._.js:1052
[   45381ms] [ERROR] ./src/app/admin/page.tsx:641:19
Error: Unexpected token. Did you mean `{'}'}` or `&rbrace;`?
  639 |                     </div>
  640 |                   </div>
> 641 |                 ))}
      |                   ^
  642 |           </div>
  643 |         )}
  644 |         <Button

Parsing ecmascript source code failed

Import traces:
  Client Component Browser:
    ./src/app/admin/page.tsx [Client Component Browser]
    ./src/app/admin/page.tsx [Server Component]

  Client Component SSR:
    ./src/app/admin/page.tsx [Client Component SSR]
    ./src/app/admin/page.tsx [Server Component] @ http://localhost:3000/_next/static/chunks/node_modules_next_dist_1e8vcs8._.js:1052
[   45434ms] [ERROR] ./src/app/admin/page.tsx:641:19
Error: Unexpected token. Did you mean `{'}'}` or `&rbrace;`?
  639 |                     </div>
  640 |                   </div>
> 641 |                 ))}
      |                   ^
  642 |           </div>
  643 |         )}
  644 |         <Button

Parsing ecmascript source code failed

Import traces:
  Client Component Browser:
    ./src/app/admin/page.tsx [Client Component Browser]
    ./src/app/admin/page.tsx [Server Component]

  Client Component SSR:
    ./src/app/admin/page.tsx [Client Component SSR]
    ./src/app/admin/page.tsx [Server Component] @ http://localhost:3000/_next/static/chunks/node_modules_next_dist_1e8vcs8._.js:1052
[   45485ms] [ERROR] ./src/app/admin/page.tsx:641:19
Error: Unexpected token. Did you mean `{'}'}` or `&rbrace;`?
  639 |                     </div>
  640 |                   </div>
> 641 |                 ))}
      |                   ^
  642 |           </div>
  643 |         )}
  644 |         <Button

Parsing ecmascript source code failed

Import traces:
  Client Component Browser:
    ./src/app/admin/page.tsx [Client Component Browser]
    ./src/app/admin/page.tsx [Server Component]

  Client Component SSR:
    ./src/app/admin/page.tsx [Client Component SSR]
    ./src/app/admin/page.tsx [Server Component] @ http://localhost:3000/_next/static/chunks/node_modules_next_dist_1e8vcs8._.js:1052
[   45536ms] [ERROR] ./src/app/admin/page.tsx:641:19
Error: Unexpected token. Did you mean `{'}'}` or `&rbrace;`?
  639 |                     </div>
  640 |                   </div>
> 641 |                 ))}
      |                   ^
  642 |           </div>
  643 |         )}
  644 |         <Button

Parsing ecmascript source code failed

Import traces:
  Client Component Browser:
    ./src/app/admin/page.tsx [Client Component Browser]
    ./src/app/admin/page.tsx [Server Component]

  Client Component SSR:
    ./src/app/admin/page.tsx [Client Component SSR]
    ./src/app/admin/page.tsx [Server Component] @ http://localhost:3000/_next/static/chunks/node_modules_next_dist_1e8vcs8._.js:1052
[   45588ms] [ERROR] ./src/app/admin/page.tsx:641:19
Error: Unexpected token. Did you mean `{'}'}` or `&rbrace;`?
  639 |                     </div>
  640 |                   </div>
> 641 |                 ))}
      |                   ^
  642 |           </div>
  643 |         )}
  644 |         <Button

Parsing ecmascript source code failed

Import traces:
  Client Component Browser:
    ./src/app/admin/page.tsx [Client Component Browser]
    ./src/app/admin/page.tsx [Server Component]

  Client Component SSR:
    ./src/app/admin/page.tsx [Client Component SSR]
    ./src/app/admin/page.tsx [Server Component] @ http://localhost:3000/_next/static/chunks/node_modules_next_dist_1e8vcs8._.js:1052
[   45642ms] [ERROR] ./src/app/admin/page.tsx:641:19
Error: Unexpected token. Did you mean `{'}'}` or `&rbrace;`?
  639 |                     </div>
  640 |                   </div>
> 641 |                 ))}
      |                   ^
  642 |           </div>
  643 |         )}
  644 |         <Button

Parsing ecmascript source code failed

Import traces:
  Client Component Browser:
    ./src/app/admin/page.tsx [Client Component Browser]
    ./src/app/admin/page.tsx [Server Component]

  Client Component SSR:
    ./src/app/admin/page.tsx [Client Component SSR]
    ./src/app/admin/page.tsx [Server Component] @ http://localhost:3000/_next/static/chunks/node_modules_next_dist_1e8vcs8._.js:1052
[   45696ms] [ERROR] ./src/app/admin/page.tsx:641:19
Error: Unexpected token. Did you mean `{'}'}` or `&rbrace;`?
  639 |                     </div>
  640 |                   </div>
> 641 |                 ))}
      |                   ^
  642 |           </div>
  643 |         )}
  644 |         <Button

Parsing ecmascript source code failed

Import traces:
  Client Component Browser:
    ./src/app/admin/page.tsx [Client Component Browser]
    ./src/app/admin/page.tsx [Server Component]

  Client Component SSR:
    ./src/app/admin/page.tsx [Client Component SSR]
    ./src/app/admin/page.tsx [Server Component] @ http://localhost:3000/_next/static/chunks/node_modules_next_dist_1e8vcs8._.js:1052
[   45758ms] [ERROR] ./src/app/admin/page.tsx:641:19
Error: Unexpected token. Did you mean `{'}'}` or `&rbrace;`?
  639 |                     </div>
  640 |                   </div>
> 641 |                 ))}
      |                   ^
  642 |           </div>
  643 |         )}
  644 |         <Button

Parsing ecmascript source code failed

Import traces:
  Client Component Browser:
    ./src/app/admin/page.tsx [Client Component Browser]
    ./src/app/admin/page.tsx [Server Component]

  Client Component SSR:
    ./src/app/admin/page.tsx [Client Component SSR]
    ./src/app/admin/page.tsx [Server Component] @ http://localhost:3000/_next/static/chunks/node_modules_next_dist_1e8vcs8._.js:1052
[   45815ms] [ERROR] ./src/app/admin/page.tsx:641:19
Error: Unexpected token. Did you mean `{'}'}` or `&rbrace;`?
  639 |                     </div>
  640 |                   </div>
> 641 |                 ))}
      |                   ^
  642 |           </div>
  643 |         )}
  644 |         <Button

Parsing ecmascript source code failed

Import traces:
  Client Component Browser:
    ./src/app/admin/page.tsx [Client Component Browser]
    ./src/app/admin/page.tsx [Server Component]

  Client Component SSR:
    ./src/app/admin/page.tsx [Client Component SSR]
    ./src/app/admin/page.tsx [Server Component] @ http://localhost:3000/_next/static/chunks/node_modules_next_dist_1e8vcs8._.js:1052
[   45873ms] [ERROR] ./src/app/admin/page.tsx:641:19
Error: Unexpected token. Did you mean `{'}'}` or `&rbrace;`?
  639 |                     </div>
  640 |                   </div>
> 641 |                 ))}
      |                   ^
  642 |           </div>
  643 |         )}
  644 |         <Button

Parsing ecmascript source code failed

Import traces:
  Client Component Browser:
    ./src/app/admin/page.tsx [Client Component Browser]
    ./src/app/admin/page.tsx [Server Component]

  Client Component SSR:
    ./src/app/admin/page.tsx [Client Component SSR]
    ./src/app/admin/page.tsx [Server Component] @ http://localhost:3000/_next/static/chunks/node_modules_next_dist_1e8vcs8._.js:1052
[   45931ms] [ERROR] ./src/app/admin/page.tsx:641:19
Error: Unexpected token. Did you mean `{'}'}` or `&rbrace;`?
  639 |                     </div>
  640 |                   </div>
> 641 |                 ))}
      |                   ^
  642 |           </div>
  643 |         )}
  644 |         <Button

Parsing ecmascript source code failed

Import traces:
  Client Component Browser:
    ./src/app/admin/page.tsx [Client Component Browser]
    ./src/app/admin/page.tsx [Server Component]

  Client Component SSR:
    ./src/app/admin/page.tsx [Client Component SSR]
    ./src/app/admin/page.tsx [Server Component] @ http://localhost:3000/_next/static/chunks/node_modules_next_dist_1e8vcs8._.js:1052
[   45988ms] [ERROR] ./src/app/admin/page.tsx:641:19
Error: Unexpected token. Did you mean `{'}'}` or `&rbrace;`?
  639 |                     </div>
  640 |                   </div>
> 641 |                 ))}
      |                   ^
  642 |           </div>
  643 |         )}
  644 |         <Button

Parsing ecmascript source code failed

Import traces:
  Client Component Browser:
    ./src/app/admin/page.tsx [Client Component Browser]
    ./src/app/admin/page.tsx [Server Component]

  Client Component SSR:
    ./src/app/admin/page.tsx [Client Component SSR]
    ./src/app/admin/page.tsx [Server Component] @ http://localhost:3000/_next/static/chunks/node_modules_next_dist_1e8vcs8._.js:1052
[   46045ms] [ERROR] ./src/app/admin/page.tsx:641:19
Error: Unexpected token. Did you mean `{'}'}` or `&rbrace;`?
  639 |                     </div>
  640 |                   </div>
> 641 |                 ))}
      |                   ^
  642 |           </div>
  643 |         )}
  644 |         <Button

Parsing ecmascript source code failed

Import traces:
  Client Component Browser:
    ./src/app/admin/page.tsx [Client Component Browser]
    ./src/app/admin/page.tsx [Server Component]

  Client Component SSR:
    ./src/app/admin/page.tsx [Client Component SSR]
    ./src/app/admin/page.tsx [Server Component] @ http://localhost:3000/_next/static/chunks/node_modules_next_dist_1e8vcs8._.js:1052
[   46095ms] [ERROR] ./src/app/admin/page.tsx:641:19
Error: Unexpected token. Did you mean `{'}'}` or `&rbrace;`?
  639 |                     </div>
  640 |                   </div>
> 641 |                 ))}
      |                   ^
  642 |           </div>
  643 |         )}
  644 |         <Button

Parsing ecmascript source code failed

Import traces:
  Client Component Browser:
    ./src/app/admin/page.tsx [Client Component Browser]
    ./src/app/admin/page.tsx [Server Component]

  Client Component SSR:
    ./src/app/admin/page.tsx [Client Component SSR]
    ./src/app/admin/page.tsx [Server Component] @ http://localhost:3000/_next/static/chunks/node_modules_next_dist_1e8vcs8._.js:1052
[   46162ms] [ERROR] ./src/app/admin/page.tsx:641:19
Error: Unexpected token. Did you mean `{'}'}` or `&rbrace;`?
  639 |                     </div>
  640 |                   </div>
> 641 |                 ))}
      |                   ^
  642 |           </div>
  643 |         )}
  644 |         <Button

Parsing ecmascript source code failed

Import traces:
  Client Component Browser:
    ./src/app/admin/page.tsx [Client Component Browser]
    ./src/app/admin/page.tsx [Server Component]

  Client Component SSR:
    ./src/app/admin/page.tsx [Client Component SSR]
    ./src/app/admin/page.tsx [Server Component] @ http://localhost:3000/_next/static/chunks/node_modules_next_dist_1e8vcs8._.js:1052
[   46219ms] [ERROR] ./src/app/admin/page.tsx:641:19
Error: Unexpected token. Did you mean `{'}'}` or `&rbrace;`?
  639 |                     </div>
  640 |                   </div>
> 641 |                 ))}
      |                   ^
  642 |           </div>
  643 |         )}
  644 |         <Button

Parsing ecmascript source code failed

Import traces:
  Client Component Browser:
    ./src/app/admin/page.tsx [Client Component Browser]
    ./src/app/admin/page.tsx [Server Component]

  Client Component SSR:
    ./src/app/admin/page.tsx [Client Component SSR]
    ./src/app/admin/page.tsx [Server Component] @ http://localhost:3000/_next/static/chunks/node_modules_next_dist_1e8vcs8._.js:1052
[   46275ms] [ERROR] ./src/app/admin/page.tsx:641:19
Error: Unexpected token. Did you mean `{'}'}` or `&rbrace;`?
  639 |                     </div>
  640 |                   </div>
> 641 |                 ))}
      |                   ^
  642 |           </div>
  643 |         )}
  644 |         <Button

Parsing ecmascript source code failed

Import traces:
  Client Component Browser:
    ./src/app/admin/page.tsx [Client Component Browser]
    ./src/app/admin/page.tsx [Server Component]

  Client Component SSR:
    ./src/app/admin/page.tsx [Client Component SSR]
    ./src/app/admin/page.tsx [Server Component] @ http://localhost:3000/_next/static/chunks/node_modules_next_dist_1e8vcs8._.js:1052
[   46328ms] [ERROR] ./src/app/admin/page.tsx:641:19
Error: Unexpected token. Did you mean `{'}'}` or `&rbrace;`?
  639 |                     </div>
  640 |                   </div>
> 641 |                 ))}
      |                   ^
  642 |           </div>
  643 |         )}
  644 |         <Button

Parsing ecmascript source code failed

Import traces:
  Client Component Browser:
    ./src/app/admin/page.tsx [Client Component Browser]
    ./src/app/admin/page.tsx [Server Component]

  Client Component SSR:
    ./src/app/admin/page.tsx [Client Component SSR]
    ./src/app/admin/page.tsx [Server Component] @ http://localhost:3000/_next/static/chunks/node_modules_next_dist_1e8vcs8._.js:1052
[   46381ms] [ERROR] ./src/app/admin/page.tsx:641:19
Error: Unexpected token. Did you mean `{'}'}` or `&rbrace;`?
  639 |                     </div>
  640 |                   </div>
> 641 |                 ))}
      |                   ^
  642 |           </div>
  643 |         )}
  644 |         <Button

Parsing ecmascript source code failed

Import traces:
  Client Component Browser:
    ./src/app/admin/page.tsx [Client Component Browser]
    ./src/app/admin/page.tsx [Server Component]

  Client Component SSR:
    ./src/app/admin/page.tsx [Client Component SSR]
    ./src/app/admin/page.tsx [Server Component] @ http://localhost:3000/_next/static/chunks/node_modules_next_dist_1e8vcs8._.js:1052
[   46434ms] [ERROR] ./src/app/admin/page.tsx:641:19
Error: Unexpected token. Did you mean `{'}'}` or `&rbrace;`?
  639 |                     </div>
  640 |                   </div>
> 641 |                 ))}
      |                   ^
  642 |           </div>
  643 |         )}
  644 |         <Button

Parsing ecmascript source code failed

Import traces:
  Client Component Browser:
    ./src/app/admin/page.tsx [Client Component Browser]
    ./src/app/admin/page.tsx [Server Component]

  Client Component SSR:
    ./src/app/admin/page.tsx [Client Component SSR]
    ./src/app/admin/page.tsx [Server Component] @ http://localhost:3000/_next/static/chunks/node_modules_next_dist_1e8vcs8._.js:1052
[   46489ms] [ERROR] ./src/app/admin/page.tsx:641:19
Error: Unexpected token. Did you mean `{'}'}` or `&rbrace;`?
  639 |                     </div>
  640 |                   </div>
> 641 |                 ))}
      |                   ^
  642 |           </div>
  643 |         )}
  644 |         <Button

Parsing ecmascript source code failed

Import traces:
  Client Component Browser:
    ./src/app/admin/page.tsx [Client Component Browser]
    ./src/app/admin/page.tsx [Server Component]

  Client Component SSR:
    ./src/app/admin/page.tsx [Client Component SSR]
    ./src/app/admin/page.tsx [Server Component] @ http://localhost:3000/_next/static/chunks/node_modules_next_dist_1e8vcs8._.js:1052
[   46562ms] [ERROR] ./src/app/admin/page.tsx:641:19
Error: Unexpected token. Did you mean `{'}'}` or `&rbrace;`?
  639 |                     </div>
  640 |                   </div>
> 641 |                 ))}
      |                   ^
  642 |           </div>
  643 |         )}
  644 |         <Button

Parsing ecmascript source code failed

Import traces:
  Client Component Browser:
    ./src/app/admin/page.tsx [Client Component Browser]
    ./src/app/admin/page.tsx [Server Component]

  Client Component SSR:
    ./src/app/admin/page.tsx [Client Component SSR]
    ./src/app/admin/page.tsx [Server Component] @ http://localhost:3000/_next/static/chunks/node_modules_next_dist_1e8vcs8._.js:1052
[   46613ms] [ERROR] ./src/app/admin/page.tsx:641:19
Error: Unexpected token. Did you mean `{'}'}` or `&rbrace;`?
  639 |                     </div>
  640 |                   </div>
> 641 |                 ))}
      |                   ^
  642 |           </div>
  643 |         )}
  644 |         <Button

Parsing ecmascript source code failed

Import traces:
  Client Component Browser:
    ./src/app/admin/page.tsx [Client Component Browser]
    ./src/app/admin/page.tsx [Server Component]

  Client Component SSR:
    ./src/app/admin/page.tsx [Client Component SSR]
    ./src/app/admin/page.tsx [Server Component] @ http://localhost:3000/_next/static/chunks/node_modules_next_dist_1e8vcs8._.js:1052
[   46662ms] [ERROR] ./src/app/admin/page.tsx:641:19
Error: Unexpected token. Did you mean `{'}'}` or `&rbrace;`?
  639 |                     </div>
  640 |                   </div>
> 641 |                 ))}
      |                   ^
  642 |           </div>
  643 |         )}
  644 |         <Button

Parsing ecmascript source code failed

Import traces:
  Client Component Browser:
    ./src/app/admin/page.tsx [Client Component Browser]
    ./src/app/admin/page.tsx [Server Component]

  Client Component SSR:
    ./src/app/admin/page.tsx [Client Component SSR]
    ./src/app/admin/page.tsx [Server Component] @ http://localhost:3000/_next/static/chunks/node_modules_next_dist_1e8vcs8._.js:1052
[   46713ms] [ERROR] ./src/app/admin/page.tsx:641:19
Error: Unexpected token. Did you mean `{'}'}` or `&rbrace;`?
  639 |                     </div>
  640 |                   </div>
> 641 |                 ))}
      |                   ^
  642 |           </div>
  643 |         )}
  644 |         <Button

Parsing ecmascript source code failed

Import traces:
  Client Component Browser:
    ./src/app/admin/page.tsx [Client Component Browser]
    ./src/app/admin/page.tsx [Server Component]

  Client Component SSR:
    ./src/app/admin/page.tsx [Client Component SSR]
    ./src/app/admin/page.tsx [Server Component] @ http://localhost:3000/_next/static/chunks/node_modules_next_dist_1e8vcs8._.js:1052
[   46759ms] [ERROR] ./src/app/admin/page.tsx:641:19
Error: Unexpected token. Did you mean `{'}'}` or `&rbrace;`?
  639 |                     </div>
  640 |                   </div>
> 641 |                 ))}
      |                   ^
  642 |           </div>
  643 |         )}
  644 |         <Button

Parsing ecmascript source code failed

Import traces:
  Client Component Browser:
    ./src/app/admin/page.tsx [Client Component Browser]
    ./src/app/admin/page.tsx [Server Component]

  Client Component SSR:
    ./src/app/admin/page.tsx [Client Component SSR]
    ./src/app/admin/page.tsx [Server Component] @ http://localhost:3000/_next/static/chunks/node_modules_next_dist_1e8vcs8._.js:1052
[   46810ms] [ERROR] ./src/app/admin/page.tsx:641:19
Error: Unexpected token. Did you mean `{'}'}` or `&rbrace;`?
  639 |                     </div>
  640 |                   </div>
> 641 |                 ))}
      |                   ^
  642 |           </div>
  643 |         )}
  644 |         <Button

Parsing ecmascript source code failed

Import traces:
  Client Component Browser:
    ./src/app/admin/page.tsx [Client Component Browser]
    ./src/app/admin/page.tsx [Server Component]

  Client Component SSR:
    ./src/app/admin/page.tsx [Client Component SSR]
    ./src/app/admin/page.tsx [Server Component] @ http://localhost:3000/_next/static/chunks/node_modules_next_dist_1e8vcs8._.js:1052
[   46859ms] [ERROR] ./src/app/admin/page.tsx:641:19
Error: Unexpected token. Did you mean `{'}'}` or `&rbrace;`?
  639 |                     </div>
  640 |                   </div>
> 641 |                 ))}
      |                   ^
  642 |           </div>
  643 |         )}
  644 |         <Button

Parsing ecmascript source code failed

Import traces:
  Client Component Browser:
    ./src/app/admin/page.tsx [Client Component Browser]
    ./src/app/admin/page.tsx [Server Component]

  Client Component SSR:
    ./src/app/admin/page.tsx [Client Component SSR]
    ./src/app/admin/page.tsx [Server Component] @ http://localhost:3000/_next/static/chunks/node_modules_next_dist_1e8vcs8._.js:1052
[   46911ms] [ERROR] ./src/app/admin/page.tsx:641:19
Error: Unexpected token. Did you mean `{'}'}` or `&rbrace;`?
  639 |                     </div>
  640 |                   </div>
> 641 |                 ))}
      |                   ^
  642 |           </div>
  643 |         )}
  644 |         <Button

Parsing ecmascript source code failed

Import traces:
  Client Component Browser:
    ./src/app/admin/page.tsx [Client Component Browser]
    ./src/app/admin/page.tsx [Server Component]

  Client Component SSR:
    ./src/app/admin/page.tsx [Client Component SSR]
    ./src/app/admin/page.tsx [Server Component] @ http://localhost:3000/_next/static/chunks/node_modules_next_dist_1e8vcs8._.js:1052
[   46962ms] [ERROR] ./src/app/admin/page.tsx:641:19
Error: Unexpected token. Did you mean `{'}'}` or `&rbrace;`?
  639 |                     </div>
  640 |                   </div>
> 641 |                 ))}
      |                   ^
  642 |           </div>
  643 |         )}
  644 |         <Button

Parsing ecmascript source code failed

Import traces:
  Client Component Browser:
    ./src/app/admin/page.tsx [Client Component Browser]
    ./src/app/admin/page.tsx [Server Component]

  Client Component SSR:
    ./src/app/admin/page.tsx [Client Component SSR]
    ./src/app/admin/page.tsx [Server Component] @ http://localhost:3000/_next/static/chunks/node_modules_next_dist_1e8vcs8._.js:1052
[   47021ms] [ERROR] ./src/app/admin/page.tsx:641:19
Error: Unexpected token. Did you mean `{'}'}` or `&rbrace;`?
  639 |                     </div>
  640 |                   </div>
> 641 |                 ))}
      |                   ^
  642 |           </div>
  643 |         )}
  644 |         <Button

Parsing ecmascript source code failed

Import traces:
  Client Component Browser:
    ./src/app/admin/page.tsx [Client Component Browser]
    ./src/app/admin/page.tsx [Server Component]

  Client Component SSR:
    ./src/app/admin/page.tsx [Client Component SSR]
    ./src/app/admin/page.tsx [Server Component] @ http://localhost:3000/_next/static/chunks/node_modules_next_dist_1e8vcs8._.js:1052
[   47077ms] [ERROR] ./src/app/admin/page.tsx:641:19
Error: Unexpected token. Did you mean `{'}'}` or `&rbrace;`?
  639 |                     </div>
  640 |                   </div>
> 641 |                 ))}
      |                   ^
  642 |           </div>
  643 |         )}
  644 |         <Button

Parsing ecmascript source code failed

Import traces:
  Client Component Browser:
    ./src/app/admin/page.tsx [Client Component Browser]
    ./src/app/admin/page.tsx [Server Component]

  Client Component SSR:
    ./src/app/admin/page.tsx [Client Component SSR]
    ./src/app/admin/page.tsx [Server Component] @ http://localhost:3000/_next/static/chunks/node_modules_next_dist_1e8vcs8._.js:1052
[   47128ms] [ERROR] ./src/app/admin/page.tsx:641:19
Error: Unexpected token. Did you mean `{'}'}` or `&rbrace;`?
  639 |                     </div>
  640 |                   </div>
> 641 |                 ))}
      |                   ^
  642 |           </div>
  643 |         )}
  644 |         <Button

Parsing ecmascript source code failed

Import traces:
  Client Component Browser:
    ./src/app/admin/page.tsx [Client Component Browser]
    ./src/app/admin/page.tsx [Server Component]

  Client Component SSR:
    ./src/app/admin/page.tsx [Client Component SSR]
    ./src/app/admin/page.tsx [Server Component] @ http://localhost:3000/_next/static/chunks/node_modules_next_dist_1e8vcs8._.js:1052
[   47179ms] [ERROR] ./src/app/admin/page.tsx:641:19
Error: Unexpected token. Did you mean `{'}'}` or `&rbrace;`?
  639 |                     </div>
  640 |                   </div>
> 641 |                 ))}
      |                   ^
  642 |           </div>
  643 |         )}
  644 |         <Button

Parsing ecmascript source code failed

Import traces:
  Client Component Browser:
    ./src/app/admin/page.tsx [Client Component Browser]
    ./src/app/admin/page.tsx [Server Component]

  Client Component SSR:
    ./src/app/admin/page.tsx [Client Component SSR]
    ./src/app/admin/page.tsx [Server Component] @ http://localhost:3000/_next/static/chunks/node_modules_next_dist_1e8vcs8._.js:1052
[   47229ms] [ERROR] ./src/app/admin/page.tsx:641:19
Error: Unexpected token. Did you mean `{'}'}` or `&rbrace;`?
  639 |                     </div>
  640 |                   </div>
> 641 |                 ))}
      |                   ^
  642 |           </div>
  643 |         )}
  644 |         <Button

Parsing ecmascript source code failed

Import traces:
  Client Component Browser:
    ./src/app/admin/page.tsx [Client Component Browser]
    ./src/app/admin/page.tsx [Server Component]

  Client Component SSR:
    ./src/app/admin/page.tsx [Client Component SSR]
    ./src/app/admin/page.tsx [Server Component] @ http://localhost:3000/_next/static/chunks/node_modules_next_dist_1e8vcs8._.js:1052
[   47279ms] [ERROR] ./src/app/admin/page.tsx:641:19
Error: Unexpected token. Did you mean `{'}'}` or `&rbrace;`?
  639 |                     </div>
  640 |                   </div>
> 641 |                 ))}
      |                   ^
  642 |           </div>
  643 |         )}
  644 |         <Button

Parsing ecmascript source code failed

Import traces:
  Client Component Browser:
    ./src/app/admin/page.tsx [Client Component Browser]
    ./src/app/admin/page.tsx [Server Component]

  Client Component SSR:
    ./src/app/admin/page.tsx [Client Component SSR]
    ./src/app/admin/page.tsx [Server Component] @ http://localhost:3000/_next/static/chunks/node_modules_next_dist_1e8vcs8._.js:1052
[   47330ms] [ERROR] ./src/app/admin/page.tsx:641:19
Error: Unexpected token. Did you mean `{'}'}` or `&rbrace;`?
  639 |                     </div>
  640 |                   </div>
> 641 |                 ))}
      |                   ^
  642 |           </div>
  643 |         )}
  644 |         <Button

Parsing ecmascript source code failed

Import traces:
  Client Component Browser:
    ./src/app/admin/page.tsx [Client Component Browser]
    ./src/app/admin/page.tsx [Server Component]

  Client Component SSR:
    ./src/app/admin/page.tsx [Client Component SSR]
    ./src/app/admin/page.tsx [Server Component] @ http://localhost:3000/_next/static/chunks/node_modules_next_dist_1e8vcs8._.js:1052
[   47384ms] [ERROR] ./src/app/admin/page.tsx:641:19
Error: Unexpected token. Did you mean `{'}'}` or `&rbrace;`?
  639 |                     </div>
  640 |                   </div>
> 641 |                 ))}
      |                   ^
  642 |           </div>
  643 |         )}
  644 |         <Button

Parsing ecmascript source code failed

Import traces:
  Client Component Browser:
    ./src/app/admin/page.tsx [Client Component Browser]
    ./src/app/admin/page.tsx [Server Component]

  Client Component SSR:
    ./src/app/admin/page.tsx [Client Component SSR]
    ./src/app/admin/page.tsx [Server Component] @ http://localhost:3000/_next/static/chunks/node_modules_next_dist_1e8vcs8._.js:1052
[   47439ms] [ERROR] ./src/app/admin/page.tsx:641:19
Error: Unexpected token. Did you mean `{'}'}` or `&rbrace;`?
  639 |                     </div>
  640 |                   </div>
> 641 |                 ))}
      |                   ^
  642 |           </div>
  643 |         )}
  644 |         <Button

Parsing ecmascript source code failed

Import traces:
  Client Component Browser:
    ./src/app/admin/page.tsx [Client Component Browser]
    ./src/app/admin/page.tsx [Server Component]

  Client Component SSR:
    ./src/app/admin/page.tsx [Client Component SSR]
    ./src/app/admin/page.tsx [Server Component] @ http://localhost:3000/_next/static/chunks/node_modules_next_dist_1e8vcs8._.js:1052
[   47493ms] [ERROR] ./src/app/admin/page.tsx:641:19
Error: Unexpected token. Did you mean `{'}'}` or `&rbrace;`?
  639 |                     </div>
  640 |                   </div>
> 641 |                 ))}
      |                   ^
  642 |           </div>
  643 |         )}
  644 |         <Button

Parsing ecmascript source code failed

Import traces:
  Client Component Browser:
    ./src/app/admin/page.tsx [Client Component Browser]
    ./src/app/admin/page.tsx [Server Component]

  Client Component SSR:
    ./src/app/admin/page.tsx [Client Component SSR]
    ./src/app/admin/page.tsx [Server Component] @ http://localhost:3000/_next/static/chunks/node_modules_next_dist_1e8vcs8._.js:1052
[   47543ms] [ERROR] ./src/app/admin/page.tsx:641:19
Error: Unexpected token. Did you mean `{'}'}` or `&rbrace;`?
  639 |                     </div>
  640 |                   </div>
> 641 |                 ))}
      |                   ^
  642 |           </div>
  643 |         )}
  644 |         <Button

Parsing ecmascript source code failed

Import traces:
  Client Component Browser:
    ./src/app/admin/page.tsx [Client Component Browser]
    ./src/app/admin/page.tsx [Server Component]

  Client Component SSR:
    ./src/app/admin/page.tsx [Client Component SSR]
    ./src/app/admin/page.tsx [Server Component] @ http://localhost:3000/_next/static/chunks/node_modules_next_dist_1e8vcs8._.js:1052
[   47594ms] [ERROR] ./src/app/admin/page.tsx:641:19
Error: Unexpected token. Did you mean `{'}'}` or `&rbrace;`?
  639 |                     </div>
  640 |                   </div>
> 641 |                 ))}
      |                   ^
  642 |           </div>
  643 |         )}
  644 |         <Button

Parsing ecmascript source code failed

Import traces:
  Client Component Browser:
    ./src/app/admin/page.tsx [Client Component Browser]
    ./src/app/admin/page.tsx [Server Component]

  Client Component SSR:
    ./src/app/admin/page.tsx [Client Component SSR]
    ./src/app/admin/page.tsx [Server Component] @ http://localhost:3000/_next/static/chunks/node_modules_next_dist_1e8vcs8._.js:1052
[   47646ms] [ERROR] ./src/app/admin/page.tsx:641:19
Error: Unexpected token. Did you mean `{'}'}` or `&rbrace;`?
  639 |                     </div>
  640 |                   </div>
> 641 |                 ))}
      |                   ^
  642 |           </div>
  643 |         )}
  644 |         <Button

Parsing ecmascript source code failed

Import traces:
  Client Component Browser:
    ./src/app/admin/page.tsx [Client Component Browser]
    ./src/app/admin/page.tsx [Server Component]

  Client Component SSR:
    ./src/app/admin/page.tsx [Client Component SSR]
    ./src/app/admin/page.tsx [Server Component] @ http://localhost:3000/_next/static/chunks/node_modules_next_dist_1e8vcs8._.js:1052
[   47694ms] [ERROR] ./src/app/admin/page.tsx:641:19
Error: Unexpected token. Did you mean `{'}'}` or `&rbrace;`?
  639 |                     </div>
  640 |                   </div>
> 641 |                 ))}
      |                   ^
  642 |           </div>
  643 |         )}
  644 |         <Button

Parsing ecmascript source code failed

Import traces:
  Client Component Browser:
    ./src/app/admin/page.tsx [Client Component Browser]
    ./src/app/admin/page.tsx [Server Component]

  Client Component SSR:
    ./src/app/admin/page.tsx [Client Component SSR]
    ./src/app/admin/page.tsx [Server Component] @ http://localhost:3000/_next/static/chunks/node_modules_next_dist_1e8vcs8._.js:1052
[   47745ms] [ERROR] ./src/app/admin/page.tsx:641:19
Error: Unexpected token. Did you mean `{'}'}` or `&rbrace;`?
  639 |                     </div>
  640 |                   </div>
> 641 |                 ))}
      |                   ^
  642 |           </div>
  643 |         )}
  644 |         <Button

Parsing ecmascript source code failed

Import traces:
  Client Component Browser:
    ./src/app/admin/page.tsx [Client Component Browser]
    ./src/app/admin/page.tsx [Server Component]

  Client Component SSR:
    ./src/app/admin/page.tsx [Client Component SSR]
    ./src/app/admin/page.tsx [Server Component] @ http://localhost:3000/_next/static/chunks/node_modules_next_dist_1e8vcs8._.js:1052
[   47796ms] [ERROR] ./src/app/admin/page.tsx:641:19
Error: Unexpected token. Did you mean `{'}'}` or `&rbrace;`?
  639 |                     </div>
  640 |                   </div>
> 641 |                 ))}
      |                   ^
  642 |           </div>
  643 |         )}
  644 |         <Button

Parsing ecmascript source code failed

Import traces:
  Client Component Browser:
    ./src/app/admin/page.tsx [Client Component Browser]
    ./src/app/admin/page.tsx [Server Component]

  Client Component SSR:
    ./src/app/admin/page.tsx [Client Component SSR]
    ./src/app/admin/page.tsx [Server Component] @ http://localhost:3000/_next/static/chunks/node_modules_next_dist_1e8vcs8._.js:1052
[   47847ms] [ERROR] ./src/app/admin/page.tsx:641:19
Error: Unexpected token. Did you mean `{'}'}` or `&rbrace;`?
  639 |                     </div>
  640 |                   </div>
> 641 |                 ))}
      |                   ^
  642 |           </div>
  643 |         )}
  644 |         <Button

Parsing ecmascript source code failed

Import traces:
  Client Component Browser:
    ./src/app/admin/page.tsx [Client Component Browser]
    ./src/app/admin/page.tsx [Server Component]

  Client Component SSR:
    ./src/app/admin/page.tsx [Client Component SSR]
    ./src/app/admin/page.tsx [Server Component] @ http://localhost:3000/_next/static/chunks/node_modules_next_dist_1e8vcs8._.js:1052
[   47897ms] [ERROR] ./src/app/admin/page.tsx:641:19
Error: Unexpected token. Did you mean `{'}'}` or `&rbrace;`?
  639 |                     </div>
  640 |                   </div>
> 641 |                 ))}
      |                   ^
  642 |           </div>
  643 |         )}
  644 |         <Button

Parsing ecmascript source code failed

Import traces:
  Client Component Browser:
    ./src/app/admin/page.tsx [Client Component Browser]
    ./src/app/admin/page.tsx [Server Component]

  Client Component SSR:
    ./src/app/admin/page.tsx [Client Component SSR]
    ./src/app/admin/page.tsx [Server Component] @ http://localhost:3000/_next/static/chunks/node_modules_next_dist_1e8vcs8._.js:1052
[   47948ms] [ERROR] ./src/app/admin/page.tsx:641:19
Error: Unexpected token. Did you mean `{'}'}` or `&rbrace;`?
  639 |                     </div>
  640 |                   </div>
> 641 |                 ))}
      |                   ^
  642 |           </div>
  643 |         )}
  644 |         <Button

Parsing ecmascript source code failed

Import traces:
  Client Component Browser:
    ./src/app/admin/page.tsx [Client Component Browser]
    ./src/app/admin/page.tsx [Server Component]

  Client Component SSR:
    ./src/app/admin/page.tsx [Client Component SSR]
    ./src/app/admin/page.tsx [Server Component] @ http://localhost:3000/_next/static/chunks/node_modules_next_dist_1e8vcs8._.js:1052
[   48004ms] [ERROR] ./src/app/admin/page.tsx:641:19
Error: Unexpected token. Did you mean `{'}'}` or `&rbrace;`?
  639 |                     </div>
  640 |                   </div>
> 641 |                 ))}
      |                   ^
  642 |           </div>
  643 |         )}
  644 |         <Button

Parsing ecmascript source code failed

Import traces:
  Client Component Browser:
    ./src/app/admin/page.tsx [Client Component Browser]
    ./src/app/admin/page.tsx [Server Component]

  Client Component SSR:
    ./src/app/admin/page.tsx [Client Component SSR]
    ./src/app/admin/page.tsx [Server Component] @ http://localhost:3000/_next/static/chunks/node_modules_next_dist_1e8vcs8._.js:1052
[   48055ms] [ERROR] ./src/app/admin/page.tsx:641:19
Error: Unexpected token. Did you mean `{'}'}` or `&rbrace;`?
  639 |                     </div>
  640 |                   </div>
> 641 |                 ))}
      |                   ^
  642 |           </div>
  643 |         )}
  644 |         <Button

Parsing ecmascript source code failed

Import traces:
  Client Component Browser:
    ./src/app/admin/page.tsx [Client Component Browser]
    ./src/app/admin/page.tsx [Server Component]

  Client Component SSR:
    ./src/app/admin/page.tsx [Client Component SSR]
    ./src/app/admin/page.tsx [Server Component] @ http://localhost:3000/_next/static/chunks/node_modules_next_dist_1e8vcs8._.js:1052
[   48106ms] [ERROR] ./src/app/admin/page.tsx:641:19
Error: Unexpected token. Did you mean `{'}'}` or `&rbrace;`?
  639 |                     </div>
  640 |                   </div>
> 641 |                 ))}
      |                   ^
  642 |           </div>
  643 |         )}
  644 |         <Button

Parsing ecmascript source code failed

Import traces:
  Client Component Browser:
    ./src/app/admin/page.tsx [Client Component Browser]
    ./src/app/admin/page.tsx [Server Component]

  Client Component SSR:
    ./src/app/admin/page.tsx [Client Component SSR]
    ./src/app/admin/page.tsx [Server Component] @ http://localhost:3000/_next/static/chunks/node_modules_next_dist_1e8vcs8._.js:1052
[   48157ms] [ERROR] ./src/app/admin/page.tsx:641:19
Error: Unexpected token. Did you mean `{'}'}` or `&rbrace;`?
  639 |                     </div>
  640 |                   </div>
> 641 |                 ))}
      |                   ^
  642 |           </div>
  643 |         )}
  644 |         <Button

Parsing ecmascript source code failed

Import traces:
  Client Component Browser:
    ./src/app/admin/page.tsx [Client Component Browser]
    ./src/app/admin/page.tsx [Server Component]

  Client Component SSR:
    ./src/app/admin/page.tsx [Client Component SSR]
    ./src/app/admin/page.tsx [Server Component] @ http://localhost:3000/_next/static/chunks/node_modules_next_dist_1e8vcs8._.js:1052
[   48209ms] [ERROR] ./src/app/admin/page.tsx:641:19
Error: Unexpected token. Did you mean `{'}'}` or `&rbrace;`?
  639 |                     </div>
  640 |                   </div>
> 641 |                 ))}
      |                   ^
  642 |           </div>
  643 |         )}
  644 |         <Button

Parsing ecmascript source code failed

Import traces:
  Client Component Browser:
    ./src/app/admin/page.tsx [Client Component Browser]
    ./src/app/admin/page.tsx [Server Component]

  Client Component SSR:
    ./src/app/admin/page.tsx [Client Component SSR]
    ./src/app/admin/page.tsx [Server Component] @ http://localhost:3000/_next/static/chunks/node_modules_next_dist_1e8vcs8._.js:1052
[   48257ms] [ERROR] ./src/app/admin/page.tsx:641:19
Error: Unexpected token. Did you mean `{'}'}` or `&rbrace;`?
  639 |                     </div>
  640 |                   </div>
> 641 |                 ))}
      |                   ^
  642 |           </div>
  643 |         )}
  644 |         <Button

Parsing ecmascript source code failed

Import traces:
  Client Component Browser:
    ./src/app/admin/page.tsx [Client Component Browser]
    ./src/app/admin/page.tsx [Server Component]

  Client Component SSR:
    ./src/app/admin/page.tsx [Client Component SSR]
    ./src/app/admin/page.tsx [Server Component] @ http://localhost:3000/_next/static/chunks/node_modules_next_dist_1e8vcs8._.js:1052
[   48304ms] [ERROR] ./src/app/admin/page.tsx:641:19
Error: Unexpected token. Did you mean `{'}'}` or `&rbrace;`?
  639 |                     </div>
  640 |                   </div>
> 641 |                 ))}
      |                   ^
  642 |           </div>
  643 |         )}
  644 |         <Button

Parsing ecmascript source code failed

Import traces:
  Client Component Browser:
    ./src/app/admin/page.tsx [Client Component Browser]
    ./src/app/admin/page.tsx [Server Component]

  Client Component SSR:
    ./src/app/admin/page.tsx [Client Component SSR]
    ./src/app/admin/page.tsx [Server Component] @ http://localhost:3000/_next/static/chunks/node_modules_next_dist_1e8vcs8._.js:1052
[   48355ms] [ERROR] ./src/app/admin/page.tsx:641:19
Error: Unexpected token. Did you mean `{'}'}` or `&rbrace;`?
  639 |                     </div>
  640 |                   </div>
> 641 |                 ))}
      |                   ^
  642 |           </div>
  643 |         )}
  644 |         <Button

Parsing ecmascript source code failed

Import traces:
  Client Component Browser:
    ./src/app/admin/page.tsx [Client Component Browser]
    ./src/app/admin/page.tsx [Server Component]

  Client Component SSR:
    ./src/app/admin/page.tsx [Client Component SSR]
    ./src/app/admin/page.tsx [Server Component] @ http://localhost:3000/_next/static/chunks/node_modules_next_dist_1e8vcs8._.js:1052
[   48404ms] [ERROR] ./src/app/admin/page.tsx:641:19
Error: Unexpected token. Did you mean `{'}'}` or `&rbrace;`?
  639 |                     </div>
  640 |                   </div>
> 641 |                 ))}
      |                   ^
  642 |           </div>
  643 |         )}
  644 |         <Button

Parsing ecmascript source code failed

Import traces:
  Client Component Browser:
    ./src/app/admin/page.tsx [Client Component Browser]
    ./src/app/admin/page.tsx [Server Component]

  Client Component SSR:
    ./src/app/admin/page.tsx [Client Component SSR]
    ./src/app/admin/page.tsx [Server Component] @ http://localhost:3000/_next/static/chunks/node_modules_next_dist_1e8vcs8._.js:1052
[   48456ms] [ERROR] ./src/app/admin/page.tsx:641:19
Error: Unexpected token. Did you mean `{'}'}` or `&rbrace;`?
  639 |                     </div>
  640 |                   </div>
> 641 |                 ))}
      |                   ^
  642 |           </div>
  643 |         )}
  644 |         <Button

Parsing ecmascript source code failed

Import traces:
  Client Component Browser:
    ./src/app/admin/page.tsx [Client Component Browser]
    ./src/app/admin/page.tsx [Server Component]

  Client Component SSR:
    ./src/app/admin/page.tsx [Client Component SSR]
    ./src/app/admin/page.tsx [Server Component] @ http://localhost:3000/_next/static/chunks/node_modules_next_dist_1e8vcs8._.js:1052
[   48510ms] [ERROR] ./src/app/admin/page.tsx:641:19
Error: Unexpected token. Did you mean `{'}'}` or `&rbrace;`?
  639 |                     </div>
  640 |                   </div>
> 641 |                 ))}
      |                   ^
  642 |           </div>
  643 |         )}
  644 |         <Button

Parsing ecmascript source code failed

Import traces:
  Client Component Browser:
    ./src/app/admin/page.tsx [Client Component Browser]
    ./src/app/admin/page.tsx [Server Component]

  Client Component SSR:
    ./src/app/admin/page.tsx [Client Component SSR]
    ./src/app/admin/page.tsx [Server Component] @ http://localhost:3000/_next/static/chunks/node_modules_next_dist_1e8vcs8._.js:1052
[   48562ms] [ERROR] ./src/app/admin/page.tsx:641:19
Error: Unexpected token. Did you mean `{'}'}` or `&rbrace;`?
  639 |                     </div>
  640 |                   </div>
> 641 |                 ))}
      |                   ^
  642 |           </div>
  643 |         )}
  644 |         <Button

Parsing ecmascript source code failed

Import traces:
  Client Component Browser:
    ./src/app/admin/page.tsx [Client Component Browser]
    ./src/app/admin/page.tsx [Server Component]

  Client Component SSR:
    ./src/app/admin/page.tsx [Client Component SSR]
    ./src/app/admin/page.tsx [Server Component] @ http://localhost:3000/_next/static/chunks/node_modules_next_dist_1e8vcs8._.js:1052
[   48613ms] [ERROR] ./src/app/admin/page.tsx:641:19
Error: Unexpected token. Did you mean `{'}'}` or `&rbrace;`?
  639 |                     </div>
  640 |                   </div>
> 641 |                 ))}
      |                   ^
  642 |           </div>
  643 |         )}
  644 |         <Button

Parsing ecmascript source code failed

Import traces:
  Client Component Browser:
    ./src/app/admin/page.tsx [Client Component Browser]
    ./src/app/admin/page.tsx [Server Component]

  Client Component SSR:
    ./src/app/admin/page.tsx [Client Component SSR]
    ./src/app/admin/page.tsx [Server Component] @ http://localhost:3000/_next/static/chunks/node_modules_next_dist_1e8vcs8._.js:1052
[   48665ms] [ERROR] ./src/app/admin/page.tsx:641:19
Error: Unexpected token. Did you mean `{'}'}` or `&rbrace;`?
  639 |                     </div>
  640 |                   </div>
> 641 |                 ))}
      |                   ^
  642 |           </div>
  643 |         )}
  644 |         <Button

Parsing ecmascript source code failed

Import traces:
  Client Component Browser:
    ./src/app/admin/page.tsx [Client Component Browser]
    ./src/app/admin/page.tsx [Server Component]

  Client Component SSR:
    ./src/app/admin/page.tsx [Client Component SSR]
    ./src/app/admin/page.tsx [Server Component] @ http://localhost:3000/_next/static/chunks/node_modules_next_dist_1e8vcs8._.js:1052
[   48718ms] [ERROR] ./src/app/admin/page.tsx:641:19
Error: Unexpected token. Did you mean `{'}'}` or `&rbrace;`?
  639 |                     </div>
  640 |                   </div>
> 641 |                 ))}
      |                   ^
  642 |           </div>
  643 |         )}
  644 |         <Button

Parsing ecmascript source code failed

Import traces:
  Client Component Browser:
    ./src/app/admin/page.tsx [Client Component Browser]
    ./src/app/admin/page.tsx [Server Component]

  Client Component SSR:
    ./src/app/admin/page.tsx [Client Component SSR]
    ./src/app/admin/page.tsx [Server Component] @ http://localhost:3000/_next/static/chunks/node_modules_next_dist_1e8vcs8._.js:1052
[   48772ms] [ERROR] ./src/app/admin/page.tsx:641:19
Error: Unexpected token. Did you mean `{'}'}` or `&rbrace;`?
  639 |                     </div>
  640 |                   </div>
> 641 |                 ))}
      |                   ^
  642 |           </div>
  643 |         )}
  644 |         <Button

Parsing ecmascript source code failed

Import traces:
  Client Component Browser:
    ./src/app/admin/page.tsx [Client Component Browser]
    ./src/app/admin/page.tsx [Server Component]

  Client Component SSR:
    ./src/app/admin/page.tsx [Client Component SSR]
    ./src/app/admin/page.tsx [Server Component] @ http://localhost:3000/_next/static/chunks/node_modules_next_dist_1e8vcs8._.js:1052
[   48825ms] [ERROR] ./src/app/admin/page.tsx:641:19
Error: Unexpected token. Did you mean `{'}'}` or `&rbrace;`?
  639 |                     </div>
  640 |                   </div>
> 641 |                 ))}
      |                   ^
  642 |           </div>
  643 |         )}
  644 |         <Button

Parsing ecmascript source code failed

Import traces:
  Client Component Browser:
    ./src/app/admin/page.tsx [Client Component Browser]
    ./src/app/admin/page.tsx [Server Component]

  Client Component SSR:
    ./src/app/admin/page.tsx [Client Component SSR]
    ./src/app/admin/page.tsx [Server Component] @ http://localhost:3000/_next/static/chunks/node_modules_next_dist_1e8vcs8._.js:1052
[   48877ms] [ERROR] ./src/app/admin/page.tsx:641:19
Error: Unexpected token. Did you mean `{'}'}` or `&rbrace;`?
  639 |                     </div>
  640 |                   </div>
> 641 |                 ))}
      |                   ^
  642 |           </div>
  643 |         )}
  644 |         <Button

Parsing ecmascript source code failed

Import traces:
  Client Component Browser:
    ./src/app/admin/page.tsx [Client Component Browser]
    ./src/app/admin/page.tsx [Server Component]

  Client Component SSR:
    ./src/app/admin/page.tsx [Client Component SSR]
    ./src/app/admin/page.tsx [Server Component] @ http://localhost:3000/_next/static/chunks/node_modules_next_dist_1e8vcs8._.js:1052
[   48929ms] [ERROR] ./src/app/admin/page.tsx:641:19
Error: Unexpected token. Did you mean `{'}'}` or `&rbrace;`?
  639 |                     </div>
  640 |                   </div>
> 641 |                 ))}
      |                   ^
  642 |           </div>
  643 |         )}
  644 |         <Button

Parsing ecmascript source code failed

Import traces:
  Client Component Browser:
    ./src/app/admin/page.tsx [Client Component Browser]
    ./src/app/admin/page.tsx [Server Component]

  Client Component SSR:
    ./src/app/admin/page.tsx [Client Component SSR]
    ./src/app/admin/page.tsx [Server Component] @ http://localhost:3000/_next/static/chunks/node_modules_next_dist_1e8vcs8._.js:1052
[   48983ms] [ERROR] ./src/app/admin/page.tsx:641:19
Error: Unexpected token. Did you mean `{'}'}` or `&rbrace;`?
  639 |                     </div>
  640 |                   </div>
> 641 |                 ))}
      |                   ^
  642 |           </div>
  643 |         )}
  644 |         <Button

Parsing ecmascript source code failed

Import traces:
  Client Component Browser:
    ./src/app/admin/page.tsx [Client Component Browser]
    ./src/app/admin/page.tsx [Server Component]

  Client Component SSR:
    ./src/app/admin/page.tsx [Client Component SSR]
    ./src/app/admin/page.tsx [Server Component] @ http://localhost:3000/_next/static/chunks/node_modules_next_dist_1e8vcs8._.js:1052
[   49036ms] [ERROR] ./src/app/admin/page.tsx:641:19
Error: Unexpected token. Did you mean `{'}'}` or `&rbrace;`?
  639 |                     </div>
  640 |                   </div>
> 641 |                 ))}
      |                   ^
  642 |           </div>
  643 |         )}
  644 |         <Button

Parsing ecmascript source code failed

Import traces:
  Client Component Browser:
    ./src/app/admin/page.tsx [Client Component Browser]
    ./src/app/admin/page.tsx [Server Component]

  Client Component SSR:
    ./src/app/admin/page.tsx [Client Component SSR]
    ./src/app/admin/page.tsx [Server Component] @ http://localhost:3000/_next/static/chunks/node_modules_next_dist_1e8vcs8._.js:1052
[   49089ms] [ERROR] ./src/app/admin/page.tsx:641:19
Error: Unexpected token. Did you mean `{'}'}` or `&rbrace;`?
  639 |                     </div>
  640 |                   </div>
> 641 |                 ))}
      |                   ^
  642 |           </div>
  643 |         )}
  644 |         <Button

Parsing ecmascript source code failed

Import traces:
  Client Component Browser:
    ./src/app/admin/page.tsx [Client Component Browser]
    ./src/app/admin/page.tsx [Server Component]

  Client Component SSR:
    ./src/app/admin/page.tsx [Client Component SSR]
    ./src/app/admin/page.tsx [Server Component] @ http://localhost:3000/_next/static/chunks/node_modules_next_dist_1e8vcs8._.js:1052
[   49140ms] [ERROR] ./src/app/admin/page.tsx:641:19
Error: Unexpected token. Did you mean `{'}'}` or `&rbrace;`?
  639 |                     </div>
  640 |                   </div>
> 641 |                 ))}
      |                   ^
  642 |           </div>
  643 |         )}
  644 |         <Button

Parsing ecmascript source code failed

Import traces:
  Client Component Browser:
    ./src/app/admin/page.tsx [Client Component Browser]
    ./src/app/admin/page.tsx [Server Component]

  Client Component SSR:
    ./src/app/admin/page.tsx [Client Component SSR]
    ./src/app/admin/page.tsx [Server Component] @ http://localhost:3000/_next/static/chunks/node_modules_next_dist_1e8vcs8._.js:1052
[   49191ms] [ERROR] ./src/app/admin/page.tsx:641:19
Error: Unexpected token. Did you mean `{'}'}` or `&rbrace;`?
  639 |                     </div>
  640 |                   </div>
> 641 |                 ))}
      |                   ^
  642 |           </div>
  643 |         )}
  644 |         <Button

Parsing ecmascript source code failed

Import traces:
  Client Component Browser:
    ./src/app/admin/page.tsx [Client Component Browser]
    ./src/app/admin/page.tsx [Server Component]

  Client Component SSR:
    ./src/app/admin/page.tsx [Client Component SSR]
    ./src/app/admin/page.tsx [Server Component] @ http://localhost:3000/_next/static/chunks/node_modules_next_dist_1e8vcs8._.js:1052
[   49240ms] [ERROR] ./src/app/admin/page.tsx:641:19
Error: Unexpected token. Did you mean `{'}'}` or `&rbrace;`?
  639 |                     </div>
  640 |                   </div>
> 641 |                 ))}
      |                   ^
  642 |           </div>
  643 |         )}
  644 |         <Button

Parsing ecmascript source code failed

Import traces:
  Client Component Browser:
    ./src/app/admin/page.tsx [Client Component Browser]
    ./src/app/admin/page.tsx [Server Component]

  Client Component SSR:
    ./src/app/admin/page.tsx [Client Component SSR]
    ./src/app/admin/page.tsx [Server Component] @ http://localhost:3000/_next/static/chunks/node_modules_next_dist_1e8vcs8._.js:1052
[   49288ms] [ERROR] ./src/app/admin/page.tsx:641:19
Error: Unexpected token. Did you mean `{'}'}` or `&rbrace;`?
  639 |                     </div>
  640 |                   </div>
> 641 |                 ))}
      |                   ^
  642 |           </div>
  643 |         )}
  644 |         <Button

Parsing ecmascript source code failed

Import traces:
  Client Component Browser:
    ./src/app/admin/page.tsx [Client Component Browser]
    ./src/app/admin/page.tsx [Server Component]

  Client Component SSR:
    ./src/app/admin/page.tsx [Client Component SSR]
    ./src/app/admin/page.tsx [Server Component] @ http://localhost:3000/_next/static/chunks/node_modules_next_dist_1e8vcs8._.js:1052
[   49338ms] [ERROR] ./src/app/admin/page.tsx:641:19
Error: Unexpected token. Did you mean `{'}'}` or `&rbrace;`?
  639 |                     </div>
  640 |                   </div>
> 641 |                 ))}
      |                   ^
  642 |           </div>
  643 |         )}
  644 |         <Button

Parsing ecmascript source code failed

Import traces:
  Client Component Browser:
    ./src/app/admin/page.tsx [Client Component Browser]
    ./src/app/admin/page.tsx [Server Component]

  Client Component SSR:
    ./src/app/admin/page.tsx [Client Component SSR]
    ./src/app/admin/page.tsx [Server Component] @ http://localhost:3000/_next/static/chunks/node_modules_next_dist_1e8vcs8._.js:1052
[   49389ms] [ERROR] ./src/app/admin/page.tsx:641:19
Error: Unexpected token. Did you mean `{'}'}` or `&rbrace;`?
  639 |                     </div>
  640 |                   </div>
> 641 |                 ))}
      |                   ^
  642 |           </div>
  643 |         )}
  644 |         <Button

Parsing ecmascript source code failed

Import traces:
  Client Component Browser:
    ./src/app/admin/page.tsx [Client Component Browser]
    ./src/app/admin/page.tsx [Server Component]

  Client Component SSR:
    ./src/app/admin/page.tsx [Client Component SSR]
    ./src/app/admin/page.tsx [Server Component] @ http://localhost:3000/_next/static/chunks/node_modules_next_dist_1e8vcs8._.js:1052
[   49428ms] [ERROR] ./src/app/admin/page.tsx:641:19
Error: Unexpected token. Did you mean `{'}'}` or `&rbrace;`?
  639 |                     </div>
  640 |                   </div>
> 641 |                 ))}
      |                   ^
  642 |           </div>
  643 |         )}
  644 |         <Button

Parsing ecmascript source code failed

Import traces:
  Client Component Browser:
    ./src/app/admin/page.tsx [Client Component Browser]
    ./src/app/admin/page.tsx [Server Component]

  Client Component SSR:
    ./src/app/admin/page.tsx [Client Component SSR]
    ./src/app/admin/page.tsx [Server Component] @ http://localhost:3000/_next/static/chunks/node_modules_next_dist_1e8vcs8._.js:1052
[   49478ms] [ERROR] ./src/app/admin/page.tsx:641:19
Error: Unexpected token. Did you mean `{'}'}` or `&rbrace;`?
  639 |                     </div>
  640 |                   </div>
> 641 |                 ))}
      |                   ^
  642 |           </div>
  643 |         )}
  644 |         <Button

Parsing ecmascript source code failed

Import traces:
  Client Component Browser:
    ./src/app/admin/page.tsx [Client Component Browser]
    ./src/app/admin/page.tsx [Server Component]

  Client Component SSR:
    ./src/app/admin/page.tsx [Client Component SSR]
    ./src/app/admin/page.tsx [Server Component] @ http://localhost:3000/_next/static/chunks/node_modules_next_dist_1e8vcs8._.js:1052
[   49528ms] [ERROR] ./src/app/admin/page.tsx:641:19
Error: Unexpected token. Did you mean `{'}'}` or `&rbrace;`?
  639 |                     </div>
  640 |                   </div>
> 641 |                 ))}
      |                   ^
  642 |           </div>
  643 |         )}
  644 |         <Button

Parsing ecmascript source code failed

Import traces:
  Client Component Browser:
    ./src/app/admin/page.tsx [Client Component Browser]
    ./src/app/admin/page.tsx [Server Component]

  Client Component SSR:
    ./src/app/admin/page.tsx [Client Component SSR]
    ./src/app/admin/page.tsx [Server Component] @ http://localhost:3000/_next/static/chunks/node_modules_next_dist_1e8vcs8._.js:1052
[   49588ms] [ERROR] ./src/app/admin/page.tsx:641:19
Error: Unexpected token. Did you mean `{'}'}` or `&rbrace;`?
  639 |                     </div>
  640 |                   </div>
> 641 |                 ))}
      |                   ^
  642 |           </div>
  643 |         )}
  644 |         <Button

Parsing ecmascript source code failed

Import traces:
  Client Component Browser:
    ./src/app/admin/page.tsx [Client Component Browser]
    ./src/app/admin/page.tsx [Server Component]

  Client Component SSR:
    ./src/app/admin/page.tsx [Client Component SSR]
    ./src/app/admin/page.tsx [Server Component] @ http://localhost:3000/_next/static/chunks/node_modules_next_dist_1e8vcs8._.js:1052
[   49639ms] [ERROR] ./src/app/admin/page.tsx:641:19
Error: Unexpected token. Did you mean `{'}'}` or `&rbrace;`?
  639 |                     </div>
  640 |                   </div>
> 641 |                 ))}
      |                   ^
  642 |           </div>
  643 |         )}
  644 |         <Button

Parsing ecmascript source code failed

Import traces:
  Client Component Browser:
    ./src/app/admin/page.tsx [Client Component Browser]
    ./src/app/admin/page.tsx [Server Component]

  Client Component SSR:
    ./src/app/admin/page.tsx [Client Component SSR]
    ./src/app/admin/page.tsx [Server Component] @ http://localhost:3000/_next/static/chunks/node_modules_next_dist_1e8vcs8._.js:1052
[   49689ms] [ERROR] ./src/app/admin/page.tsx:641:19
Error: Unexpected token. Did you mean `{'}'}` or `&rbrace;`?
  639 |                     </div>
  640 |                   </div>
> 641 |                 ))}
      |                   ^
  642 |           </div>
  643 |         )}
  644 |         <Button

Parsing ecmascript source code failed

Import traces:
  Client Component Browser:
    ./src/app/admin/page.tsx [Client Component Browser]
    ./src/app/admin/page.tsx [Server Component]

  Client Component SSR:
    ./src/app/admin/page.tsx [Client Component SSR]
    ./src/app/admin/page.tsx [Server Component] @ http://localhost:3000/_next/static/chunks/node_modules_next_dist_1e8vcs8._.js:1052
[   49740ms] [ERROR] ./src/app/admin/page.tsx:641:19
Error: Unexpected token. Did you mean `{'}'}` or `&rbrace;`?
  639 |                     </div>
  640 |                   </div>
> 641 |                 ))}
      |                   ^
  642 |           </div>
  643 |         )}
  644 |         <Button

Parsing ecmascript source code failed

Import traces:
  Client Component Browser:
    ./src/app/admin/page.tsx [Client Component Browser]
    ./src/app/admin/page.tsx [Server Component]

  Client Component SSR:
    ./src/app/admin/page.tsx [Client Component SSR]
    ./src/app/admin/page.tsx [Server Component] @ http://localhost:3000/_next/static/chunks/node_modules_next_dist_1e8vcs8._.js:1052
[   49791ms] [ERROR] ./src/app/admin/page.tsx:641:19
Error: Unexpected token. Did you mean `{'}'}` or `&rbrace;`?
  639 |                     </div>
  640 |                   </div>
> 641 |                 ))}
      |                   ^
  642 |           </div>
  643 |         )}
  644 |         <Button

Parsing ecmascript source code failed

Import traces:
  Client Component Browser:
    ./src/app/admin/page.tsx [Client Component Browser]
    ./src/app/admin/page.tsx [Server Component]

  Client Component SSR:
    ./src/app/admin/page.tsx [Client Component SSR]
    ./src/app/admin/page.tsx [Server Component] @ http://localhost:3000/_next/static/chunks/node_modules_next_dist_1e8vcs8._.js:1052
[   49840ms] [ERROR] ./src/app/admin/page.tsx:641:19
Error: Unexpected token. Did you mean `{'}'}` or `&rbrace;`?
  639 |                     </div>
  640 |                   </div>
> 641 |                 ))}
      |                   ^
  642 |           </div>
  643 |         )}
  644 |         <Button

Parsing ecmascript source code failed

Import traces:
  Client Component Browser:
    ./src/app/admin/page.tsx [Client Component Browser]
    ./src/app/admin/page.tsx [Server Component]

  Client Component SSR:
    ./src/app/admin/page.tsx [Client Component SSR]
    ./src/app/admin/page.tsx [Server Component] @ http://localhost:3000/_next/static/chunks/node_modules_next_dist_1e8vcs8._.js:1052
[   49890ms] [ERROR] ./src/app/admin/page.tsx:641:19
Error: Unexpected token. Did you mean `{'}'}` or `&rbrace;`?
  639 |                     </div>
  640 |                   </div>
> 641 |                 ))}
      |                   ^
  642 |           </div>
  643 |         )}
  644 |         <Button

Parsing ecmascript source code failed

Import traces:
  Client Component Browser:
    ./src/app/admin/page.tsx [Client Component Browser]
    ./src/app/admin/page.tsx [Server Component]

  Client Component SSR:
    ./src/app/admin/page.tsx [Client Component SSR]
    ./src/app/admin/page.tsx [Server Component] @ http://localhost:3000/_next/static/chunks/node_modules_next_dist_1e8vcs8._.js:1052
[   49939ms] [ERROR] ./src/app/admin/page.tsx:641:19
Error: Unexpected token. Did you mean `{'}'}` or `&rbrace;`?
  639 |                     </div>
  640 |                   </div>
> 641 |                 ))}
      |                   ^
  642 |           </div>
  643 |         )}
  644 |         <Button

Parsing ecmascript source code failed

Import traces:
  Client Component Browser:
    ./src/app/admin/page.tsx [Client Component Browser]
    ./src/app/admin/page.tsx [Server Component]

  Client Component SSR:
    ./src/app/admin/page.tsx [Client Component SSR]
    ./src/app/admin/page.tsx [Server Component] @ http://localhost:3000/_next/static/chunks/node_modules_next_dist_1e8vcs8._.js:1052
[   49989ms] [ERROR] ./src/app/admin/page.tsx:641:19
Error: Unexpected token. Did you mean `{'}'}` or `&rbrace;`?
  639 |                     </div>
  640 |                   </div>
> 641 |                 ))}
      |                   ^
  642 |           </div>
  643 |         )}
  644 |         <Button

Parsing ecmascript source code failed

Import traces:
  Client Component Browser:
    ./src/app/admin/page.tsx [Client Component Browser]
    ./src/app/admin/page.tsx [Server Component]

  Client Component SSR:
    ./src/app/admin/page.tsx [Client Component SSR]
    ./src/app/admin/page.tsx [Server Component] @ http://localhost:3000/_next/static/chunks/node_modules_next_dist_1e8vcs8._.js:1052
[   50040ms] [ERROR] ./src/app/admin/page.tsx:641:19
Error: Unexpected token. Did you mean `{'}'}` or `&rbrace;`?
  639 |                     </div>
  640 |                   </div>
> 641 |                 ))}
      |                   ^
  642 |           </div>
  643 |         )}
  644 |         <Button

Parsing ecmascript source code failed

Import traces:
  Client Component Browser:
    ./src/app/admin/page.tsx [Client Component Browser]
    ./src/app/admin/page.tsx [Server Component]

  Client Component SSR:
    ./src/app/admin/page.tsx [Client Component SSR]
    ./src/app/admin/page.tsx [Server Component] @ http://localhost:3000/_next/static/chunks/node_modules_next_dist_1e8vcs8._.js:1052
[   50090ms] [ERROR] ./src/app/admin/page.tsx:641:19
Error: Unexpected token. Did you mean `{'}'}` or `&rbrace;`?
  639 |                     </div>
  640 |                   </div>
> 641 |                 ))}
      |                   ^
  642 |           </div>
  643 |         )}
  644 |         <Button

Parsing ecmascript source code failed

Import traces:
  Client Component Browser:
    ./src/app/admin/page.tsx [Client Component Browser]
    ./src/app/admin/page.tsx [Server Component]

  Client Component SSR:
    ./src/app/admin/page.tsx [Client Component SSR]
    ./src/app/admin/page.tsx [Server Component] @ http://localhost:3000/_next/static/chunks/node_modules_next_dist_1e8vcs8._.js:1052
[   50139ms] [ERROR] ./src/app/admin/page.tsx:641:19
Error: Unexpected token. Did you mean `{'}'}` or `&rbrace;`?
  639 |                     </div>
  640 |                   </div>
> 641 |                 ))}
      |                   ^
  642 |           </div>
  643 |         )}
  644 |         <Button

Parsing ecmascript source code failed

Import traces:
  Client Component Browser:
    ./src/app/admin/page.tsx [Client Component Browser]
    ./src/app/admin/page.tsx [Server Component]

  Client Component SSR:
    ./src/app/admin/page.tsx [Client Component SSR]
    ./src/app/admin/page.tsx [Server Component] @ http://localhost:3000/_next/static/chunks/node_modules_next_dist_1e8vcs8._.js:1052
[   50189ms] [ERROR] ./src/app/admin/page.tsx:641:19
Error: Unexpected token. Did you mean `{'}'}` or `&rbrace;`?
  639 |                     </div>
  640 |                   </div>
> 641 |                 ))}
      |                   ^
  642 |           </div>
  643 |         )}
  644 |         <Button

Parsing ecmascript source code failed

Import traces:
  Client Component Browser:
    ./src/app/admin/page.tsx [Client Component Browser]
    ./src/app/admin/page.tsx [Server Component]

  Client Component SSR:
    ./src/app/admin/page.tsx [Client Component SSR]
    ./src/app/admin/page.tsx [Server Component] @ http://localhost:3000/_next/static/chunks/node_modules_next_dist_1e8vcs8._.js:1052
[   50238ms] [ERROR] ./src/app/admin/page.tsx:641:19
Error: Unexpected token. Did you mean `{'}'}` or `&rbrace;`?
  639 |                     </div>
  640 |                   </div>
> 641 |                 ))}
      |                   ^
  642 |           </div>
  643 |         )}
  644 |         <Button

Parsing ecmascript source code failed

Import traces:
  Client Component Browser:
    ./src/app/admin/page.tsx [Client Component Browser]
    ./src/app/admin/page.tsx [Server Component]

  Client Component SSR:
    ./src/app/admin/page.tsx [Client Component SSR]
    ./src/app/admin/page.tsx [Server Component] @ http://localhost:3000/_next/static/chunks/node_modules_next_dist_1e8vcs8._.js:1052
[   50288ms] [ERROR] ./src/app/admin/page.tsx:641:19
Error: Unexpected token. Did you mean `{'}'}` or `&rbrace;`?
  639 |                     </div>
  640 |                   </div>
> 641 |                 ))}
      |                   ^
  642 |           </div>
  643 |         )}
  644 |         <Button

Parsing ecmascript source code failed

Import traces:
  Client Component Browser:
    ./src/app/admin/page.tsx [Client Component Browser]
    ./src/app/admin/page.tsx [Server Component]

  Client Component SSR:
    ./src/app/admin/page.tsx [Client Component SSR]
    ./src/app/admin/page.tsx [Server Component] @ http://localhost:3000/_next/static/chunks/node_modules_next_dist_1e8vcs8._.js:1052
[   50341ms] [ERROR] ./src/app/admin/page.tsx:641:19
Error: Unexpected token. Did you mean `{'}'}` or `&rbrace;`?
  639 |                     </div>
  640 |                   </div>
> 641 |                 ))}
      |                   ^
  642 |           </div>
  643 |         )}
  644 |         <Button

Parsing ecmascript source code failed

Import traces:
  Client Component Browser:
    ./src/app/admin/page.tsx [Client Component Browser]
    ./src/app/admin/page.tsx [Server Component]

  Client Component SSR:
    ./src/app/admin/page.tsx [Client Component SSR]
    ./src/app/admin/page.tsx [Server Component] @ http://localhost:3000/_next/static/chunks/node_modules_next_dist_1e8vcs8._.js:1052
[   50391ms] [ERROR] ./src/app/admin/page.tsx:641:19
Error: Unexpected token. Did you mean `{'}'}` or `&rbrace;`?
  639 |                     </div>
  640 |                   </div>
> 641 |                 ))}
      |                   ^
  642 |           </div>
  643 |         )}
  644 |         <Button

Parsing ecmascript source code failed

Import traces:
  Client Component Browser:
    ./src/app/admin/page.tsx [Client Component Browser]
    ./src/app/admin/page.tsx [Server Component]

  Client Component SSR:
    ./src/app/admin/page.tsx [Client Component SSR]
    ./src/app/admin/page.tsx [Server Component] @ http://localhost:3000/_next/static/chunks/node_modules_next_dist_1e8vcs8._.js:1052
[   50442ms] [ERROR] ./src/app/admin/page.tsx:641:19
Error: Unexpected token. Did you mean `{'}'}` or `&rbrace;`?
  639 |                     </div>
  640 |                   </div>
> 641 |                 ))}
      |                   ^
  642 |           </div>
  643 |         )}
  644 |         <Button

Parsing ecmascript source code failed

Import traces:
  Client Component Browser:
    ./src/app/admin/page.tsx [Client Component Browser]
    ./src/app/admin/page.tsx [Server Component]

  Client Component SSR:
    ./src/app/admin/page.tsx [Client Component SSR]
    ./src/app/admin/page.tsx [Server Component] @ http://localhost:3000/_next/static/chunks/node_modules_next_dist_1e8vcs8._.js:1052
[   50492ms] [ERROR] ./src/app/admin/page.tsx:641:19
Error: Unexpected token. Did you mean `{'}'}` or `&rbrace;`?
  639 |                     </div>
  640 |                   </div>
> 641 |                 ))}
      |                   ^
  642 |           </div>
  643 |         )}
  644 |         <Button

Parsing ecmascript source code failed

Import traces:
  Client Component Browser:
    ./src/app/admin/page.tsx [Client Component Browser]
    ./src/app/admin/page.tsx [Server Component]

  Client Component SSR:
    ./src/app/admin/page.tsx [Client Component SSR]
    ./src/app/admin/page.tsx [Server Component] @ http://localhost:3000/_next/static/chunks/node_modules_next_dist_1e8vcs8._.js:1052
[   50543ms] [ERROR] ./src/app/admin/page.tsx:641:19
Error: Unexpected token. Did you mean `{'}'}` or `&rbrace;`?
  639 |                     </div>
  640 |                   </div>
> 641 |                 ))}
      |                   ^
  642 |           </div>
  643 |         )}
  644 |         <Button

Parsing ecmascript source code failed

Import traces:
  Client Component Browser:
    ./src/app/admin/page.tsx [Client Component Browser]
    ./src/app/admin/page.tsx [Server Component]

  Client Component SSR:
    ./src/app/admin/page.tsx [Client Component SSR]
    ./src/app/admin/page.tsx [Server Component] @ http://localhost:3000/_next/static/chunks/node_modules_next_dist_1e8vcs8._.js:1052
[   50595ms] [ERROR] ./src/app/admin/page.tsx:641:19
Error: Unexpected token. Did you mean `{'}'}` or `&rbrace;`?
  639 |                     </div>
  640 |                   </div>
> 641 |                 ))}
      |                   ^
  642 |           </div>
  643 |         )}
  644 |         <Button

Parsing ecmascript source code failed

Import traces:
  Client Component Browser:
    ./src/app/admin/page.tsx [Client Component Browser]
    ./src/app/admin/page.tsx [Server Component]

  Client Component SSR:
    ./src/app/admin/page.tsx [Client Component SSR]
    ./src/app/admin/page.tsx [Server Component] @ http://localhost:3000/_next/static/chunks/node_modules_next_dist_1e8vcs8._.js:1052
[   50647ms] [ERROR] ./src/app/admin/page.tsx:641:19
Error: Unexpected token. Did you mean `{'}'}` or `&rbrace;`?
  639 |                     </div>
  640 |                   </div>
> 641 |                 ))}
      |                   ^
  642 |           </div>
  643 |         )}
  644 |         <Button

Parsing ecmascript source code failed

Import traces:
  Client Component Browser:
    ./src/app/admin/page.tsx [Client Component Browser]
    ./src/app/admin/page.tsx [Server Component]

  Client Component SSR:
    ./src/app/admin/page.tsx [Client Component SSR]
    ./src/app/admin/page.tsx [Server Component] @ http://localhost:3000/_next/static/chunks/node_modules_next_dist_1e8vcs8._.js:1052
[   50701ms] [ERROR] ./src/app/admin/page.tsx:641:19
Error: Unexpected token. Did you mean `{'}'}` or `&rbrace;`?
  639 |                     </div>
  640 |                   </div>
> 641 |                 ))}
      |                   ^
  642 |           </div>
  643 |         )}
  644 |         <Button

Parsing ecmascript source code failed

Import traces:
  Client Component Browser:
    ./src/app/admin/page.tsx [Client Component Browser]
    ./src/app/admin/page.tsx [Server Component]

  Client Component SSR:
    ./src/app/admin/page.tsx [Client Component SSR]
    ./src/app/admin/page.tsx [Server Component] @ http://localhost:3000/_next/static/chunks/node_modules_next_dist_1e8vcs8._.js:1052
[   50751ms] [ERROR] ./src/app/admin/page.tsx:641:19
Error: Unexpected token. Did you mean `{'}'}` or `&rbrace;`?
  639 |                     </div>
  640 |                   </div>
> 641 |                 ))}
      |                   ^
  642 |           </div>
  643 |         )}
  644 |         <Button

Parsing ecmascript source code failed

Import traces:
  Client Component Browser:
    ./src/app/admin/page.tsx [Client Component Browser]
    ./src/app/admin/page.tsx [Server Component]

  Client Component SSR:
    ./src/app/admin/page.tsx [Client Component SSR]
    ./src/app/admin/page.tsx [Server Component] @ http://localhost:3000/_next/static/chunks/node_modules_next_dist_1e8vcs8._.js:1052
[   50803ms] [ERROR] ./src/app/admin/page.tsx:641:19
Error: Unexpected token. Did you mean `{'}'}` or `&rbrace;`?
  639 |                     </div>
  640 |                   </div>
> 641 |                 ))}
      |                   ^
  642 |           </div>
  643 |         )}
  644 |         <Button

Parsing ecmascript source code failed

Import traces:
  Client Component Browser:
    ./src/app/admin/page.tsx [Client Component Browser]
    ./src/app/admin/page.tsx [Server Component]

  Client Component SSR:
    ./src/app/admin/page.tsx [Client Component SSR]
    ./src/app/admin/page.tsx [Server Component] @ http://localhost:3000/_next/static/chunks/node_modules_next_dist_1e8vcs8._.js:1052
[   50856ms] [ERROR] ./src/app/admin/page.tsx:641:19
Error: Unexpected token. Did you mean `{'}'}` or `&rbrace;`?
  639 |                     </div>
  640 |                   </div>
> 641 |                 ))}
      |                   ^
  642 |           </div>
  643 |         )}
  644 |         <Button

Parsing ecmascript source code failed

Import traces:
  Client Component Browser:
    ./src/app/admin/page.tsx [Client Component Browser]
    ./src/app/admin/page.tsx [Server Component]

  Client Component SSR:
    ./src/app/admin/page.tsx [Client Component SSR]
    ./src/app/admin/page.tsx [Server Component] @ http://localhost:3000/_next/static/chunks/node_modules_next_dist_1e8vcs8._.js:1052
[   50906ms] [ERROR] ./src/app/admin/page.tsx:641:19
Error: Unexpected token. Did you mean `{'}'}` or `&rbrace;`?
  639 |                     </div>
  640 |                   </div>
> 641 |                 ))}
      |                   ^
  642 |           </div>
  643 |         )}
  644 |         <Button

Parsing ecmascript source code failed

Import traces:
  Client Component Browser:
    ./src/app/admin/page.tsx [Client Component Browser]
    ./src/app/admin/page.tsx [Server Component]

  Client Component SSR:
    ./src/app/admin/page.tsx [Client Component SSR]
    ./src/app/admin/page.tsx [Server Component] @ http://localhost:3000/_next/static/chunks/node_modules_next_dist_1e8vcs8._.js:1052
[   50957ms] [ERROR] ./src/app/admin/page.tsx:641:19
Error: Unexpected token. Did you mean `{'}'}` or `&rbrace;`?
  639 |                     </div>
  640 |                   </div>
> 641 |                 ))}
      |                   ^
  642 |           </div>
  643 |         )}
  644 |         <Button

Parsing ecmascript source code failed

Import traces:
  Client Component Browser:
    ./src/app/admin/page.tsx [Client Component Browser]
    ./src/app/admin/page.tsx [Server Component]

  Client Component SSR:
    ./src/app/admin/page.tsx [Client Component SSR]
    ./src/app/admin/page.tsx [Server Component] @ http://localhost:3000/_next/static/chunks/node_modules_next_dist_1e8vcs8._.js:1052
[   51008ms] [ERROR] ./src/app/admin/page.tsx:641:19
Error: Unexpected token. Did you mean `{'}'}` or `&rbrace;`?
  639 |                     </div>
  640 |                   </div>
> 641 |                 ))}
      |                   ^
  642 |           </div>
  643 |         )}
  644 |         <Button

Parsing ecmascript source code failed

Import traces:
  Client Component Browser:
    ./src/app/admin/page.tsx [Client Component Browser]
    ./src/app/admin/page.tsx [Server Component]

  Client Component SSR:
    ./src/app/admin/page.tsx [Client Component SSR]
    ./src/app/admin/page.tsx [Server Component] @ http://localhost:3000/_next/static/chunks/node_modules_next_dist_1e8vcs8._.js:1052
[   51057ms] [ERROR] ./src/app/admin/page.tsx:641:19
Error: Unexpected token. Did you mean `{'}'}` or `&rbrace;`?
  639 |                     </div>
  640 |                   </div>
> 641 |                 ))}
      |                   ^
  642 |           </div>
  643 |         )}
  644 |         <Button

Parsing ecmascript source code failed

Import traces:
  Client Component Browser:
    ./src/app/admin/page.tsx [Client Component Browser]
    ./src/app/admin/page.tsx [Server Component]

  Client Component SSR:
    ./src/app/admin/page.tsx [Client Component SSR]
    ./src/app/admin/page.tsx [Server Component] @ http://localhost:3000/_next/static/chunks/node_modules_next_dist_1e8vcs8._.js:1052
[   51109ms] [ERROR] ./src/app/admin/page.tsx:641:19
Error: Unexpected token. Did you mean `{'}'}` or `&rbrace;`?
  639 |                     </div>
  640 |                   </div>
> 641 |                 ))}
      |                   ^
  642 |           </div>
  643 |         )}
  644 |         <Button

Parsing ecmascript source code failed

Import traces:
  Client Component Browser:
    ./src/app/admin/page.tsx [Client Component Browser]
    ./src/app/admin/page.tsx [Server Component]

  Client Component SSR:
    ./src/app/admin/page.tsx [Client Component SSR]
    ./src/app/admin/page.tsx [Server Component] @ http://localhost:3000/_next/static/chunks/node_modules_next_dist_1e8vcs8._.js:1052
[   51160ms] [ERROR] ./src/app/admin/page.tsx:641:19
Error: Unexpected token. Did you mean `{'}'}` or `&rbrace;`?
  639 |                     </div>
  640 |                   </div>
> 641 |                 ))}
      |                   ^
  642 |           </div>
  643 |         )}
  644 |         <Button

Parsing ecmascript source code failed

Import traces:
  Client Component Browser:
    ./src/app/admin/page.tsx [Client Component Browser]
    ./src/app/admin/page.tsx [Server Component]

  Client Component SSR:
    ./src/app/admin/page.tsx [Client Component SSR]
    ./src/app/admin/page.tsx [Server Component] @ http://localhost:3000/_next/static/chunks/node_modules_next_dist_1e8vcs8._.js:1052
[   51212ms] [ERROR] ./src/app/admin/page.tsx:641:19
Error: Unexpected token. Did you mean `{'}'}` or `&rbrace;`?
  639 |                     </div>
  640 |                   </div>
> 641 |                 ))}
      |                   ^
  642 |           </div>
  643 |         )}
  644 |         <Button

Parsing ecmascript source code failed

Import traces:
  Client Component Browser:
    ./src/app/admin/page.tsx [Client Component Browser]
    ./src/app/admin/page.tsx [Server Component]

  Client Component SSR:
    ./src/app/admin/page.tsx [Client Component SSR]
    ./src/app/admin/page.tsx [Server Component] @ http://localhost:3000/_next/static/chunks/node_modules_next_dist_1e8vcs8._.js:1052
[   51262ms] [ERROR] ./src/app/admin/page.tsx:641:19
Error: Unexpected token. Did you mean `{'}'}` or `&rbrace;`?
  639 |                     </div>
  640 |                   </div>
> 641 |                 ))}
      |                   ^
  642 |           </div>
  643 |         )}
  644 |         <Button

Parsing ecmascript source code failed

Import traces:
  Client Component Browser:
    ./src/app/admin/page.tsx [Client Component Browser]
    ./src/app/admin/page.tsx [Server Component]

  Client Component SSR:
    ./src/app/admin/page.tsx [Client Component SSR]
    ./src/app/admin/page.tsx [Server Component] @ http://localhost:3000/_next/static/chunks/node_modules_next_dist_1e8vcs8._.js:1052
[   51313ms] [ERROR] ./src/app/admin/page.tsx:641:19
Error: Unexpected token. Did you mean `{'}'}` or `&rbrace;`?
  639 |                     </div>
  640 |                   </div>
> 641 |                 ))}
      |                   ^
  642 |           </div>
  643 |         )}
  644 |         <Button

Parsing ecmascript source code failed

Import traces:
  Client Component Browser:
    ./src/app/admin/page.tsx [Client Component Browser]
    ./src/app/admin/page.tsx [Server Component]

  Client Component SSR:
    ./src/app/admin/page.tsx [Client Component SSR]
    ./src/app/admin/page.tsx [Server Component] @ http://localhost:3000/_next/static/chunks/node_modules_next_dist_1e8vcs8._.js:1052
[   51364ms] [ERROR] ./src/app/admin/page.tsx:641:19
Error: Unexpected token. Did you mean `{'}'}` or `&rbrace;`?
  639 |                     </div>
  640 |                   </div>
> 641 |                 ))}
      |                   ^
  642 |           </div>
  643 |         )}
  644 |         <Button

Parsing ecmascript source code failed

Import traces:
  Client Component Browser:
    ./src/app/admin/page.tsx [Client Component Browser]
    ./src/app/admin/page.tsx [Server Component]

  Client Component SSR:
    ./src/app/admin/page.tsx [Client Component SSR]
    ./src/app/admin/page.tsx [Server Component] @ http://localhost:3000/_next/static/chunks/node_modules_next_dist_1e8vcs8._.js:1052
[   51414ms] [ERROR] ./src/app/admin/page.tsx:641:19
Error: Unexpected token. Did you mean `{'}'}` or `&rbrace;`?
  639 |                     </div>
  640 |                   </div>
> 641 |                 ))}
      |                   ^
  642 |           </div>
  643 |         )}
  644 |         <Button

Parsing ecmascript source code failed

Import traces:
  Client Component Browser:
    ./src/app/admin/page.tsx [Client Component Browser]
    ./src/app/admin/page.tsx [Server Component]

  Client Component SSR:
    ./src/app/admin/page.tsx [Client Component SSR]
    ./src/app/admin/page.tsx [Server Component] @ http://localhost:3000/_next/static/chunks/node_modules_next_dist_1e8vcs8._.js:1052
[   51464ms] [ERROR] ./src/app/admin/page.tsx:641:19
Error: Unexpected token. Did you mean `{'}'}` or `&rbrace;`?
  639 |                     </div>
  640 |                   </div>
> 641 |                 ))}
      |                   ^
  642 |           </div>
  643 |         )}
  644 |         <Button

Parsing ecmascript source code failed

Import traces:
  Client Component Browser:
    ./src/app/admin/page.tsx [Client Component Browser]
    ./src/app/admin/page.tsx [Server Component]

  Client Component SSR:
    ./src/app/admin/page.tsx [Client Component SSR]
    ./src/app/admin/page.tsx [Server Component] @ http://localhost:3000/_next/static/chunks/node_modules_next_dist_1e8vcs8._.js:1052
[   51524ms] [ERROR] ./src/app/admin/page.tsx:641:19
Error: Unexpected token. Did you mean `{'}'}` or `&rbrace;`?
  639 |                     </div>
  640 |                   </div>
> 641 |                 ))}
      |                   ^
  642 |           </div>
  643 |         )}
  644 |         <Button

Parsing ecmascript source code failed

Import traces:
  Client Component Browser:
    ./src/app/admin/page.tsx [Client Component Browser]
    ./src/app/admin/page.tsx [Server Component]

  Client Component SSR:
    ./src/app/admin/page.tsx [Client Component SSR]
    ./src/app/admin/page.tsx [Server Component] @ http://localhost:3000/_next/static/chunks/node_modules_next_dist_1e8vcs8._.js:1052
[   51589ms] [ERROR] ./src/app/admin/page.tsx:641:19
Error: Unexpected token. Did you mean `{'}'}` or `&rbrace;`?
  639 |                     </div>
  640 |                   </div>
> 641 |                 ))}
      |                   ^
  642 |           </div>
  643 |         )}
  644 |         <Button

Parsing ecmascript source code failed

Import traces:
  Client Component Browser:
    ./src/app/admin/page.tsx [Client Component Browser]
    ./src/app/admin/page.tsx [Server Component]

  Client Component SSR:
    ./src/app/admin/page.tsx [Client Component SSR]
    ./src/app/admin/page.tsx [Server Component] @ http://localhost:3000/_next/static/chunks/node_modules_next_dist_1e8vcs8._.js:1052
[   51641ms] [ERROR] ./src/app/admin/page.tsx:641:19
Error: Unexpected token. Did you mean `{'}'}` or `&rbrace;`?
  639 |                     </div>
  640 |                   </div>
> 641 |                 ))}
      |                   ^
  642 |           </div>
  643 |         )}
  644 |         <Button

Parsing ecmascript source code failed

Import traces:
  Client Component Browser:
    ./src/app/admin/page.tsx [Client Component Browser]
    ./src/app/admin/page.tsx [Server Component]

  Client Component SSR:
    ./src/app/admin/page.tsx [Client Component SSR]
    ./src/app/admin/page.tsx [Server Component] @ http://localhost:3000/_next/static/chunks/node_modules_next_dist_1e8vcs8._.js:1052
[   51694ms] [ERROR] ./src/app/admin/page.tsx:641:19
Error: Unexpected token. Did you mean `{'}'}` or `&rbrace;`?
  639 |                     </div>
  640 |                   </div>
> 641 |                 ))}
      |                   ^
  642 |           </div>
  643 |         )}
  644 |         <Button

Parsing ecmascript source code failed

Import traces:
  Client Component Browser:
    ./src/app/admin/page.tsx [Client Component Browser]
    ./src/app/admin/page.tsx [Server Component]

  Client Component SSR:
    ./src/app/admin/page.tsx [Client Component SSR]
    ./src/app/admin/page.tsx [Server Component] @ http://localhost:3000/_next/static/chunks/node_modules_next_dist_1e8vcs8._.js:1052
[   51745ms] [ERROR] ./src/app/admin/page.tsx:641:19
Error: Unexpected token. Did you mean `{'}'}` or `&rbrace;`?
  639 |                     </div>
  640 |                   </div>
> 641 |                 ))}
      |                   ^
  642 |           </div>
  643 |         )}
  644 |         <Button

Parsing ecmascript source code failed

Import traces:
  Client Component Browser:
    ./src/app/admin/page.tsx [Client Component Browser]
    ./src/app/admin/page.tsx [Server Component]

  Client Component SSR:
    ./src/app/admin/page.tsx [Client Component SSR]
    ./src/app/admin/page.tsx [Server Component] @ http://localhost:3000/_next/static/chunks/node_modules_next_dist_1e8vcs8._.js:1052
[   51797ms] [ERROR] ./src/app/admin/page.tsx:641:19
Error: Unexpected token. Did you mean `{'}'}` or `&rbrace;`?
  639 |                     </div>
  640 |                   </div>
> 641 |                 ))}
      |                   ^
  642 |           </div>
  643 |         )}
  644 |         <Button

Parsing ecmascript source code failed

Import traces:
  Client Component Browser:
    ./src/app/admin/page.tsx [Client Component Browser]
    ./src/app/admin/page.tsx [Server Component]

  Client Component SSR:
    ./src/app/admin/page.tsx [Client Component SSR]
    ./src/app/admin/page.tsx [Server Component] @ http://localhost:3000/_next/static/chunks/node_modules_next_dist_1e8vcs8._.js:1052
[   51858ms] [ERROR] ./src/app/admin/page.tsx:641:19
Error: Unexpected token. Did you mean `{'}'}` or `&rbrace;`?
  639 |                     </div>
  640 |                   </div>
> 641 |                 ))}
      |                   ^
  642 |           </div>
  643 |         )}
  644 |         <Button

Parsing ecmascript source code failed

Import traces:
  Client Component Browser:
    ./src/app/admin/page.tsx [Client Component Browser]
    ./src/app/admin/page.tsx [Server Component]

  Client Component SSR:
    ./src/app/admin/page.tsx [Client Component SSR]
    ./src/app/admin/page.tsx [Server Component] @ http://localhost:3000/_next/static/chunks/node_modules_next_dist_1e8vcs8._.js:1052
[   51914ms] [ERROR] ./src/app/admin/page.tsx:641:19
Error: Unexpected token. Did you mean `{'}'}` or `&rbrace;`?
  639 |                     </div>
  640 |                   </div>
> 641 |                 ))}
      |                   ^
  642 |           </div>
  643 |         )}
  644 |         <Button

Parsing ecmascript source code failed

Import traces:
  Client Component Browser:
    ./src/app/admin/page.tsx [Client Component Browser]
    ./src/app/admin/page.tsx [Server Component]

  Client Component SSR:
    ./src/app/admin/page.tsx [Client Component SSR]
    ./src/app/admin/page.tsx [Server Component] @ http://localhost:3000/_next/static/chunks/node_modules_next_dist_1e8vcs8._.js:1052
[   51970ms] [ERROR] ./src/app/admin/page.tsx:641:19
Error: Unexpected token. Did you mean `{'}'}` or `&rbrace;`?
  639 |                     </div>
  640 |                   </div>
> 641 |                 ))}
      |                   ^
  642 |           </div>
  643 |         )}
  644 |         <Button

Parsing ecmascript source code failed

Import traces:
  Client Component Browser:
    ./src/app/admin/page.tsx [Client Component Browser]
    ./src/app/admin/page.tsx [Server Component]

  Client Component SSR:
    ./src/app/admin/page.tsx [Client Component SSR]
    ./src/app/admin/page.tsx [Server Component] @ http://localhost:3000/_next/static/chunks/node_modules_next_dist_1e8vcs8._.js:1052
[   52023ms] [ERROR] ./src/app/admin/page.tsx:641:19
Error: Unexpected token. Did you mean `{'}'}` or `&rbrace;`?
  639 |                     </div>
  640 |                   </div>
> 641 |                 ))}
      |                   ^
  642 |           </div>
  643 |         )}
  644 |         <Button

Parsing ecmascript source code failed

Import traces:
  Client Component Browser:
    ./src/app/admin/page.tsx [Client Component Browser]
    ./src/app/admin/page.tsx [Server Component]

  Client Component SSR:
    ./src/app/admin/page.tsx [Client Component SSR]
    ./src/app/admin/page.tsx [Server Component] @ http://localhost:3000/_next/static/chunks/node_modules_next_dist_1e8vcs8._.js:1052
[   52073ms] [ERROR] ./src/app/admin/page.tsx:641:19
Error: Unexpected token. Did you mean `{'}'}` or `&rbrace;`?
  639 |                     </div>
  640 |                   </div>
> 641 |                 ))}
      |                   ^
  642 |           </div>
  643 |         )}
  644 |         <Button

Parsing ecmascript source code failed

Import traces:
  Client Component Browser:
    ./src/app/admin/page.tsx [Client Component Browser]
    ./src/app/admin/page.tsx [Server Component]

  Client Component SSR:
    ./src/app/admin/page.tsx [Client Component SSR]
    ./src/app/admin/page.tsx [Server Component] @ http://localhost:3000/_next/static/chunks/node_modules_next_dist_1e8vcs8._.js:1052
[   52126ms] [ERROR] ./src/app/admin/page.tsx:641:19
Error: Unexpected token. Did you mean `{'}'}` or `&rbrace;`?
  639 |                     </div>
  640 |                   </div>
> 641 |                 ))}
      |                   ^
  642 |           </div>
  643 |         )}
  644 |         <Button

Parsing ecmascript source code failed

Import traces:
  Client Component Browser:
    ./src/app/admin/page.tsx [Client Component Browser]
    ./src/app/admin/page.tsx [Server Component]

  Client Component SSR:
    ./src/app/admin/page.tsx [Client Component SSR]
    ./src/app/admin/page.tsx [Server Component] @ http://localhost:3000/_next/static/chunks/node_modules_next_dist_1e8vcs8._.js:1052
[   52178ms] [ERROR] ./src/app/admin/page.tsx:641:19
Error: Unexpected token. Did you mean `{'}'}` or `&rbrace;`?
  639 |                     </div>
  640 |                   </div>
> 641 |                 ))}
      |                   ^
  642 |           </div>
  643 |         )}
  644 |         <Button

Parsing ecmascript source code failed

Import traces:
  Client Component Browser:
    ./src/app/admin/page.tsx [Client Component Browser]
    ./src/app/admin/page.tsx [Server Component]

  Client Component SSR:
    ./src/app/admin/page.tsx [Client Component SSR]
    ./src/app/admin/page.tsx [Server Component] @ http://localhost:3000/_next/static/chunks/node_modules_next_dist_1e8vcs8._.js:1052
[   52228ms] [ERROR] ./src/app/admin/page.tsx:641:19
Error: Unexpected token. Did you mean `{'}'}` or `&rbrace;`?
  639 |                     </div>
  640 |                   </div>
> 641 |                 ))}
      |                   ^
  642 |           </div>
  643 |         )}
  644 |         <Button

Parsing ecmascript source code failed

Import traces:
  Client Component Browser:
    ./src/app/admin/page.tsx [Client Component Browser]
    ./src/app/admin/page.tsx [Server Component]

  Client Component SSR:
    ./src/app/admin/page.tsx [Client Component SSR]
    ./src/app/admin/page.tsx [Server Component] @ http://localhost:3000/_next/static/chunks/node_modules_next_dist_1e8vcs8._.js:1052
[   52279ms] [ERROR] ./src/app/admin/page.tsx:641:19
Error: Unexpected token. Did you mean `{'}'}` or `&rbrace;`?
  639 |                     </div>
  640 |                   </div>
> 641 |                 ))}
      |                   ^
  642 |           </div>
  643 |         )}
  644 |         <Button

Parsing ecmascript source code failed

Import traces:
  Client Component Browser:
    ./src/app/admin/page.tsx [Client Component Browser]
    ./src/app/admin/page.tsx [Server Component]

  Client Component SSR:
    ./src/app/admin/page.tsx [Client Component SSR]
    ./src/app/admin/page.tsx [Server Component] @ http://localhost:3000/_next/static/chunks/node_modules_next_dist_1e8vcs8._.js:1052
[   52329ms] [ERROR] ./src/app/admin/page.tsx:641:19
Error: Unexpected token. Did you mean `{'}'}` or `&rbrace;`?
  639 |                     </div>
  640 |                   </div>
> 641 |                 ))}
      |                   ^
  642 |           </div>
  643 |         )}
  644 |         <Button

Parsing ecmascript source code failed

Import traces:
  Client Component Browser:
    ./src/app/admin/page.tsx [Client Component Browser]
    ./src/app/admin/page.tsx [Server Component]

  Client Component SSR:
    ./src/app/admin/page.tsx [Client Component SSR]
    ./src/app/admin/page.tsx [Server Component] @ http://localhost:3000/_next/static/chunks/node_modules_next_dist_1e8vcs8._.js:1052
[   52379ms] [ERROR] ./src/app/admin/page.tsx:641:19
Error: Unexpected token. Did you mean `{'}'}` or `&rbrace;`?
  639 |                     </div>
  640 |                   </div>
> 641 |                 ))}
      |                   ^
  642 |           </div>
  643 |         )}
  644 |         <Button

Parsing ecmascript source code failed

Import traces:
  Client Component Browser:
    ./src/app/admin/page.tsx [Client Component Browser]
    ./src/app/admin/page.tsx [Server Component]

  Client Component SSR:
    ./src/app/admin/page.tsx [Client Component SSR]
    ./src/app/admin/page.tsx [Server Component] @ http://localhost:3000/_next/static/chunks/node_modules_next_dist_1e8vcs8._.js:1052
[   52430ms] [ERROR] ./src/app/admin/page.tsx:641:19
Error: Unexpected token. Did you mean `{'}'}` or `&rbrace;`?
  639 |                     </div>
  640 |                   </div>
> 641 |                 ))}
      |                   ^
  642 |           </div>
  643 |         )}
  644 |         <Button

Parsing ecmascript source code failed

Import traces:
  Client Component Browser:
    ./src/app/admin/page.tsx [Client Component Browser]
    ./src/app/admin/page.tsx [Server Component]

  Client Component SSR:
    ./src/app/admin/page.tsx [Client Component SSR]
    ./src/app/admin/page.tsx [Server Component] @ http://localhost:3000/_next/static/chunks/node_modules_next_dist_1e8vcs8._.js:1052
[   52481ms] [ERROR] ./src/app/admin/page.tsx:641:19
Error: Unexpected token. Did you mean `{'}'}` or `&rbrace;`?
  639 |                     </div>
  640 |                   </div>
> 641 |                 ))}
      |                   ^
  642 |           </div>
  643 |         )}
  644 |         <Button

Parsing ecmascript source code failed

Import traces:
  Client Component Browser:
    ./src/app/admin/page.tsx [Client Component Browser]
    ./src/app/admin/page.tsx [Server Component]

  Client Component SSR:
    ./src/app/admin/page.tsx [Client Component SSR]
    ./src/app/admin/page.tsx [Server Component] @ http://localhost:3000/_next/static/chunks/node_modules_next_dist_1e8vcs8._.js:1052
[   52532ms] [ERROR] ./src/app/admin/page.tsx:641:19
Error: Unexpected token. Did you mean `{'}'}` or `&rbrace;`?
  639 |                     </div>
  640 |                   </div>
> 641 |                 ))}
      |                   ^
  642 |           </div>
  643 |         )}
  644 |         <Button

Parsing ecmascript source code failed

Import traces:
  Client Component Browser:
    ./src/app/admin/page.tsx [Client Component Browser]
    ./src/app/admin/page.tsx [Server Component]

  Client Component SSR:
    ./src/app/admin/page.tsx [Client Component SSR]
    ./src/app/admin/page.tsx [Server Component] @ http://localhost:3000/_next/static/chunks/node_modules_next_dist_1e8vcs8._.js:1052
[   52582ms] [ERROR] ./src/app/admin/page.tsx:641:19
Error: Unexpected token. Did you mean `{'}'}` or `&rbrace;`?
  639 |                     </div>
  640 |                   </div>
> 641 |                 ))}
      |                   ^
  642 |           </div>
  643 |         )}
  644 |         <Button

Parsing ecmascript source code failed

Import traces:
  Client Component Browser:
    ./src/app/admin/page.tsx [Client Component Browser]
    ./src/app/admin/page.tsx [Server Component]

  Client Component SSR:
    ./src/app/admin/page.tsx [Client Component SSR]
    ./src/app/admin/page.tsx [Server Component] @ http://localhost:3000/_next/static/chunks/node_modules_next_dist_1e8vcs8._.js:1052
[   52634ms] [ERROR] ./src/app/admin/page.tsx:641:19
Error: Unexpected token. Did you mean `{'}'}` or `&rbrace;`?
  639 |                     </div>
  640 |                   </div>
> 641 |                 ))}
      |                   ^
  642 |           </div>
  643 |         )}
  644 |         <Button

Parsing ecmascript source code failed

Import traces:
  Client Component Browser:
    ./src/app/admin/page.tsx [Client Component Browser]
    ./src/app/admin/page.tsx [Server Component]

  Client Component SSR:
    ./src/app/admin/page.tsx [Client Component SSR]
    ./src/app/admin/page.tsx [Server Component] @ http://localhost:3000/_next/static/chunks/node_modules_next_dist_1e8vcs8._.js:1052
[   52683ms] [ERROR] ./src/app/admin/page.tsx:641:19
Error: Unexpected token. Did you mean `{'}'}` or `&rbrace;`?
  639 |                     </div>
  640 |                   </div>
> 641 |                 ))}
      |                   ^
  642 |           </div>
  643 |         )}
  644 |         <Button

Parsing ecmascript source code failed

Import traces:
  Client Component Browser:
    ./src/app/admin/page.tsx [Client Component Browser]
    ./src/app/admin/page.tsx [Server Component]

  Client Component SSR:
    ./src/app/admin/page.tsx [Client Component SSR]
    ./src/app/admin/page.tsx [Server Component] @ http://localhost:3000/_next/static/chunks/node_modules_next_dist_1e8vcs8._.js:1052
[   52737ms] [ERROR] ./src/app/admin/page.tsx:641:19
Error: Unexpected token. Did you mean `{'}'}` or `&rbrace;`?
  639 |                     </div>
  640 |                   </div>
> 641 |                 ))}
      |                   ^
  642 |           </div>
  643 |         )}
  644 |         <Button

Parsing ecmascript source code failed

Import traces:
  Client Component Browser:
    ./src/app/admin/page.tsx [Client Component Browser]
    ./src/app/admin/page.tsx [Server Component]

  Client Component SSR:
    ./src/app/admin/page.tsx [Client Component SSR]
    ./src/app/admin/page.tsx [Server Component] @ http://localhost:3000/_next/static/chunks/node_modules_next_dist_1e8vcs8._.js:1052
[   52789ms] [ERROR] ./src/app/admin/page.tsx:641:19
Error: Unexpected token. Did you mean `{'}'}` or `&rbrace;`?
  639 |                     </div>
  640 |                   </div>
> 641 |                 ))}
      |                   ^
  642 |           </div>
  643 |         )}
  644 |         <Button

Parsing ecmascript source code failed

Import traces:
  Client Component Browser:
    ./src/app/admin/page.tsx [Client Component Browser]
    ./src/app/admin/page.tsx [Server Component]

  Client Component SSR:
    ./src/app/admin/page.tsx [Client Component SSR]
    ./src/app/admin/page.tsx [Server Component] @ http://localhost:3000/_next/static/chunks/node_modules_next_dist_1e8vcs8._.js:1052
[   52841ms] [ERROR] ./src/app/admin/page.tsx:641:19
Error: Unexpected token. Did you mean `{'}'}` or `&rbrace;`?
  639 |                     </div>
  640 |                   </div>
> 641 |                 ))}
      |                   ^
  642 |           </div>
  643 |         )}
  644 |         <Button

Parsing ecmascript source code failed

Import traces:
  Client Component Browser:
    ./src/app/admin/page.tsx [Client Component Browser]
    ./src/app/admin/page.tsx [Server Component]

  Client Component SSR:
    ./src/app/admin/page.tsx [Client Component SSR]
    ./src/app/admin/page.tsx [Server Component] @ http://localhost:3000/_next/static/chunks/node_modules_next_dist_1e8vcs8._.js:1052
[   52891ms] [ERROR] ./src/app/admin/page.tsx:641:19
Error: Unexpected token. Did you mean `{'}'}` or `&rbrace;`?
  639 |                     </div>
  640 |                   </div>
> 641 |                 ))}
      |                   ^
  642 |           </div>
  643 |         )}
  644 |         <Button

Parsing ecmascript source code failed

Import traces:
  Client Component Browser:
    ./src/app/admin/page.tsx [Client Component Browser]
    ./src/app/admin/page.tsx [Server Component]

  Client Component SSR:
    ./src/app/admin/page.tsx [Client Component SSR]
    ./src/app/admin/page.tsx [Server Component] @ http://localhost:3000/_next/static/chunks/node_modules_next_dist_1e8vcs8._.js:1052
[   52943ms] [ERROR] ./src/app/admin/page.tsx:641:19
Error: Unexpected token. Did you mean `{'}'}` or `&rbrace;`?
  639 |                     </div>
  640 |                   </div>
> 641 |                 ))}
      |                   ^
  642 |           </div>
  643 |         )}
  644 |         <Button

Parsing ecmascript source code failed

Import traces:
  Client Component Browser:
    ./src/app/admin/page.tsx [Client Component Browser]
    ./src/app/admin/page.tsx [Server Component]

  Client Component SSR:
    ./src/app/admin/page.tsx [Client Component SSR]
    ./src/app/admin/page.tsx [Server Component] @ http://localhost:3000/_next/static/chunks/node_modules_next_dist_1e8vcs8._.js:1052
[   52995ms] [ERROR] ./src/app/admin/page.tsx:641:19
Error: Unexpected token. Did you mean `{'}'}` or `&rbrace;`?
  639 |                     </div>
  640 |                   </div>
> 641 |                 ))}
      |                   ^
  642 |           </div>
  643 |         )}
  644 |         <Button

Parsing ecmascript source code failed

Import traces:
  Client Component Browser:
    ./src/app/admin/page.tsx [Client Component Browser]
    ./src/app/admin/page.tsx [Server Component]

  Client Component SSR:
    ./src/app/admin/page.tsx [Client Component SSR]
    ./src/app/admin/page.tsx [Server Component] @ http://localhost:3000/_next/static/chunks/node_modules_next_dist_1e8vcs8._.js:1052
[   53057ms] [ERROR] ./src/app/admin/page.tsx:641:19
Error: Unexpected token. Did you mean `{'}'}` or `&rbrace;`?
  639 |                     </div>
  640 |                   </div>
> 641 |                 ))}
      |                   ^
  642 |           </div>
  643 |         )}
  644 |         <Button

Parsing ecmascript source code failed

Import traces:
  Client Component Browser:
    ./src/app/admin/page.tsx [Client Component Browser]
    ./src/app/admin/page.tsx [Server Component]

  Client Component SSR:
    ./src/app/admin/page.tsx [Client Component SSR]
    ./src/app/admin/page.tsx [Server Component] @ http://localhost:3000/_next/static/chunks/node_modules_next_dist_1e8vcs8._.js:1052
[   53106ms] [ERROR] ./src/app/admin/page.tsx:641:19
Error: Unexpected token. Did you mean `{'}'}` or `&rbrace;`?
  639 |                     </div>
  640 |                   </div>
> 641 |                 ))}
      |                   ^
  642 |           </div>
  643 |         )}
  644 |         <Button

Parsing ecmascript source code failed

Import traces:
  Client Component Browser:
    ./src/app/admin/page.tsx [Client Component Browser]
    ./src/app/admin/page.tsx [Server Component]

  Client Component SSR:
    ./src/app/admin/page.tsx [Client Component SSR]
    ./src/app/admin/page.tsx [Server Component] @ http://localhost:3000/_next/static/chunks/node_modules_next_dist_1e8vcs8._.js:1052
[   53158ms] [ERROR] ./src/app/admin/page.tsx:641:19
Error: Unexpected token. Did you mean `{'}'}` or `&rbrace;`?
  639 |                     </div>
  640 |                   </div>
> 641 |                 ))}
      |                   ^
  642 |           </div>
  643 |         )}
  644 |         <Button

Parsing ecmascript source code failed

Import traces:
  Client Component Browser:
    ./src/app/admin/page.tsx [Client Component Browser]
    ./src/app/admin/page.tsx [Server Component]

  Client Component SSR:
    ./src/app/admin/page.tsx [Client Component SSR]
    ./src/app/admin/page.tsx [Server Component] @ http://localhost:3000/_next/static/chunks/node_modules_next_dist_1e8vcs8._.js:1052
[   53208ms] [ERROR] ./src/app/admin/page.tsx:641:19
Error: Unexpected token. Did you mean `{'}'}` or `&rbrace;`?
  639 |                     </div>
  640 |                   </div>
> 641 |                 ))}
      |                   ^
  642 |           </div>
  643 |         )}
  644 |         <Button

Parsing ecmascript source code failed

Import traces:
  Client Component Browser:
    ./src/app/admin/page.tsx [Client Component Browser]
    ./src/app/admin/page.tsx [Server Component]

  Client Component SSR:
    ./src/app/admin/page.tsx [Client Component SSR]
    ./src/app/admin/page.tsx [Server Component] @ http://localhost:3000/_next/static/chunks/node_modules_next_dist_1e8vcs8._.js:1052
[   53258ms] [ERROR] ./src/app/admin/page.tsx:641:19
Error: Unexpected token. Did you mean `{'}'}` or `&rbrace;`?
  639 |                     </div>
  640 |                   </div>
> 641 |                 ))}
      |                   ^
  642 |           </div>
  643 |         )}
  644 |         <Button

Parsing ecmascript source code failed

Import traces:
  Client Component Browser:
    ./src/app/admin/page.tsx [Client Component Browser]
    ./src/app/admin/page.tsx [Server Component]

  Client Component SSR:
    ./src/app/admin/page.tsx [Client Component SSR]
    ./src/app/admin/page.tsx [Server Component] @ http://localhost:3000/_next/static/chunks/node_modules_next_dist_1e8vcs8._.js:1052
[   53309ms] [ERROR] ./src/app/admin/page.tsx:641:19
Error: Unexpected token. Did you mean `{'}'}` or `&rbrace;`?
  639 |                     </div>
  640 |                   </div>
> 641 |                 ))}
      |                   ^
  642 |           </div>
  643 |         )}
  644 |         <Button

Parsing ecmascript source code failed

Import traces:
  Client Component Browser:
    ./src/app/admin/page.tsx [Client Component Browser]
    ./src/app/admin/page.tsx [Server Component]

  Client Component SSR:
    ./src/app/admin/page.tsx [Client Component SSR]
    ./src/app/admin/page.tsx [Server Component] @ http://localhost:3000/_next/static/chunks/node_modules_next_dist_1e8vcs8._.js:1052
[   53359ms] [ERROR] ./src/app/admin/page.tsx:641:19
Error: Unexpected token. Did you mean `{'}'}` or `&rbrace;`?
  639 |                     </div>
  640 |                   </div>
> 641 |                 ))}
      |                   ^
  642 |           </div>
  643 |         )}
  644 |         <Button

Parsing ecmascript source code failed

Import traces:
  Client Component Browser:
    ./src/app/admin/page.tsx [Client Component Browser]
    ./src/app/admin/page.tsx [Server Component]

  Client Component SSR:
    ./src/app/admin/page.tsx [Client Component SSR]
    ./src/app/admin/page.tsx [Server Component] @ http://localhost:3000/_next/static/chunks/node_modules_next_dist_1e8vcs8._.js:1052
[   53408ms] [ERROR] ./src/app/admin/page.tsx:641:19
Error: Unexpected token. Did you mean `{'}'}` or `&rbrace;`?
  639 |                     </div>
  640 |                   </div>
> 641 |                 ))}
      |                   ^
  642 |           </div>
  643 |         )}
  644 |         <Button

Parsing ecmascript source code failed

Import traces:
  Client Component Browser:
    ./src/app/admin/page.tsx [Client Component Browser]
    ./src/app/admin/page.tsx [Server Component]

  Client Component SSR:
    ./src/app/admin/page.tsx [Client Component SSR]
    ./src/app/admin/page.tsx [Server Component] @ http://localhost:3000/_next/static/chunks/node_modules_next_dist_1e8vcs8._.js:1052
[   53459ms] [ERROR] ./src/app/admin/page.tsx:641:19
Error: Unexpected token. Did you mean `{'}'}` or `&rbrace;`?
  639 |                     </div>
  640 |                   </div>
> 641 |                 ))}
      |                   ^
  642 |           </div>
  643 |         )}
  644 |         <Button

Parsing ecmascript source code failed

Import traces:
  Client Component Browser:
    ./src/app/admin/page.tsx [Client Component Browser]
    ./src/app/admin/page.tsx [Server Component]

  Client Component SSR:
    ./src/app/admin/page.tsx [Client Component SSR]
    ./src/app/admin/page.tsx [Server Component] @ http://localhost:3000/_next/static/chunks/node_modules_next_dist_1e8vcs8._.js:1052
[   53510ms] [ERROR] ./src/app/admin/page.tsx:641:19
Error: Unexpected token. Did you mean `{'}'}` or `&rbrace;`?
  639 |                     </div>
  640 |                   </div>
> 641 |                 ))}
      |                   ^
  642 |           </div>
  643 |         )}
  644 |         <Button

Parsing ecmascript source code failed

Import traces:
  Client Component Browser:
    ./src/app/admin/page.tsx [Client Component Browser]
    ./src/app/admin/page.tsx [Server Component]

  Client Component SSR:
    ./src/app/admin/page.tsx [Client Component SSR]
    ./src/app/admin/page.tsx [Server Component] @ http://localhost:3000/_next/static/chunks/node_modules_next_dist_1e8vcs8._.js:1052
[   53562ms] [ERROR] ./src/app/admin/page.tsx:641:19
Error: Unexpected token. Did you mean `{'}'}` or `&rbrace;`?
  639 |                     </div>
  640 |                   </div>
> 641 |                 ))}
      |                   ^
  642 |           </div>
  643 |         )}
  644 |         <Button

Parsing ecmascript source code failed

Import traces:
  Client Component Browser:
    ./src/app/admin/page.tsx [Client Component Browser]
    ./src/app/admin/page.tsx [Server Component]

  Client Component SSR:
    ./src/app/admin/page.tsx [Client Component SSR]
    ./src/app/admin/page.tsx [Server Component] @ http://localhost:3000/_next/static/chunks/node_modules_next_dist_1e8vcs8._.js:1052
[   53614ms] [ERROR] ./src/app/admin/page.tsx:641:19
Error: Unexpected token. Did you mean `{'}'}` or `&rbrace;`?
  639 |                     </div>
  640 |                   </div>
> 641 |                 ))}
      |                   ^
  642 |           </div>
  643 |         )}
  644 |         <Button

Parsing ecmascript source code failed

Import traces:
  Client Component Browser:
    ./src/app/admin/page.tsx [Client Component Browser]
    ./src/app/admin/page.tsx [Server Component]

  Client Component SSR:
    ./src/app/admin/page.tsx [Client Component SSR]
    ./src/app/admin/page.tsx [Server Component] @ http://localhost:3000/_next/static/chunks/node_modules_next_dist_1e8vcs8._.js:1052
[   53664ms] [ERROR] ./src/app/admin/page.tsx:641:19
Error: Unexpected token. Did you mean `{'}'}` or `&rbrace;`?
  639 |                     </div>
  640 |                   </div>
> 641 |                 ))}
      |                   ^
  642 |           </div>
  643 |         )}
  644 |         <Button

Parsing ecmascript source code failed

Import traces:
  Client Component Browser:
    ./src/app/admin/page.tsx [Client Component Browser]
    ./src/app/admin/page.tsx [Server Component]

  Client Component SSR:
    ./src/app/admin/page.tsx [Client Component SSR]
    ./src/app/admin/page.tsx [Server Component] @ http://localhost:3000/_next/static/chunks/node_modules_next_dist_1e8vcs8._.js:1052
[   53714ms] [ERROR] ./src/app/admin/page.tsx:641:19
Error: Unexpected token. Did you mean `{'}'}` or `&rbrace;`?
  639 |                     </div>
  640 |                   </div>
> 641 |                 ))}
      |                   ^
  642 |           </div>
  643 |         )}
  644 |         <Button

Parsing ecmascript source code failed

Import traces:
  Client Component Browser:
    ./src/app/admin/page.tsx [Client Component Browser]
    ./src/app/admin/page.tsx [Server Component]

  Client Component SSR:
    ./src/app/admin/page.tsx [Client Component SSR]
    ./src/app/admin/page.tsx [Server Component] @ http://localhost:3000/_next/static/chunks/node_modules_next_dist_1e8vcs8._.js:1052
[   53761ms] [ERROR] ./src/app/admin/page.tsx:641:19
Error: Unexpected token. Did you mean `{'}'}` or `&rbrace;`?
  639 |                     </div>
  640 |                   </div>
> 641 |                 ))}
      |                   ^
  642 |           </div>
  643 |         )}
  644 |         <Button

Parsing ecmascript source code failed

Import traces:
  Client Component Browser:
    ./src/app/admin/page.tsx [Client Component Browser]
    ./src/app/admin/page.tsx [Server Component]

  Client Component SSR:
    ./src/app/admin/page.tsx [Client Component SSR]
    ./src/app/admin/page.tsx [Server Component] @ http://localhost:3000/_next/static/chunks/node_modules_next_dist_1e8vcs8._.js:1052
[   53813ms] [ERROR] ./src/app/admin/page.tsx:641:19
Error: Unexpected token. Did you mean `{'}'}` or `&rbrace;`?
  639 |                     </div>
  640 |                   </div>
> 641 |                 ))}
      |                   ^
  642 |           </div>
  643 |         )}
  644 |         <Button

Parsing ecmascript source code failed

Import traces:
  Client Component Browser:
    ./src/app/admin/page.tsx [Client Component Browser]
    ./src/app/admin/page.tsx [Server Component]

  Client Component SSR:
    ./src/app/admin/page.tsx [Client Component SSR]
    ./src/app/admin/page.tsx [Server Component] @ http://localhost:3000/_next/static/chunks/node_modules_next_dist_1e8vcs8._.js:1052
[   53863ms] [ERROR] ./src/app/admin/page.tsx:641:19
Error: Unexpected token. Did you mean `{'}'}` or `&rbrace;`?
  639 |                     </div>
  640 |                   </div>
> 641 |                 ))}
      |                   ^
  642 |           </div>
  643 |         )}
  644 |         <Button

Parsing ecmascript source code failed

Import traces:
  Client Component Browser:
    ./src/app/admin/page.tsx [Client Component Browser]
    ./src/app/admin/page.tsx [Server Component]

  Client Component SSR:
    ./src/app/admin/page.tsx [Client Component SSR]
    ./src/app/admin/page.tsx [Server Component] @ http://localhost:3000/_next/static/chunks/node_modules_next_dist_1e8vcs8._.js:1052
[   53914ms] [ERROR] ./src/app/admin/page.tsx:641:19
Error: Unexpected token. Did you mean `{'}'}` or `&rbrace;`?
  639 |                     </div>
  640 |                   </div>
> 641 |                 ))}
      |                   ^
  642 |           </div>
  643 |         )}
  644 |         <Button

Parsing ecmascript source code failed

Import traces:
  Client Component Browser:
    ./src/app/admin/page.tsx [Client Component Browser]
    ./src/app/admin/page.tsx [Server Component]

  Client Component SSR:
    ./src/app/admin/page.tsx [Client Component SSR]
    ./src/app/admin/page.tsx [Server Component] @ http://localhost:3000/_next/static/chunks/node_modules_next_dist_1e8vcs8._.js:1052
[   53966ms] [ERROR] ./src/app/admin/page.tsx:641:19
Error: Unexpected token. Did you mean `{'}'}` or `&rbrace;`?
  639 |                     </div>
  640 |                   </div>
> 641 |                 ))}
      |                   ^
  642 |           </div>
  643 |         )}
  644 |         <Button

Parsing ecmascript source code failed

Import traces:
  Client Component Browser:
    ./src/app/admin/page.tsx [Client Component Browser]
    ./src/app/admin/page.tsx [Server Component]

  Client Component SSR:
    ./src/app/admin/page.tsx [Client Component SSR]
    ./src/app/admin/page.tsx [Server Component] @ http://localhost:3000/_next/static/chunks/node_modules_next_dist_1e8vcs8._.js:1052
[   54016ms] [ERROR] ./src/app/admin/page.tsx:641:19
Error: Unexpected token. Did you mean `{'}'}` or `&rbrace;`?
  639 |                     </div>
  640 |                   </div>
> 641 |                 ))}
      |                   ^
  642 |           </div>
  643 |         )}
  644 |         <Button

Parsing ecmascript source code failed

Import traces:
  Client Component Browser:
    ./src/app/admin/page.tsx [Client Component Browser]
    ./src/app/admin/page.tsx [Server Component]

  Client Component SSR:
    ./src/app/admin/page.tsx [Client Component SSR]
    ./src/app/admin/page.tsx [Server Component] @ http://localhost:3000/_next/static/chunks/node_modules_next_dist_1e8vcs8._.js:1052
[   54066ms] [ERROR] ./src/app/admin/page.tsx:641:19
Error: Unexpected token. Did you mean `{'}'}` or `&rbrace;`?
  639 |                     </div>
  640 |                   </div>
> 641 |                 ))}
      |                   ^
  642 |           </div>
  643 |         )}
  644 |         <Button

Parsing ecmascript source code failed

Import traces:
  Client Component Browser:
    ./src/app/admin/page.tsx [Client Component Browser]
    ./src/app/admin/page.tsx [Server Component]

  Client Component SSR:
    ./src/app/admin/page.tsx [Client Component SSR]
    ./src/app/admin/page.tsx [Server Component] @ http://localhost:3000/_next/static/chunks/node_modules_next_dist_1e8vcs8._.js:1052
[   54117ms] [ERROR] ./src/app/admin/page.tsx:641:19
Error: Unexpected token. Did you mean `{'}'}` or `&rbrace;`?
  639 |                     </div>
  640 |                   </div>
> 641 |                 ))}
      |                   ^
  642 |           </div>
  643 |         )}
  644 |         <Button

Parsing ecmascript source code failed

Import traces:
  Client Component Browser:
    ./src/app/admin/page.tsx [Client Component Browser]
    ./src/app/admin/page.tsx [Server Component]

  Client Component SSR:
    ./src/app/admin/page.tsx [Client Component SSR]
    ./src/app/admin/page.tsx [Server Component] @ http://localhost:3000/_next/static/chunks/node_modules_next_dist_1e8vcs8._.js:1052
[   54169ms] [ERROR] ./src/app/admin/page.tsx:641:19
Error: Unexpected token. Did you mean `{'}'}` or `&rbrace;`?
  639 |                     </div>
  640 |                   </div>
> 641 |                 ))}
      |                   ^
  642 |           </div>
  643 |         )}
  644 |         <Button

Parsing ecmascript source code failed

Import traces:
  Client Component Browser:
    ./src/app/admin/page.tsx [Client Component Browser]
    ./src/app/admin/page.tsx [Server Component]

  Client Component SSR:
    ./src/app/admin/page.tsx [Client Component SSR]
    ./src/app/admin/page.tsx [Server Component] @ http://localhost:3000/_next/static/chunks/node_modules_next_dist_1e8vcs8._.js:1052
[   54221ms] [ERROR] ./src/app/admin/page.tsx:641:19
Error: Unexpected token. Did you mean `{'}'}` or `&rbrace;`?
  639 |                     </div>
  640 |                   </div>
> 641 |                 ))}
      |                   ^
  642 |           </div>
  643 |         )}
  644 |         <Button

Parsing ecmascript source code failed

Import traces:
  Client Component Browser:
    ./src/app/admin/page.tsx [Client Component Browser]
    ./src/app/admin/page.tsx [Server Component]

  Client Component SSR:
    ./src/app/admin/page.tsx [Client Component SSR]
    ./src/app/admin/page.tsx [Server Component] @ http://localhost:3000/_next/static/chunks/node_modules_next_dist_1e8vcs8._.js:1052
[   54272ms] [ERROR] ./src/app/admin/page.tsx:641:19
Error: Unexpected token. Did you mean `{'}'}` or `&rbrace;`?
  639 |                     </div>
  640 |                   </div>
> 641 |                 ))}
      |                   ^
  642 |           </div>
  643 |         )}
  644 |         <Button

Parsing ecmascript source code failed

Import traces:
  Client Component Browser:
    ./src/app/admin/page.tsx [Client Component Browser]
    ./src/app/admin/page.tsx [Server Component]

  Client Component SSR:
    ./src/app/admin/page.tsx [Client Component SSR]
    ./src/app/admin/page.tsx [Server Component] @ http://localhost:3000/_next/static/chunks/node_modules_next_dist_1e8vcs8._.js:1052
[   54327ms] [ERROR] ./src/app/admin/page.tsx:641:19
Error: Unexpected token. Did you mean `{'}'}` or `&rbrace;`?
  639 |                     </div>
  640 |                   </div>
> 641 |                 ))}
      |                   ^
  642 |           </div>
  643 |         )}
  644 |         <Button

Parsing ecmascript source code failed

Import traces:
  Client Component Browser:
    ./src/app/admin/page.tsx [Client Component Browser]
    ./src/app/admin/page.tsx [Server Component]

  Client Component SSR:
    ./src/app/admin/page.tsx [Client Component SSR]
    ./src/app/admin/page.tsx [Server Component] @ http://localhost:3000/_next/static/chunks/node_modules_next_dist_1e8vcs8._.js:1052
[   54377ms] [ERROR] ./src/app/admin/page.tsx:641:19
Error: Unexpected token. Did you mean `{'}'}` or `&rbrace;`?
  639 |                     </div>
  640 |                   </div>
> 641 |                 ))}
      |                   ^
  642 |           </div>
  643 |         )}
  644 |         <Button

Parsing ecmascript source code failed

Import traces:
  Client Component Browser:
    ./src/app/admin/page.tsx [Client Component Browser]
    ./src/app/admin/page.tsx [Server Component]

  Client Component SSR:
    ./src/app/admin/page.tsx [Client Component SSR]
    ./src/app/admin/page.tsx [Server Component] @ http://localhost:3000/_next/static/chunks/node_modules_next_dist_1e8vcs8._.js:1052
[   54429ms] [ERROR] ./src/app/admin/page.tsx:641:19
Error: Unexpected token. Did you mean `{'}'}` or `&rbrace;`?
  639 |                     </div>
  640 |                   </div>
> 641 |                 ))}
      |                   ^
  642 |           </div>
  643 |         )}
  644 |         <Button

Parsing ecmascript source code failed

Import traces:
  Client Component Browser:
    ./src/app/admin/page.tsx [Client Component Browser]
    ./src/app/admin/page.tsx [Server Component]

  Client Component SSR:
    ./src/app/admin/page.tsx [Client Component SSR]
    ./src/app/admin/page.tsx [Server Component] @ http://localhost:3000/_next/static/chunks/node_modules_next_dist_1e8vcs8._.js:1052
[   54509ms] [ERROR] ./src/app/admin/page.tsx:641:19
Error: Unexpected token. Did you mean `{'}'}` or `&rbrace;`?
  639 |                     </div>
  640 |                   </div>
> 641 |                 ))}
      |                   ^
  642 |           </div>
  643 |         )}
  644 |         <Button

Parsing ecmascript source code failed

Import traces:
  Client Component Browser:
    ./src/app/admin/page.tsx [Client Component Browser]
    ./src/app/admin/page.tsx [Server Component]

  Client Component SSR:
    ./src/app/admin/page.tsx [Client Component SSR]
    ./src/app/admin/page.tsx [Server Component] @ http://localhost:3000/_next/static/chunks/node_modules_next_dist_1e8vcs8._.js:1052
[   54568ms] [ERROR] ./src/app/admin/page.tsx:641:19
Error: Unexpected token. Did you mean `{'}'}` or `&rbrace;`?
  639 |                     </div>
  640 |                   </div>
> 641 |                 ))}
      |                   ^
  642 |           </div>
  643 |         )}
  644 |         <Button

Parsing ecmascript source code failed

Import traces:
  Client Component Browser:
    ./src/app/admin/page.tsx [Client Component Browser]
    ./src/app/admin/page.tsx [Server Component]

  Client Component SSR:
    ./src/app/admin/page.tsx [Client Component SSR]
    ./src/app/admin/page.tsx [Server Component] @ http://localhost:3000/_next/static/chunks/node_modules_next_dist_1e8vcs8._.js:1052
[   54626ms] [ERROR] ./src/app/admin/page.tsx:641:19
Error: Unexpected token. Did you mean `{'}'}` or `&rbrace;`?
  639 |                     </div>
  640 |                   </div>
> 641 |                 ))}
      |                   ^
  642 |           </div>
  643 |         )}
  644 |         <Button

Parsing ecmascript source code failed

Import traces:
  Client Component Browser:
    ./src/app/admin/page.tsx [Client Component Browser]
    ./src/app/admin/page.tsx [Server Component]

  Client Component SSR:
    ./src/app/admin/page.tsx [Client Component SSR]
    ./src/app/admin/page.tsx [Server Component] @ http://localhost:3000/_next/static/chunks/node_modules_next_dist_1e8vcs8._.js:1052
[   54679ms] [ERROR] ./src/app/admin/page.tsx:641:19
Error: Unexpected token. Did you mean `{'}'}` or `&rbrace;`?
  639 |                     </div>
  640 |                   </div>
> 641 |                 ))}
      |                   ^
  642 |           </div>
  643 |         )}
  644 |         <Button

Parsing ecmascript source code failed

Import traces:
  Client Component Browser:
    ./src/app/admin/page.tsx [Client Component Browser]
    ./src/app/admin/page.tsx [Server Component]

  Client Component SSR:
    ./src/app/admin/page.tsx [Client Component SSR]
    ./src/app/admin/page.tsx [Server Component] @ http://localhost:3000/_next/static/chunks/node_modules_next_dist_1e8vcs8._.js:1052
[   54735ms] [ERROR] ./src/app/admin/page.tsx:641:19
Error: Unexpected token. Did you mean `{'}'}` or `&rbrace;`?
  639 |                     </div>
  640 |                   </div>
> 641 |                 ))}
      |                   ^
  642 |           </div>
  643 |         )}
  644 |         <Button

Parsing ecmascript source code failed

Import traces:
  Client Component Browser:
    ./src/app/admin/page.tsx [Client Component Browser]
    ./src/app/admin/page.tsx [Server Component]

  Client Component SSR:
    ./src/app/admin/page.tsx [Client Component SSR]
    ./src/app/admin/page.tsx [Server Component] @ http://localhost:3000/_next/static/chunks/node_modules_next_dist_1e8vcs8._.js:1052
[   54784ms] [ERROR] ./src/app/admin/page.tsx:641:19
Error: Unexpected token. Did you mean `{'}'}` or `&rbrace;`?
  639 |                     </div>
  640 |                   </div>
> 641 |                 ))}
      |                   ^
  642 |           </div>
  643 |         )}
  644 |         <Button

Parsing ecmascript source code failed

Import traces:
  Client Component Browser:
    ./src/app/admin/page.tsx [Client Component Browser]
    ./src/app/admin/page.tsx [Server Component]

  Client Component SSR:
    ./src/app/admin/page.tsx [Client Component SSR]
    ./src/app/admin/page.tsx [Server Component] @ http://localhost:3000/_next/static/chunks/node_modules_next_dist_1e8vcs8._.js:1052
[   54836ms] [ERROR] ./src/app/admin/page.tsx:641:19
Error: Unexpected token. Did you mean `{'}'}` or `&rbrace;`?
  639 |                     </div>
  640 |                   </div>
> 641 |                 ))}
      |                   ^
  642 |           </div>
  643 |         )}
  644 |         <Button

Parsing ecmascript source code failed

Import traces:
  Client Component Browser:
    ./src/app/admin/page.tsx [Client Component Browser]
    ./src/app/admin/page.tsx [Server Component]

  Client Component SSR:
    ./src/app/admin/page.tsx [Client Component SSR]
    ./src/app/admin/page.tsx [Server Component] @ http://localhost:3000/_next/static/chunks/node_modules_next_dist_1e8vcs8._.js:1052
[   54888ms] [ERROR] ./src/app/admin/page.tsx:641:19
Error: Unexpected token. Did you mean `{'}'}` or `&rbrace;`?
  639 |                     </div>
  640 |                   </div>
> 641 |                 ))}
      |                   ^
  642 |           </div>
  643 |         )}
  644 |         <Button

Parsing ecmascript source code failed

Import traces:
  Client Component Browser:
    ./src/app/admin/page.tsx [Client Component Browser]
    ./src/app/admin/page.tsx [Server Component]

  Client Component SSR:
    ./src/app/admin/page.tsx [Client Component SSR]
    ./src/app/admin/page.tsx [Server Component] @ http://localhost:3000/_next/static/chunks/node_modules_next_dist_1e8vcs8._.js:1052
[   54939ms] [ERROR] ./src/app/admin/page.tsx:641:19
Error: Unexpected token. Did you mean `{'}'}` or `&rbrace;`?
  639 |                     </div>
  640 |                   </div>
> 641 |                 ))}
      |                   ^
  642 |           </div>
  643 |         )}
  644 |         <Button

Parsing ecmascript source code failed

Import traces:
  Client Component Browser:
    ./src/app/admin/page.tsx [Client Component Browser]
    ./src/app/admin/page.tsx [Server Component]

  Client Component SSR:
    ./src/app/admin/page.tsx [Client Component SSR]
    ./src/app/admin/page.tsx [Server Component] @ http://localhost:3000/_next/static/chunks/node_modules_next_dist_1e8vcs8._.js:1052
[   54989ms] [ERROR] ./src/app/admin/page.tsx:641:19
Error: Unexpected token. Did you mean `{'}'}` or `&rbrace;`?
  639 |                     </div>
  640 |                   </div>
> 641 |                 ))}
      |                   ^
  642 |           </div>
  643 |         )}
  644 |         <Button

Parsing ecmascript source code failed

Import traces:
  Client Component Browser:
    ./src/app/admin/page.tsx [Client Component Browser]
    ./src/app/admin/page.tsx [Server Component]

  Client Component SSR:
    ./src/app/admin/page.tsx [Client Component SSR]
    ./src/app/admin/page.tsx [Server Component] @ http://localhost:3000/_next/static/chunks/node_modules_next_dist_1e8vcs8._.js:1052
[   55040ms] [ERROR] ./src/app/admin/page.tsx:641:19
Error: Unexpected token. Did you mean `{'}'}` or `&rbrace;`?
  639 |                     </div>
  640 |                   </div>
> 641 |                 ))}
      |                   ^
  642 |           </div>
  643 |         )}
  644 |         <Button

Parsing ecmascript source code failed

Import traces:
  Client Component Browser:
    ./src/app/admin/page.tsx [Client Component Browser]
    ./src/app/admin/page.tsx [Server Component]

  Client Component SSR:
    ./src/app/admin/page.tsx [Client Component SSR]
    ./src/app/admin/page.tsx [Server Component] @ http://localhost:3000/_next/static/chunks/node_modules_next_dist_1e8vcs8._.js:1052
[   55090ms] [ERROR] ./src/app/admin/page.tsx:641:19
Error: Unexpected token. Did you mean `{'}'}` or `&rbrace;`?
  639 |                     </div>
  640 |                   </div>
> 641 |                 ))}
      |                   ^
  642 |           </div>
  643 |         )}
  644 |         <Button

Parsing ecmascript source code failed

Import traces:
  Client Component Browser:
    ./src/app/admin/page.tsx [Client Component Browser]
    ./src/app/admin/page.tsx [Server Component]

  Client Component SSR:
    ./src/app/admin/page.tsx [Client Component SSR]
    ./src/app/admin/page.tsx [Server Component] @ http://localhost:3000/_next/static/chunks/node_modules_next_dist_1e8vcs8._.js:1052
[   55141ms] [ERROR] ./src/app/admin/page.tsx:641:19
Error: Unexpected token. Did you mean `{'}'}` or `&rbrace;`?
  639 |                     </div>
  640 |                   </div>
> 641 |                 ))}
      |                   ^
  642 |           </div>
  643 |         )}
  644 |         <Button

Parsing ecmascript source code failed

Import traces:
  Client Component Browser:
    ./src/app/admin/page.tsx [Client Component Browser]
    ./src/app/admin/page.tsx [Server Component]

  Client Component SSR:
    ./src/app/admin/page.tsx [Client Component SSR]
    ./src/app/admin/page.tsx [Server Component] @ http://localhost:3000/_next/static/chunks/node_modules_next_dist_1e8vcs8._.js:1052
[   55194ms] [ERROR] ./src/app/admin/page.tsx:641:19
Error: Unexpected token. Did you mean `{'}'}` or `&rbrace;`?
  639 |                     </div>
  640 |                   </div>
> 641 |                 ))}
      |                   ^
  642 |           </div>
  643 |         )}
  644 |         <Button

Parsing ecmascript source code failed

Import traces:
  Client Component Browser:
    ./src/app/admin/page.tsx [Client Component Browser]
    ./src/app/admin/page.tsx [Server Component]

  Client Component SSR:
    ./src/app/admin/page.tsx [Client Component SSR]
    ./src/app/admin/page.tsx [Server Component] @ http://localhost:3000/_next/static/chunks/node_modules_next_dist_1e8vcs8._.js:1052
[   55245ms] [ERROR] ./src/app/admin/page.tsx:641:19
Error: Unexpected token. Did you mean `{'}'}` or `&rbrace;`?
  639 |                     </div>
  640 |                   </div>
> 641 |                 ))}
      |                   ^
  642 |           </div>
  643 |         )}
  644 |         <Button

Parsing ecmascript source code failed

Import traces:
  Client Component Browser:
    ./src/app/admin/page.tsx [Client Component Browser]
    ./src/app/admin/page.tsx [Server Component]

  Client Component SSR:
    ./src/app/admin/page.tsx [Client Component SSR]
    ./src/app/admin/page.tsx [Server Component] @ http://localhost:3000/_next/static/chunks/node_modules_next_dist_1e8vcs8._.js:1052
[   55296ms] [ERROR] ./src/app/admin/page.tsx:641:19
Error: Unexpected token. Did you mean `{'}'}` or `&rbrace;`?
  639 |                     </div>
  640 |                   </div>
> 641 |                 ))}
      |                   ^
  642 |           </div>
  643 |         )}
  644 |         <Button

Parsing ecmascript source code failed

Import traces:
  Client Component Browser:
    ./src/app/admin/page.tsx [Client Component Browser]
    ./src/app/admin/page.tsx [Server Component]

  Client Component SSR:
    ./src/app/admin/page.tsx [Client Component SSR]
    ./src/app/admin/page.tsx [Server Component] @ http://localhost:3000/_next/static/chunks/node_modules_next_dist_1e8vcs8._.js:1052
[   55348ms] [ERROR] ./src/app/admin/page.tsx:641:19
Error: Unexpected token. Did you mean `{'}'}` or `&rbrace;`?
  639 |                     </div>
  640 |                   </div>
> 641 |                 ))}
      |                   ^
  642 |           </div>
  643 |         )}
  644 |         <Button

Parsing ecmascript source code failed

Import traces:
  Client Component Browser:
    ./src/app/admin/page.tsx [Client Component Browser]
    ./src/app/admin/page.tsx [Server Component]

  Client Component SSR:
    ./src/app/admin/page.tsx [Client Component SSR]
    ./src/app/admin/page.tsx [Server Component] @ http://localhost:3000/_next/static/chunks/node_modules_next_dist_1e8vcs8._.js:1052
[   55400ms] [ERROR] ./src/app/admin/page.tsx:641:19
Error: Unexpected token. Did you mean `{'}'}` or `&rbrace;`?
  639 |                     </div>
  640 |                   </div>
> 641 |                 ))}
      |                   ^
  642 |           </div>
  643 |         )}
  644 |         <Button

Parsing ecmascript source code failed

Import traces:
  Client Component Browser:
    ./src/app/admin/page.tsx [Client Component Browser]
    ./src/app/admin/page.tsx [Server Component]

  Client Component SSR:
    ./src/app/admin/page.tsx [Client Component SSR]
    ./src/app/admin/page.tsx [Server Component] @ http://localhost:3000/_next/static/chunks/node_modules_next_dist_1e8vcs8._.js:1052
[   55450ms] [ERROR] ./src/app/admin/page.tsx:641:19
Error: Unexpected token. Did you mean `{'}'}` or `&rbrace;`?
  639 |                     </div>
  640 |                   </div>
> 641 |                 ))}
      |                   ^
  642 |           </div>
  643 |         )}
  644 |         <Button

Parsing ecmascript source code failed

Import traces:
  Client Component Browser:
    ./src/app/admin/page.tsx [Client Component Browser]
    ./src/app/admin/page.tsx [Server Component]

  Client Component SSR:
    ./src/app/admin/page.tsx [Client Component SSR]
    ./src/app/admin/page.tsx [Server Component] @ http://localhost:3000/_next/static/chunks/node_modules_next_dist_1e8vcs8._.js:1052
[   55499ms] [ERROR] ./src/app/admin/page.tsx:641:19
Error: Unexpected token. Did you mean `{'}'}` or `&rbrace;`?
  639 |                     </div>
  640 |                   </div>
> 641 |                 ))}
      |                   ^
  642 |           </div>
  643 |         )}
  644 |         <Button

Parsing ecmascript source code failed

Import traces:
  Client Component Browser:
    ./src/app/admin/page.tsx [Client Component Browser]
    ./src/app/admin/page.tsx [Server Component]

  Client Component SSR:
    ./src/app/admin/page.tsx [Client Component SSR]
    ./src/app/admin/page.tsx [Server Component] @ http://localhost:3000/_next/static/chunks/node_modules_next_dist_1e8vcs8._.js:1052
[   55549ms] [ERROR] ./src/app/admin/page.tsx:641:19
Error: Unexpected token. Did you mean `{'}'}` or `&rbrace;`?
  639 |                     </div>
  640 |                   </div>
> 641 |                 ))}
      |                   ^
  642 |           </div>
  643 |         )}
  644 |         <Button

Parsing ecmascript source code failed

Import traces:
  Client Component Browser:
    ./src/app/admin/page.tsx [Client Component Browser]
    ./src/app/admin/page.tsx [Server Component]

  Client Component SSR:
    ./src/app/admin/page.tsx [Client Component SSR]
    ./src/app/admin/page.tsx [Server Component] @ http://localhost:3000/_next/static/chunks/node_modules_next_dist_1e8vcs8._.js:1052
[   55599ms] [ERROR] ./src/app/admin/page.tsx:641:19
Error: Unexpected token. Did you mean `{'}'}` or `&rbrace;`?
  639 |                     </div>
  640 |                   </div>
> 641 |                 ))}
      |                   ^
  642 |           </div>
  643 |         )}
  644 |         <Button

Parsing ecmascript source code failed

Import traces:
  Client Component Browser:
    ./src/app/admin/page.tsx [Client Component Browser]
    ./src/app/admin/page.tsx [Server Component]

  Client Component SSR:
    ./src/app/admin/page.tsx [Client Component SSR]
    ./src/app/admin/page.tsx [Server Component] @ http://localhost:3000/_next/static/chunks/node_modules_next_dist_1e8vcs8._.js:1052
[   55649ms] [ERROR] ./src/app/admin/page.tsx:641:19
Error: Unexpected token. Did you mean `{'}'}` or `&rbrace;`?
  639 |                     </div>
  640 |                   </div>
> 641 |                 ))}
      |                   ^
  642 |           </div>
  643 |         )}
  644 |         <Button

Parsing ecmascript source code failed

Import traces:
  Client Component Browser:
    ./src/app/admin/page.tsx [Client Component Browser]
    ./src/app/admin/page.tsx [Server Component]

  Client Component SSR:
    ./src/app/admin/page.tsx [Client Component SSR]
    ./src/app/admin/page.tsx [Server Component] @ http://localhost:3000/_next/static/chunks/node_modules_next_dist_1e8vcs8._.js:1052
[   55701ms] [ERROR] ./src/app/admin/page.tsx:641:19
Error: Unexpected token. Did you mean `{'}'}` or `&rbrace;`?
  639 |                     </div>
  640 |                   </div>
> 641 |                 ))}
      |                   ^
  642 |           </div>
  643 |         )}
  644 |         <Button

Parsing ecmascript source code failed

Import traces:
  Client Component Browser:
    ./src/app/admin/page.tsx [Client Component Browser]
    ./src/app/admin/page.tsx [Server Component]

  Client Component SSR:
    ./src/app/admin/page.tsx [Client Component SSR]
    ./src/app/admin/page.tsx [Server Component] @ http://localhost:3000/_next/static/chunks/node_modules_next_dist_1e8vcs8._.js:1052
[   55753ms] [ERROR] ./src/app/admin/page.tsx:641:19
Error: Unexpected token. Did you mean `{'}'}` or `&rbrace;`?
  639 |                     </div>
  640 |                   </div>
> 641 |                 ))}
      |                   ^
  642 |           </div>
  643 |         )}
  644 |         <Button

Parsing ecmascript source code failed

Import traces:
  Client Component Browser:
    ./src/app/admin/page.tsx [Client Component Browser]
    ./src/app/admin/page.tsx [Server Component]

  Client Component SSR:
    ./src/app/admin/page.tsx [Client Component SSR]
    ./src/app/admin/page.tsx [Server Component] @ http://localhost:3000/_next/static/chunks/node_modules_next_dist_1e8vcs8._.js:1052
[   55806ms] [ERROR] ./src/app/admin/page.tsx:641:19
Error: Unexpected token. Did you mean `{'}'}` or `&rbrace;`?
  639 |                     </div>
  640 |                   </div>
> 641 |                 ))}
      |                   ^
  642 |           </div>
  643 |         )}
  644 |         <Button

Parsing ecmascript source code failed

Import traces:
  Client Component Browser:
    ./src/app/admin/page.tsx [Client Component Browser]
    ./src/app/admin/page.tsx [Server Component]

  Client Component SSR:
    ./src/app/admin/page.tsx [Client Component SSR]
    ./src/app/admin/page.tsx [Server Component] @ http://localhost:3000/_next/static/chunks/node_modules_next_dist_1e8vcs8._.js:1052
[   55858ms] [ERROR] ./src/app/admin/page.tsx:641:19
Error: Unexpected token. Did you mean `{'}'}` or `&rbrace;`?
  639 |                     </div>
  640 |                   </div>
> 641 |                 ))}
      |                   ^
  642 |           </div>
  643 |         )}
  644 |         <Button

Parsing ecmascript source code failed

Import traces:
  Client Component Browser:
    ./src/app/admin/page.tsx [Client Component Browser]
    ./src/app/admin/page.tsx [Server Component]

  Client Component SSR:
    ./src/app/admin/page.tsx [Client Component SSR]
    ./src/app/admin/page.tsx [Server Component] @ http://localhost:3000/_next/static/chunks/node_modules_next_dist_1e8vcs8._.js:1052
[   55910ms] [ERROR] ./src/app/admin/page.tsx:641:19
Error: Unexpected token. Did you mean `{'}'}` or `&rbrace;`?
  639 |                     </div>
  640 |                   </div>
> 641 |                 ))}
      |                   ^
  642 |           </div>
  643 |         )}
  644 |         <Button

Parsing ecmascript source code failed

Import traces:
  Client Component Browser:
    ./src/app/admin/page.tsx [Client Component Browser]
    ./src/app/admin/page.tsx [Server Component]

  Client Component SSR:
    ./src/app/admin/page.tsx [Client Component SSR]
    ./src/app/admin/page.tsx [Server Component] @ http://localhost:3000/_next/static/chunks/node_modules_next_dist_1e8vcs8._.js:1052
[   55961ms] [ERROR] ./src/app/admin/page.tsx:641:19
Error: Unexpected token. Did you mean `{'}'}` or `&rbrace;`?
  639 |                     </div>
  640 |                   </div>
> 641 |                 ))}
      |                   ^
  642 |           </div>
  643 |         )}
  644 |         <Button

Parsing ecmascript source code failed

Import traces:
  Client Component Browser:
    ./src/app/admin/page.tsx [Client Component Browser]
    ./src/app/admin/page.tsx [Server Component]

  Client Component SSR:
    ./src/app/admin/page.tsx [Client Component SSR]
    ./src/app/admin/page.tsx [Server Component] @ http://localhost:3000/_next/static/chunks/node_modules_next_dist_1e8vcs8._.js:1052
[   56012ms] [ERROR] ./src/app/admin/page.tsx:641:19
Error: Unexpected token. Did you mean `{'}'}` or `&rbrace;`?
  639 |                     </div>
  640 |                   </div>
> 641 |                 ))}
      |                   ^
  642 |           </div>
  643 |         )}
  644 |         <Button

Parsing ecmascript source code failed

Import traces:
  Client Component Browser:
    ./src/app/admin/page.tsx [Client Component Browser]
    ./src/app/admin/page.tsx [Server Component]

  Client Component SSR:
    ./src/app/admin/page.tsx [Client Component SSR]
    ./src/app/admin/page.tsx [Server Component] @ http://localhost:3000/_next/static/chunks/node_modules_next_dist_1e8vcs8._.js:1052
[   56063ms] [ERROR] ./src/app/admin/page.tsx:641:19
Error: Unexpected token. Did you mean `{'}'}` or `&rbrace;`?
  639 |                     </div>
  640 |                   </div>
> 641 |                 ))}
      |                   ^
  642 |           </div>
  643 |         )}
  644 |         <Button

Parsing ecmascript source code failed

Import traces:
  Client Component Browser:
    ./src/app/admin/page.tsx [Client Component Browser]
    ./src/app/admin/page.tsx [Server Component]

  Client Component SSR:
    ./src/app/admin/page.tsx [Client Component SSR]
    ./src/app/admin/page.tsx [Server Component] @ http://localhost:3000/_next/static/chunks/node_modules_next_dist_1e8vcs8._.js:1052
[   56114ms] [ERROR] ./src/app/admin/page.tsx:641:19
Error: Unexpected token. Did you mean `{'}'}` or `&rbrace;`?
  639 |                     </div>
  640 |                   </div>
> 641 |                 ))}
      |                   ^
  642 |           </div>
  643 |         )}
  644 |         <Button

Parsing ecmascript source code failed

Import traces:
  Client Component Browser:
    ./src/app/admin/page.tsx [Client Component Browser]
    ./src/app/admin/page.tsx [Server Component]

  Client Component SSR:
    ./src/app/admin/page.tsx [Client Component SSR]
    ./src/app/admin/page.tsx [Server Component] @ http://localhost:3000/_next/static/chunks/node_modules_next_dist_1e8vcs8._.js:1052
[   56167ms] [ERROR] ./src/app/admin/page.tsx:641:19
Error: Unexpected token. Did you mean `{'}'}` or `&rbrace;`?
  639 |                     </div>
  640 |                   </div>
> 641 |                 ))}
      |                   ^
  642 |           </div>
  643 |         )}
  644 |         <Button

Parsing ecmascript source code failed

Import traces:
  Client Component Browser:
    ./src/app/admin/page.tsx [Client Component Browser]
    ./src/app/admin/page.tsx [Server Component]

  Client Component SSR:
    ./src/app/admin/page.tsx [Client Component SSR]
    ./src/app/admin/page.tsx [Server Component] @ http://localhost:3000/_next/static/chunks/node_modules_next_dist_1e8vcs8._.js:1052
[   56218ms] [ERROR] ./src/app/admin/page.tsx:641:19
Error: Unexpected token. Did you mean `{'}'}` or `&rbrace;`?
  639 |                     </div>
  640 |                   </div>
> 641 |                 ))}
      |                   ^
  642 |           </div>
  643 |         )}
  644 |         <Button

Parsing ecmascript source code failed

Import traces:
  Client Component Browser:
    ./src/app/admin/page.tsx [Client Component Browser]
    ./src/app/admin/page.tsx [Server Component]

  Client Component SSR:
    ./src/app/admin/page.tsx [Client Component SSR]
    ./src/app/admin/page.tsx [Server Component] @ http://localhost:3000/_next/static/chunks/node_modules_next_dist_1e8vcs8._.js:1052
[   56266ms] [ERROR] ./src/app/admin/page.tsx:641:19
Error: Unexpected token. Did you mean `{'}'}` or `&rbrace;`?
  639 |                     </div>
  640 |                   </div>
> 641 |                 ))}
      |                   ^
  642 |           </div>
  643 |         )}
  644 |         <Button

Parsing ecmascript source code failed

Import traces:
  Client Component Browser:
    ./src/app/admin/page.tsx [Client Component Browser]
    ./src/app/admin/page.tsx [Server Component]

  Client Component SSR:
    ./src/app/admin/page.tsx [Client Component SSR]
    ./src/app/admin/page.tsx [Server Component] @ http://localhost:3000/_next/static/chunks/node_modules_next_dist_1e8vcs8._.js:1052
[   56316ms] [ERROR] ./src/app/admin/page.tsx:641:19
Error: Unexpected token. Did you mean `{'}'}` or `&rbrace;`?
  639 |                     </div>
  640 |                   </div>
> 641 |                 ))}
      |                   ^
  642 |           </div>
  643 |         )}
  644 |         <Button

Parsing ecmascript source code failed

Import traces:
  Client Component Browser:
    ./src/app/admin/page.tsx [Client Component Browser]
    ./src/app/admin/page.tsx [Server Component]

  Client Component SSR:
    ./src/app/admin/page.tsx [Client Component SSR]
    ./src/app/admin/page.tsx [Server Component] @ http://localhost:3000/_next/static/chunks/node_modules_next_dist_1e8vcs8._.js:1052
[   56365ms] [ERROR] ./src/app/admin/page.tsx:641:19
Error: Unexpected token. Did you mean `{'}'}` or `&rbrace;`?
  639 |                     </div>
  640 |                   </div>
> 641 |                 ))}
      |                   ^
  642 |           </div>
  643 |         )}
  644 |         <Button

Parsing ecmascript source code failed

Import traces:
  Client Component Browser:
    ./src/app/admin/page.tsx [Client Component Browser]
    ./src/app/admin/page.tsx [Server Component]

  Client Component SSR:
    ./src/app/admin/page.tsx [Client Component SSR]
    ./src/app/admin/page.tsx [Server Component] @ http://localhost:3000/_next/static/chunks/node_modules_next_dist_1e8vcs8._.js:1052
[   56415ms] [ERROR] ./src/app/admin/page.tsx:641:19
Error: Unexpected token. Did you mean `{'}'}` or `&rbrace;`?
  639 |                     </div>
  640 |                   </div>
> 641 |                 ))}
      |                   ^
  642 |           </div>
  643 |         )}
  644 |         <Button

Parsing ecmascript source code failed

Import traces:
  Client Component Browser:
    ./src/app/admin/page.tsx [Client Component Browser]
    ./src/app/admin/page.tsx [Server Component]

  Client Component SSR:
    ./src/app/admin/page.tsx [Client Component SSR]
    ./src/app/admin/page.tsx [Server Component] @ http://localhost:3000/_next/static/chunks/node_modules_next_dist_1e8vcs8._.js:1052
[   56465ms] [ERROR] ./src/app/admin/page.tsx:641:19
Error: Unexpected token. Did you mean `{'}'}` or `&rbrace;`?
  639 |                     </div>
  640 |                   </div>
> 641 |                 ))}
      |                   ^
  642 |           </div>
  643 |         )}
  644 |         <Button

Parsing ecmascript source code failed

Import traces:
  Client Component Browser:
    ./src/app/admin/page.tsx [Client Component Browser]
    ./src/app/admin/page.tsx [Server Component]

  Client Component SSR:
    ./src/app/admin/page.tsx [Client Component SSR]
    ./src/app/admin/page.tsx [Server Component] @ http://localhost:3000/_next/static/chunks/node_modules_next_dist_1e8vcs8._.js:1052
[   56515ms] [ERROR] ./src/app/admin/page.tsx:641:19
Error: Unexpected token. Did you mean `{'}'}` or `&rbrace;`?
  639 |                     </div>
  640 |                   </div>
> 641 |                 ))}
      |                   ^
  642 |           </div>
  643 |         )}
  644 |         <Button

Parsing ecmascript source code failed

Import traces:
  Client Component Browser:
    ./src/app/admin/page.tsx [Client Component Browser]
    ./src/app/admin/page.tsx [Server Component]

  Client Component SSR:
    ./src/app/admin/page.tsx [Client Component SSR]
    ./src/app/admin/page.tsx [Server Component] @ http://localhost:3000/_next/static/chunks/node_modules_next_dist_1e8vcs8._.js:1052
[   56565ms] [ERROR] ./src/app/admin/page.tsx:641:19
Error: Unexpected token. Did you mean `{'}'}` or `&rbrace;`?
  639 |                     </div>
  640 |                   </div>
> 641 |                 ))}
      |                   ^
  642 |           </div>
  643 |         )}
  644 |         <Button

Parsing ecmascript source code failed

Import traces:
  Client Component Browser:
    ./src/app/admin/page.tsx [Client Component Browser]
    ./src/app/admin/page.tsx [Server Component]

  Client Component SSR:
    ./src/app/admin/page.tsx [Client Component SSR]
    ./src/app/admin/page.tsx [Server Component] @ http://localhost:3000/_next/static/chunks/node_modules_next_dist_1e8vcs8._.js:1052
[   56616ms] [ERROR] ./src/app/admin/page.tsx:641:19
Error: Unexpected token. Did you mean `{'}'}` or `&rbrace;`?
  639 |                     </div>
  640 |                   </div>
> 641 |                 ))}
      |                   ^
  642 |           </div>
  643 |         )}
  644 |         <Button

Parsing ecmascript source code failed

Import traces:
  Client Component Browser:
    ./src/app/admin/page.tsx [Client Component Browser]
    ./src/app/admin/page.tsx [Server Component]

  Client Component SSR:
    ./src/app/admin/page.tsx [Client Component SSR]
    ./src/app/admin/page.tsx [Server Component] @ http://localhost:3000/_next/static/chunks/node_modules_next_dist_1e8vcs8._.js:1052
[   56665ms] [ERROR] ./src/app/admin/page.tsx:641:19
Error: Unexpected token. Did you mean `{'}'}` or `&rbrace;`?
  639 |                     </div>
  640 |                   </div>
> 641 |                 ))}
      |                   ^
  642 |           </div>
  643 |         )}
  644 |         <Button

Parsing ecmascript source code failed

Import traces:
  Client Component Browser:
    ./src/app/admin/page.tsx [Client Component Browser]
    ./src/app/admin/page.tsx [Server Component]

  Client Component SSR:
    ./src/app/admin/page.tsx [Client Component SSR]
    ./src/app/admin/page.tsx [Server Component] @ http://localhost:3000/_next/static/chunks/node_modules_next_dist_1e8vcs8._.js:1052
[   56715ms] [ERROR] ./src/app/admin/page.tsx:641:19
Error: Unexpected token. Did you mean `{'}'}` or `&rbrace;`?
  639 |                     </div>
  640 |                   </div>
> 641 |                 ))}
      |                   ^
  642 |           </div>
  643 |         )}
  644 |         <Button

Parsing ecmascript source code failed

Import traces:
  Client Component Browser:
    ./src/app/admin/page.tsx [Client Component Browser]
    ./src/app/admin/page.tsx [Server Component]

  Client Component SSR:
    ./src/app/admin/page.tsx [Client Component SSR]
    ./src/app/admin/page.tsx [Server Component] @ http://localhost:3000/_next/static/chunks/node_modules_next_dist_1e8vcs8._.js:1052
[   56764ms] [ERROR] ./src/app/admin/page.tsx:641:19
Error: Unexpected token. Did you mean `{'}'}` or `&rbrace;`?
  639 |                     </div>
  640 |                   </div>
> 641 |                 ))}
      |                   ^
  642 |           </div>
  643 |         )}
  644 |         <Button

Parsing ecmascript source code failed

Import traces:
  Client Component Browser:
    ./src/app/admin/page.tsx [Client Component Browser]
    ./src/app/admin/page.tsx [Server Component]

  Client Component SSR:
    ./src/app/admin/page.tsx [Client Component SSR]
    ./src/app/admin/page.tsx [Server Component] @ http://localhost:3000/_next/static/chunks/node_modules_next_dist_1e8vcs8._.js:1052
[   56815ms] [ERROR] ./src/app/admin/page.tsx:641:19
Error: Unexpected token. Did you mean `{'}'}` or `&rbrace;`?
  639 |                     </div>
  640 |                   </div>
> 641 |                 ))}
      |                   ^
  642 |           </div>
  643 |         )}
  644 |         <Button

Parsing ecmascript source code failed

Import traces:
  Client Component Browser:
    ./src/app/admin/page.tsx [Client Component Browser]
    ./src/app/admin/page.tsx [Server Component]

  Client Component SSR:
    ./src/app/admin/page.tsx [Client Component SSR]
    ./src/app/admin/page.tsx [Server Component] @ http://localhost:3000/_next/static/chunks/node_modules_next_dist_1e8vcs8._.js:1052
[   56866ms] [ERROR] ./src/app/admin/page.tsx:641:19
Error: Unexpected token. Did you mean `{'}'}` or `&rbrace;`?
  639 |                     </div>
  640 |                   </div>
> 641 |                 ))}
      |                   ^
  642 |           </div>
  643 |         )}
  644 |         <Button

Parsing ecmascript source code failed

Import traces:
  Client Component Browser:
    ./src/app/admin/page.tsx [Client Component Browser]
    ./src/app/admin/page.tsx [Server Component]

  Client Component SSR:
    ./src/app/admin/page.tsx [Client Component SSR]
    ./src/app/admin/page.tsx [Server Component] @ http://localhost:3000/_next/static/chunks/node_modules_next_dist_1e8vcs8._.js:1052
[   56916ms] [ERROR] ./src/app/admin/page.tsx:641:19
Error: Unexpected token. Did you mean `{'}'}` or `&rbrace;`?
  639 |                     </div>
  640 |                   </div>
> 641 |                 ))}
      |                   ^
  642 |           </div>
  643 |         )}
  644 |         <Button

Parsing ecmascript source code failed

Import traces:
  Client Component Browser:
    ./src/app/admin/page.tsx [Client Component Browser]
    ./src/app/admin/page.tsx [Server Component]

  Client Component SSR:
    ./src/app/admin/page.tsx [Client Component SSR]
    ./src/app/admin/page.tsx [Server Component] @ http://localhost:3000/_next/static/chunks/node_modules_next_dist_1e8vcs8._.js:1052
[   56968ms] [ERROR] ./src/app/admin/page.tsx:641:19
Error: Unexpected token. Did you mean `{'}'}` or `&rbrace;`?
  639 |                     </div>
  640 |                   </div>
> 641 |                 ))}
      |                   ^
  642 |           </div>
  643 |         )}
  644 |         <Button

Parsing ecmascript source code failed

Import traces:
  Client Component Browser:
    ./src/app/admin/page.tsx [Client Component Browser]
    ./src/app/admin/page.tsx [Server Component]

  Client Component SSR:
    ./src/app/admin/page.tsx [Client Component SSR]
    ./src/app/admin/page.tsx [Server Component] @ http://localhost:3000/_next/static/chunks/node_modules_next_dist_1e8vcs8._.js:1052
[   57029ms] [ERROR] ./src/app/admin/page.tsx:641:19
Error: Unexpected token. Did you mean `{'}'}` or `&rbrace;`?
  639 |                     </div>
  640 |                   </div>
> 641 |                 ))}
      |                   ^
  642 |           </div>
  643 |         )}
  644 |         <Button

Parsing ecmascript source code failed

Import traces:
  Client Component Browser:
    ./src/app/admin/page.tsx [Client Component Browser]
    ./src/app/admin/page.tsx [Server Component]

  Client Component SSR:
    ./src/app/admin/page.tsx [Client Component SSR]
    ./src/app/admin/page.tsx [Server Component] @ http://localhost:3000/_next/static/chunks/node_modules_next_dist_1e8vcs8._.js:1052
[   57089ms] [ERROR] ./src/app/admin/page.tsx:641:19
Error: Unexpected token. Did you mean `{'}'}` or `&rbrace;`?
  639 |                     </div>
  640 |                   </div>
> 641 |                 ))}
      |                   ^
  642 |           </div>
  643 |         )}
  644 |         <Button

Parsing ecmascript source code failed

Import traces:
  Client Component Browser:
    ./src/app/admin/page.tsx [Client Component Browser]
    ./src/app/admin/page.tsx [Server Component]

  Client Component SSR:
    ./src/app/admin/page.tsx [Client Component SSR]
    ./src/app/admin/page.tsx [Server Component] @ http://localhost:3000/_next/static/chunks/node_modules_next_dist_1e8vcs8._.js:1052
[   57143ms] [ERROR] ./src/app/admin/page.tsx:641:19
Error: Unexpected token. Did you mean `{'}'}` or `&rbrace;`?
  639 |                     </div>
  640 |                   </div>
> 641 |                 ))}
      |                   ^
  642 |           </div>
  643 |         )}
  644 |         <Button

Parsing ecmascript source code failed

Import traces:
  Client Component Browser:
    ./src/app/admin/page.tsx [Client Component Browser]
    ./src/app/admin/page.tsx [Server Component]

  Client Component SSR:
    ./src/app/admin/page.tsx [Client Component SSR]
    ./src/app/admin/page.tsx [Server Component] @ http://localhost:3000/_next/static/chunks/node_modules_next_dist_1e8vcs8._.js:1052
[   57200ms] [ERROR] ./src/app/admin/page.tsx:641:19
Error: Unexpected token. Did you mean `{'}'}` or `&rbrace;`?
  639 |                     </div>
  640 |                   </div>
> 641 |                 ))}
      |                   ^
  642 |           </div>
  643 |         )}
  644 |         <Button

Parsing ecmascript source code failed

Import traces:
  Client Component Browser:
    ./src/app/admin/page.tsx [Client Component Browser]
    ./src/app/admin/page.tsx [Server Component]

  Client Component SSR:
    ./src/app/admin/page.tsx [Client Component SSR]
    ./src/app/admin/page.tsx [Server Component] @ http://localhost:3000/_next/static/chunks/node_modules_next_dist_1e8vcs8._.js:1052
[   57254ms] [ERROR] ./src/app/admin/page.tsx:641:19
Error: Unexpected token. Did you mean `{'}'}` or `&rbrace;`?
  639 |                     </div>
  640 |                   </div>
> 641 |                 ))}
      |                   ^
  642 |           </div>
  643 |         )}
  644 |         <Button

Parsing ecmascript source code failed

Import traces:
  Client Component Browser:
    ./src/app/admin/page.tsx [Client Component Browser]
    ./src/app/admin/page.tsx [Server Component]

  Client Component SSR:
    ./src/app/admin/page.tsx [Client Component SSR]
    ./src/app/admin/page.tsx [Server Component] @ http://localhost:3000/_next/static/chunks/node_modules_next_dist_1e8vcs8._.js:1052
[   57316ms] [ERROR] ./src/app/admin/page.tsx:641:19
Error: Unexpected token. Did you mean `{'}'}` or `&rbrace;`?
  639 |                     </div>
  640 |                   </div>
> 641 |                 ))}
      |                   ^
  642 |           </div>
  643 |         )}
  644 |         <Button

Parsing ecmascript source code failed

Import traces:
  Client Component Browser:
    ./src/app/admin/page.tsx [Client Component Browser]
    ./src/app/admin/page.tsx [Server Component]

  Client Component SSR:
    ./src/app/admin/page.tsx [Client Component SSR]
    ./src/app/admin/page.tsx [Server Component] @ http://localhost:3000/_next/static/chunks/node_modules_next_dist_1e8vcs8._.js:1052
[   57404ms] [ERROR] ./src/app/admin/page.tsx:641:19
Error: Unexpected token. Did you mean `{'}'}` or `&rbrace;`?
  639 |                     </div>
  640 |                   </div>
> 641 |                 ))}
      |                   ^
  642 |           </div>
  643 |         )}
  644 |         <Button

Parsing ecmascript source code failed

Import traces:
  Client Component Browser:
    ./src/app/admin/page.tsx [Client Component Browser]
    ./src/app/admin/page.tsx [Server Component]

  Client Component SSR:
    ./src/app/admin/page.tsx [Client Component SSR]
    ./src/app/admin/page.tsx [Server Component] @ http://localhost:3000/_next/static/chunks/node_modules_next_dist_1e8vcs8._.js:1052
[   57464ms] [ERROR] ./src/app/admin/page.tsx:641:19
Error: Unexpected token. Did you mean `{'}'}` or `&rbrace;`?
  639 |                     </div>
  640 |                   </div>
> 641 |                 ))}
      |                   ^
  642 |           </div>
  643 |         )}
  644 |         <Button

Parsing ecmascript source code failed

Import traces:
  Client Component Browser:
    ./src/app/admin/page.tsx [Client Component Browser]
    ./src/app/admin/page.tsx [Server Component]

  Client Component SSR:
    ./src/app/admin/page.tsx [Client Component SSR]
    ./src/app/admin/page.tsx [Server Component] @ http://localhost:3000/_next/static/chunks/node_modules_next_dist_1e8vcs8._.js:1052
[   57527ms] [ERROR] ./src/app/admin/page.tsx:641:19
Error: Unexpected token. Did you mean `{'}'}` or `&rbrace;`?
  639 |                     </div>
  640 |                   </div>
> 641 |                 ))}
      |                   ^
  642 |           </div>
  643 |         )}
  644 |         <Button

Parsing ecmascript source code failed

Import traces:
  Client Component Browser:
    ./src/app/admin/page.tsx [Client Component Browser]
    ./src/app/admin/page.tsx [Server Component]

  Client Component SSR:
    ./src/app/admin/page.tsx [Client Component SSR]
    ./src/app/admin/page.tsx [Server Component] @ http://localhost:3000/_next/static/chunks/node_modules_next_dist_1e8vcs8._.js:1052
[   57584ms] [ERROR] ./src/app/admin/page.tsx:641:19
Error: Unexpected token. Did you mean `{'}'}` or `&rbrace;`?
  639 |                     </div>
  640 |                   </div>
> 641 |                 ))}
      |                   ^
  642 |           </div>
  643 |         )}
  644 |         <Button

Parsing ecmascript source code failed

Import traces:
  Client Component Browser:
    ./src/app/admin/page.tsx [Client Component Browser]
    ./src/app/admin/page.tsx [Server Component]

  Client Component SSR:
    ./src/app/admin/page.tsx [Client Component SSR]
    ./src/app/admin/page.tsx [Server Component] @ http://localhost:3000/_next/static/chunks/node_modules_next_dist_1e8vcs8._.js:1052
[   57639ms] [ERROR] ./src/app/admin/page.tsx:641:19
Error: Unexpected token. Did you mean `{'}'}` or `&rbrace;`?
  639 |                     </div>
  640 |                   </div>
> 641 |                 ))}
      |                   ^
  642 |           </div>
  643 |         )}
  644 |         <Button

Parsing ecmascript source code failed

Import traces:
  Client Component Browser:
    ./src/app/admin/page.tsx [Client Component Browser]
    ./src/app/admin/page.tsx [Server Component]

  Client Component SSR:
    ./src/app/admin/page.tsx [Client Component SSR]
    ./src/app/admin/page.tsx [Server Component] @ http://localhost:3000/_next/static/chunks/node_modules_next_dist_1e8vcs8._.js:1052
[   57698ms] [ERROR] ./src/app/admin/page.tsx:641:19
Error: Unexpected token. Did you mean `{'}'}` or `&rbrace;`?
  639 |                     </div>
  640 |                   </div>
> 641 |                 ))}
      |                   ^
  642 |           </div>
  643 |         )}
  644 |         <Button

Parsing ecmascript source code failed

Import traces:
  Client Component Browser:
    ./src/app/admin/page.tsx [Client Component Browser]
    ./src/app/admin/page.tsx [Server Component]

  Client Component SSR:
    ./src/app/admin/page.tsx [Client Component SSR]
    ./src/app/admin/page.tsx [Server Component] @ http://localhost:3000/_next/static/chunks/node_modules_next_dist_1e8vcs8._.js:1052
[   57749ms] [ERROR] ./src/app/admin/page.tsx:641:19
Error: Unexpected token. Did you mean `{'}'}` or `&rbrace;`?
  639 |                     </div>
  640 |                   </div>
> 641 |                 ))}
      |                   ^
  642 |           </div>
  643 |         )}
  644 |         <Button

Parsing ecmascript source code failed

Import traces:
  Client Component Browser:
    ./src/app/admin/page.tsx [Client Component Browser]
    ./src/app/admin/page.tsx [Server Component]

  Client Component SSR:
    ./src/app/admin/page.tsx [Client Component SSR]
    ./src/app/admin/page.tsx [Server Component] @ http://localhost:3000/_next/static/chunks/node_modules_next_dist_1e8vcs8._.js:1052
[   57801ms] [ERROR] ./src/app/admin/page.tsx:641:19
Error: Unexpected token. Did you mean `{'}'}` or `&rbrace;`?
  639 |                     </div>
  640 |                   </div>
> 641 |                 ))}
      |                   ^
  642 |           </div>
  643 |         )}
  644 |         <Button

Parsing ecmascript source code failed

Import traces:
  Client Component Browser:
    ./src/app/admin/page.tsx [Client Component Browser]
    ./src/app/admin/page.tsx [Server Component]

  Client Component SSR:
    ./src/app/admin/page.tsx [Client Component SSR]
    ./src/app/admin/page.tsx [Server Component] @ http://localhost:3000/_next/static/chunks/node_modules_next_dist_1e8vcs8._.js:1052
[   57852ms] [ERROR] ./src/app/admin/page.tsx:641:19
Error: Unexpected token. Did you mean `{'}'}` or `&rbrace;`?
  639 |                     </div>
  640 |                   </div>
> 641 |                 ))}
      |                   ^
  642 |           </div>
  643 |         )}
  644 |         <Button

Parsing ecmascript source code failed

Import traces:
  Client Component Browser:
    ./src/app/admin/page.tsx [Client Component Browser]
    ./src/app/admin/page.tsx [Server Component]

  Client Component SSR:
    ./src/app/admin/page.tsx [Client Component SSR]
    ./src/app/admin/page.tsx [Server Component] @ http://localhost:3000/_next/static/chunks/node_modules_next_dist_1e8vcs8._.js:1052
[   57903ms] [ERROR] ./src/app/admin/page.tsx:641:19
Error: Unexpected token. Did you mean `{'}'}` or `&rbrace;`?
  639 |                     </div>
  640 |                   </div>
> 641 |                 ))}
      |                   ^
  642 |           </div>
  643 |         )}
  644 |         <Button

Parsing ecmascript source code failed

Import traces:
  Client Component Browser:
    ./src/app/admin/page.tsx [Client Component Browser]
    ./src/app/admin/page.tsx [Server Component]

  Client Component SSR:
    ./src/app/admin/page.tsx [Client Component SSR]
    ./src/app/admin/page.tsx [Server Component] @ http://localhost:3000/_next/static/chunks/node_modules_next_dist_1e8vcs8._.js:1052
[   57954ms] [ERROR] ./src/app/admin/page.tsx:641:19
Error: Unexpected token. Did you mean `{'}'}` or `&rbrace;`?
  639 |                     </div>
  640 |                   </div>
> 641 |                 ))}
      |                   ^
  642 |           </div>
  643 |         )}
  644 |         <Button

Parsing ecmascript source code failed

Import traces:
  Client Component Browser:
    ./src/app/admin/page.tsx [Client Component Browser]
    ./src/app/admin/page.tsx [Server Component]

  Client Component SSR:
    ./src/app/admin/page.tsx [Client Component SSR]
    ./src/app/admin/page.tsx [Server Component] @ http://localhost:3000/_next/static/chunks/node_modules_next_dist_1e8vcs8._.js:1052
[   58006ms] [ERROR] ./src/app/admin/page.tsx:641:19
Error: Unexpected token. Did you mean `{'}'}` or `&rbrace;`?
  639 |                     </div>
  640 |                   </div>
> 641 |                 ))}
      |                   ^
  642 |           </div>
  643 |         )}
  644 |         <Button

Parsing ecmascript source code failed

Import traces:
  Client Component Browser:
    ./src/app/admin/page.tsx [Client Component Browser]
    ./src/app/admin/page.tsx [Server Component]

  Client Component SSR:
    ./src/app/admin/page.tsx [Client Component SSR]
    ./src/app/admin/page.tsx [Server Component] @ http://localhost:3000/_next/static/chunks/node_modules_next_dist_1e8vcs8._.js:1052
[   58056ms] [ERROR] ./src/app/admin/page.tsx:641:19
Error: Unexpected token. Did you mean `{'}'}` or `&rbrace;`?
  639 |                     </div>
  640 |                   </div>
> 641 |                 ))}
      |                   ^
  642 |           </div>
  643 |         )}
  644 |         <Button

Parsing ecmascript source code failed

Import traces:
  Client Component Browser:
    ./src/app/admin/page.tsx [Client Component Browser]
    ./src/app/admin/page.tsx [Server Component]

  Client Component SSR:
    ./src/app/admin/page.tsx [Client Component SSR]
    ./src/app/admin/page.tsx [Server Component] @ http://localhost:3000/_next/static/chunks/node_modules_next_dist_1e8vcs8._.js:1052
[   58108ms] [ERROR] ./src/app/admin/page.tsx:641:19
Error: Unexpected token. Did you mean `{'}'}` or `&rbrace;`?
  639 |                     </div>
  640 |                   </div>
> 641 |                 ))}
      |                   ^
  642 |           </div>
  643 |         )}
  644 |         <Button

Parsing ecmascript source code failed

Import traces:
  Client Component Browser:
    ./src/app/admin/page.tsx [Client Component Browser]
    ./src/app/admin/page.tsx [Server Component]

  Client Component SSR:
    ./src/app/admin/page.tsx [Client Component SSR]
    ./src/app/admin/page.tsx [Server Component] @ http://localhost:3000/_next/static/chunks/node_modules_next_dist_1e8vcs8._.js:1052
[   58158ms] [ERROR] ./src/app/admin/page.tsx:641:19
Error: Unexpected token. Did you mean `{'}'}` or `&rbrace;`?
  639 |                     </div>
  640 |                   </div>
> 641 |                 ))}
      |                   ^
  642 |           </div>
  643 |         )}
  644 |         <Button

Parsing ecmascript source code failed

Import traces:
  Client Component Browser:
    ./src/app/admin/page.tsx [Client Component Browser]
    ./src/app/admin/page.tsx [Server Component]

  Client Component SSR:
    ./src/app/admin/page.tsx [Client Component SSR]
    ./src/app/admin/page.tsx [Server Component] @ http://localhost:3000/_next/static/chunks/node_modules_next_dist_1e8vcs8._.js:1052
[   58209ms] [ERROR] ./src/app/admin/page.tsx:641:19
Error: Unexpected token. Did you mean `{'}'}` or `&rbrace;`?
  639 |                     </div>
  640 |                   </div>
> 641 |                 ))}
      |                   ^
  642 |           </div>
  643 |         )}
  644 |         <Button

Parsing ecmascript source code failed

Import traces:
  Client Component Browser:
    ./src/app/admin/page.tsx [Client Component Browser]
    ./src/app/admin/page.tsx [Server Component]

  Client Component SSR:
    ./src/app/admin/page.tsx [Client Component SSR]
    ./src/app/admin/page.tsx [Server Component] @ http://localhost:3000/_next/static/chunks/node_modules_next_dist_1e8vcs8._.js:1052
[   58259ms] [ERROR] ./src/app/admin/page.tsx:641:19
Error: Unexpected token. Did you mean `{'}'}` or `&rbrace;`?
  639 |                     </div>
  640 |                   </div>
> 641 |                 ))}
      |                   ^
  642 |           </div>
  643 |         )}
  644 |         <Button

Parsing ecmascript source code failed

Import traces:
  Client Component Browser:
    ./src/app/admin/page.tsx [Client Component Browser]
    ./src/app/admin/page.tsx [Server Component]

  Client Component SSR:
    ./src/app/admin/page.tsx [Client Component SSR]
    ./src/app/admin/page.tsx [Server Component] @ http://localhost:3000/_next/static/chunks/node_modules_next_dist_1e8vcs8._.js:1052
[   58309ms] [ERROR] ./src/app/admin/page.tsx:641:19
Error: Unexpected token. Did you mean `{'}'}` or `&rbrace;`?
  639 |                     </div>
  640 |                   </div>
> 641 |                 ))}
      |                   ^
  642 |           </div>
  643 |         )}
  644 |         <Button

Parsing ecmascript source code failed

Import traces:
  Client Component Browser:
    ./src/app/admin/page.tsx [Client Component Browser]
    ./src/app/admin/page.tsx [Server Component]

  Client Component SSR:
    ./src/app/admin/page.tsx [Client Component SSR]
    ./src/app/admin/page.tsx [Server Component] @ http://localhost:3000/_next/static/chunks/node_modules_next_dist_1e8vcs8._.js:1052
[   58359ms] [ERROR] ./src/app/admin/page.tsx:641:19
Error: Unexpected token. Did you mean `{'}'}` or `&rbrace;`?
  639 |                     </div>
  640 |                   </div>
> 641 |                 ))}
      |                   ^
  642 |           </div>
  643 |         )}
  644 |         <Button

Parsing ecmascript source code failed

Import traces:
  Client Component Browser:
    ./src/app/admin/page.tsx [Client Component Browser]
    ./src/app/admin/page.tsx [Server Component]

  Client Component SSR:
    ./src/app/admin/page.tsx [Client Component SSR]
    ./src/app/admin/page.tsx [Server Component] @ http://localhost:3000/_next/static/chunks/node_modules_next_dist_1e8vcs8._.js:1052
[   58409ms] [ERROR] ./src/app/admin/page.tsx:641:19
Error: Unexpected token. Did you mean `{'}'}` or `&rbrace;`?
  639 |                     </div>
  640 |                   </div>
> 641 |                 ))}
      |                   ^
  642 |           </div>
  643 |         )}
  644 |         <Button

Parsing ecmascript source code failed

Import traces:
  Client Component Browser:
    ./src/app/admin/page.tsx [Client Component Browser]
    ./src/app/admin/page.tsx [Server Component]

  Client Component SSR:
    ./src/app/admin/page.tsx [Client Component SSR]
    ./src/app/admin/page.tsx [Server Component] @ http://localhost:3000/_next/static/chunks/node_modules_next_dist_1e8vcs8._.js:1052
[   58460ms] [ERROR] ./src/app/admin/page.tsx:641:19
Error: Unexpected token. Did you mean `{'}'}` or `&rbrace;`?
  639 |                     </div>
  640 |                   </div>
> 641 |                 ))}
      |                   ^
  642 |           </div>
  643 |         )}
  644 |         <Button

Parsing ecmascript source code failed

Import traces:
  Client Component Browser:
    ./src/app/admin/page.tsx [Client Component Browser]
    ./src/app/admin/page.tsx [Server Component]

  Client Component SSR:
    ./src/app/admin/page.tsx [Client Component SSR]
    ./src/app/admin/page.tsx [Server Component] @ http://localhost:3000/_next/static/chunks/node_modules_next_dist_1e8vcs8._.js:1052
[   58510ms] [ERROR] ./src/app/admin/page.tsx:641:19
Error: Unexpected token. Did you mean `{'}'}` or `&rbrace;`?
  639 |                     </div>
  640 |                   </div>
> 641 |                 ))}
      |                   ^
  642 |           </div>
  643 |         )}
  644 |         <Button

Parsing ecmascript source code failed

Import traces:
  Client Component Browser:
    ./src/app/admin/page.tsx [Client Component Browser]
    ./src/app/admin/page.tsx [Server Component]

  Client Component SSR:
    ./src/app/admin/page.tsx [Client Component SSR]
    ./src/app/admin/page.tsx [Server Component] @ http://localhost:3000/_next/static/chunks/node_modules_next_dist_1e8vcs8._.js:1052
[   58560ms] [ERROR] ./src/app/admin/page.tsx:641:19
Error: Unexpected token. Did you mean `{'}'}` or `&rbrace;`?
  639 |                     </div>
  640 |                   </div>
> 641 |                 ))}
      |                   ^
  642 |           </div>
  643 |         )}
  644 |         <Button

Parsing ecmascript source code failed

Import traces:
  Client Component Browser:
    ./src/app/admin/page.tsx [Client Component Browser]
    ./src/app/admin/page.tsx [Server Component]

  Client Component SSR:
    ./src/app/admin/page.tsx [Client Component SSR]
    ./src/app/admin/page.tsx [Server Component] @ http://localhost:3000/_next/static/chunks/node_modules_next_dist_1e8vcs8._.js:1052
[   58611ms] [ERROR] ./src/app/admin/page.tsx:641:19
Error: Unexpected token. Did you mean `{'}'}` or `&rbrace;`?
  639 |                     </div>
  640 |                   </div>
> 641 |                 ))}
      |                   ^
  642 |           </div>
  643 |         )}
  644 |         <Button

Parsing ecmascript source code failed

Import traces:
  Client Component Browser:
    ./src/app/admin/page.tsx [Client Component Browser]
    ./src/app/admin/page.tsx [Server Component]

  Client Component SSR:
    ./src/app/admin/page.tsx [Client Component SSR]
    ./src/app/admin/page.tsx [Server Component] @ http://localhost:3000/_next/static/chunks/node_modules_next_dist_1e8vcs8._.js:1052
[   58662ms] [ERROR] ./src/app/admin/page.tsx:641:19
Error: Unexpected token. Did you mean `{'}'}` or `&rbrace;`?
  639 |                     </div>
  640 |                   </div>
> 641 |                 ))}
      |                   ^
  642 |           </div>
  643 |         )}
  644 |         <Button

Parsing ecmascript source code failed

Import traces:
  Client Component Browser:
    ./src/app/admin/page.tsx [Client Component Browser]
    ./src/app/admin/page.tsx [Server Component]

  Client Component SSR:
    ./src/app/admin/page.tsx [Client Component SSR]
    ./src/app/admin/page.tsx [Server Component] @ http://localhost:3000/_next/static/chunks/node_modules_next_dist_1e8vcs8._.js:1052
[   58713ms] [ERROR] ./src/app/admin/page.tsx:641:19
Error: Unexpected token. Did you mean `{'}'}` or `&rbrace;`?
  639 |                     </div>
  640 |                   </div>
> 641 |                 ))}
      |                   ^
  642 |           </div>
  643 |         )}
  644 |         <Button

Parsing ecmascript source code failed

Import traces:
  Client Component Browser:
    ./src/app/admin/page.tsx [Client Component Browser]
    ./src/app/admin/page.tsx [Server Component]

  Client Component SSR:
    ./src/app/admin/page.tsx [Client Component SSR]
    ./src/app/admin/page.tsx [Server Component] @ http://localhost:3000/_next/static/chunks/node_modules_next_dist_1e8vcs8._.js:1052
[   58763ms] [ERROR] ./src/app/admin/page.tsx:641:19
Error: Unexpected token. Did you mean `{'}'}` or `&rbrace;`?
  639 |                     </div>
  640 |                   </div>
> 641 |                 ))}
      |                   ^
  642 |           </div>
  643 |         )}
  644 |         <Button

Parsing ecmascript source code failed

Import traces:
  Client Component Browser:
    ./src/app/admin/page.tsx [Client Component Browser]
    ./src/app/admin/page.tsx [Server Component]

  Client Component SSR:
    ./src/app/admin/page.tsx [Client Component SSR]
    ./src/app/admin/page.tsx [Server Component] @ http://localhost:3000/_next/static/chunks/node_modules_next_dist_1e8vcs8._.js:1052
[   58813ms] [ERROR] ./src/app/admin/page.tsx:641:19
Error: Unexpected token. Did you mean `{'}'}` or `&rbrace;`?
  639 |                     </div>
  640 |                   </div>
> 641 |                 ))}
      |                   ^
  642 |           </div>
  643 |         )}
  644 |         <Button

Parsing ecmascript source code failed

Import traces:
  Client Component Browser:
    ./src/app/admin/page.tsx [Client Component Browser]
    ./src/app/admin/page.tsx [Server Component]

  Client Component SSR:
    ./src/app/admin/page.tsx [Client Component SSR]
    ./src/app/admin/page.tsx [Server Component] @ http://localhost:3000/_next/static/chunks/node_modules_next_dist_1e8vcs8._.js:1052
[   58862ms] [ERROR] ./src/app/admin/page.tsx:641:19
Error: Unexpected token. Did you mean `{'}'}` or `&rbrace;`?
  639 |                     </div>
  640 |                   </div>
> 641 |                 ))}
      |                   ^
  642 |           </div>
  643 |         )}
  644 |         <Button

Parsing ecmascript source code failed

Import traces:
  Client Component Browser:
    ./src/app/admin/page.tsx [Client Component Browser]
    ./src/app/admin/page.tsx [Server Component]

  Client Component SSR:
    ./src/app/admin/page.tsx [Client Component SSR]
    ./src/app/admin/page.tsx [Server Component] @ http://localhost:3000/_next/static/chunks/node_modules_next_dist_1e8vcs8._.js:1052
[   58913ms] [ERROR] ./src/app/admin/page.tsx:641:19
Error: Unexpected token. Did you mean `{'}'}` or `&rbrace;`?
  639 |                     </div>
  640 |                   </div>
> 641 |                 ))}
      |                   ^
  642 |           </div>
  643 |         )}
  644 |         <Button

Parsing ecmascript source code failed

Import traces:
  Client Component Browser:
    ./src/app/admin/page.tsx [Client Component Browser]
    ./src/app/admin/page.tsx [Server Component]

  Client Component SSR:
    ./src/app/admin/page.tsx [Client Component SSR]
    ./src/app/admin/page.tsx [Server Component] @ http://localhost:3000/_next/static/chunks/node_modules_next_dist_1e8vcs8._.js:1052
[   58964ms] [ERROR] ./src/app/admin/page.tsx:641:19
Error: Unexpected token. Did you mean `{'}'}` or `&rbrace;`?
  639 |                     </div>
  640 |                   </div>
> 641 |                 ))}
      |                   ^
  642 |           </div>
  643 |         )}
  644 |         <Button

Parsing ecmascript source code failed

Import traces:
  Client Component Browser:
    ./src/app/admin/page.tsx [Client Component Browser]
    ./src/app/admin/page.tsx [Server Component]

  Client Component SSR:
    ./src/app/admin/page.tsx [Client Component SSR]
    ./src/app/admin/page.tsx [Server Component] @ http://localhost:3000/_next/static/chunks/node_modules_next_dist_1e8vcs8._.js:1052
[   59015ms] [ERROR] ./src/app/admin/page.tsx:641:19
Error: Unexpected token. Did you mean `{'}'}` or `&rbrace;`?
  639 |                     </div>
  640 |                   </div>
> 641 |                 ))}
      |                   ^
  642 |           </div>
  643 |         )}
  644 |         <Button

Parsing ecmascript source code failed

Import traces:
  Client Component Browser:
    ./src/app/admin/page.tsx [Client Component Browser]
    ./src/app/admin/page.tsx [Server Component]

  Client Component SSR:
    ./src/app/admin/page.tsx [Client Component SSR]
    ./src/app/admin/page.tsx [Server Component] @ http://localhost:3000/_next/static/chunks/node_modules_next_dist_1e8vcs8._.js:1052
[   59066ms] [ERROR] ./src/app/admin/page.tsx:641:19
Error: Unexpected token. Did you mean `{'}'}` or `&rbrace;`?
  639 |                     </div>
  640 |                   </div>
> 641 |                 ))}
      |                   ^
  642 |           </div>
  643 |         )}
  644 |         <Button

Parsing ecmascript source code failed

Import traces:
  Client Component Browser:
    ./src/app/admin/page.tsx [Client Component Browser]
    ./src/app/admin/page.tsx [Server Component]

  Client Component SSR:
    ./src/app/admin/page.tsx [Client Component SSR]
    ./src/app/admin/page.tsx [Server Component] @ http://localhost:3000/_next/static/chunks/node_modules_next_dist_1e8vcs8._.js:1052
[   59117ms] [ERROR] ./src/app/admin/page.tsx:641:19
Error: Unexpected token. Did you mean `{'}'}` or `&rbrace;`?
  639 |                     </div>
  640 |                   </div>
> 641 |                 ))}
      |                   ^
  642 |           </div>
  643 |         )}
  644 |         <Button

Parsing ecmascript source code failed

Import traces:
  Client Component Browser:
    ./src/app/admin/page.tsx [Client Component Browser]
    ./src/app/admin/page.tsx [Server Component]

  Client Component SSR:
    ./src/app/admin/page.tsx [Client Component SSR]
    ./src/app/admin/page.tsx [Server Component] @ http://localhost:3000/_next/static/chunks/node_modules_next_dist_1e8vcs8._.js:1052
[   59167ms] [ERROR] ./src/app/admin/page.tsx:641:19
Error: Unexpected token. Did you mean `{'}'}` or `&rbrace;`?
  639 |                     </div>
  640 |                   </div>
> 641 |                 ))}
      |                   ^
  642 |           </div>
  643 |         )}
  644 |         <Button

Parsing ecmascript source code failed

Import traces:
  Client Component Browser:
    ./src/app/admin/page.tsx [Client Component Browser]
    ./src/app/admin/page.tsx [Server Component]

  Client Component SSR:
    ./src/app/admin/page.tsx [Client Component SSR]
    ./src/app/admin/page.tsx [Server Component] @ http://localhost:3000/_next/static/chunks/node_modules_next_dist_1e8vcs8._.js:1052
[   59217ms] [ERROR] ./src/app/admin/page.tsx:641:19
Error: Unexpected token. Did you mean `{'}'}` or `&rbrace;`?
  639 |                     </div>
  640 |                   </div>
> 641 |                 ))}
      |                   ^
  642 |           </div>
  643 |         )}
  644 |         <Button

Parsing ecmascript source code failed

Import traces:
  Client Component Browser:
    ./src/app/admin/page.tsx [Client Component Browser]
    ./src/app/admin/page.tsx [Server Component]

  Client Component SSR:
    ./src/app/admin/page.tsx [Client Component SSR]
    ./src/app/admin/page.tsx [Server Component] @ http://localhost:3000/_next/static/chunks/node_modules_next_dist_1e8vcs8._.js:1052
[   59265ms] [ERROR] ./src/app/admin/page.tsx:641:19
Error: Unexpected token. Did you mean `{'}'}` or `&rbrace;`?
  639 |                     </div>
  640 |                   </div>
> 641 |                 ))}
      |                   ^
  642 |           </div>
  643 |         )}
  644 |         <Button

Parsing ecmascript source code failed

Import traces:
  Client Component Browser:
    ./src/app/admin/page.tsx [Client Component Browser]
    ./src/app/admin/page.tsx [Server Component]

  Client Component SSR:
    ./src/app/admin/page.tsx [Client Component SSR]
    ./src/app/admin/page.tsx [Server Component] @ http://localhost:3000/_next/static/chunks/node_modules_next_dist_1e8vcs8._.js:1052
[   59316ms] [ERROR] ./src/app/admin/page.tsx:641:19
Error: Unexpected token. Did you mean `{'}'}` or `&rbrace;`?
  639 |                     </div>
  640 |                   </div>
> 641 |                 ))}
      |                   ^
  642 |           </div>
  643 |         )}
  644 |         <Button

Parsing ecmascript source code failed

Import traces:
  Client Component Browser:
    ./src/app/admin/page.tsx [Client Component Browser]
    ./src/app/admin/page.tsx [Server Component]

  Client Component SSR:
    ./src/app/admin/page.tsx [Client Component SSR]
    ./src/app/admin/page.tsx [Server Component] @ http://localhost:3000/_next/static/chunks/node_modules_next_dist_1e8vcs8._.js:1052
[   59368ms] [ERROR] ./src/app/admin/page.tsx:641:19
Error: Unexpected token. Did you mean `{'}'}` or `&rbrace;`?
  639 |                     </div>
  640 |                   </div>
> 641 |                 ))}
      |                   ^
  642 |           </div>
  643 |         )}
  644 |         <Button

Parsing ecmascript source code failed

Import traces:
  Client Component Browser:
    ./src/app/admin/page.tsx [Client Component Browser]
    ./src/app/admin/page.tsx [Server Component]

  Client Component SSR:
    ./src/app/admin/page.tsx [Client Component SSR]
    ./src/app/admin/page.tsx [Server Component] @ http://localhost:3000/_next/static/chunks/node_modules_next_dist_1e8vcs8._.js:1052
[   59415ms] [ERROR] ./src/app/admin/page.tsx:641:19
Error: Unexpected token. Did you mean `{'}'}` or `&rbrace;`?
  639 |                     </div>
  640 |                   </div>
> 641 |                 ))}
      |                   ^
  642 |           </div>
  643 |         )}
  644 |         <Button

Parsing ecmascript source code failed

Import traces:
  Client Component Browser:
    ./src/app/admin/page.tsx [Client Component Browser]
    ./src/app/admin/page.tsx [Server Component]

  Client Component SSR:
    ./src/app/admin/page.tsx [Client Component SSR]
    ./src/app/admin/page.tsx [Server Component] @ http://localhost:3000/_next/static/chunks/node_modules_next_dist_1e8vcs8._.js:1052
[   59468ms] [ERROR] ./src/app/admin/page.tsx:641:19
Error: Unexpected token. Did you mean `{'}'}` or `&rbrace;`?
  639 |                     </div>
  640 |                   </div>
> 641 |                 ))}
      |                   ^
  642 |           </div>
  643 |         )}
  644 |         <Button

Parsing ecmascript source code failed

Import traces:
  Client Component Browser:
    ./src/app/admin/page.tsx [Client Component Browser]
    ./src/app/admin/page.tsx [Server Component]

  Client Component SSR:
    ./src/app/admin/page.tsx [Client Component SSR]
    ./src/app/admin/page.tsx [Server Component] @ http://localhost:3000/_next/static/chunks/node_modules_next_dist_1e8vcs8._.js:1052
[   59517ms] [ERROR] ./src/app/admin/page.tsx:641:19
Error: Unexpected token. Did you mean `{'}'}` or `&rbrace;`?
  639 |                     </div>
  640 |                   </div>
> 641 |                 ))}
      |                   ^
  642 |           </div>
  643 |         )}
  644 |         <Button

Parsing ecmascript source code failed

Import traces:
  Client Component Browser:
    ./src/app/admin/page.tsx [Client Component Browser]
    ./src/app/admin/page.tsx [Server Component]

  Client Component SSR:
    ./src/app/admin/page.tsx [Client Component SSR]
    ./src/app/admin/page.tsx [Server Component] @ http://localhost:3000/_next/static/chunks/node_modules_next_dist_1e8vcs8._.js:1052
[   59567ms] [ERROR] ./src/app/admin/page.tsx:641:19
Error: Unexpected token. Did you mean `{'}'}` or `&rbrace;`?
  639 |                     </div>
  640 |                   </div>
> 641 |                 ))}
      |                   ^
  642 |           </div>
  643 |         )}
  644 |         <Button

Parsing ecmascript source code failed

Import traces:
  Client Component Browser:
    ./src/app/admin/page.tsx [Client Component Browser]
    ./src/app/admin/page.tsx [Server Component]

  Client Component SSR:
    ./src/app/admin/page.tsx [Client Component SSR]
    ./src/app/admin/page.tsx [Server Component] @ http://localhost:3000/_next/static/chunks/node_modules_next_dist_1e8vcs8._.js:1052
[   59616ms] [ERROR] ./src/app/admin/page.tsx:641:19
Error: Unexpected token. Did you mean `{'}'}` or `&rbrace;`?
  639 |                     </div>
  640 |                   </div>
> 641 |                 ))}
      |                   ^
  642 |           </div>
  643 |         )}
  644 |         <Button

Parsing ecmascript source code failed

Import traces:
  Client Component Browser:
    ./src/app/admin/page.tsx [Client Component Browser]
    ./src/app/admin/page.tsx [Server Component]

  Client Component SSR:
    ./src/app/admin/page.tsx [Client Component SSR]
    ./src/app/admin/page.tsx [Server Component] @ http://localhost:3000/_next/static/chunks/node_modules_next_dist_1e8vcs8._.js:1052
[   59667ms] [ERROR] ./src/app/admin/page.tsx:641:19
Error: Unexpected token. Did you mean `{'}'}` or `&rbrace;`?
  639 |                     </div>
  640 |                   </div>
> 641 |                 ))}
      |                   ^
  642 |           </div>
  643 |         )}
  644 |         <Button

Parsing ecmascript source code failed

Import traces:
  Client Component Browser:
    ./src/app/admin/page.tsx [Client Component Browser]
    ./src/app/admin/page.tsx [Server Component]

  Client Component SSR:
    ./src/app/admin/page.tsx [Client Component SSR]
    ./src/app/admin/page.tsx [Server Component] @ http://localhost:3000/_next/static/chunks/node_modules_next_dist_1e8vcs8._.js:1052
[   59717ms] [ERROR] ./src/app/admin/page.tsx:641:19
Error: Unexpected token. Did you mean `{'}'}` or `&rbrace;`?
  639 |                     </div>
  640 |                   </div>
> 641 |                 ))}
      |                   ^
  642 |           </div>
  643 |         )}
  644 |         <Button

Parsing ecmascript source code failed

Import traces:
  Client Component Browser:
    ./src/app/admin/page.tsx [Client Component Browser]
    ./src/app/admin/page.tsx [Server Component]

  Client Component SSR:
    ./src/app/admin/page.tsx [Client Component SSR]
    ./src/app/admin/page.tsx [Server Component] @ http://localhost:3000/_next/static/chunks/node_modules_next_dist_1e8vcs8._.js:1052
[   59767ms] [ERROR] ./src/app/admin/page.tsx:641:19
Error: Unexpected token. Did you mean `{'}'}` or `&rbrace;`?
  639 |                     </div>
  640 |                   </div>
> 641 |                 ))}
      |                   ^
  642 |           </div>
  643 |         )}
  644 |         <Button

Parsing ecmascript source code failed

Import traces:
  Client Component Browser:
    ./src/app/admin/page.tsx [Client Component Browser]
    ./src/app/admin/page.tsx [Server Component]

  Client Component SSR:
    ./src/app/admin/page.tsx [Client Component SSR]
    ./src/app/admin/page.tsx [Server Component] @ http://localhost:3000/_next/static/chunks/node_modules_next_dist_1e8vcs8._.js:1052
[   59817ms] [ERROR] ./src/app/admin/page.tsx:641:19
Error: Unexpected token. Did you mean `{'}'}` or `&rbrace;`?
  639 |                     </div>
  640 |                   </div>
> 641 |                 ))}
      |                   ^
  642 |           </div>
  643 |         )}
  644 |         <Button

Parsing ecmascript source code failed

Import traces:
  Client Component Browser:
    ./src/app/admin/page.tsx [Client Component Browser]
    ./src/app/admin/page.tsx [Server Component]

  Client Component SSR:
    ./src/app/admin/page.tsx [Client Component SSR]
    ./src/app/admin/page.tsx [Server Component] @ http://localhost:3000/_next/static/chunks/node_modules_next_dist_1e8vcs8._.js:1052
[   59867ms] [ERROR] ./src/app/admin/page.tsx:641:19
Error: Unexpected token. Did you mean `{'}'}` or `&rbrace;`?
  639 |                     </div>
  640 |                   </div>
> 641 |                 ))}
      |                   ^
  642 |           </div>
  643 |         )}
  644 |         <Button

Parsing ecmascript source code failed

Import traces:
  Client Component Browser:
    ./src/app/admin/page.tsx [Client Component Browser]
    ./src/app/admin/page.tsx [Server Component]

  Client Component SSR:
    ./src/app/admin/page.tsx [Client Component SSR]
    ./src/app/admin/page.tsx [Server Component] @ http://localhost:3000/_next/static/chunks/node_modules_next_dist_1e8vcs8._.js:1052
[   59917ms] [ERROR] ./src/app/admin/page.tsx:641:19
Error: Unexpected token. Did you mean `{'}'}` or `&rbrace;`?
  639 |                     </div>
  640 |                   </div>
> 641 |                 ))}
      |                   ^
  642 |           </div>
  643 |         )}
  644 |         <Button

Parsing ecmascript source code failed

Import traces:
  Client Component Browser:
    ./src/app/admin/page.tsx [Client Component Browser]
    ./src/app/admin/page.tsx [Server Component]

  Client Component SSR:
    ./src/app/admin/page.tsx [Client Component SSR]
    ./src/app/admin/page.tsx [Server Component] @ http://localhost:3000/_next/static/chunks/node_modules_next_dist_1e8vcs8._.js:1052
[   59969ms] [ERROR] ./src/app/admin/page.tsx:641:19
Error: Unexpected token. Did you mean `{'}'}` or `&rbrace;`?
  639 |                     </div>
  640 |                   </div>
> 641 |                 ))}
      |                   ^
  642 |           </div>
  643 |         )}
  644 |         <Button

Parsing ecmascript source code failed

Import traces:
  Client Component Browser:
    ./src/app/admin/page.tsx [Client Component Browser]
    ./src/app/admin/page.tsx [Server Component]

  Client Component SSR:
    ./src/app/admin/page.tsx [Client Component SSR]
    ./src/app/admin/page.tsx [Server Component] @ http://localhost:3000/_next/static/chunks/node_modules_next_dist_1e8vcs8._.js:1052
[   60018ms] [ERROR] ./src/app/admin/page.tsx:641:19
Error: Unexpected token. Did you mean `{'}'}` or `&rbrace;`?
  639 |                     </div>
  640 |                   </div>
> 641 |                 ))}
      |                   ^
  642 |           </div>
  643 |         )}
  644 |         <Button

Parsing ecmascript source code failed

Import traces:
  Client Component Browser:
    ./src/app/admin/page.tsx [Client Component Browser]
    ./src/app/admin/page.tsx [Server Component]

  Client Component SSR:
    ./src/app/admin/page.tsx [Client Component SSR]
    ./src/app/admin/page.tsx [Server Component] @ http://localhost:3000/_next/static/chunks/node_modules_next_dist_1e8vcs8._.js:1052
[   60067ms] [ERROR] ./src/app/admin/page.tsx:641:19
Error: Unexpected token. Did you mean `{'}'}` or `&rbrace;`?
  639 |                     </div>
  640 |                   </div>
> 641 |                 ))}
      |                   ^
  642 |           </div>
  643 |         )}
  644 |         <Button

Parsing ecmascript source code failed

Import traces:
  Client Component Browser:
    ./src/app/admin/page.tsx [Client Component Browser]
    ./src/app/admin/page.tsx [Server Component]

  Client Component SSR:
    ./src/app/admin/page.tsx [Client Component SSR]
    ./src/app/admin/page.tsx [Server Component] @ http://localhost:3000/_next/static/chunks/node_modules_next_dist_1e8vcs8._.js:1052
[   60118ms] [ERROR] ./src/app/admin/page.tsx:641:19
Error: Unexpected token. Did you mean `{'}'}` or `&rbrace;`?
  639 |                     </div>
  640 |                   </div>
> 641 |                 ))}
      |                   ^
  642 |           </div>
  643 |         )}
  644 |         <Button

Parsing ecmascript source code failed

Import traces:
  Client Component Browser:
    ./src/app/admin/page.tsx [Client Component Browser]
    ./src/app/admin/page.tsx [Server Component]

  Client Component SSR:
    ./src/app/admin/page.tsx [Client Component SSR]
    ./src/app/admin/page.tsx [Server Component] @ http://localhost:3000/_next/static/chunks/node_modules_next_dist_1e8vcs8._.js:1052
[   60168ms] [ERROR] ./src/app/admin/page.tsx:641:19
Error: Unexpected token. Did you mean `{'}'}` or `&rbrace;`?
  639 |                     </div>
  640 |                   </div>
> 641 |                 ))}
      |                   ^
  642 |           </div>
  643 |         )}
  644 |         <Button

Parsing ecmascript source code failed

Import traces:
  Client Component Browser:
    ./src/app/admin/page.tsx [Client Component Browser]
    ./src/app/admin/page.tsx [Server Component]

  Client Component SSR:
    ./src/app/admin/page.tsx [Client Component SSR]
    ./src/app/admin/page.tsx [Server Component] @ http://localhost:3000/_next/static/chunks/node_modules_next_dist_1e8vcs8._.js:1052
[   60211ms] [ERROR] ./src/app/admin/page.tsx:641:19
Error: Unexpected token. Did you mean `{'}'}` or `&rbrace;`?
  639 |                     </div>
  640 |                   </div>
> 641 |                 ))}
      |                   ^
  642 |           </div>
  643 |         )}
  644 |         <Button

Parsing ecmascript source code failed

Import traces:
  Client Component Browser:
    ./src/app/admin/page.tsx [Client Component Browser]
    ./src/app/admin/page.tsx [Server Component]

  Client Component SSR:
    ./src/app/admin/page.tsx [Client Component SSR]
    ./src/app/admin/page.tsx [Server Component] @ http://localhost:3000/_next/static/chunks/node_modules_next_dist_1e8vcs8._.js:1052
[   60261ms] [ERROR] ./src/app/admin/page.tsx:641:19
Error: Unexpected token. Did you mean `{'}'}` or `&rbrace;`?
  639 |                     </div>
  640 |                   </div>
> 641 |                 ))}
      |                   ^
  642 |           </div>
  643 |         )}
  644 |         <Button

Parsing ecmascript source code failed

Import traces:
  Client Component Browser:
    ./src/app/admin/page.tsx [Client Component Browser]
    ./src/app/admin/page.tsx [Server Component]

  Client Component SSR:
    ./src/app/admin/page.tsx [Client Component SSR]
    ./src/app/admin/page.tsx [Server Component] @ http://localhost:3000/_next/static/chunks/node_modules_next_dist_1e8vcs8._.js:1052
[   60311ms] [ERROR] ./src/app/admin/page.tsx:641:19
Error: Unexpected token. Did you mean `{'}'}` or `&rbrace;`?
  639 |                     </div>
  640 |                   </div>
> 641 |                 ))}
      |                   ^
  642 |           </div>
  643 |         )}
  644 |         <Button

Parsing ecmascript source code failed

Import traces:
  Client Component Browser:
    ./src/app/admin/page.tsx [Client Component Browser]
    ./src/app/admin/page.tsx [Server Component]

  Client Component SSR:
    ./src/app/admin/page.tsx [Client Component SSR]
    ./src/app/admin/page.tsx [Server Component] @ http://localhost:3000/_next/static/chunks/node_modules_next_dist_1e8vcs8._.js:1052
[   60364ms] [ERROR] ./src/app/admin/page.tsx:641:19
Error: Unexpected token. Did you mean `{'}'}` or `&rbrace;`?
  639 |                     </div>
  640 |                   </div>
> 641 |                 ))}
      |                   ^
  642 |           </div>
  643 |         )}
  644 |         <Button

Parsing ecmascript source code failed

Import traces:
  Client Component Browser:
    ./src/app/admin/page.tsx [Client Component Browser]
    ./src/app/admin/page.tsx [Server Component]

  Client Component SSR:
    ./src/app/admin/page.tsx [Client Component SSR]
    ./src/app/admin/page.tsx [Server Component] @ http://localhost:3000/_next/static/chunks/node_modules_next_dist_1e8vcs8._.js:1052
[   60417ms] [ERROR] ./src/app/admin/page.tsx:641:19
Error: Unexpected token. Did you mean `{'}'}` or `&rbrace;`?
  639 |                     </div>
  640 |                   </div>
> 641 |                 ))}
      |                   ^
  642 |           </div>
  643 |         )}
  644 |         <Button

Parsing ecmascript source code failed

Import traces:
  Client Component Browser:
    ./src/app/admin/page.tsx [Client Component Browser]
    ./src/app/admin/page.tsx [Server Component]

  Client Component SSR:
    ./src/app/admin/page.tsx [Client Component SSR]
    ./src/app/admin/page.tsx [Server Component] @ http://localhost:3000/_next/static/chunks/node_modules_next_dist_1e8vcs8._.js:1052
[   60467ms] [ERROR] ./src/app/admin/page.tsx:641:19
Error: Unexpected token. Did you mean `{'}'}` or `&rbrace;`?
  639 |                     </div>
  640 |                   </div>
> 641 |                 ))}
      |                   ^
  642 |           </div>
  643 |         )}
  644 |         <Button

Parsing ecmascript source code failed

Import traces:
  Client Component Browser:
    ./src/app/admin/page.tsx [Client Component Browser]
    ./src/app/admin/page.tsx [Server Component]

  Client Component SSR:
    ./src/app/admin/page.tsx [Client Component SSR]
    ./src/app/admin/page.tsx [Server Component] @ http://localhost:3000/_next/static/chunks/node_modules_next_dist_1e8vcs8._.js:1052
[   60517ms] [ERROR] ./src/app/admin/page.tsx:641:19
Error: Unexpected token. Did you mean `{'}'}` or `&rbrace;`?
  639 |                     </div>
  640 |                   </div>
> 641 |                 ))}
      |                   ^
  642 |           </div>
  643 |         )}
  644 |         <Button

Parsing ecmascript source code failed

Import traces:
  Client Component Browser:
    ./src/app/admin/page.tsx [Client Component Browser]
    ./src/app/admin/page.tsx [Server Component]

  Client Component SSR:
    ./src/app/admin/page.tsx [Client Component SSR]
    ./src/app/admin/page.tsx [Server Component] @ http://localhost:3000/_next/static/chunks/node_modules_next_dist_1e8vcs8._.js:1052
[   60569ms] [ERROR] ./src/app/admin/page.tsx:641:19
Error: Unexpected token. Did you mean `{'}'}` or `&rbrace;`?
  639 |                     </div>
  640 |                   </div>
> 641 |                 ))}
      |                   ^
  642 |           </div>
  643 |         )}
  644 |         <Button

Parsing ecmascript source code failed

Import traces:
  Client Component Browser:
    ./src/app/admin/page.tsx [Client Component Browser]
    ./src/app/admin/page.tsx [Server Component]

  Client Component SSR:
    ./src/app/admin/page.tsx [Client Component SSR]
    ./src/app/admin/page.tsx [Server Component] @ http://localhost:3000/_next/static/chunks/node_modules_next_dist_1e8vcs8._.js:1052
[   60619ms] [ERROR] ./src/app/admin/page.tsx:641:19
Error: Unexpected token. Did you mean `{'}'}` or `&rbrace;`?
  639 |                     </div>
  640 |                   </div>
> 641 |                 ))}
      |                   ^
  642 |           </div>
  643 |         )}
  644 |         <Button

Parsing ecmascript source code failed

Import traces:
  Client Component Browser:
    ./src/app/admin/page.tsx [Client Component Browser]
    ./src/app/admin/page.tsx [Server Component]

  Client Component SSR:
    ./src/app/admin/page.tsx [Client Component SSR]
    ./src/app/admin/page.tsx [Server Component] @ http://localhost:3000/_next/static/chunks/node_modules_next_dist_1e8vcs8._.js:1052
[   60669ms] [ERROR] ./src/app/admin/page.tsx:641:19
Error: Unexpected token. Did you mean `{'}'}` or `&rbrace;`?
  639 |                     </div>
  640 |                   </div>
> 641 |                 ))}
      |                   ^
  642 |           </div>
  643 |         )}
  644 |         <Button

Parsing ecmascript source code failed

Import traces:
  Client Component Browser:
    ./src/app/admin/page.tsx [Client Component Browser]
    ./src/app/admin/page.tsx [Server Component]

  Client Component SSR:
    ./src/app/admin/page.tsx [Client Component SSR]
    ./src/app/admin/page.tsx [Server Component] @ http://localhost:3000/_next/static/chunks/node_modules_next_dist_1e8vcs8._.js:1052
[   60720ms] [ERROR] ./src/app/admin/page.tsx:641:19
Error: Unexpected token. Did you mean `{'}'}` or `&rbrace;`?
  639 |                     </div>
  640 |                   </div>
> 641 |                 ))}
      |                   ^
  642 |           </div>
  643 |         )}
  644 |         <Button

Parsing ecmascript source code failed

Import traces:
  Client Component Browser:
    ./src/app/admin/page.tsx [Client Component Browser]
    ./src/app/admin/page.tsx [Server Component]

  Client Component SSR:
    ./src/app/admin/page.tsx [Client Component SSR]
    ./src/app/admin/page.tsx [Server Component] @ http://localhost:3000/_next/static/chunks/node_modules_next_dist_1e8vcs8._.js:1052
[   60771ms] [ERROR] ./src/app/admin/page.tsx:641:19
Error: Unexpected token. Did you mean `{'}'}` or `&rbrace;`?
  639 |                     </div>
  640 |                   </div>
> 641 |                 ))}
      |                   ^
  642 |           </div>
  643 |         )}
  644 |         <Button

Parsing ecmascript source code failed

Import traces:
  Client Component Browser:
    ./src/app/admin/page.tsx [Client Component Browser]
    ./src/app/admin/page.tsx [Server Component]

  Client Component SSR:
    ./src/app/admin/page.tsx [Client Component SSR]
    ./src/app/admin/page.tsx [Server Component] @ http://localhost:3000/_next/static/chunks/node_modules_next_dist_1e8vcs8._.js:1052
[   60822ms] [ERROR] ./src/app/admin/page.tsx:641:19
Error: Unexpected token. Did you mean `{'}'}` or `&rbrace;`?
  639 |                     </div>
  640 |                   </div>
> 641 |                 ))}
      |                   ^
  642 |           </div>
  643 |         )}
  644 |         <Button

Parsing ecmascript source code failed

Import traces:
  Client Component Browser:
    ./src/app/admin/page.tsx [Client Component Browser]
    ./src/app/admin/page.tsx [Server Component]

  Client Component SSR:
    ./src/app/admin/page.tsx [Client Component SSR]
    ./src/app/admin/page.tsx [Server Component] @ http://localhost:3000/_next/static/chunks/node_modules_next_dist_1e8vcs8._.js:1052
[   60872ms] [ERROR] ./src/app/admin/page.tsx:641:19
Error: Unexpected token. Did you mean `{'}'}` or `&rbrace;`?
  639 |                     </div>
  640 |                   </div>
> 641 |                 ))}
      |                   ^
  642 |           </div>
  643 |         )}
  644 |         <Button

Parsing ecmascript source code failed

Import traces:
  Client Component Browser:
    ./src/app/admin/page.tsx [Client Component Browser]
    ./src/app/admin/page.tsx [Server Component]

  Client Component SSR:
    ./src/app/admin/page.tsx [Client Component SSR]
    ./src/app/admin/page.tsx [Server Component] @ http://localhost:3000/_next/static/chunks/node_modules_next_dist_1e8vcs8._.js:1052
[   60923ms] [ERROR] ./src/app/admin/page.tsx:641:19
Error: Unexpected token. Did you mean `{'}'}` or `&rbrace;`?
  639 |                     </div>
  640 |                   </div>
> 641 |                 ))}
      |                   ^
  642 |           </div>
  643 |         )}
  644 |         <Button

Parsing ecmascript source code failed

Import traces:
  Client Component Browser:
    ./src/app/admin/page.tsx [Client Component Browser]
    ./src/app/admin/page.tsx [Server Component]

  Client Component SSR:
    ./src/app/admin/page.tsx [Client Component SSR]
    ./src/app/admin/page.tsx [Server Component] @ http://localhost:3000/_next/static/chunks/node_modules_next_dist_1e8vcs8._.js:1052
[   60974ms] [ERROR] ./src/app/admin/page.tsx:641:19
Error: Unexpected token. Did you mean `{'}'}` or `&rbrace;`?
  639 |                     </div>
  640 |                   </div>
> 641 |                 ))}
      |                   ^
  642 |           </div>
  643 |         )}
  644 |         <Button

Parsing ecmascript source code failed

Import traces:
  Client Component Browser:
    ./src/app/admin/page.tsx [Client Component Browser]
    ./src/app/admin/page.tsx [Server Component]

  Client Component SSR:
    ./src/app/admin/page.tsx [Client Component SSR]
    ./src/app/admin/page.tsx [Server Component] @ http://localhost:3000/_next/static/chunks/node_modules_next_dist_1e8vcs8._.js:1052
[   61027ms] [ERROR] ./src/app/admin/page.tsx:641:19
Error: Unexpected token. Did you mean `{'}'}` or `&rbrace;`?
  639 |                     </div>
  640 |                   </div>
> 641 |                 ))}
      |                   ^
  642 |           </div>
  643 |         )}
  644 |         <Button

Parsing ecmascript source code failed

Import traces:
  Client Component Browser:
    ./src/app/admin/page.tsx [Client Component Browser]
    ./src/app/admin/page.tsx [Server Component]

  Client Component SSR:
    ./src/app/admin/page.tsx [Client Component SSR]
    ./src/app/admin/page.tsx [Server Component] @ http://localhost:3000/_next/static/chunks/node_modules_next_dist_1e8vcs8._.js:1052
[   61078ms] [ERROR] ./src/app/admin/page.tsx:641:19
Error: Unexpected token. Did you mean `{'}'}` or `&rbrace;`?
  639 |                     </div>
  640 |                   </div>
> 641 |                 ))}
      |                   ^
  642 |           </div>
  643 |         )}
  644 |         <Button

Parsing ecmascript source code failed

Import traces:
  Client Component Browser:
    ./src/app/admin/page.tsx [Client Component Browser]
    ./src/app/admin/page.tsx [Server Component]

  Client Component SSR:
    ./src/app/admin/page.tsx [Client Component SSR]
    ./src/app/admin/page.tsx [Server Component] @ http://localhost:3000/_next/static/chunks/node_modules_next_dist_1e8vcs8._.js:1052
[   61128ms] [ERROR] ./src/app/admin/page.tsx:641:19
Error: Unexpected token. Did you mean `{'}'}` or `&rbrace;`?
  639 |                     </div>
  640 |                   </div>
> 641 |                 ))}
      |                   ^
  642 |           </div>
  643 |         )}
  644 |         <Button

Parsing ecmascript source code failed

Import traces:
  Client Component Browser:
    ./src/app/admin/page.tsx [Client Component Browser]
    ./src/app/admin/page.tsx [Server Component]

  Client Component SSR:
    ./src/app/admin/page.tsx [Client Component SSR]
    ./src/app/admin/page.tsx [Server Component] @ http://localhost:3000/_next/static/chunks/node_modules_next_dist_1e8vcs8._.js:1052
[   61186ms] [ERROR] ./src/app/admin/page.tsx:641:19
Error: Unexpected token. Did you mean `{'}'}` or `&rbrace;`?
  639 |                     </div>
  640 |                   </div>
> 641 |                 ))}
      |                   ^
  642 |           </div>
  643 |         )}
  644 |         <Button

Parsing ecmascript source code failed

Import traces:
  Client Component Browser:
    ./src/app/admin/page.tsx [Client Component Browser]
    ./src/app/admin/page.tsx [Server Component]

  Client Component SSR:
    ./src/app/admin/page.tsx [Client Component SSR]
    ./src/app/admin/page.tsx [Server Component] @ http://localhost:3000/_next/static/chunks/node_modules_next_dist_1e8vcs8._.js:1052
[   61237ms] [ERROR] ./src/app/admin/page.tsx:641:19
Error: Unexpected token. Did you mean `{'}'}` or `&rbrace;`?
  639 |                     </div>
  640 |                   </div>
> 641 |                 ))}
      |                   ^
  642 |           </div>
  643 |         )}
  644 |         <Button

Parsing ecmascript source code failed

Import traces:
  Client Component Browser:
    ./src/app/admin/page.tsx [Client Component Browser]
    ./src/app/admin/page.tsx [Server Component]

  Client Component SSR:
    ./src/app/admin/page.tsx [Client Component SSR]
    ./src/app/admin/page.tsx [Server Component] @ http://localhost:3000/_next/static/chunks/node_modules_next_dist_1e8vcs8._.js:1052
[   61287ms] [ERROR] ./src/app/admin/page.tsx:641:19
Error: Unexpected token. Did you mean `{'}'}` or `&rbrace;`?
  639 |                     </div>
  640 |                   </div>
> 641 |                 ))}
      |                   ^
  642 |           </div>
  643 |         )}
  644 |         <Button

Parsing ecmascript source code failed

Import traces:
  Client Component Browser:
    ./src/app/admin/page.tsx [Client Component Browser]
    ./src/app/admin/page.tsx [Server Component]

  Client Component SSR:
    ./src/app/admin/page.tsx [Client Component SSR]
    ./src/app/admin/page.tsx [Server Component] @ http://localhost:3000/_next/static/chunks/node_modules_next_dist_1e8vcs8._.js:1052
[   61338ms] [ERROR] ./src/app/admin/page.tsx:641:19
Error: Unexpected token. Did you mean `{'}'}` or `&rbrace;`?
  639 |                     </div>
  640 |                   </div>
> 641 |                 ))}
      |                   ^
  642 |           </div>
  643 |         )}
  644 |         <Button

Parsing ecmascript source code failed

Import traces:
  Client Component Browser:
    ./src/app/admin/page.tsx [Client Component Browser]
    ./src/app/admin/page.tsx [Server Component]

  Client Component SSR:
    ./src/app/admin/page.tsx [Client Component SSR]
    ./src/app/admin/page.tsx [Server Component] @ http://localhost:3000/_next/static/chunks/node_modules_next_dist_1e8vcs8._.js:1052
[   61392ms] [ERROR] ./src/app/admin/page.tsx:641:19
Error: Unexpected token. Did you mean `{'}'}` or `&rbrace;`?
  639 |                     </div>
  640 |                   </div>
> 641 |                 ))}
      |                   ^
  642 |           </div>
  643 |         )}
  644 |         <Button

Parsing ecmascript source code failed

Import traces:
  Client Component Browser:
    ./src/app/admin/page.tsx [Client Component Browser]
    ./src/app/admin/page.tsx [Server Component]

  Client Component SSR:
    ./src/app/admin/page.tsx [Client Component SSR]
    ./src/app/admin/page.tsx [Server Component] @ http://localhost:3000/_next/static/chunks/node_modules_next_dist_1e8vcs8._.js:1052
[   61434ms] [ERROR] ./src/app/admin/page.tsx:641:19
Error: Unexpected token. Did you mean `{'}'}` or `&rbrace;`?
  639 |                     </div>
  640 |                   </div>
> 641 |                 ))}
      |                   ^
  642 |           </div>
  643 |         )}
  644 |         <Button

Parsing ecmascript source code failed

Import traces:
  Client Component Browser:
    ./src/app/admin/page.tsx [Client Component Browser]
    ./src/app/admin/page.tsx [Server Component]

  Client Component SSR:
    ./src/app/admin/page.tsx [Client Component SSR]
    ./src/app/admin/page.tsx [Server Component] @ http://localhost:3000/_next/static/chunks/node_modules_next_dist_1e8vcs8._.js:1052
[   61490ms] [ERROR] ./src/app/admin/page.tsx:641:19
Error: Unexpected token. Did you mean `{'}'}` or `&rbrace;`?
  639 |                     </div>
  640 |                   </div>
> 641 |                 ))}
      |                   ^
  642 |           </div>
  643 |         )}
  644 |         <Button

Parsing ecmascript source code failed

Import traces:
  Client Component Browser:
    ./src/app/admin/page.tsx [Client Component Browser]
    ./src/app/admin/page.tsx [Server Component]

  Client Component SSR:
    ./src/app/admin/page.tsx [Client Component SSR]
    ./src/app/admin/page.tsx [Server Component] @ http://localhost:3000/_next/static/chunks/node_modules_next_dist_1e8vcs8._.js:1052
[   61543ms] [ERROR] ./src/app/admin/page.tsx:641:19
Error: Unexpected token. Did you mean `{'}'}` or `&rbrace;`?
  639 |                     </div>
  640 |                   </div>
> 641 |                 ))}
      |                   ^
  642 |           </div>
  643 |         )}
  644 |         <Button

Parsing ecmascript source code failed

Import traces:
  Client Component Browser:
    ./src/app/admin/page.tsx [Client Component Browser]
    ./src/app/admin/page.tsx [Server Component]

  Client Component SSR:
    ./src/app/admin/page.tsx [Client Component SSR]
    ./src/app/admin/page.tsx [Server Component] @ http://localhost:3000/_next/static/chunks/node_modules_next_dist_1e8vcs8._.js:1052
[   61593ms] [ERROR] ./src/app/admin/page.tsx:641:19
Error: Unexpected token. Did you mean `{'}'}` or `&rbrace;`?
  639 |                     </div>
  640 |                   </div>
> 641 |                 ))}
      |                   ^
  642 |           </div>
  643 |         )}
  644 |         <Button

Parsing ecmascript source code failed

Import traces:
  Client Component Browser:
    ./src/app/admin/page.tsx [Client Component Browser]
    ./src/app/admin/page.tsx [Server Component]

  Client Component SSR:
    ./src/app/admin/page.tsx [Client Component SSR]
    ./src/app/admin/page.tsx [Server Component] @ http://localhost:3000/_next/static/chunks/node_modules_next_dist_1e8vcs8._.js:1052
[   61644ms] [ERROR] ./src/app/admin/page.tsx:641:19
Error: Unexpected token. Did you mean `{'}'}` or `&rbrace;`?
  639 |                     </div>
  640 |                   </div>
> 641 |                 ))}
      |                   ^
  642 |           </div>
  643 |         )}
  644 |         <Button

Parsing ecmascript source code failed

Import traces:
  Client Component Browser:
    ./src/app/admin/page.tsx [Client Component Browser]
    ./src/app/admin/page.tsx [Server Component]

  Client Component SSR:
    ./src/app/admin/page.tsx [Client Component SSR]
    ./src/app/admin/page.tsx [Server Component] @ http://localhost:3000/_next/static/chunks/node_modules_next_dist_1e8vcs8._.js:1052
[   61694ms] [ERROR] ./src/app/admin/page.tsx:641:19
Error: Unexpected token. Did you mean `{'}'}` or `&rbrace;`?
  639 |                     </div>
  640 |                   </div>
> 641 |                 ))}
      |                   ^
  642 |           </div>
  643 |         )}
  644 |         <Button

Parsing ecmascript source code failed

Import traces:
  Client Component Browser:
    ./src/app/admin/page.tsx [Client Component Browser]
    ./src/app/admin/page.tsx [Server Component]

  Client Component SSR:
    ./src/app/admin/page.tsx [Client Component SSR]
    ./src/app/admin/page.tsx [Server Component] @ http://localhost:3000/_next/static/chunks/node_modules_next_dist_1e8vcs8._.js:1052
[   61744ms] [ERROR] ./src/app/admin/page.tsx:641:19
Error: Unexpected token. Did you mean `{'}'}` or `&rbrace;`?
  639 |                     </div>
  640 |                   </div>
> 641 |                 ))}
      |                   ^
  642 |           </div>
  643 |         )}
  644 |         <Button

Parsing ecmascript source code failed

Import traces:
  Client Component Browser:
    ./src/app/admin/page.tsx [Client Component Browser]
    ./src/app/admin/page.tsx [Server Component]

  Client Component SSR:
    ./src/app/admin/page.tsx [Client Component SSR]
    ./src/app/admin/page.tsx [Server Component] @ http://localhost:3000/_next/static/chunks/node_modules_next_dist_1e8vcs8._.js:1052
[   61795ms] [ERROR] ./src/app/admin/page.tsx:641:19
Error: Unexpected token. Did you mean `{'}'}` or `&rbrace;`?
  639 |                     </div>
  640 |                   </div>
> 641 |                 ))}
      |                   ^
  642 |           </div>
  643 |         )}
  644 |         <Button

Parsing ecmascript source code failed

Import traces:
  Client Component Browser:
    ./src/app/admin/page.tsx [Client Component Browser]
    ./src/app/admin/page.tsx [Server Component]

  Client Component SSR:
    ./src/app/admin/page.tsx [Client Component SSR]
    ./src/app/admin/page.tsx [Server Component] @ http://localhost:3000/_next/static/chunks/node_modules_next_dist_1e8vcs8._.js:1052
[   61845ms] [ERROR] ./src/app/admin/page.tsx:641:19
Error: Unexpected token. Did you mean `{'}'}` or `&rbrace;`?
  639 |                     </div>
  640 |                   </div>
> 641 |                 ))}
      |                   ^
  642 |           </div>
  643 |         )}
  644 |         <Button

Parsing ecmascript source code failed

Import traces:
  Client Component Browser:
    ./src/app/admin/page.tsx [Client Component Browser]
    ./src/app/admin/page.tsx [Server Component]

  Client Component SSR:
    ./src/app/admin/page.tsx [Client Component SSR]
    ./src/app/admin/page.tsx [Server Component] @ http://localhost:3000/_next/static/chunks/node_modules_next_dist_1e8vcs8._.js:1052
[   61895ms] [ERROR] ./src/app/admin/page.tsx:641:19
Error: Unexpected token. Did you mean `{'}'}` or `&rbrace;`?
  639 |                     </div>
  640 |                   </div>
> 641 |                 ))}
      |                   ^
  642 |           </div>
  643 |         )}
  644 |         <Button

Parsing ecmascript source code failed

Import traces:
  Client Component Browser:
    ./src/app/admin/page.tsx [Client Component Browser]
    ./src/app/admin/page.tsx [Server Component]

  Client Component SSR:
    ./src/app/admin/page.tsx [Client Component SSR]
    ./src/app/admin/page.tsx [Server Component] @ http://localhost:3000/_next/static/chunks/node_modules_next_dist_1e8vcs8._.js:1052
[   61947ms] [ERROR] ./src/app/admin/page.tsx:641:19
Error: Unexpected token. Did you mean `{'}'}` or `&rbrace;`?
  639 |                     </div>
  640 |                   </div>
> 641 |                 ))}
      |                   ^
  642 |           </div>
  643 |         )}
  644 |         <Button

Parsing ecmascript source code failed

Import traces:
  Client Component Browser:
    ./src/app/admin/page.tsx [Client Component Browser]
    ./src/app/admin/page.tsx [Server Component]

  Client Component SSR:
    ./src/app/admin/page.tsx [Client Component SSR]
    ./src/app/admin/page.tsx [Server Component] @ http://localhost:3000/_next/static/chunks/node_modules_next_dist_1e8vcs8._.js:1052
[   62003ms] [ERROR] ./src/app/admin/page.tsx:641:19
Error: Unexpected token. Did you mean `{'}'}` or `&rbrace;`?
  639 |                     </div>
  640 |                   </div>
> 641 |                 ))}
      |                   ^
  642 |           </div>
  643 |         )}
  644 |         <Button

Parsing ecmascript source code failed

Import traces:
  Client Component Browser:
    ./src/app/admin/page.tsx [Client Component Browser]
    ./src/app/admin/page.tsx [Server Component]

  Client Component SSR:
    ./src/app/admin/page.tsx [Client Component SSR]
    ./src/app/admin/page.tsx [Server Component] @ http://localhost:3000/_next/static/chunks/node_modules_next_dist_1e8vcs8._.js:1052
[   62056ms] [ERROR] ./src/app/admin/page.tsx:641:19
Error: Unexpected token. Did you mean `{'}'}` or `&rbrace;`?
  639 |                     </div>
  640 |                   </div>
> 641 |                 ))}
      |                   ^
  642 |           </div>
  643 |         )}
  644 |         <Button

Parsing ecmascript source code failed

Import traces:
  Client Component Browser:
    ./src/app/admin/page.tsx [Client Component Browser]
    ./src/app/admin/page.tsx [Server Component]

  Client Component SSR:
    ./src/app/admin/page.tsx [Client Component SSR]
    ./src/app/admin/page.tsx [Server Component] @ http://localhost:3000/_next/static/chunks/node_modules_next_dist_1e8vcs8._.js:1052
[   62111ms] [ERROR] ./src/app/admin/page.tsx:641:19
Error: Unexpected token. Did you mean `{'}'}` or `&rbrace;`?
  639 |                     </div>
  640 |                   </div>
> 641 |                 ))}
      |                   ^
  642 |           </div>
  643 |         )}
  644 |         <Button

Parsing ecmascript source code failed

Import traces:
  Client Component Browser:
    ./src/app/admin/page.tsx [Client Component Browser]
    ./src/app/admin/page.tsx [Server Component]

  Client Component SSR:
    ./src/app/admin/page.tsx [Client Component SSR]
    ./src/app/admin/page.tsx [Server Component] @ http://localhost:3000/_next/static/chunks/node_modules_next_dist_1e8vcs8._.js:1052
[   62161ms] [ERROR] ./src/app/admin/page.tsx:641:19
Error: Unexpected token. Did you mean `{'}'}` or `&rbrace;`?
  639 |                     </div>
  640 |                   </div>
> 641 |                 ))}
      |                   ^
  642 |           </div>
  643 |         )}
  644 |         <Button

Parsing ecmascript source code failed

Import traces:
  Client Component Browser:
    ./src/app/admin/page.tsx [Client Component Browser]
    ./src/app/admin/page.tsx [Server Component]

  Client Component SSR:
    ./src/app/admin/page.tsx [Client Component SSR]
    ./src/app/admin/page.tsx [Server Component] @ http://localhost:3000/_next/static/chunks/node_modules_next_dist_1e8vcs8._.js:1052
[   62210ms] [ERROR] ./src/app/admin/page.tsx:641:19
Error: Unexpected token. Did you mean `{'}'}` or `&rbrace;`?
  639 |                     </div>
  640 |                   </div>
> 641 |                 ))}
      |                   ^
  642 |           </div>
  643 |         )}
  644 |         <Button

Parsing ecmascript source code failed

Import traces:
  Client Component Browser:
    ./src/app/admin/page.tsx [Client Component Browser]
    ./src/app/admin/page.tsx [Server Component]

  Client Component SSR:
    ./src/app/admin/page.tsx [Client Component SSR]
    ./src/app/admin/page.tsx [Server Component] @ http://localhost:3000/_next/static/chunks/node_modules_next_dist_1e8vcs8._.js:1052
[   62261ms] [ERROR] ./src/app/admin/page.tsx:641:19
Error: Unexpected token. Did you mean `{'}'}` or `&rbrace;`?
  639 |                     </div>
  640 |                   </div>
> 641 |                 ))}
      |                   ^
  642 |           </div>
  643 |         )}
  644 |         <Button

Parsing ecmascript source code failed

Import traces:
  Client Component Browser:
    ./src/app/admin/page.tsx [Client Component Browser]
    ./src/app/admin/page.tsx [Server Component]

  Client Component SSR:
    ./src/app/admin/page.tsx [Client Component SSR]
    ./src/app/admin/page.tsx [Server Component] @ http://localhost:3000/_next/static/chunks/node_modules_next_dist_1e8vcs8._.js:1052
[   62311ms] [ERROR] ./src/app/admin/page.tsx:641:19
Error: Unexpected token. Did you mean `{'}'}` or `&rbrace;`?
  639 |                     </div>
  640 |                   </div>
> 641 |                 ))}
      |                   ^
  642 |           </div>
  643 |         )}
  644 |         <Button

Parsing ecmascript source code failed

Import traces:
  Client Component Browser:
    ./src/app/admin/page.tsx [Client Component Browser]
    ./src/app/admin/page.tsx [Server Component]

  Client Component SSR:
    ./src/app/admin/page.tsx [Client Component SSR]
    ./src/app/admin/page.tsx [Server Component] @ http://localhost:3000/_next/static/chunks/node_modules_next_dist_1e8vcs8._.js:1052
[   62363ms] [ERROR] ./src/app/admin/page.tsx:641:19
Error: Unexpected token. Did you mean `{'}'}` or `&rbrace;`?
  639 |                     </div>
  640 |                   </div>
> 641 |                 ))}
      |                   ^
  642 |           </div>
  643 |         )}
  644 |         <Button

Parsing ecmascript source code failed

Import traces:
  Client Component Browser:
    ./src/app/admin/page.tsx [Client Component Browser]
    ./src/app/admin/page.tsx [Server Component]

  Client Component SSR:
    ./src/app/admin/page.tsx [Client Component SSR]
    ./src/app/admin/page.tsx [Server Component] @ http://localhost:3000/_next/static/chunks/node_modules_next_dist_1e8vcs8._.js:1052
[   62413ms] [ERROR] ./src/app/admin/page.tsx:641:19
Error: Unexpected token. Did you mean `{'}'}` or `&rbrace;`?
  639 |                     </div>
  640 |                   </div>
> 641 |                 ))}
      |                   ^
  642 |           </div>
  643 |         )}
  644 |         <Button

Parsing ecmascript source code failed

Import traces:
  Client Component Browser:
    ./src/app/admin/page.tsx [Client Component Browser]
    ./src/app/admin/page.tsx [Server Component]

  Client Component SSR:
    ./src/app/admin/page.tsx [Client Component SSR]
    ./src/app/admin/page.tsx [Server Component] @ http://localhost:3000/_next/static/chunks/node_modules_next_dist_1e8vcs8._.js:1052
[   62464ms] [ERROR] ./src/app/admin/page.tsx:641:19
Error: Unexpected token. Did you mean `{'}'}` or `&rbrace;`?
  639 |                     </div>
  640 |                   </div>
> 641 |                 ))}
      |                   ^
  642 |           </div>
  643 |         )}
  644 |         <Button

Parsing ecmascript source code failed

Import traces:
  Client Component Browser:
    ./src/app/admin/page.tsx [Client Component Browser]
    ./src/app/admin/page.tsx [Server Component]

  Client Component SSR:
    ./src/app/admin/page.tsx [Client Component SSR]
    ./src/app/admin/page.tsx [Server Component] @ http://localhost:3000/_next/static/chunks/node_modules_next_dist_1e8vcs8._.js:1052
[   62518ms] [ERROR] ./src/app/admin/page.tsx:641:19
Error: Unexpected token. Did you mean `{'}'}` or `&rbrace;`?
  639 |                     </div>
  640 |                   </div>
> 641 |                 ))}
      |                   ^
  642 |           </div>
  643 |         )}
  644 |         <Button

Parsing ecmascript source code failed

Import traces:
  Client Component Browser:
    ./src/app/admin/page.tsx [Client Component Browser]
    ./src/app/admin/page.tsx [Server Component]

  Client Component SSR:
    ./src/app/admin/page.tsx [Client Component SSR]
    ./src/app/admin/page.tsx [Server Component] @ http://localhost:3000/_next/static/chunks/node_modules_next_dist_1e8vcs8._.js:1052
[   62568ms] [ERROR] ./src/app/admin/page.tsx:641:19
Error: Unexpected token. Did you mean `{'}'}` or `&rbrace;`?
  639 |                     </div>
  640 |                   </div>
> 641 |                 ))}
      |                   ^
  642 |           </div>
  643 |         )}
  644 |         <Button

Parsing ecmascript source code failed

Import traces:
  Client Component Browser:
    ./src/app/admin/page.tsx [Client Component Browser]
    ./src/app/admin/page.tsx [Server Component]

  Client Component SSR:
    ./src/app/admin/page.tsx [Client Component SSR]
    ./src/app/admin/page.tsx [Server Component] @ http://localhost:3000/_next/static/chunks/node_modules_next_dist_1e8vcs8._.js:1052
[   62622ms] [ERROR] ./src/app/admin/page.tsx:641:19
Error: Unexpected token. Did you mean `{'}'}` or `&rbrace;`?
  639 |                     </div>
  640 |                   </div>
> 641 |                 ))}
      |                   ^
  642 |           </div>
  643 |         )}
  644 |         <Button

Parsing ecmascript source code failed

Import traces:
  Client Component Browser:
    ./src/app/admin/page.tsx [Client Component Browser]
    ./src/app/admin/page.tsx [Server Component]

  Client Component SSR:
    ./src/app/admin/page.tsx [Client Component SSR]
    ./src/app/admin/page.tsx [Server Component] @ http://localhost:3000/_next/static/chunks/node_modules_next_dist_1e8vcs8._.js:1052
[   62675ms] [ERROR] ./src/app/admin/page.tsx:641:19
Error: Unexpected token. Did you mean `{'}'}` or `&rbrace;`?
  639 |                     </div>
  640 |                   </div>
> 641 |                 ))}
      |                   ^
  642 |           </div>
  643 |         )}
  644 |         <Button

Parsing ecmascript source code failed

Import traces:
  Client Component Browser:
    ./src/app/admin/page.tsx [Client Component Browser]
    ./src/app/admin/page.tsx [Server Component]

  Client Component SSR:
    ./src/app/admin/page.tsx [Client Component SSR]
    ./src/app/admin/page.tsx [Server Component] @ http://localhost:3000/_next/static/chunks/node_modules_next_dist_1e8vcs8._.js:1052
[   62730ms] [ERROR] ./src/app/admin/page.tsx:641:19
Error: Unexpected token. Did you mean `{'}'}` or `&rbrace;`?
  639 |                     </div>
  640 |                   </div>
> 641 |                 ))}
      |                   ^
  642 |           </div>
  643 |         )}
  644 |         <Button

Parsing ecmascript source code failed

Import traces:
  Client Component Browser:
    ./src/app/admin/page.tsx [Client Component Browser]
    ./src/app/admin/page.tsx [Server Component]

  Client Component SSR:
    ./src/app/admin/page.tsx [Client Component SSR]
    ./src/app/admin/page.tsx [Server Component] @ http://localhost:3000/_next/static/chunks/node_modules_next_dist_1e8vcs8._.js:1052
[   62775ms] [ERROR] ./src/app/admin/page.tsx:641:19
Error: Unexpected token. Did you mean `{'}'}` or `&rbrace;`?
  639 |                     </div>
  640 |                   </div>
> 641 |                 ))}
      |                   ^
  642 |           </div>
  643 |         )}
  644 |         <Button

Parsing ecmascript source code failed

Import traces:
  Client Component Browser:
    ./src/app/admin/page.tsx [Client Component Browser]
    ./src/app/admin/page.tsx [Server Component]

  Client Component SSR:
    ./src/app/admin/page.tsx [Client Component SSR]
    ./src/app/admin/page.tsx [Server Component] @ http://localhost:3000/_next/static/chunks/node_modules_next_dist_1e8vcs8._.js:1052
[   62939ms] [ERROR] ./src/app/admin/page.tsx:641:19
Error: Unexpected token. Did you mean `{'}'}` or `&rbrace;`?
  639 |                     </div>
  640 |                   </div>
> 641 |                 ))}
      |                   ^
  642 |           </div>
  643 |         )}
  644 |         <Button

Parsing ecmascript source code failed

Import traces:
  Client Component Browser:
    ./src/app/admin/page.tsx [Client Component Browser]
    ./src/app/admin/page.tsx [Server Component]

  Client Component SSR:
    ./src/app/admin/page.tsx [Client Component SSR]
    ./src/app/admin/page.tsx [Server Component] @ http://localhost:3000/_next/static/chunks/node_modules_next_dist_1e8vcs8._.js:1052
[   63176ms] [ERROR] ./src/app/admin/page.tsx:641:19
Error: Unexpected token. Did you mean `{'}'}` or `&rbrace;`?
  639 |                     </div>
  640 |                   </div>
> 641 |                 ))}
      |                   ^
  642 |           </div>
  643 |         )}
  644 |         <Button

Parsing ecmascript source code failed

Import traces:
  Client Component Browser:
    ./src/app/admin/page.tsx [Client Component Browser]
    ./src/app/admin/page.tsx [Server Component]

  Client Component SSR:
    ./src/app/admin/page.tsx [Client Component SSR]
    ./src/app/admin/page.tsx [Server Component] @ http://localhost:3000/_next/static/chunks/node_modules_next_dist_1e8vcs8._.js:1052
[   63251ms] [ERROR] ./src/app/admin/page.tsx:641:19
Error: Unexpected token. Did you mean `{'}'}` or `&rbrace;`?
  639 |                     </div>
  640 |                   </div>
> 641 |                 ))}
      |                   ^
  642 |           </div>
  643 |         )}
  644 |         <Button

Parsing ecmascript source code failed

Import traces:
  Client Component Browser:
    ./src/app/admin/page.tsx [Client Component Browser]
    ./src/app/admin/page.tsx [Server Component]

  Client Component SSR:
    ./src/app/admin/page.tsx [Client Component SSR]
    ./src/app/admin/page.tsx [Server Component] @ http://localhost:3000/_next/static/chunks/node_modules_next_dist_1e8vcs8._.js:1052
[   63322ms] [ERROR] ./src/app/admin/page.tsx:641:19
Error: Unexpected token. Did you mean `{'}'}` or `&rbrace;`?
  639 |                     </div>
  640 |                   </div>
> 641 |                 ))}
      |                   ^
  642 |           </div>
  643 |         )}
  644 |         <Button

Parsing ecmascript source code failed

Import traces:
  Client Component Browser:
    ./src/app/admin/page.tsx [Client Component Browser]
    ./src/app/admin/page.tsx [Server Component]

  Client Component SSR:
    ./src/app/admin/page.tsx [Client Component SSR]
    ./src/app/admin/page.tsx [Server Component] @ http://localhost:3000/_next/static/chunks/node_modules_next_dist_1e8vcs8._.js:1052
[   63383ms] [ERROR] ./src/app/admin/page.tsx:641:19
Error: Unexpected token. Did you mean `{'}'}` or `&rbrace;`?
  639 |                     </div>
  640 |                   </div>
> 641 |                 ))}
      |                   ^
  642 |           </div>
  643 |         )}
  644 |         <Button

Parsing ecmascript source code failed

Import traces:
  Client Component Browser:
    ./src/app/admin/page.tsx [Client Component Browser]
    ./src/app/admin/page.tsx [Server Component]

  Client Component SSR:
    ./src/app/admin/page.tsx [Client Component SSR]
    ./src/app/admin/page.tsx [Server Component] @ http://localhost:3000/_next/static/chunks/node_modules_next_dist_1e8vcs8._.js:1052
[   63640ms] [ERROR] ./src/app/admin/page.tsx:641:19
Error: Unexpected token. Did you mean `{'}'}` or `&rbrace;`?
  639 |                     </div>
  640 |                   </div>
> 641 |                 ))}
      |                   ^
  642 |           </div>
  643 |         )}
  644 |         <Button

Parsing ecmascript source code failed

Import traces:
  Client Component Browser:
    ./src/app/admin/page.tsx [Client Component Browser]
    ./src/app/admin/page.tsx [Server Component]

  Client Component SSR:
    ./src/app/admin/page.tsx [Client Component SSR]
    ./src/app/admin/page.tsx [Server Component] @ http://localhost:3000/_next/static/chunks/node_modules_next_dist_1e8vcs8._.js:1052
[   63787ms] [ERROR] ./src/app/admin/page.tsx:641:19
Error: Unexpected token. Did you mean `{'}'}` or `&rbrace;`?
  639 |                     </div>
  640 |                   </div>
> 641 |                 ))}
      |                   ^
  642 |           </div>
  643 |         )}
  644 |         <Button

Parsing ecmascript source code failed

Import traces:
  Client Component Browser:
    ./src/app/admin/page.tsx [Client Component Browser]
    ./src/app/admin/page.tsx [Server Component]

  Client Component SSR:
    ./src/app/admin/page.tsx [Client Component SSR]
    ./src/app/admin/page.tsx [Server Component] @ http://localhost:3000/_next/static/chunks/node_modules_next_dist_1e8vcs8._.js:1052
[   63844ms] [ERROR] ./src/app/admin/page.tsx:641:19
Error: Unexpected token. Did you mean `{'}'}` or `&rbrace;`?
  639 |                     </div>
  640 |                   </div>
> 641 |                 ))}
      |                   ^
  642 |           </div>
  643 |         )}
  644 |         <Button

Parsing ecmascript source code failed

Import traces:
  Client Component Browser:
    ./src/app/admin/page.tsx [Client Component Browser]
    ./src/app/admin/page.tsx [Server Component]

  Client Component SSR:
    ./src/app/admin/page.tsx [Client Component SSR]
    ./src/app/admin/page.tsx [Server Component] @ http://localhost:3000/_next/static/chunks/node_modules_next_dist_1e8vcs8._.js:1052
[   63911ms] [ERROR] ./src/app/admin/page.tsx:641:19
Error: Unexpected token. Did you mean `{'}'}` or `&rbrace;`?
  639 |                     </div>
  640 |                   </div>
> 641 |                 ))}
      |                   ^
  642 |           </div>
  643 |         )}
  644 |         <Button

Parsing ecmascript source code failed

Import traces:
  Client Component Browser:
    ./src/app/admin/page.tsx [Client Component Browser]
    ./src/app/admin/page.tsx [Server Component]

  Client Component SSR:
    ./src/app/admin/page.tsx [Client Component SSR]
    ./src/app/admin/page.tsx [Server Component] @ http://localhost:3000/_next/static/chunks/node_modules_next_dist_1e8vcs8._.js:1052
[   63969ms] [ERROR] ./src/app/admin/page.tsx:641:19
Error: Unexpected token. Did you mean `{'}'}` or `&rbrace;`?
  639 |                     </div>
  640 |                   </div>
> 641 |                 ))}
      |                   ^
  642 |           </div>
  643 |         )}
  644 |         <Button

Parsing ecmascript source code failed

Import traces:
  Client Component Browser:
    ./src/app/admin/page.tsx [Client Component Browser]
    ./src/app/admin/page.tsx [Server Component]

  Client Component SSR:
    ./src/app/admin/page.tsx [Client Component SSR]
    ./src/app/admin/page.tsx [Server Component] @ http://localhost:3000/_next/static/chunks/node_modules_next_dist_1e8vcs8._.js:1052
[   64027ms] [ERROR] ./src/app/admin/page.tsx:641:19
Error: Unexpected token. Did you mean `{'}'}` or `&rbrace;`?
  639 |                     </div>
  640 |                   </div>
> 641 |                 ))}
      |                   ^
  642 |           </div>
  643 |         )}
  644 |         <Button

Parsing ecmascript source code failed

Import traces:
  Client Component Browser:
    ./src/app/admin/page.tsx [Client Component Browser]
    ./src/app/admin/page.tsx [Server Component]

  Client Component SSR:
    ./src/app/admin/page.tsx [Client Component SSR]
    ./src/app/admin/page.tsx [Server Component] @ http://localhost:3000/_next/static/chunks/node_modules_next_dist_1e8vcs8._.js:1052
[   64084ms] [ERROR] ./src/app/admin/page.tsx:641:19
Error: Unexpected token. Did you mean `{'}'}` or `&rbrace;`?
  639 |                     </div>
  640 |                   </div>
> 641 |                 ))}
      |                   ^
  642 |           </div>
  643 |         )}
  644 |         <Button

Parsing ecmascript source code failed

Import traces:
  Client Component Browser:
    ./src/app/admin/page.tsx [Client Component Browser]
    ./src/app/admin/page.tsx [Server Component]

  Client Component SSR:
    ./src/app/admin/page.tsx [Client Component SSR]
    ./src/app/admin/page.tsx [Server Component] @ http://localhost:3000/_next/static/chunks/node_modules_next_dist_1e8vcs8._.js:1052
[   64143ms] [ERROR] ./src/app/admin/page.tsx:641:19
Error: Unexpected token. Did you mean `{'}'}` or `&rbrace;`?
  639 |                     </div>
  640 |                   </div>
> 641 |                 ))}
      |                   ^
  642 |           </div>
  643 |         )}
  644 |         <Button

Parsing ecmascript source code failed

Import traces:
  Client Component Browser:
    ./src/app/admin/page.tsx [Client Component Browser]
    ./src/app/admin/page.tsx [Server Component]

  Client Component SSR:
    ./src/app/admin/page.tsx [Client Component SSR]
    ./src/app/admin/page.tsx [Server Component] @ http://localhost:3000/_next/static/chunks/node_modules_next_dist_1e8vcs8._.js:1052
[   64263ms] [ERROR] ./src/app/admin/page.tsx:641:19
Error: Unexpected token. Did you mean `{'}'}` or `&rbrace;`?
  639 |                     </div>
  640 |                   </div>
> 641 |                 ))}
      |                   ^
  642 |           </div>
  643 |         )}
  644 |         <Button

Parsing ecmascript source code failed

Import traces:
  Client Component Browser:
    ./src/app/admin/page.tsx [Client Component Browser]
    ./src/app/admin/page.tsx [Server Component]

  Client Component SSR:
    ./src/app/admin/page.tsx [Client Component SSR]
    ./src/app/admin/page.tsx [Server Component] @ http://localhost:3000/_next/static/chunks/node_modules_next_dist_1e8vcs8._.js:1052
[   64322ms] [ERROR] ./src/app/admin/page.tsx:641:19
Error: Unexpected token. Did you mean `{'}'}` or `&rbrace;`?
  639 |                     </div>
  640 |                   </div>
> 641 |                 ))}
      |                   ^
  642 |           </div>
  643 |         )}
  644 |         <Button

Parsing ecmascript source code failed

Import traces:
  Client Component Browser:
    ./src/app/admin/page.tsx [Client Component Browser]
    ./src/app/admin/page.tsx [Server Component]

  Client Component SSR:
    ./src/app/admin/page.tsx [Client Component SSR]
    ./src/app/admin/page.tsx [Server Component] @ http://localhost:3000/_next/static/chunks/node_modules_next_dist_1e8vcs8._.js:1052
[   64388ms] [ERROR] ./src/app/admin/page.tsx:641:19
Error: Unexpected token. Did you mean `{'}'}` or `&rbrace;`?
  639 |                     </div>
  640 |                   </div>
> 641 |                 ))}
      |                   ^
  642 |           </div>
  643 |         )}
  644 |         <Button

Parsing ecmascript source code failed

Import traces:
  Client Component Browser:
    ./src/app/admin/page.tsx [Client Component Browser]
    ./src/app/admin/page.tsx [Server Component]

  Client Component SSR:
    ./src/app/admin/page.tsx [Client Component SSR]
    ./src/app/admin/page.tsx [Server Component] @ http://localhost:3000/_next/static/chunks/node_modules_next_dist_1e8vcs8._.js:1052
[   64444ms] [ERROR] ./src/app/admin/page.tsx:641:19
Error: Unexpected token. Did you mean `{'}'}` or `&rbrace;`?
  639 |                     </div>
  640 |                   </div>
> 641 |                 ))}
      |                   ^
  642 |           </div>
  643 |         )}
  644 |         <Button

Parsing ecmascript source code failed

Import traces:
  Client Component Browser:
    ./src/app/admin/page.tsx [Client Component Browser]
    ./src/app/admin/page.tsx [Server Component]

  Client Component SSR:
    ./src/app/admin/page.tsx [Client Component SSR]
    ./src/app/admin/page.tsx [Server Component] @ http://localhost:3000/_next/static/chunks/node_modules_next_dist_1e8vcs8._.js:1052
[   64492ms] [ERROR] ./src/app/admin/page.tsx:641:19
Error: Unexpected token. Did you mean `{'}'}` or `&rbrace;`?
  639 |                     </div>
  640 |                   </div>
> 641 |                 ))}
      |                   ^
  642 |           </div>
  643 |         )}
  644 |         <Button

Parsing ecmascript source code failed

Import traces:
  Client Component Browser:
    ./src/app/admin/page.tsx [Client Component Browser]
    ./src/app/admin/page.tsx [Server Component]

  Client Component SSR:
    ./src/app/admin/page.tsx [Client Component SSR]
    ./src/app/admin/page.tsx [Server Component] @ http://localhost:3000/_next/static/chunks/node_modules_next_dist_1e8vcs8._.js:1052
[   64552ms] [ERROR] ./src/app/admin/page.tsx:641:19
Error: Unexpected token. Did you mean `{'}'}` or `&rbrace;`?
  639 |                     </div>
  640 |                   </div>
> 641 |                 ))}
      |                   ^
  642 |           </div>
  643 |         )}
  644 |         <Button

Parsing ecmascript source code failed

Import traces:
  Client Component Browser:
    ./src/app/admin/page.tsx [Client Component Browser]
    ./src/app/admin/page.tsx [Server Component]

  Client Component SSR:
    ./src/app/admin/page.tsx [Client Component SSR]
    ./src/app/admin/page.tsx [Server Component] @ http://localhost:3000/_next/static/chunks/node_modules_next_dist_1e8vcs8._.js:1052
[   64604ms] [ERROR] ./src/app/admin/page.tsx:641:19
Error: Unexpected token. Did you mean `{'}'}` or `&rbrace;`?
  639 |                     </div>
  640 |                   </div>
> 641 |                 ))}
      |                   ^
  642 |           </div>
  643 |         )}
  644 |         <Button

Parsing ecmascript source code failed

Import traces:
  Client Component Browser:
    ./src/app/admin/page.tsx [Client Component Browser]
    ./src/app/admin/page.tsx [Server Component]

  Client Component SSR:
    ./src/app/admin/page.tsx [Client Component SSR]
    ./src/app/admin/page.tsx [Server Component] @ http://localhost:3000/_next/static/chunks/node_modules_next_dist_1e8vcs8._.js:1052
[   64659ms] [ERROR] ./src/app/admin/page.tsx:641:19
Error: Unexpected token. Did you mean `{'}'}` or `&rbrace;`?
  639 |                     </div>
  640 |                   </div>
> 641 |                 ))}
      |                   ^
  642 |           </div>
  643 |         )}
  644 |         <Button

Parsing ecmascript source code failed

Import traces:
  Client Component Browser:
    ./src/app/admin/page.tsx [Client Component Browser]
    ./src/app/admin/page.tsx [Server Component]

  Client Component SSR:
    ./src/app/admin/page.tsx [Client Component SSR]
    ./src/app/admin/page.tsx [Server Component] @ http://localhost:3000/_next/static/chunks/node_modules_next_dist_1e8vcs8._.js:1052
[   64714ms] [ERROR] ./src/app/admin/page.tsx:641:19
Error: Unexpected token. Did you mean `{'}'}` or `&rbrace;`?
  639 |                     </div>
  640 |                   </div>
> 641 |                 ))}
      |                   ^
  642 |           </div>
  643 |         )}
  644 |         <Button

Parsing ecmascript source code failed

Import traces:
  Client Component Browser:
    ./src/app/admin/page.tsx [Client Component Browser]
    ./src/app/admin/page.tsx [Server Component]

  Client Component SSR:
    ./src/app/admin/page.tsx [Client Component SSR]
    ./src/app/admin/page.tsx [Server Component] @ http://localhost:3000/_next/static/chunks/node_modules_next_dist_1e8vcs8._.js:1052
[   64767ms] [ERROR] ./src/app/admin/page.tsx:641:19
Error: Unexpected token. Did you mean `{'}'}` or `&rbrace;`?
  639 |                     </div>
  640 |                   </div>
> 641 |                 ))}
      |                   ^
  642 |           </div>
  643 |         )}
  644 |         <Button

Parsing ecmascript source code failed

Import traces:
  Client Component Browser:
    ./src/app/admin/page.tsx [Client Component Browser]
    ./src/app/admin/page.tsx [Server Component]

  Client Component SSR:
    ./src/app/admin/page.tsx [Client Component SSR]
    ./src/app/admin/page.tsx [Server Component] @ http://localhost:3000/_next/static/chunks/node_modules_next_dist_1e8vcs8._.js:1052
[   64820ms] [ERROR] ./src/app/admin/page.tsx:641:19
Error: Unexpected token. Did you mean `{'}'}` or `&rbrace;`?
  639 |                     </div>
  640 |                   </div>
> 641 |                 ))}
      |                   ^
  642 |           </div>
  643 |         )}
  644 |         <Button

Parsing ecmascript source code failed

Import traces:
  Client Component Browser:
    ./src/app/admin/page.tsx [Client Component Browser]
    ./src/app/admin/page.tsx [Server Component]

  Client Component SSR:
    ./src/app/admin/page.tsx [Client Component SSR]
    ./src/app/admin/page.tsx [Server Component] @ http://localhost:3000/_next/static/chunks/node_modules_next_dist_1e8vcs8._.js:1052
[   64871ms] [ERROR] ./src/app/admin/page.tsx:641:19
Error: Unexpected token. Did you mean `{'}'}` or `&rbrace;`?
  639 |                     </div>
  640 |                   </div>
> 641 |                 ))}
      |                   ^
  642 |           </div>
  643 |         )}
  644 |         <Button

Parsing ecmascript source code failed

Import traces:
  Client Component Browser:
    ./src/app/admin/page.tsx [Client Component Browser]
    ./src/app/admin/page.tsx [Server Component]

  Client Component SSR:
    ./src/app/admin/page.tsx [Client Component SSR]
    ./src/app/admin/page.tsx [Server Component] @ http://localhost:3000/_next/static/chunks/node_modules_next_dist_1e8vcs8._.js:1052
[   64917ms] [ERROR] ./src/app/admin/page.tsx:641:19
Error: Unexpected token. Did you mean `{'}'}` or `&rbrace;`?
  639 |                     </div>
  640 |                   </div>
> 641 |                 ))}
      |                   ^
  642 |           </div>
  643 |         )}
  644 |         <Button

Parsing ecmascript source code failed

Import traces:
  Client Component Browser:
    ./src/app/admin/page.tsx [Client Component Browser]
    ./src/app/admin/page.tsx [Server Component]

  Client Component SSR:
    ./src/app/admin/page.tsx [Client Component SSR]
    ./src/app/admin/page.tsx [Server Component] @ http://localhost:3000/_next/static/chunks/node_modules_next_dist_1e8vcs8._.js:1052
[   64970ms] [ERROR] ./src/app/admin/page.tsx:641:19
Error: Unexpected token. Did you mean `{'}'}` or `&rbrace;`?
  639 |                     </div>
  640 |                   </div>
> 641 |                 ))}
      |                   ^
  642 |           </div>
  643 |         )}
  644 |         <Button

Parsing ecmascript source code failed

Import traces:
  Client Component Browser:
    ./src/app/admin/page.tsx [Client Component Browser]
    ./src/app/admin/page.tsx [Server Component]

  Client Component SSR:
    ./src/app/admin/page.tsx [Client Component SSR]
    ./src/app/admin/page.tsx [Server Component] @ http://localhost:3000/_next/static/chunks/node_modules_next_dist_1e8vcs8._.js:1052
[   65024ms] [ERROR] ./src/app/admin/page.tsx:641:19
Error: Unexpected token. Did you mean `{'}'}` or `&rbrace;`?
  639 |                     </div>
  640 |                   </div>
> 641 |                 ))}
      |                   ^
  642 |           </div>
  643 |         )}
  644 |         <Button

Parsing ecmascript source code failed

Import traces:
  Client Component Browser:
    ./src/app/admin/page.tsx [Client Component Browser]
    ./src/app/admin/page.tsx [Server Component]

  Client Component SSR:
    ./src/app/admin/page.tsx [Client Component SSR]
    ./src/app/admin/page.tsx [Server Component] @ http://localhost:3000/_next/static/chunks/node_modules_next_dist_1e8vcs8._.js:1052
[   65078ms] [ERROR] ./src/app/admin/page.tsx:641:19
Error: Unexpected token. Did you mean `{'}'}` or `&rbrace;`?
  639 |                     </div>
  640 |                   </div>
> 641 |                 ))}
      |                   ^
  642 |           </div>
  643 |         )}
  644 |         <Button

Parsing ecmascript source code failed

Import traces:
  Client Component Browser:
    ./src/app/admin/page.tsx [Client Component Browser]
    ./src/app/admin/page.tsx [Server Component]

  Client Component SSR:
    ./src/app/admin/page.tsx [Client Component SSR]
    ./src/app/admin/page.tsx [Server Component] @ http://localhost:3000/_next/static/chunks/node_modules_next_dist_1e8vcs8._.js:1052
[   65131ms] [ERROR] ./src/app/admin/page.tsx:641:19
Error: Unexpected token. Did you mean `{'}'}` or `&rbrace;`?
  639 |                     </div>
  640 |                   </div>
> 641 |                 ))}
      |                   ^
  642 |           </div>
  643 |         )}
  644 |         <Button

Parsing ecmascript source code failed

Import traces:
  Client Component Browser:
    ./src/app/admin/page.tsx [Client Component Browser]
    ./src/app/admin/page.tsx [Server Component]

  Client Component SSR:
    ./src/app/admin/page.tsx [Client Component SSR]
    ./src/app/admin/page.tsx [Server Component] @ http://localhost:3000/_next/static/chunks/node_modules_next_dist_1e8vcs8._.js:1052
[   65185ms] [ERROR] ./src/app/admin/page.tsx:641:19
Error: Unexpected token. Did you mean `{'}'}` or `&rbrace;`?
  639 |                     </div>
  640 |                   </div>
> 641 |                 ))}
      |                   ^
  642 |           </div>
  643 |         )}
  644 |         <Button

Parsing ecmascript source code failed

Import traces:
  Client Component Browser:
    ./src/app/admin/page.tsx [Client Component Browser]
    ./src/app/admin/page.tsx [Server Component]

  Client Component SSR:
    ./src/app/admin/page.tsx [Client Component SSR]
    ./src/app/admin/page.tsx [Server Component] @ http://localhost:3000/_next/static/chunks/node_modules_next_dist_1e8vcs8._.js:1052
[   65237ms] [ERROR] ./src/app/admin/page.tsx:641:19
Error: Unexpected token. Did you mean `{'}'}` or `&rbrace;`?
  639 |                     </div>
  640 |                   </div>
> 641 |                 ))}
      |                   ^
  642 |           </div>
  643 |         )}
  644 |         <Button

Parsing ecmascript source code failed

Import traces:
  Client Component Browser:
    ./src/app/admin/page.tsx [Client Component Browser]
    ./src/app/admin/page.tsx [Server Component]

  Client Component SSR:
    ./src/app/admin/page.tsx [Client Component SSR]
    ./src/app/admin/page.tsx [Server Component] @ http://localhost:3000/_next/static/chunks/node_modules_next_dist_1e8vcs8._.js:1052
[   65295ms] [ERROR] ./src/app/admin/page.tsx:641:19
Error: Unexpected token. Did you mean `{'}'}` or `&rbrace;`?
  639 |                     </div>
  640 |                   </div>
> 641 |                 ))}
      |                   ^
  642 |           </div>
  643 |         )}
  644 |         <Button

Parsing ecmascript source code failed

Import traces:
  Client Component Browser:
    ./src/app/admin/page.tsx [Client Component Browser]
    ./src/app/admin/page.tsx [Server Component]

  Client Component SSR:
    ./src/app/admin/page.tsx [Client Component SSR]
    ./src/app/admin/page.tsx [Server Component] @ http://localhost:3000/_next/static/chunks/node_modules_next_dist_1e8vcs8._.js:1052
[   65345ms] [ERROR] ./src/app/admin/page.tsx:641:19
Error: Unexpected token. Did you mean `{'}'}` or `&rbrace;`?
  639 |                     </div>
  640 |                   </div>
> 641 |                 ))}
      |                   ^
  642 |           </div>
  643 |         )}
  644 |         <Button

Parsing ecmascript source code failed

Import traces:
  Client Component Browser:
    ./src/app/admin/page.tsx [Client Component Browser]
    ./src/app/admin/page.tsx [Server Component]

  Client Component SSR:
    ./src/app/admin/page.tsx [Client Component SSR]
    ./src/app/admin/page.tsx [Server Component] @ http://localhost:3000/_next/static/chunks/node_modules_next_dist_1e8vcs8._.js:1052
[   65395ms] [ERROR] ./src/app/admin/page.tsx:641:19
Error: Unexpected token. Did you mean `{'}'}` or `&rbrace;`?
  639 |                     </div>
  640 |                   </div>
> 641 |                 ))}
      |                   ^
  642 |           </div>
  643 |         )}
  644 |         <Button

Parsing ecmascript source code failed

Import traces:
  Client Component Browser:
    ./src/app/admin/page.tsx [Client Component Browser]
    ./src/app/admin/page.tsx [Server Component]

  Client Component SSR:
    ./src/app/admin/page.tsx [Client Component SSR]
    ./src/app/admin/page.tsx [Server Component] @ http://localhost:3000/_next/static/chunks/node_modules_next_dist_1e8vcs8._.js:1052
[   65448ms] [ERROR] ./src/app/admin/page.tsx:641:19
Error: Unexpected token. Did you mean `{'}'}` or `&rbrace;`?
  639 |                     </div>
  640 |                   </div>
> 641 |                 ))}
      |                   ^
  642 |           </div>
  643 |         )}
  644 |         <Button

Parsing ecmascript source code failed

Import traces:
  Client Component Browser:
    ./src/app/admin/page.tsx [Client Component Browser]
    ./src/app/admin/page.tsx [Server Component]

  Client Component SSR:
    ./src/app/admin/page.tsx [Client Component SSR]
    ./src/app/admin/page.tsx [Server Component] @ http://localhost:3000/_next/static/chunks/node_modules_next_dist_1e8vcs8._.js:1052
[   65493ms] [ERROR] ./src/app/admin/page.tsx:641:19
Error: Unexpected token. Did you mean `{'}'}` or `&rbrace;`?
  639 |                     </div>
  640 |                   </div>
> 641 |                 ))}
      |                   ^
  642 |           </div>
  643 |         )}
  644 |         <Button

Parsing ecmascript source code failed

Import traces:
  Client Component Browser:
    ./src/app/admin/page.tsx [Client Component Browser]
    ./src/app/admin/page.tsx [Server Component]

  Client Component SSR:
    ./src/app/admin/page.tsx [Client Component SSR]
    ./src/app/admin/page.tsx [Server Component] @ http://localhost:3000/_next/static/chunks/node_modules_next_dist_1e8vcs8._.js:1052
[   65547ms] [ERROR] ./src/app/admin/page.tsx:641:19
Error: Unexpected token. Did you mean `{'}'}` or `&rbrace;`?
  639 |                     </div>
  640 |                   </div>
> 641 |                 ))}
      |                   ^
  642 |           </div>
  643 |         )}
  644 |         <Button

Parsing ecmascript source code failed

Import traces:
  Client Component Browser:
    ./src/app/admin/page.tsx [Client Component Browser]
    ./src/app/admin/page.tsx [Server Component]

  Client Component SSR:
    ./src/app/admin/page.tsx [Client Component SSR]
    ./src/app/admin/page.tsx [Server Component] @ http://localhost:3000/_next/static/chunks/node_modules_next_dist_1e8vcs8._.js:1052
[   65610ms] [ERROR] ./src/app/admin/page.tsx:641:19
Error: Unexpected token. Did you mean `{'}'}` or `&rbrace;`?
  639 |                     </div>
  640 |                   </div>
> 641 |                 ))}
      |                   ^
  642 |           </div>
  643 |         )}
  644 |         <Button

Parsing ecmascript source code failed

Import traces:
  Client Component Browser:
    ./src/app/admin/page.tsx [Client Component Browser]
    ./src/app/admin/page.tsx [Server Component]

  Client Component SSR:
    ./src/app/admin/page.tsx [Client Component SSR]
    ./src/app/admin/page.tsx [Server Component] @ http://localhost:3000/_next/static/chunks/node_modules_next_dist_1e8vcs8._.js:1052
[   65662ms] [ERROR] ./src/app/admin/page.tsx:641:19
Error: Unexpected token. Did you mean `{'}'}` or `&rbrace;`?
  639 |                     </div>
  640 |                   </div>
> 641 |                 ))}
      |                   ^
  642 |           </div>
  643 |         )}
  644 |         <Button

Parsing ecmascript source code failed

Import traces:
  Client Component Browser:
    ./src/app/admin/page.tsx [Client Component Browser]
    ./src/app/admin/page.tsx [Server Component]

  Client Component SSR:
    ./src/app/admin/page.tsx [Client Component SSR]
    ./src/app/admin/page.tsx [Server Component] @ http://localhost:3000/_next/static/chunks/node_modules_next_dist_1e8vcs8._.js:1052
[   65714ms] [ERROR] ./src/app/admin/page.tsx:641:19
Error: Unexpected token. Did you mean `{'}'}` or `&rbrace;`?
  639 |                     </div>
  640 |                   </div>
> 641 |                 ))}
      |                   ^
  642 |           </div>
  643 |         )}
  644 |         <Button

Parsing ecmascript source code failed

Import traces:
  Client Component Browser:
    ./src/app/admin/page.tsx [Client Component Browser]
    ./src/app/admin/page.tsx [Server Component]

  Client Component SSR:
    ./src/app/admin/page.tsx [Client Component SSR]
    ./src/app/admin/page.tsx [Server Component] @ http://localhost:3000/_next/static/chunks/node_modules_next_dist_1e8vcs8._.js:1052
[   65765ms] [ERROR] ./src/app/admin/page.tsx:641:19
Error: Unexpected token. Did you mean `{'}'}` or `&rbrace;`?
  639 |                     </div>
  640 |                   </div>
> 641 |                 ))}
      |                   ^
  642 |           </div>
  643 |         )}
  644 |         <Button

Parsing ecmascript source code failed

Import traces:
  Client Component Browser:
    ./src/app/admin/page.tsx [Client Component Browser]
    ./src/app/admin/page.tsx [Server Component]

  Client Component SSR:
    ./src/app/admin/page.tsx [Client Component SSR]
    ./src/app/admin/page.tsx [Server Component] @ http://localhost:3000/_next/static/chunks/node_modules_next_dist_1e8vcs8._.js:1052
[   65819ms] [ERROR] ./src/app/admin/page.tsx:641:19
Error: Unexpected token. Did you mean `{'}'}` or `&rbrace;`?
  639 |                     </div>
  640 |                   </div>
> 641 |                 ))}
      |                   ^
  642 |           </div>
  643 |         )}
  644 |         <Button

Parsing ecmascript source code failed

Import traces:
  Client Component Browser:
    ./src/app/admin/page.tsx [Client Component Browser]
    ./src/app/admin/page.tsx [Server Component]

  Client Component SSR:
    ./src/app/admin/page.tsx [Client Component SSR]
    ./src/app/admin/page.tsx [Server Component] @ http://localhost:3000/_next/static/chunks/node_modules_next_dist_1e8vcs8._.js:1052
[   65869ms] [ERROR] ./src/app/admin/page.tsx:641:19
Error: Unexpected token. Did you mean `{'}'}` or `&rbrace;`?
  639 |                     </div>
  640 |                   </div>
> 641 |                 ))}
      |                   ^
  642 |           </div>
  643 |         )}
  644 |         <Button

Parsing ecmascript source code failed

Import traces:
  Client Component Browser:
    ./src/app/admin/page.tsx [Client Component Browser]
    ./src/app/admin/page.tsx [Server Component]

  Client Component SSR:
    ./src/app/admin/page.tsx [Client Component SSR]
    ./src/app/admin/page.tsx [Server Component] @ http://localhost:3000/_next/static/chunks/node_modules_next_dist_1e8vcs8._.js:1052
[   65920ms] [ERROR] ./src/app/admin/page.tsx:641:19
Error: Unexpected token. Did you mean `{'}'}` or `&rbrace;`?
  639 |                     </div>
  640 |                   </div>
> 641 |                 ))}
      |                   ^
  642 |           </div>
  643 |         )}
  644 |         <Button

Parsing ecmascript source code failed

Import traces:
  Client Component Browser:
    ./src/app/admin/page.tsx [Client Component Browser]
    ./src/app/admin/page.tsx [Server Component]

  Client Component SSR:
    ./src/app/admin/page.tsx [Client Component SSR]
    ./src/app/admin/page.tsx [Server Component] @ http://localhost:3000/_next/static/chunks/node_modules_next_dist_1e8vcs8._.js:1052
[   65971ms] [ERROR] ./src/app/admin/page.tsx:641:19
Error: Unexpected token. Did you mean `{'}'}` or `&rbrace;`?
  639 |                     </div>
  640 |                   </div>
> 641 |                 ))}
      |                   ^
  642 |           </div>
  643 |         )}
  644 |         <Button

Parsing ecmascript source code failed

Import traces:
  Client Component Browser:
    ./src/app/admin/page.tsx [Client Component Browser]
    ./src/app/admin/page.tsx [Server Component]

  Client Component SSR:
    ./src/app/admin/page.tsx [Client Component SSR]
    ./src/app/admin/page.tsx [Server Component] @ http://localhost:3000/_next/static/chunks/node_modules_next_dist_1e8vcs8._.js:1052
[   66025ms] [ERROR] ./src/app/admin/page.tsx:641:19
Error: Unexpected token. Did you mean `{'}'}` or `&rbrace;`?
  639 |                     </div>
  640 |                   </div>
> 641 |                 ))}
      |                   ^
  642 |           </div>
  643 |         )}
  644 |         <Button

Parsing ecmascript source code failed

Import traces:
  Client Component Browser:
    ./src/app/admin/page.tsx [Client Component Browser]
    ./src/app/admin/page.tsx [Server Component]

  Client Component SSR:
    ./src/app/admin/page.tsx [Client Component SSR]
    ./src/app/admin/page.tsx [Server Component] @ http://localhost:3000/_next/static/chunks/node_modules_next_dist_1e8vcs8._.js:1052
[   66080ms] [ERROR] ./src/app/admin/page.tsx:641:19
Error: Unexpected token. Did you mean `{'}'}` or `&rbrace;`?
  639 |                     </div>
  640 |                   </div>
> 641 |                 ))}
      |                   ^
  642 |           </div>
  643 |         )}
  644 |         <Button

Parsing ecmascript source code failed

Import traces:
  Client Component Browser:
    ./src/app/admin/page.tsx [Client Component Browser]
    ./src/app/admin/page.tsx [Server Component]

  Client Component SSR:
    ./src/app/admin/page.tsx [Client Component SSR]
    ./src/app/admin/page.tsx [Server Component] @ http://localhost:3000/_next/static/chunks/node_modules_next_dist_1e8vcs8._.js:1052
[   66133ms] [ERROR] ./src/app/admin/page.tsx:641:19
Error: Unexpected token. Did you mean `{'}'}` or `&rbrace;`?
  639 |                     </div>
  640 |                   </div>
> 641 |                 ))}
      |                   ^
  642 |           </div>
  643 |         )}
  644 |         <Button

Parsing ecmascript source code failed

Import traces:
  Client Component Browser:
    ./src/app/admin/page.tsx [Client Component Browser]
    ./src/app/admin/page.tsx [Server Component]

  Client Component SSR:
    ./src/app/admin/page.tsx [Client Component SSR]
    ./src/app/admin/page.tsx [Server Component] @ http://localhost:3000/_next/static/chunks/node_modules_next_dist_1e8vcs8._.js:1052
[   66189ms] [ERROR] ./src/app/admin/page.tsx:641:19
Error: Unexpected token. Did you mean `{'}'}` or `&rbrace;`?
  639 |                     </div>
  640 |                   </div>
> 641 |                 ))}
      |                   ^
  642 |           </div>
  643 |         )}
  644 |         <Button

Parsing ecmascript source code failed

Import traces:
  Client Component Browser:
    ./src/app/admin/page.tsx [Client Component Browser]
    ./src/app/admin/page.tsx [Server Component]

  Client Component SSR:
    ./src/app/admin/page.tsx [Client Component SSR]
    ./src/app/admin/page.tsx [Server Component] @ http://localhost:3000/_next/static/chunks/node_modules_next_dist_1e8vcs8._.js:1052
[   66242ms] [ERROR] ./src/app/admin/page.tsx:641:19
Error: Unexpected token. Did you mean `{'}'}` or `&rbrace;`?
  639 |                     </div>
  640 |                   </div>
> 641 |                 ))}
      |                   ^
  642 |           </div>
  643 |         )}
  644 |         <Button

Parsing ecmascript source code failed

Import traces:
  Client Component Browser:
    ./src/app/admin/page.tsx [Client Component Browser]
    ./src/app/admin/page.tsx [Server Component]

  Client Component SSR:
    ./src/app/admin/page.tsx [Client Component SSR]
    ./src/app/admin/page.tsx [Server Component] @ http://localhost:3000/_next/static/chunks/node_modules_next_dist_1e8vcs8._.js:1052
[   66295ms] [ERROR] ./src/app/admin/page.tsx:641:19
Error: Unexpected token. Did you mean `{'}'}` or `&rbrace;`?
  639 |                     </div>
  640 |                   </div>
> 641 |                 ))}
      |                   ^
  642 |           </div>
  643 |         )}
  644 |         <Button

Parsing ecmascript source code failed

Import traces:
  Client Component Browser:
    ./src/app/admin/page.tsx [Client Component Browser]
    ./src/app/admin/page.tsx [Server Component]

  Client Component SSR:
    ./src/app/admin/page.tsx [Client Component SSR]
    ./src/app/admin/page.tsx [Server Component] @ http://localhost:3000/_next/static/chunks/node_modules_next_dist_1e8vcs8._.js:1052
[   66363ms] [ERROR] ./src/app/admin/page.tsx:641:19
Error: Unexpected token. Did you mean `{'}'}` or `&rbrace;`?
  639 |                     </div>
  640 |                   </div>
> 641 |                 ))}
      |                   ^
  642 |           </div>
  643 |         )}
  644 |         <Button

Parsing ecmascript source code failed

Import traces:
  Client Component Browser:
    ./src/app/admin/page.tsx [Client Component Browser]
    ./src/app/admin/page.tsx [Server Component]

  Client Component SSR:
    ./src/app/admin/page.tsx [Client Component SSR]
    ./src/app/admin/page.tsx [Server Component] @ http://localhost:3000/_next/static/chunks/node_modules_next_dist_1e8vcs8._.js:1052
[   66421ms] [ERROR] ./src/app/admin/page.tsx:641:19
Error: Unexpected token. Did you mean `{'}'}` or `&rbrace;`?
  639 |                     </div>
  640 |                   </div>
> 641 |                 ))}
      |                   ^
  642 |           </div>
  643 |         )}
  644 |         <Button

Parsing ecmascript source code failed

Import traces:
  Client Component Browser:
    ./src/app/admin/page.tsx [Client Component Browser]
    ./src/app/admin/page.tsx [Server Component]

  Client Component SSR:
    ./src/app/admin/page.tsx [Client Component SSR]
    ./src/app/admin/page.tsx [Server Component] @ http://localhost:3000/_next/static/chunks/node_modules_next_dist_1e8vcs8._.js:1052
[   66483ms] [ERROR] ./src/app/admin/page.tsx:641:19
Error: Unexpected token. Did you mean `{'}'}` or `&rbrace;`?
  639 |                     </div>
  640 |                   </div>
> 641 |                 ))}
      |                   ^
  642 |           </div>
  643 |         )}
  644 |         <Button

Parsing ecmascript source code failed

Import traces:
  Client Component Browser:
    ./src/app/admin/page.tsx [Client Component Browser]
    ./src/app/admin/page.tsx [Server Component]

  Client Component SSR:
    ./src/app/admin/page.tsx [Client Component SSR]
    ./src/app/admin/page.tsx [Server Component] @ http://localhost:3000/_next/static/chunks/node_modules_next_dist_1e8vcs8._.js:1052
[   66545ms] [ERROR] ./src/app/admin/page.tsx:641:19
Error: Unexpected token. Did you mean `{'}'}` or `&rbrace;`?
  639 |                     </div>
  640 |                   </div>
> 641 |                 ))}
      |                   ^
  642 |           </div>
  643 |         )}
  644 |         <Button

Parsing ecmascript source code failed

Import traces:
  Client Component Browser:
    ./src/app/admin/page.tsx [Client Component Browser]
    ./src/app/admin/page.tsx [Server Component]

  Client Component SSR:
    ./src/app/admin/page.tsx [Client Component SSR]
    ./src/app/admin/page.tsx [Server Component] @ http://localhost:3000/_next/static/chunks/node_modules_next_dist_1e8vcs8._.js:1052
[   66605ms] [ERROR] ./src/app/admin/page.tsx:641:19
Error: Unexpected token. Did you mean `{'}'}` or `&rbrace;`?
  639 |                     </div>
  640 |                   </div>
> 641 |                 ))}
      |                   ^
  642 |           </div>
  643 |         )}
  644 |         <Button

Parsing ecmascript source code failed

Import traces:
  Client Component Browser:
    ./src/app/admin/page.tsx [Client Component Browser]
    ./src/app/admin/page.tsx [Server Component]

  Client Component SSR:
    ./src/app/admin/page.tsx [Client Component SSR]
    ./src/app/admin/page.tsx [Server Component] @ http://localhost:3000/_next/static/chunks/node_modules_next_dist_1e8vcs8._.js:1052
[   66665ms] [ERROR] ./src/app/admin/page.tsx:641:19
Error: Unexpected token. Did you mean `{'}'}` or `&rbrace;`?
  639 |                     </div>
  640 |                   </div>
> 641 |                 ))}
      |                   ^
  642 |           </div>
  643 |         )}
  644 |         <Button

Parsing ecmascript source code failed

Import traces:
  Client Component Browser:
    ./src/app/admin/page.tsx [Client Component Browser]
    ./src/app/admin/page.tsx [Server Component]

  Client Component SSR:
    ./src/app/admin/page.tsx [Client Component SSR]
    ./src/app/admin/page.tsx [Server Component] @ http://localhost:3000/_next/static/chunks/node_modules_next_dist_1e8vcs8._.js:1052
[   66728ms] [ERROR] ./src/app/admin/page.tsx:641:19
Error: Unexpected token. Did you mean `{'}'}` or `&rbrace;`?
  639 |                     </div>
  640 |                   </div>
> 641 |                 ))}
      |                   ^
  642 |           </div>
  643 |         )}
  644 |         <Button

Parsing ecmascript source code failed

Import traces:
  Client Component Browser:
    ./src/app/admin/page.tsx [Client Component Browser]
    ./src/app/admin/page.tsx [Server Component]

  Client Component SSR:
    ./src/app/admin/page.tsx [Client Component SSR]
    ./src/app/admin/page.tsx [Server Component] @ http://localhost:3000/_next/static/chunks/node_modules_next_dist_1e8vcs8._.js:1052
[   66797ms] [ERROR] ./src/app/admin/page.tsx:641:19
Error: Unexpected token. Did you mean `{'}'}` or `&rbrace;`?
  639 |                     </div>
  640 |                   </div>
> 641 |                 ))}
      |                   ^
  642 |           </div>
  643 |         )}
  644 |         <Button

Parsing ecmascript source code failed

Import traces:
  Client Component Browser:
    ./src/app/admin/page.tsx [Client Component Browser]
    ./src/app/admin/page.tsx [Server Component]

  Client Component SSR:
    ./src/app/admin/page.tsx [Client Component SSR]
    ./src/app/admin/page.tsx [Server Component] @ http://localhost:3000/_next/static/chunks/node_modules_next_dist_1e8vcs8._.js:1052
[   66878ms] [ERROR] ./src/app/admin/page.tsx:641:19
Error: Unexpected token. Did you mean `{'}'}` or `&rbrace;`?
  639 |                     </div>
  640 |                   </div>
> 641 |                 ))}
      |                   ^
  642 |           </div>
  643 |         )}
  644 |         <Button

Parsing ecmascript source code failed

Import traces:
  Client Component Browser:
    ./src/app/admin/page.tsx [Client Component Browser]
    ./src/app/admin/page.tsx [Server Component]

  Client Component SSR:
    ./src/app/admin/page.tsx [Client Component SSR]
    ./src/app/admin/page.tsx [Server Component] @ http://localhost:3000/_next/static/chunks/node_modules_next_dist_1e8vcs8._.js:1052
[   66936ms] [ERROR] ./src/app/admin/page.tsx:641:19
Error: Unexpected token. Did you mean `{'}'}` or `&rbrace;`?
  639 |                     </div>
  640 |                   </div>
> 641 |                 ))}
      |                   ^
  642 |           </div>
  643 |         )}
  644 |         <Button

Parsing ecmascript source code failed

Import traces:
  Client Component Browser:
    ./src/app/admin/page.tsx [Client Component Browser]
    ./src/app/admin/page.tsx [Server Component]

  Client Component SSR:
    ./src/app/admin/page.tsx [Client Component SSR]
    ./src/app/admin/page.tsx [Server Component] @ http://localhost:3000/_next/static/chunks/node_modules_next_dist_1e8vcs8._.js:1052
[   66995ms] [ERROR] ./src/app/admin/page.tsx:641:19
Error: Unexpected token. Did you mean `{'}'}` or `&rbrace;`?
  639 |                     </div>
  640 |                   </div>
> 641 |                 ))}
      |                   ^
  642 |           </div>
  643 |         )}
  644 |         <Button

Parsing ecmascript source code failed

Import traces:
  Client Component Browser:
    ./src/app/admin/page.tsx [Client Component Browser]
    ./src/app/admin/page.tsx [Server Component]

  Client Component SSR:
    ./src/app/admin/page.tsx [Client Component SSR]
    ./src/app/admin/page.tsx [Server Component] @ http://localhost:3000/_next/static/chunks/node_modules_next_dist_1e8vcs8._.js:1052
[   67052ms] [ERROR] ./src/app/admin/page.tsx:641:19
Error: Unexpected token. Did you mean `{'}'}` or `&rbrace;`?
  639 |                     </div>
  640 |                   </div>
> 641 |                 ))}
      |                   ^
  642 |           </div>
  643 |         )}
  644 |         <Button

Parsing ecmascript source code failed

Import traces:
  Client Component Browser:
    ./src/app/admin/page.tsx [Client Component Browser]
    ./src/app/admin/page.tsx [Server Component]

  Client Component SSR:
    ./src/app/admin/page.tsx [Client Component SSR]
    ./src/app/admin/page.tsx [Server Component] @ http://localhost:3000/_next/static/chunks/node_modules_next_dist_1e8vcs8._.js:1052
[   67106ms] [ERROR] ./src/app/admin/page.tsx:641:19
Error: Unexpected token. Did you mean `{'}'}` or `&rbrace;`?
  639 |                     </div>
  640 |                   </div>
> 641 |                 ))}
      |                   ^
  642 |           </div>
  643 |         )}
  644 |         <Button

Parsing ecmascript source code failed

Import traces:
  Client Component Browser:
    ./src/app/admin/page.tsx [Client Component Browser]
    ./src/app/admin/page.tsx [Server Component]

  Client Component SSR:
    ./src/app/admin/page.tsx [Client Component SSR]
    ./src/app/admin/page.tsx [Server Component] @ http://localhost:3000/_next/static/chunks/node_modules_next_dist_1e8vcs8._.js:1052
[   67156ms] [ERROR] ./src/app/admin/page.tsx:641:19
Error: Unexpected token. Did you mean `{'}'}` or `&rbrace;`?
  639 |                     </div>
  640 |                   </div>
> 641 |                 ))}
      |                   ^
  642 |           </div>
  643 |         )}
  644 |         <Button

Parsing ecmascript source code failed

Import traces:
  Client Component Browser:
    ./src/app/admin/page.tsx [Client Component Browser]
    ./src/app/admin/page.tsx [Server Component]

  Client Component SSR:
    ./src/app/admin/page.tsx [Client Component SSR]
    ./src/app/admin/page.tsx [Server Component] @ http://localhost:3000/_next/static/chunks/node_modules_next_dist_1e8vcs8._.js:1052
[   67212ms] [ERROR] ./src/app/admin/page.tsx:641:19
Error: Unexpected token. Did you mean `{'}'}` or `&rbrace;`?
  639 |                     </div>
  640 |                   </div>
> 641 |                 ))}
      |                   ^
  642 |           </div>
  643 |         )}
  644 |         <Button

Parsing ecmascript source code failed

Import traces:
  Client Component Browser:
    ./src/app/admin/page.tsx [Client Component Browser]
    ./src/app/admin/page.tsx [Server Component]

  Client Component SSR:
    ./src/app/admin/page.tsx [Client Component SSR]
    ./src/app/admin/page.tsx [Server Component] @ http://localhost:3000/_next/static/chunks/node_modules_next_dist_1e8vcs8._.js:1052
[   67263ms] [ERROR] ./src/app/admin/page.tsx:641:19
Error: Unexpected token. Did you mean `{'}'}` or `&rbrace;`?
  639 |                     </div>
  640 |                   </div>
> 641 |                 ))}
      |                   ^
  642 |           </div>
  643 |         )}
  644 |         <Button

Parsing ecmascript source code failed

Import traces:
  Client Component Browser:
    ./src/app/admin/page.tsx [Client Component Browser]
    ./src/app/admin/page.tsx [Server Component]

  Client Component SSR:
    ./src/app/admin/page.tsx [Client Component SSR]
    ./src/app/admin/page.tsx [Server Component] @ http://localhost:3000/_next/static/chunks/node_modules_next_dist_1e8vcs8._.js:1052
[   67319ms] [ERROR] ./src/app/admin/page.tsx:641:19
Error: Unexpected token. Did you mean `{'}'}` or `&rbrace;`?
  639 |                     </div>
  640 |                   </div>
> 641 |                 ))}
      |                   ^
  642 |           </div>
  643 |         )}
  644 |         <Button

Parsing ecmascript source code failed

Import traces:
  Client Component Browser:
    ./src/app/admin/page.tsx [Client Component Browser]
    ./src/app/admin/page.tsx [Server Component]

  Client Component SSR:
    ./src/app/admin/page.tsx [Client Component SSR]
    ./src/app/admin/page.tsx [Server Component] @ http://localhost:3000/_next/static/chunks/node_modules_next_dist_1e8vcs8._.js:1052
[   67378ms] [ERROR] ./src/app/admin/page.tsx:641:19
Error: Unexpected token. Did you mean `{'}'}` or `&rbrace;`?
  639 |                     </div>
  640 |                   </div>
> 641 |                 ))}
      |                   ^
  642 |           </div>
  643 |         )}
  644 |         <Button

Parsing ecmascript source code failed

Import traces:
  Client Component Browser:
    ./src/app/admin/page.tsx [Client Component Browser]
    ./src/app/admin/page.tsx [Server Component]

  Client Component SSR:
    ./src/app/admin/page.tsx [Client Component SSR]
    ./src/app/admin/page.tsx [Server Component] @ http://localhost:3000/_next/static/chunks/node_modules_next_dist_1e8vcs8._.js:1052
[   67432ms] [ERROR] ./src/app/admin/page.tsx:641:19
Error: Unexpected token. Did you mean `{'}'}` or `&rbrace;`?
  639 |                     </div>
  640 |                   </div>
> 641 |                 ))}
      |                   ^
  642 |           </div>
  643 |         )}
  644 |         <Button

Parsing ecmascript source code failed

Import traces:
  Client Component Browser:
    ./src/app/admin/page.tsx [Client Component Browser]
    ./src/app/admin/page.tsx [Server Component]

  Client Component SSR:
    ./src/app/admin/page.tsx [Client Component SSR]
    ./src/app/admin/page.tsx [Server Component] @ http://localhost:3000/_next/static/chunks/node_modules_next_dist_1e8vcs8._.js:1052
[   67488ms] [ERROR] ./src/app/admin/page.tsx:641:19
Error: Unexpected token. Did you mean `{'}'}` or `&rbrace;`?
  639 |                     </div>
  640 |                   </div>
> 641 |                 ))}
      |                   ^
  642 |           </div>
  643 |         )}
  644 |         <Button

Parsing ecmascript source code failed

Import traces:
  Client Component Browser:
    ./src/app/admin/page.tsx [Client Component Browser]
    ./src/app/admin/page.tsx [Server Component]

  Client Component SSR:
    ./src/app/admin/page.tsx [Client Component SSR]
    ./src/app/admin/page.tsx [Server Component] @ http://localhost:3000/_next/static/chunks/node_modules_next_dist_1e8vcs8._.js:1052
[   67538ms] [ERROR] ./src/app/admin/page.tsx:641:19
Error: Unexpected token. Did you mean `{'}'}` or `&rbrace;`?
  639 |                     </div>
  640 |                   </div>
> 641 |                 ))}
      |                   ^
  642 |           </div>
  643 |         )}
  644 |         <Button

Parsing ecmascript source code failed

Import traces:
  Client Component Browser:
    ./src/app/admin/page.tsx [Client Component Browser]
    ./src/app/admin/page.tsx [Server Component]

  Client Component SSR:
    ./src/app/admin/page.tsx [Client Component SSR]
    ./src/app/admin/page.tsx [Server Component] @ http://localhost:3000/_next/static/chunks/node_modules_next_dist_1e8vcs8._.js:1052
[   67591ms] [ERROR] ./src/app/admin/page.tsx:641:19
Error: Unexpected token. Did you mean `{'}'}` or `&rbrace;`?
  639 |                     </div>
  640 |                   </div>
> 641 |                 ))}
      |                   ^
  642 |           </div>
  643 |         )}
  644 |         <Button

Parsing ecmascript source code failed

Import traces:
  Client Component Browser:
    ./src/app/admin/page.tsx [Client Component Browser]
    ./src/app/admin/page.tsx [Server Component]

  Client Component SSR:
    ./src/app/admin/page.tsx [Client Component SSR]
    ./src/app/admin/page.tsx [Server Component] @ http://localhost:3000/_next/static/chunks/node_modules_next_dist_1e8vcs8._.js:1052
[   67644ms] [ERROR] ./src/app/admin/page.tsx:641:19
Error: Unexpected token. Did you mean `{'}'}` or `&rbrace;`?
  639 |                     </div>
  640 |                   </div>
> 641 |                 ))}
      |                   ^
  642 |           </div>
  643 |         )}
  644 |         <Button

Parsing ecmascript source code failed

Import traces:
  Client Component Browser:
    ./src/app/admin/page.tsx [Client Component Browser]
    ./src/app/admin/page.tsx [Server Component]

  Client Component SSR:
    ./src/app/admin/page.tsx [Client Component SSR]
    ./src/app/admin/page.tsx [Server Component] @ http://localhost:3000/_next/static/chunks/node_modules_next_dist_1e8vcs8._.js:1052
[   67695ms] [ERROR] ./src/app/admin/page.tsx:641:19
Error: Unexpected token. Did you mean `{'}'}` or `&rbrace;`?
  639 |                     </div>
  640 |                   </div>
> 641 |                 ))}
      |                   ^
  642 |           </div>
  643 |         )}
  644 |         <Button

Parsing ecmascript source code failed

Import traces:
  Client Component Browser:
    ./src/app/admin/page.tsx [Client Component Browser]
    ./src/app/admin/page.tsx [Server Component]

  Client Component SSR:
    ./src/app/admin/page.tsx [Client Component SSR]
    ./src/app/admin/page.tsx [Server Component] @ http://localhost:3000/_next/static/chunks/node_modules_next_dist_1e8vcs8._.js:1052
[   67746ms] [ERROR] ./src/app/admin/page.tsx:641:19
Error: Unexpected token. Did you mean `{'}'}` or `&rbrace;`?
  639 |                     </div>
  640 |                   </div>
> 641 |                 ))}
      |                   ^
  642 |           </div>
  643 |         )}
  644 |         <Button

Parsing ecmascript source code failed

Import traces:
  Client Component Browser:
    ./src/app/admin/page.tsx [Client Component Browser]
    ./src/app/admin/page.tsx [Server Component]

  Client Component SSR:
    ./src/app/admin/page.tsx [Client Component SSR]
    ./src/app/admin/page.tsx [Server Component] @ http://localhost:3000/_next/static/chunks/node_modules_next_dist_1e8vcs8._.js:1052
[   67797ms] [ERROR] ./src/app/admin/page.tsx:641:19
Error: Unexpected token. Did you mean `{'}'}` or `&rbrace;`?
  639 |                     </div>
  640 |                   </div>
> 641 |                 ))}
      |                   ^
  642 |           </div>
  643 |         )}
  644 |         <Button

Parsing ecmascript source code failed

Import traces:
  Client Component Browser:
    ./src/app/admin/page.tsx [Client Component Browser]
    ./src/app/admin/page.tsx [Server Component]

  Client Component SSR:
    ./src/app/admin/page.tsx [Client Component SSR]
    ./src/app/admin/page.tsx [Server Component] @ http://localhost:3000/_next/static/chunks/node_modules_next_dist_1e8vcs8._.js:1052
[   67845ms] [ERROR] ./src/app/admin/page.tsx:641:19
Error: Unexpected token. Did you mean `{'}'}` or `&rbrace;`?
  639 |                     </div>
  640 |                   </div>
> 641 |                 ))}
      |                   ^
  642 |           </div>
  643 |         )}
  644 |         <Button

Parsing ecmascript source code failed

Import traces:
  Client Component Browser:
    ./src/app/admin/page.tsx [Client Component Browser]
    ./src/app/admin/page.tsx [Server Component]

  Client Component SSR:
    ./src/app/admin/page.tsx [Client Component SSR]
    ./src/app/admin/page.tsx [Server Component] @ http://localhost:3000/_next/static/chunks/node_modules_next_dist_1e8vcs8._.js:1052
[   67907ms] [ERROR] ./src/app/admin/page.tsx:641:19
Error: Unexpected token. Did you mean `{'}'}` or `&rbrace;`?
  639 |                     </div>
  640 |                   </div>
> 641 |                 ))}
      |                   ^
  642 |           </div>
  643 |         )}
  644 |         <Button

Parsing ecmascript source code failed

Import traces:
  Client Component Browser:
    ./src/app/admin/page.tsx [Client Component Browser]
    ./src/app/admin/page.tsx [Server Component]

  Client Component SSR:
    ./src/app/admin/page.tsx [Client Component SSR]
    ./src/app/admin/page.tsx [Server Component] @ http://localhost:3000/_next/static/chunks/node_modules_next_dist_1e8vcs8._.js:1052
[   67960ms] [ERROR] ./src/app/admin/page.tsx:641:19
Error: Unexpected token. Did you mean `{'}'}` or `&rbrace;`?
  639 |                     </div>
  640 |                   </div>
> 641 |                 ))}
      |                   ^
  642 |           </div>
  643 |         )}
  644 |         <Button

Parsing ecmascript source code failed

Import traces:
  Client Component Browser:
    ./src/app/admin/page.tsx [Client Component Browser]
    ./src/app/admin/page.tsx [Server Component]

  Client Component SSR:
    ./src/app/admin/page.tsx [Client Component SSR]
    ./src/app/admin/page.tsx [Server Component] @ http://localhost:3000/_next/static/chunks/node_modules_next_dist_1e8vcs8._.js:1052
[   68012ms] [ERROR] ./src/app/admin/page.tsx:641:19
Error: Unexpected token. Did you mean `{'}'}` or `&rbrace;`?
  639 |                     </div>
  640 |                   </div>
> 641 |                 ))}
      |                   ^
  642 |           </div>
  643 |         )}
  644 |         <Button

Parsing ecmascript source code failed

Import traces:
  Client Component Browser:
    ./src/app/admin/page.tsx [Client Component Browser]
    ./src/app/admin/page.tsx [Server Component]

  Client Component SSR:
    ./src/app/admin/page.tsx [Client Component SSR]
    ./src/app/admin/page.tsx [Server Component] @ http://localhost:3000/_next/static/chunks/node_modules_next_dist_1e8vcs8._.js:1052
[   68063ms] [ERROR] ./src/app/admin/page.tsx:641:19
Error: Unexpected token. Did you mean `{'}'}` or `&rbrace;`?
  639 |                     </div>
  640 |                   </div>
> 641 |                 ))}
      |                   ^
  642 |           </div>
  643 |         )}
  644 |         <Button

Parsing ecmascript source code failed

Import traces:
  Client Component Browser:
    ./src/app/admin/page.tsx [Client Component Browser]
    ./src/app/admin/page.tsx [Server Component]

  Client Component SSR:
    ./src/app/admin/page.tsx [Client Component SSR]
    ./src/app/admin/page.tsx [Server Component] @ http://localhost:3000/_next/static/chunks/node_modules_next_dist_1e8vcs8._.js:1052
[   68116ms] [ERROR] ./src/app/admin/page.tsx:641:19
Error: Unexpected token. Did you mean `{'}'}` or `&rbrace;`?
  639 |                     </div>
  640 |                   </div>
> 641 |                 ))}
      |                   ^
  642 |           </div>
  643 |         )}
  644 |         <Button

Parsing ecmascript source code failed

Import traces:
  Client Component Browser:
    ./src/app/admin/page.tsx [Client Component Browser]
    ./src/app/admin/page.tsx [Server Component]

  Client Component SSR:
    ./src/app/admin/page.tsx [Client Component SSR]
    ./src/app/admin/page.tsx [Server Component] @ http://localhost:3000/_next/static/chunks/node_modules_next_dist_1e8vcs8._.js:1052
[   68170ms] [ERROR] ./src/app/admin/page.tsx:641:19
Error: Unexpected token. Did you mean `{'}'}` or `&rbrace;`?
  639 |                     </div>
  640 |                   </div>
> 641 |                 ))}
      |                   ^
  642 |           </div>
  643 |         )}
  644 |         <Button

Parsing ecmascript source code failed

Import traces:
  Client Component Browser:
    ./src/app/admin/page.tsx [Client Component Browser]
    ./src/app/admin/page.tsx [Server Component]

  Client Component SSR:
    ./src/app/admin/page.tsx [Client Component SSR]
    ./src/app/admin/page.tsx [Server Component] @ http://localhost:3000/_next/static/chunks/node_modules_next_dist_1e8vcs8._.js:1052
[   68221ms] [ERROR] ./src/app/admin/page.tsx:641:19
Error: Unexpected token. Did you mean `{'}'}` or `&rbrace;`?
  639 |                     </div>
  640 |                   </div>
> 641 |                 ))}
      |                   ^
  642 |           </div>
  643 |         )}
  644 |         <Button

Parsing ecmascript source code failed

Import traces:
  Client Component Browser:
    ./src/app/admin/page.tsx [Client Component Browser]
    ./src/app/admin/page.tsx [Server Component]

  Client Component SSR:
    ./src/app/admin/page.tsx [Client Component SSR]
    ./src/app/admin/page.tsx [Server Component] @ http://localhost:3000/_next/static/chunks/node_modules_next_dist_1e8vcs8._.js:1052
[   68272ms] [ERROR] ./src/app/admin/page.tsx:641:19
Error: Unexpected token. Did you mean `{'}'}` or `&rbrace;`?
  639 |                     </div>
  640 |                   </div>
> 641 |                 ))}
      |                   ^
  642 |           </div>
  643 |         )}
  644 |         <Button

Parsing ecmascript source code failed

Import traces:
  Client Component Browser:
    ./src/app/admin/page.tsx [Client Component Browser]
    ./src/app/admin/page.tsx [Server Component]

  Client Component SSR:
    ./src/app/admin/page.tsx [Client Component SSR]
    ./src/app/admin/page.tsx [Server Component] @ http://localhost:3000/_next/static/chunks/node_modules_next_dist_1e8vcs8._.js:1052
[   68324ms] [ERROR] ./src/app/admin/page.tsx:641:19
Error: Unexpected token. Did you mean `{'}'}` or `&rbrace;`?
  639 |                     </div>
  640 |                   </div>
> 641 |                 ))}
      |                   ^
  642 |           </div>
  643 |         )}
  644 |         <Button

Parsing ecmascript source code failed

Import traces:
  Client Component Browser:
    ./src/app/admin/page.tsx [Client Component Browser]
    ./src/app/admin/page.tsx [Server Component]

  Client Component SSR:
    ./src/app/admin/page.tsx [Client Component SSR]
    ./src/app/admin/page.tsx [Server Component] @ http://localhost:3000/_next/static/chunks/node_modules_next_dist_1e8vcs8._.js:1052
[   68377ms] [ERROR] ./src/app/admin/page.tsx:641:19
Error: Unexpected token. Did you mean `{'}'}` or `&rbrace;`?
  639 |                     </div>
  640 |                   </div>
> 641 |                 ))}
      |                   ^
  642 |           </div>
  643 |         )}
  644 |         <Button

Parsing ecmascript source code failed

Import traces:
  Client Component Browser:
    ./src/app/admin/page.tsx [Client Component Browser]
    ./src/app/admin/page.tsx [Server Component]

  Client Component SSR:
    ./src/app/admin/page.tsx [Client Component SSR]
    ./src/app/admin/page.tsx [Server Component] @ http://localhost:3000/_next/static/chunks/node_modules_next_dist_1e8vcs8._.js:1052
[   68428ms] [ERROR] ./src/app/admin/page.tsx:641:19
Error: Unexpected token. Did you mean `{'}'}` or `&rbrace;`?
  639 |                     </div>
  640 |                   </div>
> 641 |                 ))}
      |                   ^
  642 |           </div>
  643 |         )}
  644 |         <Button

Parsing ecmascript source code failed

Import traces:
  Client Component Browser:
    ./src/app/admin/page.tsx [Client Component Browser]
    ./src/app/admin/page.tsx [Server Component]

  Client Component SSR:
    ./src/app/admin/page.tsx [Client Component SSR]
    ./src/app/admin/page.tsx [Server Component] @ http://localhost:3000/_next/static/chunks/node_modules_next_dist_1e8vcs8._.js:1052
[   68484ms] [ERROR] ./src/app/admin/page.tsx:641:19
Error: Unexpected token. Did you mean `{'}'}` or `&rbrace;`?
  639 |                     </div>
  640 |                   </div>
> 641 |                 ))}
      |                   ^
  642 |           </div>
  643 |         )}
  644 |         <Button

Parsing ecmascript source code failed

Import traces:
  Client Component Browser:
    ./src/app/admin/page.tsx [Client Component Browser]
    ./src/app/admin/page.tsx [Server Component]

  Client Component SSR:
    ./src/app/admin/page.tsx [Client Component SSR]
    ./src/app/admin/page.tsx [Server Component] @ http://localhost:3000/_next/static/chunks/node_modules_next_dist_1e8vcs8._.js:1052
[   68544ms] [ERROR] ./src/app/admin/page.tsx:641:19
Error: Unexpected token. Did you mean `{'}'}` or `&rbrace;`?
  639 |                     </div>
  640 |                   </div>
> 641 |                 ))}
      |                   ^
  642 |           </div>
  643 |         )}
  644 |         <Button

Parsing ecmascript source code failed

Import traces:
  Client Component Browser:
    ./src/app/admin/page.tsx [Client Component Browser]
    ./src/app/admin/page.tsx [Server Component]

  Client Component SSR:
    ./src/app/admin/page.tsx [Client Component SSR]
    ./src/app/admin/page.tsx [Server Component] @ http://localhost:3000/_next/static/chunks/node_modules_next_dist_1e8vcs8._.js:1052
[   69956ms] [ERROR] ./src/app/admin/page.tsx:641:19
Error: Unexpected token. Did you mean `{'}'}` or `&rbrace;`?
  639 |                     </div>
  640 |                   </div>
> 641 |                 ))}
      |                   ^
  642 |           </div>
  643 |         )}
  644 |         <Button

Parsing ecmascript source code failed

Import traces:
  Client Component Browser:
    ./src/app/admin/page.tsx [Client Component Browser]
    ./src/app/admin/page.tsx [Server Component]

  Client Component SSR:
    ./src/app/admin/page.tsx [Client Component SSR]
    ./src/app/admin/page.tsx [Server Component] @ http://localhost:3000/_next/static/chunks/node_modules_next_dist_1e8vcs8._.js:1052
[  664881ms] [LOG] [Fast Refresh] rebuilding @ http://localhost:3000/_next/static/chunks/node_modules_next_dist_1e8vcs8._.js:776
[  665693ms] [ERROR] ./src/app/admin/page.tsx:641:2
Error: Unexpected token. Did you mean `{'}'}` or `&rbrace;`?
  639 |                     </div>
  640 |                   </div>
> 641 | )}
      |  ^
  642 |            </div>
  643 |         )}
  644 |         <Button

Parsing ecmascript source code failed

Import traces:
  Client Component Browser:
    ./src/app/admin/page.tsx [Client Component Browser]
    ./src/app/admin/page.tsx [Server Component]

  Client Component SSR:
    ./src/app/admin/page.tsx [Client Component SSR]
    ./src/app/admin/page.tsx [Server Component] @ http://localhost:3000/_next/static/chunks/node_modules_next_dist_1e8vcs8._.js:1052
[  704486ms] [ERROR] ./src/app/admin/page.tsx:641:2
Error: Unexpected token. Did you mean `{'}'}` or `&rbrace;`?
  639 |                     </div>
  640 |                   </div>
> 641 | )}
      |  ^
  642 |            </div>
  643 |         )}
  644 |         <Button

Parsing ecmascript source code failed

Import traces:
  Client Component Browser:
    ./src/app/admin/page.tsx [Client Component Browser]
    ./src/app/admin/page.tsx [Server Component]

  Client Component SSR:
    ./src/app/admin/page.tsx [Client Component SSR]
    ./src/app/admin/page.tsx [Server Component] @ http://localhost:3000/_next/static/chunks/node_modules_next_dist_1e8vcs8._.js:1052
[  704775ms] [ERROR] ./src/app/admin/page.tsx:641:2
Error: Unexpected token. Did you mean `{'}'}` or `&rbrace;`?
  639 |                     </div>
  640 |                   </div>
> 641 | )}
      |  ^
  642 |            </div>
  643 |         )}
  644 |         <Button

Parsing ecmascript source code failed

Import traces:
  Client Component Browser:
    ./src/app/admin/page.tsx [Client Component Browser]
    ./src/app/admin/page.tsx [Server Component]

  Client Component SSR:
    ./src/app/admin/page.tsx [Client Component SSR]
    ./src/app/admin/page.tsx [Server Component] @ http://localhost:3000/_next/static/chunks/node_modules_next_dist_1e8vcs8._.js:1052
