[     129ms] [ERROR] ./src/app/admin/vaccines/edit/[id]/page.tsx:170:11
Error: Expected '</', got '}'
  168 |             className="mt-2"
  169 |             disabled={isSubmitting}
> 170 |           } 
      |           ^
  171 |         />
  172 |         </div>
  173 |         <label className="flex items-center gap-2">

Parsing ecmascript source code failed

Import traces:
  Client Component Browser:
    ./src/app/admin/vaccines/edit/[id]/page.tsx [Client Component Browser]
    ./src/app/admin/vaccines/edit/[id]/page.tsx [Server Component]

  Client Component SSR:
    ./src/app/admin/vaccines/edit/[id]/page.tsx [Client Component SSR]
    ./src/app/admin/vaccines/edit/[id]/page.tsx [Server Component] @ http://localhost:3000/_next/static/chunks/node_modules_next_dist_1e8vcs8._.js:1052
[     444ms] [ERROR] ./src/app/admin/vaccines/edit/[id]/page.tsx:170:11
Error: Expected '</', got '}'
  168 |             className="mt-2"
  169 |             disabled={isSubmitting}
> 170 |           } 
      |           ^
  171 |         />
  172 |         </div>
  173 |         <label className="flex items-center gap-2">

Parsing ecmascript source code failed

Import traces:
  Client Component Browser:
    ./src/app/admin/vaccines/edit/[id]/page.tsx [Client Component Browser]
    ./src/app/admin/vaccines/edit/[id]/page.tsx [Server Component]

  Client Component SSR:
    ./src/app/admin/vaccines/edit/[id]/page.tsx [Client Component SSR]
    ./src/app/admin/vaccines/edit/[id]/page.tsx [Server Component] @ http://localhost:3000/_next/static/chunks/node_modules_next_dist_1e8vcs8._.js:1052
[     719ms] [LOG] [Fast Refresh] rebuilding @ http://localhost:3000/_next/static/chunks/node_modules_next_dist_1e8vcs8._.js:776
[     927ms] [ERROR] ./src/app/admin/vaccines/edit/[id]/page.tsx:170:11
Error: Expected '</', got '}'
  168 |             className="mt-2"
  169 |             disabled={isSubmitting}
> 170 |           } 
      |           ^
  171 |         />
  172 |         </div>
  173 |         <label className="flex items-center gap-2">

Parsing ecmascript source code failed

Import traces:
  Client Component Browser:
    ./src/app/admin/vaccines/edit/[id]/page.tsx [Client Component Browser]
    ./src/app/admin/vaccines/edit/[id]/page.tsx [Server Component]

  Client Component SSR:
    ./src/app/admin/vaccines/edit/[id]/page.tsx [Client Component SSR]
    ./src/app/admin/vaccines/edit/[id]/page.tsx [Server Component] @ http://localhost:3000/_next/static/chunks/node_modules_next_dist_1e8vcs8._.js:1052
[    2269ms] [ERROR] ./src/app/admin/vaccines/edit/[id]/page.tsx:170:11
Error: Expected '</', got '}'
  168 |             className="mt-2"
  169 |             disabled={isSubmitting}
> 170 |           } 
      |           ^
  171 |         />
  172 |         </div>
  173 |         <label className="flex items-center gap-2">

Parsing ecmascript source code failed

Import traces:
  Client Component Browser:
    ./src/app/admin/vaccines/edit/[id]/page.tsx [Client Component Browser]
    ./src/app/admin/vaccines/edit/[id]/page.tsx [Server Component]

  Client Component SSR:
    ./src/app/admin/vaccines/edit/[id]/page.tsx [Client Component SSR]
    ./src/app/admin/vaccines/edit/[id]/page.tsx [Server Component] @ http://localhost:3000/_next/static/chunks/node_modules_next_dist_1e8vcs8._.js:1052
[    2273ms] [LOG] [Fast Refresh] rebuilding @ http://localhost:3000/_next/static/chunks/node_modules_next_dist_1e8vcs8._.js:776
[    3345ms] [INFO] %cDownload the React DevTools for a better development experience: https://react.dev/link/react-devtools font-weight:bold @ http://localhost:3000/_next/static/chunks/node_modules_next_dist_1e8vcs8._.js:776
[    3636ms] [LOG] [HMR] connected @ http://localhost:3000/_next/static/chunks/node_modules_next_dist_1e8vcs8._.js:776
[    3661ms] [ERROR] ./src/app/admin/vaccines/edit/[id]/page.tsx:170:11
Error: Expected '</', got '}'
  168 |             className="mt-2"
  169 |             disabled={isSubmitting}
> 170 |           } 
      |           ^
  171 |         />
  172 |         </div>
  173 |         <label className="flex items-center gap-2">

Parsing ecmascript source code failed

Import traces:
  Client Component Browser:
    ./src/app/admin/vaccines/edit/[id]/page.tsx [Client Component Browser]
    ./src/app/admin/vaccines/edit/[id]/page.tsx [Server Component]

  Client Component SSR:
    ./src/app/admin/vaccines/edit/[id]/page.tsx [Client Component SSR]
    ./src/app/admin/vaccines/edit/[id]/page.tsx [Server Component] @ http://localhost:3000/_next/static/chunks/node_modules_next_dist_1e8vcs8._.js:1052
[    3674ms] [ERROR] ./src/app/admin/vaccines/edit/[id]/page.tsx:170:11
Error: Expected '</', got '}'
  168 |             className="mt-2"
  169 |             disabled={isSubmitting}
> 170 |           } 
      |           ^
  171 |         />
  172 |         </div>
  173 |         <label className="flex items-center gap-2">

Parsing ecmascript source code failed

Import traces:
  Client Component Browser:
    ./src/app/admin/vaccines/edit/[id]/page.tsx [Client Component Browser]
    ./src/app/admin/vaccines/edit/[id]/page.tsx [Server Component]

  Client Component SSR:
    ./src/app/admin/vaccines/edit/[id]/page.tsx [Client Component SSR]
    ./src/app/admin/vaccines/edit/[id]/page.tsx [Server Component] @ http://localhost:3000/_next/static/chunks/node_modules_next_dist_1e8vcs8._.js:1052
[    3779ms] [WARNING] Image with src "/baran-logo-navbar.png" has either width or height modified, but not the other. If you use CSS to change the size of your image, also include the styles 'width: "auto"' or 'height: "auto"' to maintain the aspect ratio. @ http://localhost:3000/_next/static/chunks/node_modules_next_dist_1e8vcs8._.js:776
[    3953ms] [LOG] [Fast Refresh] rebuilding @ http://localhost:3000/_next/static/chunks/node_modules_next_dist_1e8vcs8._.js:776
[    6842ms] [ERROR] ./src/app/admin/vaccines/edit/[id]/page.tsx:170:11
Error: Expected '</', got '}'
  168 |             className="mt-2"
  169 |             disabled={isSubmitting}
> 170 |           } 
      |           ^
  171 |         />
  172 |         </div>
  173 |         <label className="flex items-center gap-2">

Parsing ecmascript source code failed

Import traces:
  Client Component Browser:
    ./src/app/admin/vaccines/edit/[id]/page.tsx [Client Component Browser]
    ./src/app/admin/vaccines/edit/[id]/page.tsx [Server Component]

  Client Component SSR:
    ./src/app/admin/vaccines/edit/[id]/page.tsx [Client Component SSR]
    ./src/app/admin/vaccines/edit/[id]/page.tsx [Server Component] @ http://localhost:3000/_next/static/chunks/node_modules_next_dist_1e8vcs8._.js:1052
[    7083ms] [ERROR] ./src/app/admin/vaccines/edit/[id]/page.tsx:170:11
Error: Expected '</', got '}'
  168 |             className="mt-2"
  169 |             disabled={isSubmitting}
> 170 |           } 
      |           ^
  171 |         />
  172 |         </div>
  173 |         <label className="flex items-center gap-2">

Parsing ecmascript source code failed

Import traces:
  Client Component Browser:
    ./src/app/admin/vaccines/edit/[id]/page.tsx [Client Component Browser]
    ./src/app/admin/vaccines/edit/[id]/page.tsx [Server Component]

  Client Component SSR:
    ./src/app/admin/vaccines/edit/[id]/page.tsx [Client Component SSR]
    ./src/app/admin/vaccines/edit/[id]/page.tsx [Server Component] @ http://localhost:3000/_next/static/chunks/node_modules_next_dist_1e8vcs8._.js:1052
[    7170ms] [ERROR] ./src/app/admin/vaccines/edit/[id]/page.tsx:170:11
Error: Expected '</', got '}'
  168 |             className="mt-2"
  169 |             disabled={isSubmitting}
> 170 |           } 
      |           ^
  171 |         />
  172 |         </div>
  173 |         <label className="flex items-center gap-2">

Parsing ecmascript source code failed

Import traces:
  Client Component Browser:
    ./src/app/admin/vaccines/edit/[id]/page.tsx [Client Component Browser]
    ./src/app/admin/vaccines/edit/[id]/page.tsx [Server Component]

  Client Component SSR:
    ./src/app/admin/vaccines/edit/[id]/page.tsx [Client Component SSR]
    ./src/app/admin/vaccines/edit/[id]/page.tsx [Server Component] @ http://localhost:3000/_next/static/chunks/node_modules_next_dist_1e8vcs8._.js:1052
[    7287ms] [ERROR] ./src/app/admin/vaccines/edit/[id]/page.tsx:170:11
Error: Expected '</', got '}'
  168 |             className="mt-2"
  169 |             disabled={isSubmitting}
> 170 |           } 
      |           ^
  171 |         />
  172 |         </div>
  173 |         <label className="flex items-center gap-2">

Parsing ecmascript source code failed

Import traces:
  Client Component Browser:
    ./src/app/admin/vaccines/edit/[id]/page.tsx [Client Component Browser]
    ./src/app/admin/vaccines/edit/[id]/page.tsx [Server Component]

  Client Component SSR:
    ./src/app/admin/vaccines/edit/[id]/page.tsx [Client Component SSR]
    ./src/app/admin/vaccines/edit/[id]/page.tsx [Server Component] @ http://localhost:3000/_next/static/chunks/node_modules_next_dist_1e8vcs8._.js:1052
[    7346ms] [ERROR] ./src/app/admin/vaccines/edit/[id]/page.tsx:170:11
Error: Expected '</', got '}'
  168 |             className="mt-2"
  169 |             disabled={isSubmitting}
> 170 |           } 
      |           ^
  171 |         />
  172 |         </div>
  173 |         <label className="flex items-center gap-2">

Parsing ecmascript source code failed

Import traces:
  Client Component Browser:
    ./src/app/admin/vaccines/edit/[id]/page.tsx [Client Component Browser]
    ./src/app/admin/vaccines/edit/[id]/page.tsx [Server Component]

  Client Component SSR:
    ./src/app/admin/vaccines/edit/[id]/page.tsx [Client Component SSR]
    ./src/app/admin/vaccines/edit/[id]/page.tsx [Server Component] @ http://localhost:3000/_next/static/chunks/node_modules_next_dist_1e8vcs8._.js:1052
[    7442ms] [ERROR] ./src/app/admin/vaccines/edit/[id]/page.tsx:170:11
Error: Expected '</', got '}'
  168 |             className="mt-2"
  169 |             disabled={isSubmitting}
> 170 |           } 
      |           ^
  171 |         />
  172 |         </div>
  173 |         <label className="flex items-center gap-2">

Parsing ecmascript source code failed

Import traces:
  Client Component Browser:
    ./src/app/admin/vaccines/edit/[id]/page.tsx [Client Component Browser]
    ./src/app/admin/vaccines/edit/[id]/page.tsx [Server Component]

  Client Component SSR:
    ./src/app/admin/vaccines/edit/[id]/page.tsx [Client Component SSR]
    ./src/app/admin/vaccines/edit/[id]/page.tsx [Server Component] @ http://localhost:3000/_next/static/chunks/node_modules_next_dist_1e8vcs8._.js:1052
[    7629ms] [ERROR] ./src/app/admin/vaccines/edit/[id]/page.tsx:170:11
Error: Expected '</', got '}'
  168 |             className="mt-2"
  169 |             disabled={isSubmitting}
> 170 |           } 
      |           ^
  171 |         />
  172 |         </div>
  173 |         <label className="flex items-center gap-2">

Parsing ecmascript source code failed

Import traces:
  Client Component Browser:
    ./src/app/admin/vaccines/edit/[id]/page.tsx [Client Component Browser]
    ./src/app/admin/vaccines/edit/[id]/page.tsx [Server Component]

  Client Component SSR:
    ./src/app/admin/vaccines/edit/[id]/page.tsx [Client Component SSR]
    ./src/app/admin/vaccines/edit/[id]/page.tsx [Server Component] @ http://localhost:3000/_next/static/chunks/node_modules_next_dist_1e8vcs8._.js:1052
[    7698ms] [ERROR] ./src/app/admin/vaccines/edit/[id]/page.tsx:170:11
Error: Expected '</', got '}'
  168 |             className="mt-2"
  169 |             disabled={isSubmitting}
> 170 |           } 
      |           ^
  171 |         />
  172 |         </div>
  173 |         <label className="flex items-center gap-2">

Parsing ecmascript source code failed

Import traces:
  Client Component Browser:
    ./src/app/admin/vaccines/edit/[id]/page.tsx [Client Component Browser]
    ./src/app/admin/vaccines/edit/[id]/page.tsx [Server Component]

  Client Component SSR:
    ./src/app/admin/vaccines/edit/[id]/page.tsx [Client Component SSR]
    ./src/app/admin/vaccines/edit/[id]/page.tsx [Server Component] @ http://localhost:3000/_next/static/chunks/node_modules_next_dist_1e8vcs8._.js:1052
[    7769ms] [ERROR] ./src/app/admin/vaccines/edit/[id]/page.tsx:170:11
Error: Expected '</', got '}'
  168 |             className="mt-2"
  169 |             disabled={isSubmitting}
> 170 |           } 
      |           ^
  171 |         />
  172 |         </div>
  173 |         <label className="flex items-center gap-2">

Parsing ecmascript source code failed

Import traces:
  Client Component Browser:
    ./src/app/admin/vaccines/edit/[id]/page.tsx [Client Component Browser]
    ./src/app/admin/vaccines/edit/[id]/page.tsx [Server Component]

  Client Component SSR:
    ./src/app/admin/vaccines/edit/[id]/page.tsx [Client Component SSR]
    ./src/app/admin/vaccines/edit/[id]/page.tsx [Server Component] @ http://localhost:3000/_next/static/chunks/node_modules_next_dist_1e8vcs8._.js:1052
[    7838ms] [ERROR] ./src/app/admin/vaccines/edit/[id]/page.tsx:170:11
Error: Expected '</', got '}'
  168 |             className="mt-2"
  169 |             disabled={isSubmitting}
> 170 |           } 
      |           ^
  171 |         />
  172 |         </div>
  173 |         <label className="flex items-center gap-2">

Parsing ecmascript source code failed

Import traces:
  Client Component Browser:
    ./src/app/admin/vaccines/edit/[id]/page.tsx [Client Component Browser]
    ./src/app/admin/vaccines/edit/[id]/page.tsx [Server Component]

  Client Component SSR:
    ./src/app/admin/vaccines/edit/[id]/page.tsx [Client Component SSR]
    ./src/app/admin/vaccines/edit/[id]/page.tsx [Server Component] @ http://localhost:3000/_next/static/chunks/node_modules_next_dist_1e8vcs8._.js:1052
[    7900ms] [ERROR] ./src/app/admin/vaccines/edit/[id]/page.tsx:170:11
Error: Expected '</', got '}'
  168 |             className="mt-2"
  169 |             disabled={isSubmitting}
> 170 |           } 
      |           ^
  171 |         />
  172 |         </div>
  173 |         <label className="flex items-center gap-2">

Parsing ecmascript source code failed

Import traces:
  Client Component Browser:
    ./src/app/admin/vaccines/edit/[id]/page.tsx [Client Component Browser]
    ./src/app/admin/vaccines/edit/[id]/page.tsx [Server Component]

  Client Component SSR:
    ./src/app/admin/vaccines/edit/[id]/page.tsx [Client Component SSR]
    ./src/app/admin/vaccines/edit/[id]/page.tsx [Server Component] @ http://localhost:3000/_next/static/chunks/node_modules_next_dist_1e8vcs8._.js:1052
[    7997ms] [ERROR] ./src/app/admin/vaccines/edit/[id]/page.tsx:170:11
Error: Expected '</', got '}'
  168 |             className="mt-2"
  169 |             disabled={isSubmitting}
> 170 |           } 
      |           ^
  171 |         />
  172 |         </div>
  173 |         <label className="flex items-center gap-2">

Parsing ecmascript source code failed

Import traces:
  Client Component Browser:
    ./src/app/admin/vaccines/edit/[id]/page.tsx [Client Component Browser]
    ./src/app/admin/vaccines/edit/[id]/page.tsx [Server Component]

  Client Component SSR:
    ./src/app/admin/vaccines/edit/[id]/page.tsx [Client Component SSR]
    ./src/app/admin/vaccines/edit/[id]/page.tsx [Server Component] @ http://localhost:3000/_next/static/chunks/node_modules_next_dist_1e8vcs8._.js:1052
[    8063ms] [ERROR] ./src/app/admin/vaccines/edit/[id]/page.tsx:170:11
Error: Expected '</', got '}'
  168 |             className="mt-2"
  169 |             disabled={isSubmitting}
> 170 |           } 
      |           ^
  171 |         />
  172 |         </div>
  173 |         <label className="flex items-center gap-2">

Parsing ecmascript source code failed

Import traces:
  Client Component Browser:
    ./src/app/admin/vaccines/edit/[id]/page.tsx [Client Component Browser]
    ./src/app/admin/vaccines/edit/[id]/page.tsx [Server Component]

  Client Component SSR:
    ./src/app/admin/vaccines/edit/[id]/page.tsx [Client Component SSR]
    ./src/app/admin/vaccines/edit/[id]/page.tsx [Server Component] @ http://localhost:3000/_next/static/chunks/node_modules_next_dist_1e8vcs8._.js:1052
[    8133ms] [ERROR] ./src/app/admin/vaccines/edit/[id]/page.tsx:170:11
Error: Expected '</', got '}'
  168 |             className="mt-2"
  169 |             disabled={isSubmitting}
> 170 |           } 
      |           ^
  171 |         />
  172 |         </div>
  173 |         <label className="flex items-center gap-2">

Parsing ecmascript source code failed

Import traces:
  Client Component Browser:
    ./src/app/admin/vaccines/edit/[id]/page.tsx [Client Component Browser]
    ./src/app/admin/vaccines/edit/[id]/page.tsx [Server Component]

  Client Component SSR:
    ./src/app/admin/vaccines/edit/[id]/page.tsx [Client Component SSR]
    ./src/app/admin/vaccines/edit/[id]/page.tsx [Server Component] @ http://localhost:3000/_next/static/chunks/node_modules_next_dist_1e8vcs8._.js:1052
[    8445ms] [ERROR] ./src/app/admin/vaccines/edit/[id]/page.tsx:170:11
Error: Expected '</', got '}'
  168 |             className="mt-2"
  169 |             disabled={isSubmitting}
> 170 |           } 
      |           ^
  171 |         />
  172 |         </div>
  173 |         <label className="flex items-center gap-2">

Parsing ecmascript source code failed

Import traces:
  Client Component Browser:
    ./src/app/admin/vaccines/edit/[id]/page.tsx [Client Component Browser]
    ./src/app/admin/vaccines/edit/[id]/page.tsx [Server Component]

  Client Component SSR:
    ./src/app/admin/vaccines/edit/[id]/page.tsx [Client Component SSR]
    ./src/app/admin/vaccines/edit/[id]/page.tsx [Server Component] @ http://localhost:3000/_next/static/chunks/node_modules_next_dist_1e8vcs8._.js:1052
[    8518ms] [ERROR] ./src/app/admin/vaccines/edit/[id]/page.tsx:170:11
Error: Expected '</', got '}'
  168 |             className="mt-2"
  169 |             disabled={isSubmitting}
> 170 |           } 
      |           ^
  171 |         />
  172 |         </div>
  173 |         <label className="flex items-center gap-2">

Parsing ecmascript source code failed

Import traces:
  Client Component Browser:
    ./src/app/admin/vaccines/edit/[id]/page.tsx [Client Component Browser]
    ./src/app/admin/vaccines/edit/[id]/page.tsx [Server Component]

  Client Component SSR:
    ./src/app/admin/vaccines/edit/[id]/page.tsx [Client Component SSR]
    ./src/app/admin/vaccines/edit/[id]/page.tsx [Server Component] @ http://localhost:3000/_next/static/chunks/node_modules_next_dist_1e8vcs8._.js:1052
[    8625ms] [ERROR] ./src/app/admin/vaccines/edit/[id]/page.tsx:170:11
Error: Expected '</', got '}'
  168 |             className="mt-2"
  169 |             disabled={isSubmitting}
> 170 |           } 
      |           ^
  171 |         />
  172 |         </div>
  173 |         <label className="flex items-center gap-2">

Parsing ecmascript source code failed

Import traces:
  Client Component Browser:
    ./src/app/admin/vaccines/edit/[id]/page.tsx [Client Component Browser]
    ./src/app/admin/vaccines/edit/[id]/page.tsx [Server Component]

  Client Component SSR:
    ./src/app/admin/vaccines/edit/[id]/page.tsx [Client Component SSR]
    ./src/app/admin/vaccines/edit/[id]/page.tsx [Server Component] @ http://localhost:3000/_next/static/chunks/node_modules_next_dist_1e8vcs8._.js:1052
[    8799ms] [ERROR] ./src/app/admin/vaccines/edit/[id]/page.tsx:170:11
Error: Expected '</', got '}'
  168 |             className="mt-2"
  169 |             disabled={isSubmitting}
> 170 |           } 
      |           ^
  171 |         />
  172 |         </div>
  173 |         <label className="flex items-center gap-2">

Parsing ecmascript source code failed

Import traces:
  Client Component Browser:
    ./src/app/admin/vaccines/edit/[id]/page.tsx [Client Component Browser]
    ./src/app/admin/vaccines/edit/[id]/page.tsx [Server Component]

  Client Component SSR:
    ./src/app/admin/vaccines/edit/[id]/page.tsx [Client Component SSR]
    ./src/app/admin/vaccines/edit/[id]/page.tsx [Server Component] @ http://localhost:3000/_next/static/chunks/node_modules_next_dist_1e8vcs8._.js:1052
[    8922ms] [ERROR] ./src/app/admin/vaccines/edit/[id]/page.tsx:170:11
Error: Expected '</', got '}'
  168 |             className="mt-2"
  169 |             disabled={isSubmitting}
> 170 |           } 
      |           ^
  171 |         />
  172 |         </div>
  173 |         <label className="flex items-center gap-2">

Parsing ecmascript source code failed

Import traces:
  Client Component Browser:
    ./src/app/admin/vaccines/edit/[id]/page.tsx [Client Component Browser]
    ./src/app/admin/vaccines/edit/[id]/page.tsx [Server Component]

  Client Component SSR:
    ./src/app/admin/vaccines/edit/[id]/page.tsx [Client Component SSR]
    ./src/app/admin/vaccines/edit/[id]/page.tsx [Server Component] @ http://localhost:3000/_next/static/chunks/node_modules_next_dist_1e8vcs8._.js:1052
[    9045ms] [ERROR] ./src/app/admin/vaccines/edit/[id]/page.tsx:170:11
Error: Expected '</', got '}'
  168 |             className="mt-2"
  169 |             disabled={isSubmitting}
> 170 |           } 
      |           ^
  171 |         />
  172 |         </div>
  173 |         <label className="flex items-center gap-2">

Parsing ecmascript source code failed

Import traces:
  Client Component Browser:
    ./src/app/admin/vaccines/edit/[id]/page.tsx [Client Component Browser]
    ./src/app/admin/vaccines/edit/[id]/page.tsx [Server Component]

  Client Component SSR:
    ./src/app/admin/vaccines/edit/[id]/page.tsx [Client Component SSR]
    ./src/app/admin/vaccines/edit/[id]/page.tsx [Server Component] @ http://localhost:3000/_next/static/chunks/node_modules_next_dist_1e8vcs8._.js:1052
[    9199ms] [ERROR] ./src/app/admin/vaccines/edit/[id]/page.tsx:170:11
Error: Expected '</', got '}'
  168 |             className="mt-2"
  169 |             disabled={isSubmitting}
> 170 |           } 
      |           ^
  171 |         />
  172 |         </div>
  173 |         <label className="flex items-center gap-2">

Parsing ecmascript source code failed

Import traces:
  Client Component Browser:
    ./src/app/admin/vaccines/edit/[id]/page.tsx [Client Component Browser]
    ./src/app/admin/vaccines/edit/[id]/page.tsx [Server Component]

  Client Component SSR:
    ./src/app/admin/vaccines/edit/[id]/page.tsx [Client Component SSR]
    ./src/app/admin/vaccines/edit/[id]/page.tsx [Server Component] @ http://localhost:3000/_next/static/chunks/node_modules_next_dist_1e8vcs8._.js:1052
[    9267ms] [ERROR] ./src/app/admin/vaccines/edit/[id]/page.tsx:170:11
Error: Expected '</', got '}'
  168 |             className="mt-2"
  169 |             disabled={isSubmitting}
> 170 |           } 
      |           ^
  171 |         />
  172 |         </div>
  173 |         <label className="flex items-center gap-2">

Parsing ecmascript source code failed

Import traces:
  Client Component Browser:
    ./src/app/admin/vaccines/edit/[id]/page.tsx [Client Component Browser]
    ./src/app/admin/vaccines/edit/[id]/page.tsx [Server Component]

  Client Component SSR:
    ./src/app/admin/vaccines/edit/[id]/page.tsx [Client Component SSR]
    ./src/app/admin/vaccines/edit/[id]/page.tsx [Server Component] @ http://localhost:3000/_next/static/chunks/node_modules_next_dist_1e8vcs8._.js:1052
[    9339ms] [ERROR] ./src/app/admin/vaccines/edit/[id]/page.tsx:170:11
Error: Expected '</', got '}'
  168 |             className="mt-2"
  169 |             disabled={isSubmitting}
> 170 |           } 
      |           ^
  171 |         />
  172 |         </div>
  173 |         <label className="flex items-center gap-2">

Parsing ecmascript source code failed

Import traces:
  Client Component Browser:
    ./src/app/admin/vaccines/edit/[id]/page.tsx [Client Component Browser]
    ./src/app/admin/vaccines/edit/[id]/page.tsx [Server Component]

  Client Component SSR:
    ./src/app/admin/vaccines/edit/[id]/page.tsx [Client Component SSR]
    ./src/app/admin/vaccines/edit/[id]/page.tsx [Server Component] @ http://localhost:3000/_next/static/chunks/node_modules_next_dist_1e8vcs8._.js:1052
[    9428ms] [ERROR] ./src/app/admin/vaccines/edit/[id]/page.tsx:170:11
Error: Expected '</', got '}'
  168 |             className="mt-2"
  169 |             disabled={isSubmitting}
> 170 |           } 
      |           ^
  171 |         />
  172 |         </div>
  173 |         <label className="flex items-center gap-2">

Parsing ecmascript source code failed

Import traces:
  Client Component Browser:
    ./src/app/admin/vaccines/edit/[id]/page.tsx [Client Component Browser]
    ./src/app/admin/vaccines/edit/[id]/page.tsx [Server Component]

  Client Component SSR:
    ./src/app/admin/vaccines/edit/[id]/page.tsx [Client Component SSR]
    ./src/app/admin/vaccines/edit/[id]/page.tsx [Server Component] @ http://localhost:3000/_next/static/chunks/node_modules_next_dist_1e8vcs8._.js:1052
[    9511ms] [ERROR] ./src/app/admin/vaccines/edit/[id]/page.tsx:170:11
Error: Expected '</', got '}'
  168 |             className="mt-2"
  169 |             disabled={isSubmitting}
> 170 |           } 
      |           ^
  171 |         />
  172 |         </div>
  173 |         <label className="flex items-center gap-2">

Parsing ecmascript source code failed

Import traces:
  Client Component Browser:
    ./src/app/admin/vaccines/edit/[id]/page.tsx [Client Component Browser]
    ./src/app/admin/vaccines/edit/[id]/page.tsx [Server Component]

  Client Component SSR:
    ./src/app/admin/vaccines/edit/[id]/page.tsx [Client Component SSR]
    ./src/app/admin/vaccines/edit/[id]/page.tsx [Server Component] @ http://localhost:3000/_next/static/chunks/node_modules_next_dist_1e8vcs8._.js:1052
[    9636ms] [ERROR] ./src/app/admin/vaccines/edit/[id]/page.tsx:170:11
Error: Expected '</', got '}'
  168 |             className="mt-2"
  169 |             disabled={isSubmitting}
> 170 |           } 
      |           ^
  171 |         />
  172 |         </div>
  173 |         <label className="flex items-center gap-2">

Parsing ecmascript source code failed

Import traces:
  Client Component Browser:
    ./src/app/admin/vaccines/edit/[id]/page.tsx [Client Component Browser]
    ./src/app/admin/vaccines/edit/[id]/page.tsx [Server Component]

  Client Component SSR:
    ./src/app/admin/vaccines/edit/[id]/page.tsx [Client Component SSR]
    ./src/app/admin/vaccines/edit/[id]/page.tsx [Server Component] @ http://localhost:3000/_next/static/chunks/node_modules_next_dist_1e8vcs8._.js:1052
[    9762ms] [ERROR] ./src/app/admin/vaccines/edit/[id]/page.tsx:170:11
Error: Expected '</', got '}'
  168 |             className="mt-2"
  169 |             disabled={isSubmitting}
> 170 |           } 
      |           ^
  171 |         />
  172 |         </div>
  173 |         <label className="flex items-center gap-2">

Parsing ecmascript source code failed

Import traces:
  Client Component Browser:
    ./src/app/admin/vaccines/edit/[id]/page.tsx [Client Component Browser]
    ./src/app/admin/vaccines/edit/[id]/page.tsx [Server Component]

  Client Component SSR:
    ./src/app/admin/vaccines/edit/[id]/page.tsx [Client Component SSR]
    ./src/app/admin/vaccines/edit/[id]/page.tsx [Server Component] @ http://localhost:3000/_next/static/chunks/node_modules_next_dist_1e8vcs8._.js:1052
[    9833ms] [ERROR] ./src/app/admin/vaccines/edit/[id]/page.tsx:170:11
Error: Expected '</', got '}'
  168 |             className="mt-2"
  169 |             disabled={isSubmitting}
> 170 |           } 
      |           ^
  171 |         />
  172 |         </div>
  173 |         <label className="flex items-center gap-2">

Parsing ecmascript source code failed

Import traces:
  Client Component Browser:
    ./src/app/admin/vaccines/edit/[id]/page.tsx [Client Component Browser]
    ./src/app/admin/vaccines/edit/[id]/page.tsx [Server Component]

  Client Component SSR:
    ./src/app/admin/vaccines/edit/[id]/page.tsx [Client Component SSR]
    ./src/app/admin/vaccines/edit/[id]/page.tsx [Server Component] @ http://localhost:3000/_next/static/chunks/node_modules_next_dist_1e8vcs8._.js:1052
[    9929ms] [ERROR] ./src/app/admin/vaccines/edit/[id]/page.tsx:170:11
Error: Expected '</', got '}'
  168 |             className="mt-2"
  169 |             disabled={isSubmitting}
> 170 |           } 
      |           ^
  171 |         />
  172 |         </div>
  173 |         <label className="flex items-center gap-2">

Parsing ecmascript source code failed

Import traces:
  Client Component Browser:
    ./src/app/admin/vaccines/edit/[id]/page.tsx [Client Component Browser]
    ./src/app/admin/vaccines/edit/[id]/page.tsx [Server Component]

  Client Component SSR:
    ./src/app/admin/vaccines/edit/[id]/page.tsx [Client Component SSR]
    ./src/app/admin/vaccines/edit/[id]/page.tsx [Server Component] @ http://localhost:3000/_next/static/chunks/node_modules_next_dist_1e8vcs8._.js:1052
[    9993ms] [ERROR] ./src/app/admin/vaccines/edit/[id]/page.tsx:170:11
Error: Expected '</', got '}'
  168 |             className="mt-2"
  169 |             disabled={isSubmitting}
> 170 |           } 
      |           ^
  171 |         />
  172 |         </div>
  173 |         <label className="flex items-center gap-2">

Parsing ecmascript source code failed

Import traces:
  Client Component Browser:
    ./src/app/admin/vaccines/edit/[id]/page.tsx [Client Component Browser]
    ./src/app/admin/vaccines/edit/[id]/page.tsx [Server Component]

  Client Component SSR:
    ./src/app/admin/vaccines/edit/[id]/page.tsx [Client Component SSR]
    ./src/app/admin/vaccines/edit/[id]/page.tsx [Server Component] @ http://localhost:3000/_next/static/chunks/node_modules_next_dist_1e8vcs8._.js:1052
[   10050ms] [ERROR] ./src/app/admin/vaccines/edit/[id]/page.tsx:170:11
Error: Expected '</', got '}'
  168 |             className="mt-2"
  169 |             disabled={isSubmitting}
> 170 |           } 
      |           ^
  171 |         />
  172 |         </div>
  173 |         <label className="flex items-center gap-2">

Parsing ecmascript source code failed

Import traces:
  Client Component Browser:
    ./src/app/admin/vaccines/edit/[id]/page.tsx [Client Component Browser]
    ./src/app/admin/vaccines/edit/[id]/page.tsx [Server Component]

  Client Component SSR:
    ./src/app/admin/vaccines/edit/[id]/page.tsx [Client Component SSR]
    ./src/app/admin/vaccines/edit/[id]/page.tsx [Server Component] @ http://localhost:3000/_next/static/chunks/node_modules_next_dist_1e8vcs8._.js:1052
[   10100ms] [ERROR] ./src/app/admin/vaccines/edit/[id]/page.tsx:170:11
Error: Expected '</', got '}'
  168 |             className="mt-2"
  169 |             disabled={isSubmitting}
> 170 |           } 
      |           ^
  171 |         />
  172 |         </div>
  173 |         <label className="flex items-center gap-2">

Parsing ecmascript source code failed

Import traces:
  Client Component Browser:
    ./src/app/admin/vaccines/edit/[id]/page.tsx [Client Component Browser]
    ./src/app/admin/vaccines/edit/[id]/page.tsx [Server Component]

  Client Component SSR:
    ./src/app/admin/vaccines/edit/[id]/page.tsx [Client Component SSR]
    ./src/app/admin/vaccines/edit/[id]/page.tsx [Server Component] @ http://localhost:3000/_next/static/chunks/node_modules_next_dist_1e8vcs8._.js:1052
[   10155ms] [ERROR] ./src/app/admin/vaccines/edit/[id]/page.tsx:170:11
Error: Expected '</', got '}'
  168 |             className="mt-2"
  169 |             disabled={isSubmitting}
> 170 |           } 
      |           ^
  171 |         />
  172 |         </div>
  173 |         <label className="flex items-center gap-2">

Parsing ecmascript source code failed

Import traces:
  Client Component Browser:
    ./src/app/admin/vaccines/edit/[id]/page.tsx [Client Component Browser]
    ./src/app/admin/vaccines/edit/[id]/page.tsx [Server Component]

  Client Component SSR:
    ./src/app/admin/vaccines/edit/[id]/page.tsx [Client Component SSR]
    ./src/app/admin/vaccines/edit/[id]/page.tsx [Server Component] @ http://localhost:3000/_next/static/chunks/node_modules_next_dist_1e8vcs8._.js:1052
[   10218ms] [ERROR] ./src/app/admin/vaccines/edit/[id]/page.tsx:170:11
Error: Expected '</', got '}'
  168 |             className="mt-2"
  169 |             disabled={isSubmitting}
> 170 |           } 
      |           ^
  171 |         />
  172 |         </div>
  173 |         <label className="flex items-center gap-2">

Parsing ecmascript source code failed

Import traces:
  Client Component Browser:
    ./src/app/admin/vaccines/edit/[id]/page.tsx [Client Component Browser]
    ./src/app/admin/vaccines/edit/[id]/page.tsx [Server Component]

  Client Component SSR:
    ./src/app/admin/vaccines/edit/[id]/page.tsx [Client Component SSR]
    ./src/app/admin/vaccines/edit/[id]/page.tsx [Server Component] @ http://localhost:3000/_next/static/chunks/node_modules_next_dist_1e8vcs8._.js:1052
[   10286ms] [ERROR] ./src/app/admin/vaccines/edit/[id]/page.tsx:170:11
Error: Expected '</', got '}'
  168 |             className="mt-2"
  169 |             disabled={isSubmitting}
> 170 |           } 
      |           ^
  171 |         />
  172 |         </div>
  173 |         <label className="flex items-center gap-2">

Parsing ecmascript source code failed

Import traces:
  Client Component Browser:
    ./src/app/admin/vaccines/edit/[id]/page.tsx [Client Component Browser]
    ./src/app/admin/vaccines/edit/[id]/page.tsx [Server Component]

  Client Component SSR:
    ./src/app/admin/vaccines/edit/[id]/page.tsx [Client Component SSR]
    ./src/app/admin/vaccines/edit/[id]/page.tsx [Server Component] @ http://localhost:3000/_next/static/chunks/node_modules_next_dist_1e8vcs8._.js:1052
[   10345ms] [ERROR] ./src/app/admin/vaccines/edit/[id]/page.tsx:170:11
Error: Expected '</', got '}'
  168 |             className="mt-2"
  169 |             disabled={isSubmitting}
> 170 |           } 
      |           ^
  171 |         />
  172 |         </div>
  173 |         <label className="flex items-center gap-2">

Parsing ecmascript source code failed

Import traces:
  Client Component Browser:
    ./src/app/admin/vaccines/edit/[id]/page.tsx [Client Component Browser]
    ./src/app/admin/vaccines/edit/[id]/page.tsx [Server Component]

  Client Component SSR:
    ./src/app/admin/vaccines/edit/[id]/page.tsx [Client Component SSR]
    ./src/app/admin/vaccines/edit/[id]/page.tsx [Server Component] @ http://localhost:3000/_next/static/chunks/node_modules_next_dist_1e8vcs8._.js:1052
[   10403ms] [ERROR] ./src/app/admin/vaccines/edit/[id]/page.tsx:170:11
Error: Expected '</', got '}'
  168 |             className="mt-2"
  169 |             disabled={isSubmitting}
> 170 |           } 
      |           ^
  171 |         />
  172 |         </div>
  173 |         <label className="flex items-center gap-2">

Parsing ecmascript source code failed

Import traces:
  Client Component Browser:
    ./src/app/admin/vaccines/edit/[id]/page.tsx [Client Component Browser]
    ./src/app/admin/vaccines/edit/[id]/page.tsx [Server Component]

  Client Component SSR:
    ./src/app/admin/vaccines/edit/[id]/page.tsx [Client Component SSR]
    ./src/app/admin/vaccines/edit/[id]/page.tsx [Server Component] @ http://localhost:3000/_next/static/chunks/node_modules_next_dist_1e8vcs8._.js:1052
[   10467ms] [ERROR] ./src/app/admin/vaccines/edit/[id]/page.tsx:170:11
Error: Expected '</', got '}'
  168 |             className="mt-2"
  169 |             disabled={isSubmitting}
> 170 |           } 
      |           ^
  171 |         />
  172 |         </div>
  173 |         <label className="flex items-center gap-2">

Parsing ecmascript source code failed

Import traces:
  Client Component Browser:
    ./src/app/admin/vaccines/edit/[id]/page.tsx [Client Component Browser]
    ./src/app/admin/vaccines/edit/[id]/page.tsx [Server Component]

  Client Component SSR:
    ./src/app/admin/vaccines/edit/[id]/page.tsx [Client Component SSR]
    ./src/app/admin/vaccines/edit/[id]/page.tsx [Server Component] @ http://localhost:3000/_next/static/chunks/node_modules_next_dist_1e8vcs8._.js:1052
[   10542ms] [ERROR] ./src/app/admin/vaccines/edit/[id]/page.tsx:170:11
Error: Expected '</', got '}'
  168 |             className="mt-2"
  169 |             disabled={isSubmitting}
> 170 |           } 
      |           ^
  171 |         />
  172 |         </div>
  173 |         <label className="flex items-center gap-2">

Parsing ecmascript source code failed

Import traces:
  Client Component Browser:
    ./src/app/admin/vaccines/edit/[id]/page.tsx [Client Component Browser]
    ./src/app/admin/vaccines/edit/[id]/page.tsx [Server Component]

  Client Component SSR:
    ./src/app/admin/vaccines/edit/[id]/page.tsx [Client Component SSR]
    ./src/app/admin/vaccines/edit/[id]/page.tsx [Server Component] @ http://localhost:3000/_next/static/chunks/node_modules_next_dist_1e8vcs8._.js:1052
[   10798ms] [ERROR] ./src/app/admin/vaccines/edit/[id]/page.tsx:170:11
Error: Expected '</', got '}'
  168 |             className="mt-2"
  169 |             disabled={isSubmitting}
> 170 |           } 
      |           ^
  171 |         />
  172 |         </div>
  173 |         <label className="flex items-center gap-2">

Parsing ecmascript source code failed

Import traces:
  Client Component Browser:
    ./src/app/admin/vaccines/edit/[id]/page.tsx [Client Component Browser]
    ./src/app/admin/vaccines/edit/[id]/page.tsx [Server Component]

  Client Component SSR:
    ./src/app/admin/vaccines/edit/[id]/page.tsx [Client Component SSR]
    ./src/app/admin/vaccines/edit/[id]/page.tsx [Server Component] @ http://localhost:3000/_next/static/chunks/node_modules_next_dist_1e8vcs8._.js:1052
[   10883ms] [LOG] [Fast Refresh] rebuilding @ http://localhost:3000/_next/static/chunks/node_modules_next_dist_1e8vcs8._.js:776
[   11147ms] [ERROR] ./src/app/admin/vaccines/edit/[id]/page.tsx:170:11
Error: Expected '</', got '}'
  168 |             className="mt-2"
  169 |             disabled={isSubmitting}
> 170 |           } 
      |           ^
  171 |         />
  172 |         </div>
  173 |         <label className="flex items-center gap-2">

Parsing ecmascript source code failed

Import traces:
  Client Component Browser:
    ./src/app/admin/vaccines/edit/[id]/page.tsx [Client Component Browser]
    ./src/app/admin/vaccines/edit/[id]/page.tsx [Server Component]

  Client Component SSR:
    ./src/app/admin/vaccines/edit/[id]/page.tsx [Client Component SSR]
    ./src/app/admin/vaccines/edit/[id]/page.tsx [Server Component] @ http://localhost:3000/_next/static/chunks/node_modules_next_dist_1e8vcs8._.js:1052
[   11150ms] [ERROR] ./src/app/admin/vaccines/edit/[id]/page.tsx:170:11
Error: Expected '</', got '}'
  168 |             className="mt-2"
  169 |             disabled={isSubmitting}
> 170 |           } 
      |           ^
  171 |         />
  172 |         </div>
  173 |         <label className="flex items-center gap-2">

Parsing ecmascript source code failed

Import traces:
  Client Component Browser:
    ./src/app/admin/vaccines/edit/[id]/page.tsx [Client Component Browser]
    ./src/app/admin/vaccines/edit/[id]/page.tsx [Server Component]

  Client Component SSR:
    ./src/app/admin/vaccines/edit/[id]/page.tsx [Client Component SSR]
    ./src/app/admin/vaccines/edit/[id]/page.tsx [Server Component] @ http://localhost:3000/_next/static/chunks/node_modules_next_dist_1e8vcs8._.js:1052
[   11150ms] [ERROR] ./src/app/admin/vaccines/edit/[id]/page.tsx:170:11
Error: Expected '</', got '}'
  168 |             className="mt-2"
  169 |             disabled={isSubmitting}
> 170 |           } 
      |           ^
  171 |         />
  172 |         </div>
  173 |         <label className="flex items-center gap-2">

Parsing ecmascript source code failed

Import traces:
  Client Component Browser:
    ./src/app/admin/vaccines/edit/[id]/page.tsx [Client Component Browser]
    ./src/app/admin/vaccines/edit/[id]/page.tsx [Server Component]

  Client Component SSR:
    ./src/app/admin/vaccines/edit/[id]/page.tsx [Client Component SSR]
    ./src/app/admin/vaccines/edit/[id]/page.tsx [Server Component] @ http://localhost:3000/_next/static/chunks/node_modules_next_dist_1e8vcs8._.js:1052
[   12291ms] [ERROR] ./src/app/admin/vaccines/edit/[id]/page.tsx:170:11
Error: Expected '</', got '}'
  168 |             className="mt-2"
  169 |             disabled={isSubmitting}
> 170 |           } 
      |           ^
  171 |         />
  172 |         </div>
  173 |         <label className="flex items-center gap-2">

Parsing ecmascript source code failed

Import traces:
  Client Component Browser:
    ./src/app/admin/vaccines/edit/[id]/page.tsx [Client Component Browser]
    ./src/app/admin/vaccines/edit/[id]/page.tsx [Server Component]

  Client Component SSR:
    ./src/app/admin/vaccines/edit/[id]/page.tsx [Client Component SSR]
    ./src/app/admin/vaccines/edit/[id]/page.tsx [Server Component] @ http://localhost:3000/_next/static/chunks/node_modules_next_dist_1e8vcs8._.js:1052
[   12548ms] [ERROR] ./src/app/admin/vaccines/edit/[id]/page.tsx:170:11
Error: Expected '</', got '}'
  168 |             className="mt-2"
  169 |             disabled={isSubmitting}
> 170 |           } 
      |           ^
  171 |         />
  172 |         </div>
  173 |         <label className="flex items-center gap-2">

Parsing ecmascript source code failed

Import traces:
  Client Component Browser:
    ./src/app/admin/vaccines/edit/[id]/page.tsx [Client Component Browser]
    ./src/app/admin/vaccines/edit/[id]/page.tsx [Server Component]

  Client Component SSR:
    ./src/app/admin/vaccines/edit/[id]/page.tsx [Client Component SSR]
    ./src/app/admin/vaccines/edit/[id]/page.tsx [Server Component] @ http://localhost:3000/_next/static/chunks/node_modules_next_dist_1e8vcs8._.js:1052
[   12745ms] [ERROR] ./src/app/admin/vaccines/edit/[id]/page.tsx:170:11
Error: Expected '</', got '}'
  168 |             className="mt-2"
  169 |             disabled={isSubmitting}
> 170 |           } 
      |           ^
  171 |         />
  172 |         </div>
  173 |         <label className="flex items-center gap-2">

Parsing ecmascript source code failed

Import traces:
  Client Component Browser:
    ./src/app/admin/vaccines/edit/[id]/page.tsx [Client Component Browser]
    ./src/app/admin/vaccines/edit/[id]/page.tsx [Server Component]

  Client Component SSR:
    ./src/app/admin/vaccines/edit/[id]/page.tsx [Client Component SSR]
    ./src/app/admin/vaccines/edit/[id]/page.tsx [Server Component] @ http://localhost:3000/_next/static/chunks/node_modules_next_dist_1e8vcs8._.js:1052
[   12904ms] [ERROR] ./src/app/admin/vaccines/edit/[id]/page.tsx:170:11
Error: Expected '</', got '}'
  168 |             className="mt-2"
  169 |             disabled={isSubmitting}
> 170 |           } 
      |           ^
  171 |         />
  172 |         </div>
  173 |         <label className="flex items-center gap-2">

Parsing ecmascript source code failed

Import traces:
  Client Component Browser:
    ./src/app/admin/vaccines/edit/[id]/page.tsx [Client Component Browser]
    ./src/app/admin/vaccines/edit/[id]/page.tsx [Server Component]

  Client Component SSR:
    ./src/app/admin/vaccines/edit/[id]/page.tsx [Client Component SSR]
    ./src/app/admin/vaccines/edit/[id]/page.tsx [Server Component] @ http://localhost:3000/_next/static/chunks/node_modules_next_dist_1e8vcs8._.js:1052
[   13045ms] [ERROR] ./src/app/admin/vaccines/edit/[id]/page.tsx:170:11
Error: Expected '</', got '}'
  168 |             className="mt-2"
  169 |             disabled={isSubmitting}
> 170 |           } 
      |           ^
  171 |         />
  172 |         </div>
  173 |         <label className="flex items-center gap-2">

Parsing ecmascript source code failed

Import traces:
  Client Component Browser:
    ./src/app/admin/vaccines/edit/[id]/page.tsx [Client Component Browser]
    ./src/app/admin/vaccines/edit/[id]/page.tsx [Server Component]

  Client Component SSR:
    ./src/app/admin/vaccines/edit/[id]/page.tsx [Client Component SSR]
    ./src/app/admin/vaccines/edit/[id]/page.tsx [Server Component] @ http://localhost:3000/_next/static/chunks/node_modules_next_dist_1e8vcs8._.js:1052
[   13165ms] [ERROR] ./src/app/admin/vaccines/edit/[id]/page.tsx:170:11
Error: Expected '</', got '}'
  168 |             className="mt-2"
  169 |             disabled={isSubmitting}
> 170 |           } 
      |           ^
  171 |         />
  172 |         </div>
  173 |         <label className="flex items-center gap-2">

Parsing ecmascript source code failed

Import traces:
  Client Component Browser:
    ./src/app/admin/vaccines/edit/[id]/page.tsx [Client Component Browser]
    ./src/app/admin/vaccines/edit/[id]/page.tsx [Server Component]

  Client Component SSR:
    ./src/app/admin/vaccines/edit/[id]/page.tsx [Client Component SSR]
    ./src/app/admin/vaccines/edit/[id]/page.tsx [Server Component] @ http://localhost:3000/_next/static/chunks/node_modules_next_dist_1e8vcs8._.js:1052
[   13264ms] [ERROR] ./src/app/admin/vaccines/edit/[id]/page.tsx:170:11
Error: Expected '</', got '}'
  168 |             className="mt-2"
  169 |             disabled={isSubmitting}
> 170 |           } 
      |           ^
  171 |         />
  172 |         </div>
  173 |         <label className="flex items-center gap-2">

Parsing ecmascript source code failed

Import traces:
  Client Component Browser:
    ./src/app/admin/vaccines/edit/[id]/page.tsx [Client Component Browser]
    ./src/app/admin/vaccines/edit/[id]/page.tsx [Server Component]

  Client Component SSR:
    ./src/app/admin/vaccines/edit/[id]/page.tsx [Client Component SSR]
    ./src/app/admin/vaccines/edit/[id]/page.tsx [Server Component] @ http://localhost:3000/_next/static/chunks/node_modules_next_dist_1e8vcs8._.js:1052
[   13345ms] [ERROR] ./src/app/admin/vaccines/edit/[id]/page.tsx:170:11
Error: Expected '</', got '}'
  168 |             className="mt-2"
  169 |             disabled={isSubmitting}
> 170 |           } 
      |           ^
  171 |         />
  172 |         </div>
  173 |         <label className="flex items-center gap-2">

Parsing ecmascript source code failed

Import traces:
  Client Component Browser:
    ./src/app/admin/vaccines/edit/[id]/page.tsx [Client Component Browser]
    ./src/app/admin/vaccines/edit/[id]/page.tsx [Server Component]

  Client Component SSR:
    ./src/app/admin/vaccines/edit/[id]/page.tsx [Client Component SSR]
    ./src/app/admin/vaccines/edit/[id]/page.tsx [Server Component] @ http://localhost:3000/_next/static/chunks/node_modules_next_dist_1e8vcs8._.js:1052
[   13403ms] [ERROR] ./src/app/admin/vaccines/edit/[id]/page.tsx:170:11
Error: Expected '</', got '}'
  168 |             className="mt-2"
  169 |             disabled={isSubmitting}
> 170 |           } 
      |           ^
  171 |         />
  172 |         </div>
  173 |         <label className="flex items-center gap-2">

Parsing ecmascript source code failed

Import traces:
  Client Component Browser:
    ./src/app/admin/vaccines/edit/[id]/page.tsx [Client Component Browser]
    ./src/app/admin/vaccines/edit/[id]/page.tsx [Server Component]

  Client Component SSR:
    ./src/app/admin/vaccines/edit/[id]/page.tsx [Client Component SSR]
    ./src/app/admin/vaccines/edit/[id]/page.tsx [Server Component] @ http://localhost:3000/_next/static/chunks/node_modules_next_dist_1e8vcs8._.js:1052
[   13477ms] [ERROR] ./src/app/admin/vaccines/edit/[id]/page.tsx:170:11
Error: Expected '</', got '}'
  168 |             className="mt-2"
  169 |             disabled={isSubmitting}
> 170 |           } 
      |           ^
  171 |         />
  172 |         </div>
  173 |         <label className="flex items-center gap-2">

Parsing ecmascript source code failed

Import traces:
  Client Component Browser:
    ./src/app/admin/vaccines/edit/[id]/page.tsx [Client Component Browser]
    ./src/app/admin/vaccines/edit/[id]/page.tsx [Server Component]

  Client Component SSR:
    ./src/app/admin/vaccines/edit/[id]/page.tsx [Client Component SSR]
    ./src/app/admin/vaccines/edit/[id]/page.tsx [Server Component] @ http://localhost:3000/_next/static/chunks/node_modules_next_dist_1e8vcs8._.js:1052
[   13543ms] [ERROR] ./src/app/admin/vaccines/edit/[id]/page.tsx:170:11
Error: Expected '</', got '}'
  168 |             className="mt-2"
  169 |             disabled={isSubmitting}
> 170 |           } 
      |           ^
  171 |         />
  172 |         </div>
  173 |         <label className="flex items-center gap-2">

Parsing ecmascript source code failed

Import traces:
  Client Component Browser:
    ./src/app/admin/vaccines/edit/[id]/page.tsx [Client Component Browser]
    ./src/app/admin/vaccines/edit/[id]/page.tsx [Server Component]

  Client Component SSR:
    ./src/app/admin/vaccines/edit/[id]/page.tsx [Client Component SSR]
    ./src/app/admin/vaccines/edit/[id]/page.tsx [Server Component] @ http://localhost:3000/_next/static/chunks/node_modules_next_dist_1e8vcs8._.js:1052
[   13611ms] [ERROR] ./src/app/admin/vaccines/edit/[id]/page.tsx:170:11
Error: Expected '</', got '}'
  168 |             className="mt-2"
  169 |             disabled={isSubmitting}
> 170 |           } 
      |           ^
  171 |         />
  172 |         </div>
  173 |         <label className="flex items-center gap-2">

Parsing ecmascript source code failed

Import traces:
  Client Component Browser:
    ./src/app/admin/vaccines/edit/[id]/page.tsx [Client Component Browser]
    ./src/app/admin/vaccines/edit/[id]/page.tsx [Server Component]

  Client Component SSR:
    ./src/app/admin/vaccines/edit/[id]/page.tsx [Client Component SSR]
    ./src/app/admin/vaccines/edit/[id]/page.tsx [Server Component] @ http://localhost:3000/_next/static/chunks/node_modules_next_dist_1e8vcs8._.js:1052
[   13677ms] [ERROR] ./src/app/admin/vaccines/edit/[id]/page.tsx:170:11
Error: Expected '</', got '}'
  168 |             className="mt-2"
  169 |             disabled={isSubmitting}
> 170 |           } 
      |           ^
  171 |         />
  172 |         </div>
  173 |         <label className="flex items-center gap-2">

Parsing ecmascript source code failed

Import traces:
  Client Component Browser:
    ./src/app/admin/vaccines/edit/[id]/page.tsx [Client Component Browser]
    ./src/app/admin/vaccines/edit/[id]/page.tsx [Server Component]

  Client Component SSR:
    ./src/app/admin/vaccines/edit/[id]/page.tsx [Client Component SSR]
    ./src/app/admin/vaccines/edit/[id]/page.tsx [Server Component] @ http://localhost:3000/_next/static/chunks/node_modules_next_dist_1e8vcs8._.js:1052
[   13747ms] [ERROR] ./src/app/admin/vaccines/edit/[id]/page.tsx:170:11
Error: Expected '</', got '}'
  168 |             className="mt-2"
  169 |             disabled={isSubmitting}
> 170 |           } 
      |           ^
  171 |         />
  172 |         </div>
  173 |         <label className="flex items-center gap-2">

Parsing ecmascript source code failed

Import traces:
  Client Component Browser:
    ./src/app/admin/vaccines/edit/[id]/page.tsx [Client Component Browser]
    ./src/app/admin/vaccines/edit/[id]/page.tsx [Server Component]

  Client Component SSR:
    ./src/app/admin/vaccines/edit/[id]/page.tsx [Client Component SSR]
    ./src/app/admin/vaccines/edit/[id]/page.tsx [Server Component] @ http://localhost:3000/_next/static/chunks/node_modules_next_dist_1e8vcs8._.js:1052
[   13847ms] [ERROR] ./src/app/admin/vaccines/edit/[id]/page.tsx:170:11
Error: Expected '</', got '}'
  168 |             className="mt-2"
  169 |             disabled={isSubmitting}
> 170 |           } 
      |           ^
  171 |         />
  172 |         </div>
  173 |         <label className="flex items-center gap-2">

Parsing ecmascript source code failed

Import traces:
  Client Component Browser:
    ./src/app/admin/vaccines/edit/[id]/page.tsx [Client Component Browser]
    ./src/app/admin/vaccines/edit/[id]/page.tsx [Server Component]

  Client Component SSR:
    ./src/app/admin/vaccines/edit/[id]/page.tsx [Client Component SSR]
    ./src/app/admin/vaccines/edit/[id]/page.tsx [Server Component] @ http://localhost:3000/_next/static/chunks/node_modules_next_dist_1e8vcs8._.js:1052
[   13928ms] [ERROR] ./src/app/admin/vaccines/edit/[id]/page.tsx:170:11
Error: Expected '</', got '}'
  168 |             className="mt-2"
  169 |             disabled={isSubmitting}
> 170 |           } 
      |           ^
  171 |         />
  172 |         </div>
  173 |         <label className="flex items-center gap-2">

Parsing ecmascript source code failed

Import traces:
  Client Component Browser:
    ./src/app/admin/vaccines/edit/[id]/page.tsx [Client Component Browser]
    ./src/app/admin/vaccines/edit/[id]/page.tsx [Server Component]

  Client Component SSR:
    ./src/app/admin/vaccines/edit/[id]/page.tsx [Client Component SSR]
    ./src/app/admin/vaccines/edit/[id]/page.tsx [Server Component] @ http://localhost:3000/_next/static/chunks/node_modules_next_dist_1e8vcs8._.js:1052
[   13986ms] [ERROR] ./src/app/admin/vaccines/edit/[id]/page.tsx:170:11
Error: Expected '</', got '}'
  168 |             className="mt-2"
  169 |             disabled={isSubmitting}
> 170 |           } 
      |           ^
  171 |         />
  172 |         </div>
  173 |         <label className="flex items-center gap-2">

Parsing ecmascript source code failed

Import traces:
  Client Component Browser:
    ./src/app/admin/vaccines/edit/[id]/page.tsx [Client Component Browser]
    ./src/app/admin/vaccines/edit/[id]/page.tsx [Server Component]

  Client Component SSR:
    ./src/app/admin/vaccines/edit/[id]/page.tsx [Client Component SSR]
    ./src/app/admin/vaccines/edit/[id]/page.tsx [Server Component] @ http://localhost:3000/_next/static/chunks/node_modules_next_dist_1e8vcs8._.js:1052
[   14068ms] [ERROR] ./src/app/admin/vaccines/edit/[id]/page.tsx:170:11
Error: Expected '</', got '}'
  168 |             className="mt-2"
  169 |             disabled={isSubmitting}
> 170 |           } 
      |           ^
  171 |         />
  172 |         </div>
  173 |         <label className="flex items-center gap-2">

Parsing ecmascript source code failed

Import traces:
  Client Component Browser:
    ./src/app/admin/vaccines/edit/[id]/page.tsx [Client Component Browser]
    ./src/app/admin/vaccines/edit/[id]/page.tsx [Server Component]

  Client Component SSR:
    ./src/app/admin/vaccines/edit/[id]/page.tsx [Client Component SSR]
    ./src/app/admin/vaccines/edit/[id]/page.tsx [Server Component] @ http://localhost:3000/_next/static/chunks/node_modules_next_dist_1e8vcs8._.js:1052
[   14182ms] [ERROR] ./src/app/admin/vaccines/edit/[id]/page.tsx:170:11
Error: Expected '</', got '}'
  168 |             className="mt-2"
  169 |             disabled={isSubmitting}
> 170 |           } 
      |           ^
  171 |         />
  172 |         </div>
  173 |         <label className="flex items-center gap-2">

Parsing ecmascript source code failed

Import traces:
  Client Component Browser:
    ./src/app/admin/vaccines/edit/[id]/page.tsx [Client Component Browser]
    ./src/app/admin/vaccines/edit/[id]/page.tsx [Server Component]

  Client Component SSR:
    ./src/app/admin/vaccines/edit/[id]/page.tsx [Client Component SSR]
    ./src/app/admin/vaccines/edit/[id]/page.tsx [Server Component] @ http://localhost:3000/_next/static/chunks/node_modules_next_dist_1e8vcs8._.js:1052
[   14404ms] [ERROR] ./src/app/admin/vaccines/edit/[id]/page.tsx:170:11
Error: Expected '</', got '}'
  168 |             className="mt-2"
  169 |             disabled={isSubmitting}
> 170 |           } 
      |           ^
  171 |         />
  172 |         </div>
  173 |         <label className="flex items-center gap-2">

Parsing ecmascript source code failed

Import traces:
  Client Component Browser:
    ./src/app/admin/vaccines/edit/[id]/page.tsx [Client Component Browser]
    ./src/app/admin/vaccines/edit/[id]/page.tsx [Server Component]

  Client Component SSR:
    ./src/app/admin/vaccines/edit/[id]/page.tsx [Client Component SSR]
    ./src/app/admin/vaccines/edit/[id]/page.tsx [Server Component] @ http://localhost:3000/_next/static/chunks/node_modules_next_dist_1e8vcs8._.js:1052
[   14479ms] [LOG] [Fast Refresh] rebuilding @ http://localhost:3000/_next/static/chunks/node_modules_next_dist_1e8vcs8._.js:776
[   14749ms] [ERROR] ./src/app/admin/vaccines/edit/[id]/page.tsx:170:11
Error: Expected '</', got '}'
  168 |             className="mt-2"
  169 |             disabled={isSubmitting}
> 170 |           } 
      |           ^
  171 |         />
  172 |         </div>
  173 |         <label className="flex items-center gap-2">

Parsing ecmascript source code failed

Import traces:
  Client Component Browser:
    ./src/app/admin/vaccines/edit/[id]/page.tsx [Client Component Browser]
    ./src/app/admin/vaccines/edit/[id]/page.tsx [Server Component]

  Client Component SSR:
    ./src/app/admin/vaccines/edit/[id]/page.tsx [Client Component SSR]
    ./src/app/admin/vaccines/edit/[id]/page.tsx [Server Component] @ http://localhost:3000/_next/static/chunks/node_modules_next_dist_1e8vcs8._.js:1052
[   14833ms] [ERROR] ./src/app/admin/vaccines/edit/[id]/page.tsx:170:11
Error: Expected '</', got '}'
  168 |             className="mt-2"
  169 |             disabled={isSubmitting}
> 170 |           } 
      |           ^
  171 |         />
  172 |         </div>
  173 |         <label className="flex items-center gap-2">

Parsing ecmascript source code failed

Import traces:
  Client Component Browser:
    ./src/app/admin/vaccines/edit/[id]/page.tsx [Client Component Browser]
    ./src/app/admin/vaccines/edit/[id]/page.tsx [Server Component]

  Client Component SSR:
    ./src/app/admin/vaccines/edit/[id]/page.tsx [Client Component SSR]
    ./src/app/admin/vaccines/edit/[id]/page.tsx [Server Component] @ http://localhost:3000/_next/static/chunks/node_modules_next_dist_1e8vcs8._.js:1052
[   15070ms] [ERROR] ./src/app/admin/vaccines/edit/[id]/page.tsx:170:11
Error: Expected '</', got '}'
  168 |             className="mt-2"
  169 |             disabled={isSubmitting}
> 170 |           } 
      |           ^
  171 |         />
  172 |         </div>
  173 |         <label className="flex items-center gap-2">

Parsing ecmascript source code failed

Import traces:
  Client Component Browser:
    ./src/app/admin/vaccines/edit/[id]/page.tsx [Client Component Browser]
    ./src/app/admin/vaccines/edit/[id]/page.tsx [Server Component]

  Client Component SSR:
    ./src/app/admin/vaccines/edit/[id]/page.tsx [Client Component SSR]
    ./src/app/admin/vaccines/edit/[id]/page.tsx [Server Component] @ http://localhost:3000/_next/static/chunks/node_modules_next_dist_1e8vcs8._.js:1052
[   15198ms] [ERROR] ./src/app/admin/vaccines/edit/[id]/page.tsx:170:11
Error: Expected '</', got '}'
  168 |             className="mt-2"
  169 |             disabled={isSubmitting}
> 170 |           } 
      |           ^
  171 |         />
  172 |         </div>
  173 |         <label className="flex items-center gap-2">

Parsing ecmascript source code failed

Import traces:
  Client Component Browser:
    ./src/app/admin/vaccines/edit/[id]/page.tsx [Client Component Browser]
    ./src/app/admin/vaccines/edit/[id]/page.tsx [Server Component]

  Client Component SSR:
    ./src/app/admin/vaccines/edit/[id]/page.tsx [Client Component SSR]
    ./src/app/admin/vaccines/edit/[id]/page.tsx [Server Component] @ http://localhost:3000/_next/static/chunks/node_modules_next_dist_1e8vcs8._.js:1052
[   15366ms] [ERROR] ./src/app/admin/vaccines/edit/[id]/page.tsx:170:11
Error: Expected '</', got '}'
  168 |             className="mt-2"
  169 |             disabled={isSubmitting}
> 170 |           } 
      |           ^
  171 |         />
  172 |         </div>
  173 |         <label className="flex items-center gap-2">

Parsing ecmascript source code failed

Import traces:
  Client Component Browser:
    ./src/app/admin/vaccines/edit/[id]/page.tsx [Client Component Browser]
    ./src/app/admin/vaccines/edit/[id]/page.tsx [Server Component]

  Client Component SSR:
    ./src/app/admin/vaccines/edit/[id]/page.tsx [Client Component SSR]
    ./src/app/admin/vaccines/edit/[id]/page.tsx [Server Component] @ http://localhost:3000/_next/static/chunks/node_modules_next_dist_1e8vcs8._.js:1052
[   15486ms] [ERROR] ./src/app/admin/vaccines/edit/[id]/page.tsx:170:11
Error: Expected '</', got '}'
  168 |             className="mt-2"
  169 |             disabled={isSubmitting}
> 170 |           } 
      |           ^
  171 |         />
  172 |         </div>
  173 |         <label className="flex items-center gap-2">

Parsing ecmascript source code failed

Import traces:
  Client Component Browser:
    ./src/app/admin/vaccines/edit/[id]/page.tsx [Client Component Browser]
    ./src/app/admin/vaccines/edit/[id]/page.tsx [Server Component]

  Client Component SSR:
    ./src/app/admin/vaccines/edit/[id]/page.tsx [Client Component SSR]
    ./src/app/admin/vaccines/edit/[id]/page.tsx [Server Component] @ http://localhost:3000/_next/static/chunks/node_modules_next_dist_1e8vcs8._.js:1052
[   15593ms] [ERROR] ./src/app/admin/vaccines/edit/[id]/page.tsx:170:11
Error: Expected '</', got '}'
  168 |             className="mt-2"
  169 |             disabled={isSubmitting}
> 170 |           } 
      |           ^
  171 |         />
  172 |         </div>
  173 |         <label className="flex items-center gap-2">

Parsing ecmascript source code failed

Import traces:
  Client Component Browser:
    ./src/app/admin/vaccines/edit/[id]/page.tsx [Client Component Browser]
    ./src/app/admin/vaccines/edit/[id]/page.tsx [Server Component]

  Client Component SSR:
    ./src/app/admin/vaccines/edit/[id]/page.tsx [Client Component SSR]
    ./src/app/admin/vaccines/edit/[id]/page.tsx [Server Component] @ http://localhost:3000/_next/static/chunks/node_modules_next_dist_1e8vcs8._.js:1052
[   15668ms] [ERROR] ./src/app/admin/vaccines/edit/[id]/page.tsx:170:11
Error: Expected '</', got '}'
  168 |             className="mt-2"
  169 |             disabled={isSubmitting}
> 170 |           } 
      |           ^
  171 |         />
  172 |         </div>
  173 |         <label className="flex items-center gap-2">

Parsing ecmascript source code failed

Import traces:
  Client Component Browser:
    ./src/app/admin/vaccines/edit/[id]/page.tsx [Client Component Browser]
    ./src/app/admin/vaccines/edit/[id]/page.tsx [Server Component]

  Client Component SSR:
    ./src/app/admin/vaccines/edit/[id]/page.tsx [Client Component SSR]
    ./src/app/admin/vaccines/edit/[id]/page.tsx [Server Component] @ http://localhost:3000/_next/static/chunks/node_modules_next_dist_1e8vcs8._.js:1052
[   15818ms] [ERROR] ./src/app/admin/vaccines/edit/[id]/page.tsx:170:11
Error: Expected '</', got '}'
  168 |             className="mt-2"
  169 |             disabled={isSubmitting}
> 170 |           } 
      |           ^
  171 |         />
  172 |         </div>
  173 |         <label className="flex items-center gap-2">

Parsing ecmascript source code failed

Import traces:
  Client Component Browser:
    ./src/app/admin/vaccines/edit/[id]/page.tsx [Client Component Browser]
    ./src/app/admin/vaccines/edit/[id]/page.tsx [Server Component]

  Client Component SSR:
    ./src/app/admin/vaccines/edit/[id]/page.tsx [Client Component SSR]
    ./src/app/admin/vaccines/edit/[id]/page.tsx [Server Component] @ http://localhost:3000/_next/static/chunks/node_modules_next_dist_1e8vcs8._.js:1052
[   16000ms] [ERROR] ./src/app/admin/vaccines/edit/[id]/page.tsx:170:11
Error: Expected '</', got '}'
  168 |             className="mt-2"
  169 |             disabled={isSubmitting}
> 170 |           } 
      |           ^
  171 |         />
  172 |         </div>
  173 |         <label className="flex items-center gap-2">

Parsing ecmascript source code failed

Import traces:
  Client Component Browser:
    ./src/app/admin/vaccines/edit/[id]/page.tsx [Client Component Browser]
    ./src/app/admin/vaccines/edit/[id]/page.tsx [Server Component]

  Client Component SSR:
    ./src/app/admin/vaccines/edit/[id]/page.tsx [Client Component SSR]
    ./src/app/admin/vaccines/edit/[id]/page.tsx [Server Component] @ http://localhost:3000/_next/static/chunks/node_modules_next_dist_1e8vcs8._.js:1052
[   16152ms] [ERROR] ./src/app/admin/vaccines/edit/[id]/page.tsx:170:11
Error: Expected '</', got '}'
  168 |             className="mt-2"
  169 |             disabled={isSubmitting}
> 170 |           } 
      |           ^
  171 |         />
  172 |         </div>
  173 |         <label className="flex items-center gap-2">

Parsing ecmascript source code failed

Import traces:
  Client Component Browser:
    ./src/app/admin/vaccines/edit/[id]/page.tsx [Client Component Browser]
    ./src/app/admin/vaccines/edit/[id]/page.tsx [Server Component]

  Client Component SSR:
    ./src/app/admin/vaccines/edit/[id]/page.tsx [Client Component SSR]
    ./src/app/admin/vaccines/edit/[id]/page.tsx [Server Component] @ http://localhost:3000/_next/static/chunks/node_modules_next_dist_1e8vcs8._.js:1052
[   16251ms] [ERROR] ./src/app/admin/vaccines/edit/[id]/page.tsx:170:11
Error: Expected '</', got '}'
  168 |             className="mt-2"
  169 |             disabled={isSubmitting}
> 170 |           } 
      |           ^
  171 |         />
  172 |         </div>
  173 |         <label className="flex items-center gap-2">

Parsing ecmascript source code failed

Import traces:
  Client Component Browser:
    ./src/app/admin/vaccines/edit/[id]/page.tsx [Client Component Browser]
    ./src/app/admin/vaccines/edit/[id]/page.tsx [Server Component]

  Client Component SSR:
    ./src/app/admin/vaccines/edit/[id]/page.tsx [Client Component SSR]
    ./src/app/admin/vaccines/edit/[id]/page.tsx [Server Component] @ http://localhost:3000/_next/static/chunks/node_modules_next_dist_1e8vcs8._.js:1052
[   16432ms] [ERROR] ./src/app/admin/vaccines/edit/[id]/page.tsx:170:11
Error: Expected '</', got '}'
  168 |             className="mt-2"
  169 |             disabled={isSubmitting}
> 170 |           } 
      |           ^
  171 |         />
  172 |         </div>
  173 |         <label className="flex items-center gap-2">

Parsing ecmascript source code failed

Import traces:
  Client Component Browser:
    ./src/app/admin/vaccines/edit/[id]/page.tsx [Client Component Browser]
    ./src/app/admin/vaccines/edit/[id]/page.tsx [Server Component]

  Client Component SSR:
    ./src/app/admin/vaccines/edit/[id]/page.tsx [Client Component SSR]
    ./src/app/admin/vaccines/edit/[id]/page.tsx [Server Component] @ http://localhost:3000/_next/static/chunks/node_modules_next_dist_1e8vcs8._.js:1052
[   16503ms] [ERROR] ./src/app/admin/vaccines/edit/[id]/page.tsx:170:11
Error: Expected '</', got '}'
  168 |             className="mt-2"
  169 |             disabled={isSubmitting}
> 170 |           } 
      |           ^
  171 |         />
  172 |         </div>
  173 |         <label className="flex items-center gap-2">

Parsing ecmascript source code failed

Import traces:
  Client Component Browser:
    ./src/app/admin/vaccines/edit/[id]/page.tsx [Client Component Browser]
    ./src/app/admin/vaccines/edit/[id]/page.tsx [Server Component]

  Client Component SSR:
    ./src/app/admin/vaccines/edit/[id]/page.tsx [Client Component SSR]
    ./src/app/admin/vaccines/edit/[id]/page.tsx [Server Component] @ http://localhost:3000/_next/static/chunks/node_modules_next_dist_1e8vcs8._.js:1052
[   16578ms] [ERROR] ./src/app/admin/vaccines/edit/[id]/page.tsx:170:11
Error: Expected '</', got '}'
  168 |             className="mt-2"
  169 |             disabled={isSubmitting}
> 170 |           } 
      |           ^
  171 |         />
  172 |         </div>
  173 |         <label className="flex items-center gap-2">

Parsing ecmascript source code failed

Import traces:
  Client Component Browser:
    ./src/app/admin/vaccines/edit/[id]/page.tsx [Client Component Browser]
    ./src/app/admin/vaccines/edit/[id]/page.tsx [Server Component]

  Client Component SSR:
    ./src/app/admin/vaccines/edit/[id]/page.tsx [Client Component SSR]
    ./src/app/admin/vaccines/edit/[id]/page.tsx [Server Component] @ http://localhost:3000/_next/static/chunks/node_modules_next_dist_1e8vcs8._.js:1052
[   16705ms] [ERROR] ./src/app/admin/vaccines/edit/[id]/page.tsx:170:11
Error: Expected '</', got '}'
  168 |             className="mt-2"
  169 |             disabled={isSubmitting}
> 170 |           } 
      |           ^
  171 |         />
  172 |         </div>
  173 |         <label className="flex items-center gap-2">

Parsing ecmascript source code failed

Import traces:
  Client Component Browser:
    ./src/app/admin/vaccines/edit/[id]/page.tsx [Client Component Browser]
    ./src/app/admin/vaccines/edit/[id]/page.tsx [Server Component]

  Client Component SSR:
    ./src/app/admin/vaccines/edit/[id]/page.tsx [Client Component SSR]
    ./src/app/admin/vaccines/edit/[id]/page.tsx [Server Component] @ http://localhost:3000/_next/static/chunks/node_modules_next_dist_1e8vcs8._.js:1052
[   16939ms] [ERROR] ./src/app/admin/vaccines/edit/[id]/page.tsx:170:11
Error: Expected '</', got '}'
  168 |             className="mt-2"
  169 |             disabled={isSubmitting}
> 170 |           } 
      |           ^
  171 |         />
  172 |         </div>
  173 |         <label className="flex items-center gap-2">

Parsing ecmascript source code failed

Import traces:
  Client Component Browser:
    ./src/app/admin/vaccines/edit/[id]/page.tsx [Client Component Browser]
    ./src/app/admin/vaccines/edit/[id]/page.tsx [Server Component]

  Client Component SSR:
    ./src/app/admin/vaccines/edit/[id]/page.tsx [Client Component SSR]
    ./src/app/admin/vaccines/edit/[id]/page.tsx [Server Component] @ http://localhost:3000/_next/static/chunks/node_modules_next_dist_1e8vcs8._.js:1052
[   17086ms] [ERROR] ./src/app/admin/vaccines/edit/[id]/page.tsx:170:11
Error: Expected '</', got '}'
  168 |             className="mt-2"
  169 |             disabled={isSubmitting}
> 170 |           } 
      |           ^
  171 |         />
  172 |         </div>
  173 |         <label className="flex items-center gap-2">

Parsing ecmascript source code failed

Import traces:
  Client Component Browser:
    ./src/app/admin/vaccines/edit/[id]/page.tsx [Client Component Browser]
    ./src/app/admin/vaccines/edit/[id]/page.tsx [Server Component]

  Client Component SSR:
    ./src/app/admin/vaccines/edit/[id]/page.tsx [Client Component SSR]
    ./src/app/admin/vaccines/edit/[id]/page.tsx [Server Component] @ http://localhost:3000/_next/static/chunks/node_modules_next_dist_1e8vcs8._.js:1052
[   17420ms] [ERROR] ./src/app/admin/vaccines/edit/[id]/page.tsx:170:11
Error: Expected '</', got '}'
  168 |             className="mt-2"
  169 |             disabled={isSubmitting}
> 170 |           } 
      |           ^
  171 |         />
  172 |         </div>
  173 |         <label className="flex items-center gap-2">

Parsing ecmascript source code failed

Import traces:
  Client Component Browser:
    ./src/app/admin/vaccines/edit/[id]/page.tsx [Client Component Browser]
    ./src/app/admin/vaccines/edit/[id]/page.tsx [Server Component]

  Client Component SSR:
    ./src/app/admin/vaccines/edit/[id]/page.tsx [Client Component SSR]
    ./src/app/admin/vaccines/edit/[id]/page.tsx [Server Component] @ http://localhost:3000/_next/static/chunks/node_modules_next_dist_1e8vcs8._.js:1052
[   17574ms] [ERROR] ./src/app/admin/vaccines/edit/[id]/page.tsx:170:11
Error: Expected '</', got '}'
  168 |             className="mt-2"
  169 |             disabled={isSubmitting}
> 170 |           } 
      |           ^
  171 |         />
  172 |         </div>
  173 |         <label className="flex items-center gap-2">

Parsing ecmascript source code failed

Import traces:
  Client Component Browser:
    ./src/app/admin/vaccines/edit/[id]/page.tsx [Client Component Browser]
    ./src/app/admin/vaccines/edit/[id]/page.tsx [Server Component]

  Client Component SSR:
    ./src/app/admin/vaccines/edit/[id]/page.tsx [Client Component SSR]
    ./src/app/admin/vaccines/edit/[id]/page.tsx [Server Component] @ http://localhost:3000/_next/static/chunks/node_modules_next_dist_1e8vcs8._.js:1052
[   17826ms] [ERROR] ./src/app/admin/vaccines/edit/[id]/page.tsx:170:11
Error: Expected '</', got '}'
  168 |             className="mt-2"
  169 |             disabled={isSubmitting}
> 170 |           } 
      |           ^
  171 |         />
  172 |         </div>
  173 |         <label className="flex items-center gap-2">

Parsing ecmascript source code failed

Import traces:
  Client Component Browser:
    ./src/app/admin/vaccines/edit/[id]/page.tsx [Client Component Browser]
    ./src/app/admin/vaccines/edit/[id]/page.tsx [Server Component]

  Client Component SSR:
    ./src/app/admin/vaccines/edit/[id]/page.tsx [Client Component SSR]
    ./src/app/admin/vaccines/edit/[id]/page.tsx [Server Component] @ http://localhost:3000/_next/static/chunks/node_modules_next_dist_1e8vcs8._.js:1052
[   17957ms] [ERROR] ./src/app/admin/vaccines/edit/[id]/page.tsx:170:11
Error: Expected '</', got '}'
  168 |             className="mt-2"
  169 |             disabled={isSubmitting}
> 170 |           } 
      |           ^
  171 |         />
  172 |         </div>
  173 |         <label className="flex items-center gap-2">

Parsing ecmascript source code failed

Import traces:
  Client Component Browser:
    ./src/app/admin/vaccines/edit/[id]/page.tsx [Client Component Browser]
    ./src/app/admin/vaccines/edit/[id]/page.tsx [Server Component]

  Client Component SSR:
    ./src/app/admin/vaccines/edit/[id]/page.tsx [Client Component SSR]
    ./src/app/admin/vaccines/edit/[id]/page.tsx [Server Component] @ http://localhost:3000/_next/static/chunks/node_modules_next_dist_1e8vcs8._.js:1052
[   18033ms] [ERROR] ./src/app/admin/vaccines/edit/[id]/page.tsx:170:11
Error: Expected '</', got '}'
  168 |             className="mt-2"
  169 |             disabled={isSubmitting}
> 170 |           } 
      |           ^
  171 |         />
  172 |         </div>
  173 |         <label className="flex items-center gap-2">

Parsing ecmascript source code failed

Import traces:
  Client Component Browser:
    ./src/app/admin/vaccines/edit/[id]/page.tsx [Client Component Browser]
    ./src/app/admin/vaccines/edit/[id]/page.tsx [Server Component]

  Client Component SSR:
    ./src/app/admin/vaccines/edit/[id]/page.tsx [Client Component SSR]
    ./src/app/admin/vaccines/edit/[id]/page.tsx [Server Component] @ http://localhost:3000/_next/static/chunks/node_modules_next_dist_1e8vcs8._.js:1052
[   18130ms] [ERROR] ./src/app/admin/vaccines/edit/[id]/page.tsx:170:11
Error: Expected '</', got '}'
  168 |             className="mt-2"
  169 |             disabled={isSubmitting}
> 170 |           } 
      |           ^
  171 |         />
  172 |         </div>
  173 |         <label className="flex items-center gap-2">

Parsing ecmascript source code failed

Import traces:
  Client Component Browser:
    ./src/app/admin/vaccines/edit/[id]/page.tsx [Client Component Browser]
    ./src/app/admin/vaccines/edit/[id]/page.tsx [Server Component]

  Client Component SSR:
    ./src/app/admin/vaccines/edit/[id]/page.tsx [Client Component SSR]
    ./src/app/admin/vaccines/edit/[id]/page.tsx [Server Component] @ http://localhost:3000/_next/static/chunks/node_modules_next_dist_1e8vcs8._.js:1052
[   18436ms] [ERROR] ./src/app/admin/vaccines/edit/[id]/page.tsx:170:11
Error: Expected '</', got '}'
  168 |             className="mt-2"
  169 |             disabled={isSubmitting}
> 170 |           } 
      |           ^
  171 |         />
  172 |         </div>
  173 |         <label className="flex items-center gap-2">

Parsing ecmascript source code failed

Import traces:
  Client Component Browser:
    ./src/app/admin/vaccines/edit/[id]/page.tsx [Client Component Browser]
    ./src/app/admin/vaccines/edit/[id]/page.tsx [Server Component]

  Client Component SSR:
    ./src/app/admin/vaccines/edit/[id]/page.tsx [Client Component SSR]
    ./src/app/admin/vaccines/edit/[id]/page.tsx [Server Component] @ http://localhost:3000/_next/static/chunks/node_modules_next_dist_1e8vcs8._.js:1052
[   18516ms] [LOG] [Fast Refresh] rebuilding @ http://localhost:3000/_next/static/chunks/node_modules_next_dist_1e8vcs8._.js:776
[   18523ms] [ERROR] ./src/app/admin/vaccines/edit/[id]/page.tsx:170:11
Error: Expected '</', got '}'
  168 |             className="mt-2"
  169 |             disabled={isSubmitting}
> 170 |           } 
      |           ^
  171 |         />
  172 |         </div>
  173 |         <label className="flex items-center gap-2">

Parsing ecmascript source code failed

Import traces:
  Client Component Browser:
    ./src/app/admin/vaccines/edit/[id]/page.tsx [Client Component Browser]
    ./src/app/admin/vaccines/edit/[id]/page.tsx [Server Component]

  Client Component SSR:
    ./src/app/admin/vaccines/edit/[id]/page.tsx [Client Component SSR]
    ./src/app/admin/vaccines/edit/[id]/page.tsx [Server Component] @ http://localhost:3000/_next/static/chunks/node_modules_next_dist_1e8vcs8._.js:1052
[   18620ms] [ERROR] ./src/app/admin/vaccines/edit/[id]/page.tsx:170:11
Error: Expected '</', got '}'
  168 |             className="mt-2"
  169 |             disabled={isSubmitting}
> 170 |           } 
      |           ^
  171 |         />
  172 |         </div>
  173 |         <label className="flex items-center gap-2">

Parsing ecmascript source code failed

Import traces:
  Client Component Browser:
    ./src/app/admin/vaccines/edit/[id]/page.tsx [Client Component Browser]
    ./src/app/admin/vaccines/edit/[id]/page.tsx [Server Component]

  Client Component SSR:
    ./src/app/admin/vaccines/edit/[id]/page.tsx [Client Component SSR]
    ./src/app/admin/vaccines/edit/[id]/page.tsx [Server Component] @ http://localhost:3000/_next/static/chunks/node_modules_next_dist_1e8vcs8._.js:1052
[   18712ms] [ERROR] ./src/app/admin/vaccines/edit/[id]/page.tsx:170:11
Error: Expected '</', got '}'
  168 |             className="mt-2"
  169 |             disabled={isSubmitting}
> 170 |           } 
      |           ^
  171 |         />
  172 |         </div>
  173 |         <label className="flex items-center gap-2">

Parsing ecmascript source code failed

Import traces:
  Client Component Browser:
    ./src/app/admin/vaccines/edit/[id]/page.tsx [Client Component Browser]
    ./src/app/admin/vaccines/edit/[id]/page.tsx [Server Component]

  Client Component SSR:
    ./src/app/admin/vaccines/edit/[id]/page.tsx [Client Component SSR]
    ./src/app/admin/vaccines/edit/[id]/page.tsx [Server Component] @ http://localhost:3000/_next/static/chunks/node_modules_next_dist_1e8vcs8._.js:1052
[   18833ms] [ERROR] ./src/app/admin/vaccines/edit/[id]/page.tsx:170:11
Error: Expected '</', got '}'
  168 |             className="mt-2"
  169 |             disabled={isSubmitting}
> 170 |           } 
      |           ^
  171 |         />
  172 |         </div>
  173 |         <label className="flex items-center gap-2">

Parsing ecmascript source code failed

Import traces:
  Client Component Browser:
    ./src/app/admin/vaccines/edit/[id]/page.tsx [Client Component Browser]
    ./src/app/admin/vaccines/edit/[id]/page.tsx [Server Component]

  Client Component SSR:
    ./src/app/admin/vaccines/edit/[id]/page.tsx [Client Component SSR]
    ./src/app/admin/vaccines/edit/[id]/page.tsx [Server Component] @ http://localhost:3000/_next/static/chunks/node_modules_next_dist_1e8vcs8._.js:1052
[   19109ms] [ERROR] ./src/app/admin/vaccines/edit/[id]/page.tsx:170:11
Error: Expected '</', got '}'
  168 |             className="mt-2"
  169 |             disabled={isSubmitting}
> 170 |           } 
      |           ^
  171 |         />
  172 |         </div>
  173 |         <label className="flex items-center gap-2">

Parsing ecmascript source code failed

Import traces:
  Client Component Browser:
    ./src/app/admin/vaccines/edit/[id]/page.tsx [Client Component Browser]
    ./src/app/admin/vaccines/edit/[id]/page.tsx [Server Component]

  Client Component SSR:
    ./src/app/admin/vaccines/edit/[id]/page.tsx [Client Component SSR]
    ./src/app/admin/vaccines/edit/[id]/page.tsx [Server Component] @ http://localhost:3000/_next/static/chunks/node_modules_next_dist_1e8vcs8._.js:1052
[   19267ms] [ERROR] ./src/app/admin/vaccines/edit/[id]/page.tsx:170:11
Error: Expected '</', got '}'
  168 |             className="mt-2"
  169 |             disabled={isSubmitting}
> 170 |           } 
      |           ^
  171 |         />
  172 |         </div>
  173 |         <label className="flex items-center gap-2">

Parsing ecmascript source code failed

Import traces:
  Client Component Browser:
    ./src/app/admin/vaccines/edit/[id]/page.tsx [Client Component Browser]
    ./src/app/admin/vaccines/edit/[id]/page.tsx [Server Component]

  Client Component SSR:
    ./src/app/admin/vaccines/edit/[id]/page.tsx [Client Component SSR]
    ./src/app/admin/vaccines/edit/[id]/page.tsx [Server Component] @ http://localhost:3000/_next/static/chunks/node_modules_next_dist_1e8vcs8._.js:1052
[   19350ms] [ERROR] ./src/app/admin/vaccines/edit/[id]/page.tsx:170:11
Error: Expected '</', got '}'
  168 |             className="mt-2"
  169 |             disabled={isSubmitting}
> 170 |           } 
      |           ^
  171 |         />
  172 |         </div>
  173 |         <label className="flex items-center gap-2">

Parsing ecmascript source code failed

Import traces:
  Client Component Browser:
    ./src/app/admin/vaccines/edit/[id]/page.tsx [Client Component Browser]
    ./src/app/admin/vaccines/edit/[id]/page.tsx [Server Component]

  Client Component SSR:
    ./src/app/admin/vaccines/edit/[id]/page.tsx [Client Component SSR]
    ./src/app/admin/vaccines/edit/[id]/page.tsx [Server Component] @ http://localhost:3000/_next/static/chunks/node_modules_next_dist_1e8vcs8._.js:1052
[   19435ms] [ERROR] ./src/app/admin/vaccines/edit/[id]/page.tsx:170:11
Error: Expected '</', got '}'
  168 |             className="mt-2"
  169 |             disabled={isSubmitting}
> 170 |           } 
      |           ^
  171 |         />
  172 |         </div>
  173 |         <label className="flex items-center gap-2">

Parsing ecmascript source code failed

Import traces:
  Client Component Browser:
    ./src/app/admin/vaccines/edit/[id]/page.tsx [Client Component Browser]
    ./src/app/admin/vaccines/edit/[id]/page.tsx [Server Component]

  Client Component SSR:
    ./src/app/admin/vaccines/edit/[id]/page.tsx [Client Component SSR]
    ./src/app/admin/vaccines/edit/[id]/page.tsx [Server Component] @ http://localhost:3000/_next/static/chunks/node_modules_next_dist_1e8vcs8._.js:1052
[   19646ms] [ERROR] ./src/app/admin/vaccines/edit/[id]/page.tsx:170:11
Error: Expected '</', got '}'
  168 |             className="mt-2"
  169 |             disabled={isSubmitting}
> 170 |           } 
      |           ^
  171 |         />
  172 |         </div>
  173 |         <label className="flex items-center gap-2">

Parsing ecmascript source code failed

Import traces:
  Client Component Browser:
    ./src/app/admin/vaccines/edit/[id]/page.tsx [Client Component Browser]
    ./src/app/admin/vaccines/edit/[id]/page.tsx [Server Component]

  Client Component SSR:
    ./src/app/admin/vaccines/edit/[id]/page.tsx [Client Component SSR]
    ./src/app/admin/vaccines/edit/[id]/page.tsx [Server Component] @ http://localhost:3000/_next/static/chunks/node_modules_next_dist_1e8vcs8._.js:1052
[   19730ms] [ERROR] ./src/app/admin/vaccines/edit/[id]/page.tsx:170:11
Error: Expected '</', got '}'
  168 |             className="mt-2"
  169 |             disabled={isSubmitting}
> 170 |           } 
      |           ^
  171 |         />
  172 |         </div>
  173 |         <label className="flex items-center gap-2">

Parsing ecmascript source code failed

Import traces:
  Client Component Browser:
    ./src/app/admin/vaccines/edit/[id]/page.tsx [Client Component Browser]
    ./src/app/admin/vaccines/edit/[id]/page.tsx [Server Component]

  Client Component SSR:
    ./src/app/admin/vaccines/edit/[id]/page.tsx [Client Component SSR]
    ./src/app/admin/vaccines/edit/[id]/page.tsx [Server Component] @ http://localhost:3000/_next/static/chunks/node_modules_next_dist_1e8vcs8._.js:1052
[   19853ms] [ERROR] ./src/app/admin/vaccines/edit/[id]/page.tsx:170:11
Error: Expected '</', got '}'
  168 |             className="mt-2"
  169 |             disabled={isSubmitting}
> 170 |           } 
      |           ^
  171 |         />
  172 |         </div>
  173 |         <label className="flex items-center gap-2">

Parsing ecmascript source code failed

Import traces:
  Client Component Browser:
    ./src/app/admin/vaccines/edit/[id]/page.tsx [Client Component Browser]
    ./src/app/admin/vaccines/edit/[id]/page.tsx [Server Component]

  Client Component SSR:
    ./src/app/admin/vaccines/edit/[id]/page.tsx [Client Component SSR]
    ./src/app/admin/vaccines/edit/[id]/page.tsx [Server Component] @ http://localhost:3000/_next/static/chunks/node_modules_next_dist_1e8vcs8._.js:1052
[   19927ms] [ERROR] ./src/app/admin/vaccines/edit/[id]/page.tsx:170:11
Error: Expected '</', got '}'
  168 |             className="mt-2"
  169 |             disabled={isSubmitting}
> 170 |           } 
      |           ^
  171 |         />
  172 |         </div>
  173 |         <label className="flex items-center gap-2">

Parsing ecmascript source code failed

Import traces:
  Client Component Browser:
    ./src/app/admin/vaccines/edit/[id]/page.tsx [Client Component Browser]
    ./src/app/admin/vaccines/edit/[id]/page.tsx [Server Component]

  Client Component SSR:
    ./src/app/admin/vaccines/edit/[id]/page.tsx [Client Component SSR]
    ./src/app/admin/vaccines/edit/[id]/page.tsx [Server Component] @ http://localhost:3000/_next/static/chunks/node_modules_next_dist_1e8vcs8._.js:1052
[   19992ms] [ERROR] ./src/app/admin/vaccines/edit/[id]/page.tsx:170:11
Error: Expected '</', got '}'
  168 |             className="mt-2"
  169 |             disabled={isSubmitting}
> 170 |           } 
      |           ^
  171 |         />
  172 |         </div>
  173 |         <label className="flex items-center gap-2">

Parsing ecmascript source code failed

Import traces:
  Client Component Browser:
    ./src/app/admin/vaccines/edit/[id]/page.tsx [Client Component Browser]
    ./src/app/admin/vaccines/edit/[id]/page.tsx [Server Component]

  Client Component SSR:
    ./src/app/admin/vaccines/edit/[id]/page.tsx [Client Component SSR]
    ./src/app/admin/vaccines/edit/[id]/page.tsx [Server Component] @ http://localhost:3000/_next/static/chunks/node_modules_next_dist_1e8vcs8._.js:1052
[   20070ms] [ERROR] ./src/app/admin/vaccines/edit/[id]/page.tsx:170:11
Error: Expected '</', got '}'
  168 |             className="mt-2"
  169 |             disabled={isSubmitting}
> 170 |           } 
      |           ^
  171 |         />
  172 |         </div>
  173 |         <label className="flex items-center gap-2">

Parsing ecmascript source code failed

Import traces:
  Client Component Browser:
    ./src/app/admin/vaccines/edit/[id]/page.tsx [Client Component Browser]
    ./src/app/admin/vaccines/edit/[id]/page.tsx [Server Component]

  Client Component SSR:
    ./src/app/admin/vaccines/edit/[id]/page.tsx [Client Component SSR]
    ./src/app/admin/vaccines/edit/[id]/page.tsx [Server Component] @ http://localhost:3000/_next/static/chunks/node_modules_next_dist_1e8vcs8._.js:1052
[   20138ms] [ERROR] ./src/app/admin/vaccines/edit/[id]/page.tsx:170:11
Error: Expected '</', got '}'
  168 |             className="mt-2"
  169 |             disabled={isSubmitting}
> 170 |           } 
      |           ^
  171 |         />
  172 |         </div>
  173 |         <label className="flex items-center gap-2">

Parsing ecmascript source code failed

Import traces:
  Client Component Browser:
    ./src/app/admin/vaccines/edit/[id]/page.tsx [Client Component Browser]
    ./src/app/admin/vaccines/edit/[id]/page.tsx [Server Component]

  Client Component SSR:
    ./src/app/admin/vaccines/edit/[id]/page.tsx [Client Component SSR]
    ./src/app/admin/vaccines/edit/[id]/page.tsx [Server Component] @ http://localhost:3000/_next/static/chunks/node_modules_next_dist_1e8vcs8._.js:1052
[   20346ms] [ERROR] ./src/app/admin/vaccines/edit/[id]/page.tsx:170:11
Error: Expected '</', got '}'
  168 |             className="mt-2"
  169 |             disabled={isSubmitting}
> 170 |           } 
      |           ^
  171 |         />
  172 |         </div>
  173 |         <label className="flex items-center gap-2">

Parsing ecmascript source code failed

Import traces:
  Client Component Browser:
    ./src/app/admin/vaccines/edit/[id]/page.tsx [Client Component Browser]
    ./src/app/admin/vaccines/edit/[id]/page.tsx [Server Component]

  Client Component SSR:
    ./src/app/admin/vaccines/edit/[id]/page.tsx [Client Component SSR]
    ./src/app/admin/vaccines/edit/[id]/page.tsx [Server Component] @ http://localhost:3000/_next/static/chunks/node_modules_next_dist_1e8vcs8._.js:1052
[   20428ms] [ERROR] ./src/app/admin/vaccines/edit/[id]/page.tsx:170:11
Error: Expected '</', got '}'
  168 |             className="mt-2"
  169 |             disabled={isSubmitting}
> 170 |           } 
      |           ^
  171 |         />
  172 |         </div>
  173 |         <label className="flex items-center gap-2">

Parsing ecmascript source code failed

Import traces:
  Client Component Browser:
    ./src/app/admin/vaccines/edit/[id]/page.tsx [Client Component Browser]
    ./src/app/admin/vaccines/edit/[id]/page.tsx [Server Component]

  Client Component SSR:
    ./src/app/admin/vaccines/edit/[id]/page.tsx [Client Component SSR]
    ./src/app/admin/vaccines/edit/[id]/page.tsx [Server Component] @ http://localhost:3000/_next/static/chunks/node_modules_next_dist_1e8vcs8._.js:1052
[   20499ms] [ERROR] ./src/app/admin/vaccines/edit/[id]/page.tsx:170:11
Error: Expected '</', got '}'
  168 |             className="mt-2"
  169 |             disabled={isSubmitting}
> 170 |           } 
      |           ^
  171 |         />
  172 |         </div>
  173 |         <label className="flex items-center gap-2">

Parsing ecmascript source code failed

Import traces:
  Client Component Browser:
    ./src/app/admin/vaccines/edit/[id]/page.tsx [Client Component Browser]
    ./src/app/admin/vaccines/edit/[id]/page.tsx [Server Component]

  Client Component SSR:
    ./src/app/admin/vaccines/edit/[id]/page.tsx [Client Component SSR]
    ./src/app/admin/vaccines/edit/[id]/page.tsx [Server Component] @ http://localhost:3000/_next/static/chunks/node_modules_next_dist_1e8vcs8._.js:1052
[   20607ms] [ERROR] ./src/app/admin/vaccines/edit/[id]/page.tsx:170:11
Error: Expected '</', got '}'
  168 |             className="mt-2"
  169 |             disabled={isSubmitting}
> 170 |           } 
      |           ^
  171 |         />
  172 |         </div>
  173 |         <label className="flex items-center gap-2">

Parsing ecmascript source code failed

Import traces:
  Client Component Browser:
    ./src/app/admin/vaccines/edit/[id]/page.tsx [Client Component Browser]
    ./src/app/admin/vaccines/edit/[id]/page.tsx [Server Component]

  Client Component SSR:
    ./src/app/admin/vaccines/edit/[id]/page.tsx [Client Component SSR]
    ./src/app/admin/vaccines/edit/[id]/page.tsx [Server Component] @ http://localhost:3000/_next/static/chunks/node_modules_next_dist_1e8vcs8._.js:1052
[   20863ms] [ERROR] ./src/app/admin/vaccines/edit/[id]/page.tsx:170:11
Error: Expected '</', got '}'
  168 |             className="mt-2"
  169 |             disabled={isSubmitting}
> 170 |           } 
      |           ^
  171 |         />
  172 |         </div>
  173 |         <label className="flex items-center gap-2">

Parsing ecmascript source code failed

Import traces:
  Client Component Browser:
    ./src/app/admin/vaccines/edit/[id]/page.tsx [Client Component Browser]
    ./src/app/admin/vaccines/edit/[id]/page.tsx [Server Component]

  Client Component SSR:
    ./src/app/admin/vaccines/edit/[id]/page.tsx [Client Component SSR]
    ./src/app/admin/vaccines/edit/[id]/page.tsx [Server Component] @ http://localhost:3000/_next/static/chunks/node_modules_next_dist_1e8vcs8._.js:1052
[   21027ms] [ERROR] ./src/app/admin/vaccines/edit/[id]/page.tsx:170:11
Error: Expected '</', got '}'
  168 |             className="mt-2"
  169 |             disabled={isSubmitting}
> 170 |           } 
      |           ^
  171 |         />
  172 |         </div>
  173 |         <label className="flex items-center gap-2">

Parsing ecmascript source code failed

Import traces:
  Client Component Browser:
    ./src/app/admin/vaccines/edit/[id]/page.tsx [Client Component Browser]
    ./src/app/admin/vaccines/edit/[id]/page.tsx [Server Component]

  Client Component SSR:
    ./src/app/admin/vaccines/edit/[id]/page.tsx [Client Component SSR]
    ./src/app/admin/vaccines/edit/[id]/page.tsx [Server Component] @ http://localhost:3000/_next/static/chunks/node_modules_next_dist_1e8vcs8._.js:1052
[   21128ms] [ERROR] ./src/app/admin/vaccines/edit/[id]/page.tsx:170:11
Error: Expected '</', got '}'
  168 |             className="mt-2"
  169 |             disabled={isSubmitting}
> 170 |           } 
      |           ^
  171 |         />
  172 |         </div>
  173 |         <label className="flex items-center gap-2">

Parsing ecmascript source code failed

Import traces:
  Client Component Browser:
    ./src/app/admin/vaccines/edit/[id]/page.tsx [Client Component Browser]
    ./src/app/admin/vaccines/edit/[id]/page.tsx [Server Component]

  Client Component SSR:
    ./src/app/admin/vaccines/edit/[id]/page.tsx [Client Component SSR]
    ./src/app/admin/vaccines/edit/[id]/page.tsx [Server Component] @ http://localhost:3000/_next/static/chunks/node_modules_next_dist_1e8vcs8._.js:1052
[   21231ms] [ERROR] ./src/app/admin/vaccines/edit/[id]/page.tsx:170:11
Error: Expected '</', got '}'
  168 |             className="mt-2"
  169 |             disabled={isSubmitting}
> 170 |           } 
      |           ^
  171 |         />
  172 |         </div>
  173 |         <label className="flex items-center gap-2">

Parsing ecmascript source code failed

Import traces:
  Client Component Browser:
    ./src/app/admin/vaccines/edit/[id]/page.tsx [Client Component Browser]
    ./src/app/admin/vaccines/edit/[id]/page.tsx [Server Component]

  Client Component SSR:
    ./src/app/admin/vaccines/edit/[id]/page.tsx [Client Component SSR]
    ./src/app/admin/vaccines/edit/[id]/page.tsx [Server Component] @ http://localhost:3000/_next/static/chunks/node_modules_next_dist_1e8vcs8._.js:1052
[   21312ms] [ERROR] ./src/app/admin/vaccines/edit/[id]/page.tsx:170:11
Error: Expected '</', got '}'
  168 |             className="mt-2"
  169 |             disabled={isSubmitting}
> 170 |           } 
      |           ^
  171 |         />
  172 |         </div>
  173 |         <label className="flex items-center gap-2">

Parsing ecmascript source code failed

Import traces:
  Client Component Browser:
    ./src/app/admin/vaccines/edit/[id]/page.tsx [Client Component Browser]
    ./src/app/admin/vaccines/edit/[id]/page.tsx [Server Component]

  Client Component SSR:
    ./src/app/admin/vaccines/edit/[id]/page.tsx [Client Component SSR]
    ./src/app/admin/vaccines/edit/[id]/page.tsx [Server Component] @ http://localhost:3000/_next/static/chunks/node_modules_next_dist_1e8vcs8._.js:1052
[   21581ms] [ERROR] ./src/app/admin/vaccines/edit/[id]/page.tsx:170:11
Error: Expected '</', got '}'
  168 |             className="mt-2"
  169 |             disabled={isSubmitting}
> 170 |           } 
      |           ^
  171 |         />
  172 |         </div>
  173 |         <label className="flex items-center gap-2">

Parsing ecmascript source code failed

Import traces:
  Client Component Browser:
    ./src/app/admin/vaccines/edit/[id]/page.tsx [Client Component Browser]
    ./src/app/admin/vaccines/edit/[id]/page.tsx [Server Component]

  Client Component SSR:
    ./src/app/admin/vaccines/edit/[id]/page.tsx [Client Component SSR]
    ./src/app/admin/vaccines/edit/[id]/page.tsx [Server Component] @ http://localhost:3000/_next/static/chunks/node_modules_next_dist_1e8vcs8._.js:1052
[   21659ms] [ERROR] ./src/app/admin/vaccines/edit/[id]/page.tsx:170:11
Error: Expected '</', got '}'
  168 |             className="mt-2"
  169 |             disabled={isSubmitting}
> 170 |           } 
      |           ^
  171 |         />
  172 |         </div>
  173 |         <label className="flex items-center gap-2">

Parsing ecmascript source code failed

Import traces:
  Client Component Browser:
    ./src/app/admin/vaccines/edit/[id]/page.tsx [Client Component Browser]
    ./src/app/admin/vaccines/edit/[id]/page.tsx [Server Component]

  Client Component SSR:
    ./src/app/admin/vaccines/edit/[id]/page.tsx [Client Component SSR]
    ./src/app/admin/vaccines/edit/[id]/page.tsx [Server Component] @ http://localhost:3000/_next/static/chunks/node_modules_next_dist_1e8vcs8._.js:1052
[   21728ms] [ERROR] ./src/app/admin/vaccines/edit/[id]/page.tsx:170:11
Error: Expected '</', got '}'
  168 |             className="mt-2"
  169 |             disabled={isSubmitting}
> 170 |           } 
      |           ^
  171 |         />
  172 |         </div>
  173 |         <label className="flex items-center gap-2">

Parsing ecmascript source code failed

Import traces:
  Client Component Browser:
    ./src/app/admin/vaccines/edit/[id]/page.tsx [Client Component Browser]
    ./src/app/admin/vaccines/edit/[id]/page.tsx [Server Component]

  Client Component SSR:
    ./src/app/admin/vaccines/edit/[id]/page.tsx [Client Component SSR]
    ./src/app/admin/vaccines/edit/[id]/page.tsx [Server Component] @ http://localhost:3000/_next/static/chunks/node_modules_next_dist_1e8vcs8._.js:1052
[   21819ms] [ERROR] ./src/app/admin/vaccines/edit/[id]/page.tsx:170:11
Error: Expected '</', got '}'
  168 |             className="mt-2"
  169 |             disabled={isSubmitting}
> 170 |           } 
      |           ^
  171 |         />
  172 |         </div>
  173 |         <label className="flex items-center gap-2">

Parsing ecmascript source code failed

Import traces:
  Client Component Browser:
    ./src/app/admin/vaccines/edit/[id]/page.tsx [Client Component Browser]
    ./src/app/admin/vaccines/edit/[id]/page.tsx [Server Component]

  Client Component SSR:
    ./src/app/admin/vaccines/edit/[id]/page.tsx [Client Component SSR]
    ./src/app/admin/vaccines/edit/[id]/page.tsx [Server Component] @ http://localhost:3000/_next/static/chunks/node_modules_next_dist_1e8vcs8._.js:1052
[   21878ms] [ERROR] ./src/app/admin/vaccines/edit/[id]/page.tsx:170:11
Error: Expected '</', got '}'
  168 |             className="mt-2"
  169 |             disabled={isSubmitting}
> 170 |           } 
      |           ^
  171 |         />
  172 |         </div>
  173 |         <label className="flex items-center gap-2">

Parsing ecmascript source code failed

Import traces:
  Client Component Browser:
    ./src/app/admin/vaccines/edit/[id]/page.tsx [Client Component Browser]
    ./src/app/admin/vaccines/edit/[id]/page.tsx [Server Component]

  Client Component SSR:
    ./src/app/admin/vaccines/edit/[id]/page.tsx [Client Component SSR]
    ./src/app/admin/vaccines/edit/[id]/page.tsx [Server Component] @ http://localhost:3000/_next/static/chunks/node_modules_next_dist_1e8vcs8._.js:1052
[   21937ms] [ERROR] ./src/app/admin/vaccines/edit/[id]/page.tsx:170:11
Error: Expected '</', got '}'
  168 |             className="mt-2"
  169 |             disabled={isSubmitting}
> 170 |           } 
      |           ^
  171 |         />
  172 |         </div>
  173 |         <label className="flex items-center gap-2">

Parsing ecmascript source code failed

Import traces:
  Client Component Browser:
    ./src/app/admin/vaccines/edit/[id]/page.tsx [Client Component Browser]
    ./src/app/admin/vaccines/edit/[id]/page.tsx [Server Component]

  Client Component SSR:
    ./src/app/admin/vaccines/edit/[id]/page.tsx [Client Component SSR]
    ./src/app/admin/vaccines/edit/[id]/page.tsx [Server Component] @ http://localhost:3000/_next/static/chunks/node_modules_next_dist_1e8vcs8._.js:1052
[   22055ms] [ERROR] ./src/app/admin/vaccines/edit/[id]/page.tsx:170:11
Error: Expected '</', got '}'
  168 |             className="mt-2"
  169 |             disabled={isSubmitting}
> 170 |           } 
      |           ^
  171 |         />
  172 |         </div>
  173 |         <label className="flex items-center gap-2">

Parsing ecmascript source code failed

Import traces:
  Client Component Browser:
    ./src/app/admin/vaccines/edit/[id]/page.tsx [Client Component Browser]
    ./src/app/admin/vaccines/edit/[id]/page.tsx [Server Component]

  Client Component SSR:
    ./src/app/admin/vaccines/edit/[id]/page.tsx [Client Component SSR]
    ./src/app/admin/vaccines/edit/[id]/page.tsx [Server Component] @ http://localhost:3000/_next/static/chunks/node_modules_next_dist_1e8vcs8._.js:1052
[   22114ms] [ERROR] ./src/app/admin/vaccines/edit/[id]/page.tsx:170:11
Error: Expected '</', got '}'
  168 |             className="mt-2"
  169 |             disabled={isSubmitting}
> 170 |           } 
      |           ^
  171 |         />
  172 |         </div>
  173 |         <label className="flex items-center gap-2">

Parsing ecmascript source code failed

Import traces:
  Client Component Browser:
    ./src/app/admin/vaccines/edit/[id]/page.tsx [Client Component Browser]
    ./src/app/admin/vaccines/edit/[id]/page.tsx [Server Component]

  Client Component SSR:
    ./src/app/admin/vaccines/edit/[id]/page.tsx [Client Component SSR]
    ./src/app/admin/vaccines/edit/[id]/page.tsx [Server Component] @ http://localhost:3000/_next/static/chunks/node_modules_next_dist_1e8vcs8._.js:1052
[   22172ms] [ERROR] ./src/app/admin/vaccines/edit/[id]/page.tsx:170:11
Error: Expected '</', got '}'
  168 |             className="mt-2"
  169 |             disabled={isSubmitting}
> 170 |           } 
      |           ^
  171 |         />
  172 |         </div>
  173 |         <label className="flex items-center gap-2">

Parsing ecmascript source code failed

Import traces:
  Client Component Browser:
    ./src/app/admin/vaccines/edit/[id]/page.tsx [Client Component Browser]
    ./src/app/admin/vaccines/edit/[id]/page.tsx [Server Component]

  Client Component SSR:
    ./src/app/admin/vaccines/edit/[id]/page.tsx [Client Component SSR]
    ./src/app/admin/vaccines/edit/[id]/page.tsx [Server Component] @ http://localhost:3000/_next/static/chunks/node_modules_next_dist_1e8vcs8._.js:1052
[   22228ms] [ERROR] ./src/app/admin/vaccines/edit/[id]/page.tsx:170:11
Error: Expected '</', got '}'
  168 |             className="mt-2"
  169 |             disabled={isSubmitting}
> 170 |           } 
      |           ^
  171 |         />
  172 |         </div>
  173 |         <label className="flex items-center gap-2">

Parsing ecmascript source code failed

Import traces:
  Client Component Browser:
    ./src/app/admin/vaccines/edit/[id]/page.tsx [Client Component Browser]
    ./src/app/admin/vaccines/edit/[id]/page.tsx [Server Component]

  Client Component SSR:
    ./src/app/admin/vaccines/edit/[id]/page.tsx [Client Component SSR]
    ./src/app/admin/vaccines/edit/[id]/page.tsx [Server Component] @ http://localhost:3000/_next/static/chunks/node_modules_next_dist_1e8vcs8._.js:1052
[   22287ms] [ERROR] ./src/app/admin/vaccines/edit/[id]/page.tsx:170:11
Error: Expected '</', got '}'
  168 |             className="mt-2"
  169 |             disabled={isSubmitting}
> 170 |           } 
      |           ^
  171 |         />
  172 |         </div>
  173 |         <label className="flex items-center gap-2">

Parsing ecmascript source code failed

Import traces:
  Client Component Browser:
    ./src/app/admin/vaccines/edit/[id]/page.tsx [Client Component Browser]
    ./src/app/admin/vaccines/edit/[id]/page.tsx [Server Component]

  Client Component SSR:
    ./src/app/admin/vaccines/edit/[id]/page.tsx [Client Component SSR]
    ./src/app/admin/vaccines/edit/[id]/page.tsx [Server Component] @ http://localhost:3000/_next/static/chunks/node_modules_next_dist_1e8vcs8._.js:1052
[   22344ms] [ERROR] ./src/app/admin/vaccines/edit/[id]/page.tsx:170:11
Error: Expected '</', got '}'
  168 |             className="mt-2"
  169 |             disabled={isSubmitting}
> 170 |           } 
      |           ^
  171 |         />
  172 |         </div>
  173 |         <label className="flex items-center gap-2">

Parsing ecmascript source code failed

Import traces:
  Client Component Browser:
    ./src/app/admin/vaccines/edit/[id]/page.tsx [Client Component Browser]
    ./src/app/admin/vaccines/edit/[id]/page.tsx [Server Component]

  Client Component SSR:
    ./src/app/admin/vaccines/edit/[id]/page.tsx [Client Component SSR]
    ./src/app/admin/vaccines/edit/[id]/page.tsx [Server Component] @ http://localhost:3000/_next/static/chunks/node_modules_next_dist_1e8vcs8._.js:1052
[   22401ms] [ERROR] ./src/app/admin/vaccines/edit/[id]/page.tsx:170:11
Error: Expected '</', got '}'
  168 |             className="mt-2"
  169 |             disabled={isSubmitting}
> 170 |           } 
      |           ^
  171 |         />
  172 |         </div>
  173 |         <label className="flex items-center gap-2">

Parsing ecmascript source code failed

Import traces:
  Client Component Browser:
    ./src/app/admin/vaccines/edit/[id]/page.tsx [Client Component Browser]
    ./src/app/admin/vaccines/edit/[id]/page.tsx [Server Component]

  Client Component SSR:
    ./src/app/admin/vaccines/edit/[id]/page.tsx [Client Component SSR]
    ./src/app/admin/vaccines/edit/[id]/page.tsx [Server Component] @ http://localhost:3000/_next/static/chunks/node_modules_next_dist_1e8vcs8._.js:1052
[   22465ms] [ERROR] ./src/app/admin/vaccines/edit/[id]/page.tsx:170:11
Error: Expected '</', got '}'
  168 |             className="mt-2"
  169 |             disabled={isSubmitting}
> 170 |           } 
      |           ^
  171 |         />
  172 |         </div>
  173 |         <label className="flex items-center gap-2">

Parsing ecmascript source code failed

Import traces:
  Client Component Browser:
    ./src/app/admin/vaccines/edit/[id]/page.tsx [Client Component Browser]
    ./src/app/admin/vaccines/edit/[id]/page.tsx [Server Component]

  Client Component SSR:
    ./src/app/admin/vaccines/edit/[id]/page.tsx [Client Component SSR]
    ./src/app/admin/vaccines/edit/[id]/page.tsx [Server Component] @ http://localhost:3000/_next/static/chunks/node_modules_next_dist_1e8vcs8._.js:1052
[   22518ms] [ERROR] ./src/app/admin/vaccines/edit/[id]/page.tsx:170:11
Error: Expected '</', got '}'
  168 |             className="mt-2"
  169 |             disabled={isSubmitting}
> 170 |           } 
      |           ^
  171 |         />
  172 |         </div>
  173 |         <label className="flex items-center gap-2">

Parsing ecmascript source code failed

Import traces:
  Client Component Browser:
    ./src/app/admin/vaccines/edit/[id]/page.tsx [Client Component Browser]
    ./src/app/admin/vaccines/edit/[id]/page.tsx [Server Component]

  Client Component SSR:
    ./src/app/admin/vaccines/edit/[id]/page.tsx [Client Component SSR]
    ./src/app/admin/vaccines/edit/[id]/page.tsx [Server Component] @ http://localhost:3000/_next/static/chunks/node_modules_next_dist_1e8vcs8._.js:1052
[   22572ms] [ERROR] ./src/app/admin/vaccines/edit/[id]/page.tsx:170:11
Error: Expected '</', got '}'
  168 |             className="mt-2"
  169 |             disabled={isSubmitting}
> 170 |           } 
      |           ^
  171 |         />
  172 |         </div>
  173 |         <label className="flex items-center gap-2">

Parsing ecmascript source code failed

Import traces:
  Client Component Browser:
    ./src/app/admin/vaccines/edit/[id]/page.tsx [Client Component Browser]
    ./src/app/admin/vaccines/edit/[id]/page.tsx [Server Component]

  Client Component SSR:
    ./src/app/admin/vaccines/edit/[id]/page.tsx [Client Component SSR]
    ./src/app/admin/vaccines/edit/[id]/page.tsx [Server Component] @ http://localhost:3000/_next/static/chunks/node_modules_next_dist_1e8vcs8._.js:1052
[   22660ms] [ERROR] ./src/app/admin/vaccines/edit/[id]/page.tsx:170:11
Error: Expected '</', got '}'
  168 |             className="mt-2"
  169 |             disabled={isSubmitting}
> 170 |           } 
      |           ^
  171 |         />
  172 |         </div>
  173 |         <label className="flex items-center gap-2">

Parsing ecmascript source code failed

Import traces:
  Client Component Browser:
    ./src/app/admin/vaccines/edit/[id]/page.tsx [Client Component Browser]
    ./src/app/admin/vaccines/edit/[id]/page.tsx [Server Component]

  Client Component SSR:
    ./src/app/admin/vaccines/edit/[id]/page.tsx [Client Component SSR]
    ./src/app/admin/vaccines/edit/[id]/page.tsx [Server Component] @ http://localhost:3000/_next/static/chunks/node_modules_next_dist_1e8vcs8._.js:1052
[   22720ms] [ERROR] ./src/app/admin/vaccines/edit/[id]/page.tsx:170:11
Error: Expected '</', got '}'
  168 |             className="mt-2"
  169 |             disabled={isSubmitting}
> 170 |           } 
      |           ^
  171 |         />
  172 |         </div>
  173 |         <label className="flex items-center gap-2">

Parsing ecmascript source code failed

Import traces:
  Client Component Browser:
    ./src/app/admin/vaccines/edit/[id]/page.tsx [Client Component Browser]
    ./src/app/admin/vaccines/edit/[id]/page.tsx [Server Component]

  Client Component SSR:
    ./src/app/admin/vaccines/edit/[id]/page.tsx [Client Component SSR]
    ./src/app/admin/vaccines/edit/[id]/page.tsx [Server Component] @ http://localhost:3000/_next/static/chunks/node_modules_next_dist_1e8vcs8._.js:1052
[   22774ms] [ERROR] ./src/app/admin/vaccines/edit/[id]/page.tsx:170:11
Error: Expected '</', got '}'
  168 |             className="mt-2"
  169 |             disabled={isSubmitting}
> 170 |           } 
      |           ^
  171 |         />
  172 |         </div>
  173 |         <label className="flex items-center gap-2">

Parsing ecmascript source code failed

Import traces:
  Client Component Browser:
    ./src/app/admin/vaccines/edit/[id]/page.tsx [Client Component Browser]
    ./src/app/admin/vaccines/edit/[id]/page.tsx [Server Component]

  Client Component SSR:
    ./src/app/admin/vaccines/edit/[id]/page.tsx [Client Component SSR]
    ./src/app/admin/vaccines/edit/[id]/page.tsx [Server Component] @ http://localhost:3000/_next/static/chunks/node_modules_next_dist_1e8vcs8._.js:1052
[   22836ms] [ERROR] ./src/app/admin/vaccines/edit/[id]/page.tsx:170:11
Error: Expected '</', got '}'
  168 |             className="mt-2"
  169 |             disabled={isSubmitting}
> 170 |           } 
      |           ^
  171 |         />
  172 |         </div>
  173 |         <label className="flex items-center gap-2">

Parsing ecmascript source code failed

Import traces:
  Client Component Browser:
    ./src/app/admin/vaccines/edit/[id]/page.tsx [Client Component Browser]
    ./src/app/admin/vaccines/edit/[id]/page.tsx [Server Component]

  Client Component SSR:
    ./src/app/admin/vaccines/edit/[id]/page.tsx [Client Component SSR]
    ./src/app/admin/vaccines/edit/[id]/page.tsx [Server Component] @ http://localhost:3000/_next/static/chunks/node_modules_next_dist_1e8vcs8._.js:1052
[   22899ms] [ERROR] ./src/app/admin/vaccines/edit/[id]/page.tsx:170:11
Error: Expected '</', got '}'
  168 |             className="mt-2"
  169 |             disabled={isSubmitting}
> 170 |           } 
      |           ^
  171 |         />
  172 |         </div>
  173 |         <label className="flex items-center gap-2">

Parsing ecmascript source code failed

Import traces:
  Client Component Browser:
    ./src/app/admin/vaccines/edit/[id]/page.tsx [Client Component Browser]
    ./src/app/admin/vaccines/edit/[id]/page.tsx [Server Component]

  Client Component SSR:
    ./src/app/admin/vaccines/edit/[id]/page.tsx [Client Component SSR]
    ./src/app/admin/vaccines/edit/[id]/page.tsx [Server Component] @ http://localhost:3000/_next/static/chunks/node_modules_next_dist_1e8vcs8._.js:1052
[   22979ms] [ERROR] ./src/app/admin/vaccines/edit/[id]/page.tsx:170:11
Error: Expected '</', got '}'
  168 |             className="mt-2"
  169 |             disabled={isSubmitting}
> 170 |           } 
      |           ^
  171 |         />
  172 |         </div>
  173 |         <label className="flex items-center gap-2">

Parsing ecmascript source code failed

Import traces:
  Client Component Browser:
    ./src/app/admin/vaccines/edit/[id]/page.tsx [Client Component Browser]
    ./src/app/admin/vaccines/edit/[id]/page.tsx [Server Component]

  Client Component SSR:
    ./src/app/admin/vaccines/edit/[id]/page.tsx [Client Component SSR]
    ./src/app/admin/vaccines/edit/[id]/page.tsx [Server Component] @ http://localhost:3000/_next/static/chunks/node_modules_next_dist_1e8vcs8._.js:1052
[   23043ms] [ERROR] ./src/app/admin/vaccines/edit/[id]/page.tsx:170:11
Error: Expected '</', got '}'
  168 |             className="mt-2"
  169 |             disabled={isSubmitting}
> 170 |           } 
      |           ^
  171 |         />
  172 |         </div>
  173 |         <label className="flex items-center gap-2">

Parsing ecmascript source code failed

Import traces:
  Client Component Browser:
    ./src/app/admin/vaccines/edit/[id]/page.tsx [Client Component Browser]
    ./src/app/admin/vaccines/edit/[id]/page.tsx [Server Component]

  Client Component SSR:
    ./src/app/admin/vaccines/edit/[id]/page.tsx [Client Component SSR]
    ./src/app/admin/vaccines/edit/[id]/page.tsx [Server Component] @ http://localhost:3000/_next/static/chunks/node_modules_next_dist_1e8vcs8._.js:1052
[   23119ms] [ERROR] ./src/app/admin/vaccines/edit/[id]/page.tsx:170:11
Error: Expected '</', got '}'
  168 |             className="mt-2"
  169 |             disabled={isSubmitting}
> 170 |           } 
      |           ^
  171 |         />
  172 |         </div>
  173 |         <label className="flex items-center gap-2">

Parsing ecmascript source code failed

Import traces:
  Client Component Browser:
    ./src/app/admin/vaccines/edit/[id]/page.tsx [Client Component Browser]
    ./src/app/admin/vaccines/edit/[id]/page.tsx [Server Component]

  Client Component SSR:
    ./src/app/admin/vaccines/edit/[id]/page.tsx [Client Component SSR]
    ./src/app/admin/vaccines/edit/[id]/page.tsx [Server Component] @ http://localhost:3000/_next/static/chunks/node_modules_next_dist_1e8vcs8._.js:1052
[   23703ms] [ERROR] ./src/app/admin/vaccines/edit/[id]/page.tsx:170:11
Error: Expected '</', got '}'
  168 |             className="mt-2"
  169 |             disabled={isSubmitting}
> 170 |           } 
      |           ^
  171 |         />
  172 |         </div>
  173 |         <label className="flex items-center gap-2">

Parsing ecmascript source code failed

Import traces:
  Client Component Browser:
    ./src/app/admin/vaccines/edit/[id]/page.tsx [Client Component Browser]
    ./src/app/admin/vaccines/edit/[id]/page.tsx [Server Component]

  Client Component SSR:
    ./src/app/admin/vaccines/edit/[id]/page.tsx [Client Component SSR]
    ./src/app/admin/vaccines/edit/[id]/page.tsx [Server Component] @ http://localhost:3000/_next/static/chunks/node_modules_next_dist_1e8vcs8._.js:1052
[   24063ms] [ERROR] ./src/app/admin/vaccines/edit/[id]/page.tsx:170:11
Error: Expected '</', got '}'
  168 |             className="mt-2"
  169 |             disabled={isSubmitting}
> 170 |           } 
      |           ^
  171 |         />
  172 |         </div>
  173 |         <label className="flex items-center gap-2">

Parsing ecmascript source code failed

Import traces:
  Client Component Browser:
    ./src/app/admin/vaccines/edit/[id]/page.tsx [Client Component Browser]
    ./src/app/admin/vaccines/edit/[id]/page.tsx [Server Component]

  Client Component SSR:
    ./src/app/admin/vaccines/edit/[id]/page.tsx [Client Component SSR]
    ./src/app/admin/vaccines/edit/[id]/page.tsx [Server Component] @ http://localhost:3000/_next/static/chunks/node_modules_next_dist_1e8vcs8._.js:1052
[   25119ms] [ERROR] ./src/app/admin/vaccines/edit/[id]/page.tsx:170:11
Error: Expected '</', got '}'
  168 |             className="mt-2"
  169 |             disabled={isSubmitting}
> 170 |           } 
      |           ^
  171 |         />
  172 |         </div>
  173 |         <label className="flex items-center gap-2">

Parsing ecmascript source code failed

Import traces:
  Client Component Browser:
    ./src/app/admin/vaccines/edit/[id]/page.tsx [Client Component Browser]
    ./src/app/admin/vaccines/edit/[id]/page.tsx [Server Component]

  Client Component SSR:
    ./src/app/admin/vaccines/edit/[id]/page.tsx [Client Component SSR]
    ./src/app/admin/vaccines/edit/[id]/page.tsx [Server Component] @ http://localhost:3000/_next/static/chunks/node_modules_next_dist_1e8vcs8._.js:1052
[   25317ms] [ERROR] ./src/app/admin/vaccines/edit/[id]/page.tsx:170:11
Error: Expected '</', got '}'
  168 |             className="mt-2"
  169 |             disabled={isSubmitting}
> 170 |           } 
      |           ^
  171 |         />
  172 |         </div>
  173 |         <label className="flex items-center gap-2">

Parsing ecmascript source code failed

Import traces:
  Client Component Browser:
    ./src/app/admin/vaccines/edit/[id]/page.tsx [Client Component Browser]
    ./src/app/admin/vaccines/edit/[id]/page.tsx [Server Component]

  Client Component SSR:
    ./src/app/admin/vaccines/edit/[id]/page.tsx [Client Component SSR]
    ./src/app/admin/vaccines/edit/[id]/page.tsx [Server Component] @ http://localhost:3000/_next/static/chunks/node_modules_next_dist_1e8vcs8._.js:1052
[   25422ms] [ERROR] ./src/app/admin/vaccines/edit/[id]/page.tsx:170:11
Error: Expected '</', got '}'
  168 |             className="mt-2"
  169 |             disabled={isSubmitting}
> 170 |           } 
      |           ^
  171 |         />
  172 |         </div>
  173 |         <label className="flex items-center gap-2">

Parsing ecmascript source code failed

Import traces:
  Client Component Browser:
    ./src/app/admin/vaccines/edit/[id]/page.tsx [Client Component Browser]
    ./src/app/admin/vaccines/edit/[id]/page.tsx [Server Component]

  Client Component SSR:
    ./src/app/admin/vaccines/edit/[id]/page.tsx [Client Component SSR]
    ./src/app/admin/vaccines/edit/[id]/page.tsx [Server Component] @ http://localhost:3000/_next/static/chunks/node_modules_next_dist_1e8vcs8._.js:1052
[   25587ms] [ERROR] ./src/app/admin/vaccines/edit/[id]/page.tsx:170:11
Error: Expected '</', got '}'
  168 |             className="mt-2"
  169 |             disabled={isSubmitting}
> 170 |           } 
      |           ^
  171 |         />
  172 |         </div>
  173 |         <label className="flex items-center gap-2">

Parsing ecmascript source code failed

Import traces:
  Client Component Browser:
    ./src/app/admin/vaccines/edit/[id]/page.tsx [Client Component Browser]
    ./src/app/admin/vaccines/edit/[id]/page.tsx [Server Component]

  Client Component SSR:
    ./src/app/admin/vaccines/edit/[id]/page.tsx [Client Component SSR]
    ./src/app/admin/vaccines/edit/[id]/page.tsx [Server Component] @ http://localhost:3000/_next/static/chunks/node_modules_next_dist_1e8vcs8._.js:1052
[   25847ms] [ERROR] ./src/app/admin/vaccines/edit/[id]/page.tsx:170:11
Error: Expected '</', got '}'
  168 |             className="mt-2"
  169 |             disabled={isSubmitting}
> 170 |           } 
      |           ^
  171 |         />
  172 |         </div>
  173 |         <label className="flex items-center gap-2">

Parsing ecmascript source code failed

Import traces:
  Client Component Browser:
    ./src/app/admin/vaccines/edit/[id]/page.tsx [Client Component Browser]
    ./src/app/admin/vaccines/edit/[id]/page.tsx [Server Component]

  Client Component SSR:
    ./src/app/admin/vaccines/edit/[id]/page.tsx [Client Component SSR]
    ./src/app/admin/vaccines/edit/[id]/page.tsx [Server Component] @ http://localhost:3000/_next/static/chunks/node_modules_next_dist_1e8vcs8._.js:1052
[   25853ms] [ERROR] ./src/app/admin/vaccines/edit/[id]/page.tsx:170:11
Error: Expected '</', got '}'
  168 |             className="mt-2"
  169 |             disabled={isSubmitting}
> 170 |           } 
      |           ^
  171 |         />
  172 |         </div>
  173 |         <label className="flex items-center gap-2">

Parsing ecmascript source code failed

Import traces:
  Client Component Browser:
    ./src/app/admin/vaccines/edit/[id]/page.tsx [Client Component Browser]
    ./src/app/admin/vaccines/edit/[id]/page.tsx [Server Component]

  Client Component SSR:
    ./src/app/admin/vaccines/edit/[id]/page.tsx [Client Component SSR]
    ./src/app/admin/vaccines/edit/[id]/page.tsx [Server Component] @ http://localhost:3000/_next/static/chunks/node_modules_next_dist_1e8vcs8._.js:1052
[   26034ms] [ERROR] ./src/app/admin/vaccines/edit/[id]/page.tsx:170:11
Error: Expected '</', got '}'
  168 |             className="mt-2"
  169 |             disabled={isSubmitting}
> 170 |           } 
      |           ^
  171 |         />
  172 |         </div>
  173 |         <label className="flex items-center gap-2">

Parsing ecmascript source code failed

Import traces:
  Client Component Browser:
    ./src/app/admin/vaccines/edit/[id]/page.tsx [Client Component Browser]
    ./src/app/admin/vaccines/edit/[id]/page.tsx [Server Component]

  Client Component SSR:
    ./src/app/admin/vaccines/edit/[id]/page.tsx [Client Component SSR]
    ./src/app/admin/vaccines/edit/[id]/page.tsx [Server Component] @ http://localhost:3000/_next/static/chunks/node_modules_next_dist_1e8vcs8._.js:1052
[   26403ms] [ERROR] ./src/app/admin/vaccines/edit/[id]/page.tsx:170:11
Error: Expected '</', got '}'
  168 |             className="mt-2"
  169 |             disabled={isSubmitting}
> 170 |           } 
      |           ^
  171 |         />
  172 |         </div>
  173 |         <label className="flex items-center gap-2">

Parsing ecmascript source code failed

Import traces:
  Client Component Browser:
    ./src/app/admin/vaccines/edit/[id]/page.tsx [Client Component Browser]
    ./src/app/admin/vaccines/edit/[id]/page.tsx [Server Component]

  Client Component SSR:
    ./src/app/admin/vaccines/edit/[id]/page.tsx [Client Component SSR]
    ./src/app/admin/vaccines/edit/[id]/page.tsx [Server Component] @ http://localhost:3000/_next/static/chunks/node_modules_next_dist_1e8vcs8._.js:1052
[   26609ms] [ERROR] ./src/app/admin/vaccines/edit/[id]/page.tsx:170:11
Error: Expected '</', got '}'
  168 |             className="mt-2"
  169 |             disabled={isSubmitting}
> 170 |           } 
      |           ^
  171 |         />
  172 |         </div>
  173 |         <label className="flex items-center gap-2">

Parsing ecmascript source code failed

Import traces:
  Client Component Browser:
    ./src/app/admin/vaccines/edit/[id]/page.tsx [Client Component Browser]
    ./src/app/admin/vaccines/edit/[id]/page.tsx [Server Component]

  Client Component SSR:
    ./src/app/admin/vaccines/edit/[id]/page.tsx [Client Component SSR]
    ./src/app/admin/vaccines/edit/[id]/page.tsx [Server Component] @ http://localhost:3000/_next/static/chunks/node_modules_next_dist_1e8vcs8._.js:1052
[   26687ms] [ERROR] ./src/app/admin/vaccines/edit/[id]/page.tsx:170:11
Error: Expected '</', got '}'
  168 |             className="mt-2"
  169 |             disabled={isSubmitting}
> 170 |           } 
      |           ^
  171 |         />
  172 |         </div>
  173 |         <label className="flex items-center gap-2">

Parsing ecmascript source code failed

Import traces:
  Client Component Browser:
    ./src/app/admin/vaccines/edit/[id]/page.tsx [Client Component Browser]
    ./src/app/admin/vaccines/edit/[id]/page.tsx [Server Component]

  Client Component SSR:
    ./src/app/admin/vaccines/edit/[id]/page.tsx [Client Component SSR]
    ./src/app/admin/vaccines/edit/[id]/page.tsx [Server Component] @ http://localhost:3000/_next/static/chunks/node_modules_next_dist_1e8vcs8._.js:1052
[   26706ms] [LOG] [Fast Refresh] rebuilding @ http://localhost:3000/_next/static/chunks/node_modules_next_dist_1e8vcs8._.js:776
[   26802ms] [ERROR] ./src/app/admin/vaccines/edit/[id]/page.tsx:170:11
Error: Expected '</', got '}'
  168 |             className="mt-2"
  169 |             disabled={isSubmitting}
> 170 |           } 
      |           ^
  171 |         />
  172 |         </div>
  173 |         <label className="flex items-center gap-2">

Parsing ecmascript source code failed

Import traces:
  Client Component Browser:
    ./src/app/admin/vaccines/edit/[id]/page.tsx [Client Component Browser]
    ./src/app/admin/vaccines/edit/[id]/page.tsx [Server Component]

  Client Component SSR:
    ./src/app/admin/vaccines/edit/[id]/page.tsx [Client Component SSR]
    ./src/app/admin/vaccines/edit/[id]/page.tsx [Server Component] @ http://localhost:3000/_next/static/chunks/node_modules_next_dist_1e8vcs8._.js:1052
[   26927ms] [ERROR] ./src/app/admin/vaccines/edit/[id]/page.tsx:170:11
Error: Expected '</', got '}'
  168 |             className="mt-2"
  169 |             disabled={isSubmitting}
> 170 |           } 
      |           ^
  171 |         />
  172 |         </div>
  173 |         <label className="flex items-center gap-2">

Parsing ecmascript source code failed

Import traces:
  Client Component Browser:
    ./src/app/admin/vaccines/edit/[id]/page.tsx [Client Component Browser]
    ./src/app/admin/vaccines/edit/[id]/page.tsx [Server Component]

  Client Component SSR:
    ./src/app/admin/vaccines/edit/[id]/page.tsx [Client Component SSR]
    ./src/app/admin/vaccines/edit/[id]/page.tsx [Server Component] @ http://localhost:3000/_next/static/chunks/node_modules_next_dist_1e8vcs8._.js:1052
[   27259ms] [ERROR] ./src/app/admin/vaccines/edit/[id]/page.tsx:170:11
Error: Expected '</', got '}'
  168 |             className="mt-2"
  169 |             disabled={isSubmitting}
> 170 |           } 
      |           ^
  171 |         />
  172 |         </div>
  173 |         <label className="flex items-center gap-2">

Parsing ecmascript source code failed

Import traces:
  Client Component Browser:
    ./src/app/admin/vaccines/edit/[id]/page.tsx [Client Component Browser]
    ./src/app/admin/vaccines/edit/[id]/page.tsx [Server Component]

  Client Component SSR:
    ./src/app/admin/vaccines/edit/[id]/page.tsx [Client Component SSR]
    ./src/app/admin/vaccines/edit/[id]/page.tsx [Server Component] @ http://localhost:3000/_next/static/chunks/node_modules_next_dist_1e8vcs8._.js:1052
[   27381ms] [ERROR] ./src/app/admin/vaccines/edit/[id]/page.tsx:170:11
Error: Expected '</', got '}'
  168 |             className="mt-2"
  169 |             disabled={isSubmitting}
> 170 |           } 
      |           ^
  171 |         />
  172 |         </div>
  173 |         <label className="flex items-center gap-2">

Parsing ecmascript source code failed

Import traces:
  Client Component Browser:
    ./src/app/admin/vaccines/edit/[id]/page.tsx [Client Component Browser]
    ./src/app/admin/vaccines/edit/[id]/page.tsx [Server Component]

  Client Component SSR:
    ./src/app/admin/vaccines/edit/[id]/page.tsx [Client Component SSR]
    ./src/app/admin/vaccines/edit/[id]/page.tsx [Server Component] @ http://localhost:3000/_next/static/chunks/node_modules_next_dist_1e8vcs8._.js:1052
[   27468ms] [ERROR] ./src/app/admin/vaccines/edit/[id]/page.tsx:170:11
Error: Expected '</', got '}'
  168 |             className="mt-2"
  169 |             disabled={isSubmitting}
> 170 |           } 
      |           ^
  171 |         />
  172 |         </div>
  173 |         <label className="flex items-center gap-2">

Parsing ecmascript source code failed

Import traces:
  Client Component Browser:
    ./src/app/admin/vaccines/edit/[id]/page.tsx [Client Component Browser]
    ./src/app/admin/vaccines/edit/[id]/page.tsx [Server Component]

  Client Component SSR:
    ./src/app/admin/vaccines/edit/[id]/page.tsx [Client Component SSR]
    ./src/app/admin/vaccines/edit/[id]/page.tsx [Server Component] @ http://localhost:3000/_next/static/chunks/node_modules_next_dist_1e8vcs8._.js:1052
[   27655ms] [ERROR] ./src/app/admin/vaccines/edit/[id]/page.tsx:170:11
Error: Expected '</', got '}'
  168 |             className="mt-2"
  169 |             disabled={isSubmitting}
> 170 |           } 
      |           ^
  171 |         />
  172 |         </div>
  173 |         <label className="flex items-center gap-2">

Parsing ecmascript source code failed

Import traces:
  Client Component Browser:
    ./src/app/admin/vaccines/edit/[id]/page.tsx [Client Component Browser]
    ./src/app/admin/vaccines/edit/[id]/page.tsx [Server Component]

  Client Component SSR:
    ./src/app/admin/vaccines/edit/[id]/page.tsx [Client Component SSR]
    ./src/app/admin/vaccines/edit/[id]/page.tsx [Server Component] @ http://localhost:3000/_next/static/chunks/node_modules_next_dist_1e8vcs8._.js:1052
[   27819ms] [ERROR] ./src/app/admin/vaccines/edit/[id]/page.tsx:170:11
Error: Expected '</', got '}'
  168 |             className="mt-2"
  169 |             disabled={isSubmitting}
> 170 |           } 
      |           ^
  171 |         />
  172 |         </div>
  173 |         <label className="flex items-center gap-2">

Parsing ecmascript source code failed

Import traces:
  Client Component Browser:
    ./src/app/admin/vaccines/edit/[id]/page.tsx [Client Component Browser]
    ./src/app/admin/vaccines/edit/[id]/page.tsx [Server Component]

  Client Component SSR:
    ./src/app/admin/vaccines/edit/[id]/page.tsx [Client Component SSR]
    ./src/app/admin/vaccines/edit/[id]/page.tsx [Server Component] @ http://localhost:3000/_next/static/chunks/node_modules_next_dist_1e8vcs8._.js:1052
[   27896ms] [ERROR] ./src/app/admin/vaccines/edit/[id]/page.tsx:170:11
Error: Expected '</', got '}'
  168 |             className="mt-2"
  169 |             disabled={isSubmitting}
> 170 |           } 
      |           ^
  171 |         />
  172 |         </div>
  173 |         <label className="flex items-center gap-2">

Parsing ecmascript source code failed

Import traces:
  Client Component Browser:
    ./src/app/admin/vaccines/edit/[id]/page.tsx [Client Component Browser]
    ./src/app/admin/vaccines/edit/[id]/page.tsx [Server Component]

  Client Component SSR:
    ./src/app/admin/vaccines/edit/[id]/page.tsx [Client Component SSR]
    ./src/app/admin/vaccines/edit/[id]/page.tsx [Server Component] @ http://localhost:3000/_next/static/chunks/node_modules_next_dist_1e8vcs8._.js:1052
[   27961ms] [ERROR] ./src/app/admin/vaccines/edit/[id]/page.tsx:170:11
Error: Expected '</', got '}'
  168 |             className="mt-2"
  169 |             disabled={isSubmitting}
> 170 |           } 
      |           ^
  171 |         />
  172 |         </div>
  173 |         <label className="flex items-center gap-2">

Parsing ecmascript source code failed

Import traces:
  Client Component Browser:
    ./src/app/admin/vaccines/edit/[id]/page.tsx [Client Component Browser]
    ./src/app/admin/vaccines/edit/[id]/page.tsx [Server Component]

  Client Component SSR:
    ./src/app/admin/vaccines/edit/[id]/page.tsx [Client Component SSR]
    ./src/app/admin/vaccines/edit/[id]/page.tsx [Server Component] @ http://localhost:3000/_next/static/chunks/node_modules_next_dist_1e8vcs8._.js:1052
[   28023ms] [ERROR] ./src/app/admin/vaccines/edit/[id]/page.tsx:170:11
Error: Expected '</', got '}'
  168 |             className="mt-2"
  169 |             disabled={isSubmitting}
> 170 |           } 
      |           ^
  171 |         />
  172 |         </div>
  173 |         <label className="flex items-center gap-2">

Parsing ecmascript source code failed

Import traces:
  Client Component Browser:
    ./src/app/admin/vaccines/edit/[id]/page.tsx [Client Component Browser]
    ./src/app/admin/vaccines/edit/[id]/page.tsx [Server Component]

  Client Component SSR:
    ./src/app/admin/vaccines/edit/[id]/page.tsx [Client Component SSR]
    ./src/app/admin/vaccines/edit/[id]/page.tsx [Server Component] @ http://localhost:3000/_next/static/chunks/node_modules_next_dist_1e8vcs8._.js:1052
[   28150ms] [ERROR] ./src/app/admin/vaccines/edit/[id]/page.tsx:170:11
Error: Expected '</', got '}'
  168 |             className="mt-2"
  169 |             disabled={isSubmitting}
> 170 |           } 
      |           ^
  171 |         />
  172 |         </div>
  173 |         <label className="flex items-center gap-2">

Parsing ecmascript source code failed

Import traces:
  Client Component Browser:
    ./src/app/admin/vaccines/edit/[id]/page.tsx [Client Component Browser]
    ./src/app/admin/vaccines/edit/[id]/page.tsx [Server Component]

  Client Component SSR:
    ./src/app/admin/vaccines/edit/[id]/page.tsx [Client Component SSR]
    ./src/app/admin/vaccines/edit/[id]/page.tsx [Server Component] @ http://localhost:3000/_next/static/chunks/node_modules_next_dist_1e8vcs8._.js:1052
[   28332ms] [ERROR] ./src/app/admin/vaccines/edit/[id]/page.tsx:170:11
Error: Expected '</', got '}'
  168 |             className="mt-2"
  169 |             disabled={isSubmitting}
> 170 |           } 
      |           ^
  171 |         />
  172 |         </div>
  173 |         <label className="flex items-center gap-2">

Parsing ecmascript source code failed

Import traces:
  Client Component Browser:
    ./src/app/admin/vaccines/edit/[id]/page.tsx [Client Component Browser]
    ./src/app/admin/vaccines/edit/[id]/page.tsx [Server Component]

  Client Component SSR:
    ./src/app/admin/vaccines/edit/[id]/page.tsx [Client Component SSR]
    ./src/app/admin/vaccines/edit/[id]/page.tsx [Server Component] @ http://localhost:3000/_next/static/chunks/node_modules_next_dist_1e8vcs8._.js:1052
[   28876ms] [ERROR] ./src/app/admin/vaccines/edit/[id]/page.tsx:170:11
Error: Expected '</', got '}'
  168 |             className="mt-2"
  169 |             disabled={isSubmitting}
> 170 |           } 
      |           ^
  171 |         />
  172 |         </div>
  173 |         <label className="flex items-center gap-2">

Parsing ecmascript source code failed

Import traces:
  Client Component Browser:
    ./src/app/admin/vaccines/edit/[id]/page.tsx [Client Component Browser]
    ./src/app/admin/vaccines/edit/[id]/page.tsx [Server Component]

  Client Component SSR:
    ./src/app/admin/vaccines/edit/[id]/page.tsx [Client Component SSR]
    ./src/app/admin/vaccines/edit/[id]/page.tsx [Server Component] @ http://localhost:3000/_next/static/chunks/node_modules_next_dist_1e8vcs8._.js:1052
[   28890ms] [ERROR] ./src/app/admin/vaccines/edit/[id]/page.tsx:170:11
Error: Expected '</', got '}'
  168 |             className="mt-2"
  169 |             disabled={isSubmitting}
> 170 |           } 
      |           ^
  171 |         />
  172 |         </div>
  173 |         <label className="flex items-center gap-2">

Parsing ecmascript source code failed

Import traces:
  Client Component Browser:
    ./src/app/admin/vaccines/edit/[id]/page.tsx [Client Component Browser]
    ./src/app/admin/vaccines/edit/[id]/page.tsx [Server Component]

  Client Component SSR:
    ./src/app/admin/vaccines/edit/[id]/page.tsx [Client Component SSR]
    ./src/app/admin/vaccines/edit/[id]/page.tsx [Server Component] @ http://localhost:3000/_next/static/chunks/node_modules_next_dist_1e8vcs8._.js:1052
[   29081ms] [ERROR] ./src/app/admin/vaccines/edit/[id]/page.tsx:170:11
Error: Expected '</', got '}'
  168 |             className="mt-2"
  169 |             disabled={isSubmitting}
> 170 |           } 
      |           ^
  171 |         />
  172 |         </div>
  173 |         <label className="flex items-center gap-2">

Parsing ecmascript source code failed

Import traces:
  Client Component Browser:
    ./src/app/admin/vaccines/edit/[id]/page.tsx [Client Component Browser]
    ./src/app/admin/vaccines/edit/[id]/page.tsx [Server Component]

  Client Component SSR:
    ./src/app/admin/vaccines/edit/[id]/page.tsx [Client Component SSR]
    ./src/app/admin/vaccines/edit/[id]/page.tsx [Server Component] @ http://localhost:3000/_next/static/chunks/node_modules_next_dist_1e8vcs8._.js:1052
[   29238ms] [ERROR] ./src/app/admin/vaccines/edit/[id]/page.tsx:170:11
Error: Expected '</', got '}'
  168 |             className="mt-2"
  169 |             disabled={isSubmitting}
> 170 |           } 
      |           ^
  171 |         />
  172 |         </div>
  173 |         <label className="flex items-center gap-2">

Parsing ecmascript source code failed

Import traces:
  Client Component Browser:
    ./src/app/admin/vaccines/edit/[id]/page.tsx [Client Component Browser]
    ./src/app/admin/vaccines/edit/[id]/page.tsx [Server Component]

  Client Component SSR:
    ./src/app/admin/vaccines/edit/[id]/page.tsx [Client Component SSR]
    ./src/app/admin/vaccines/edit/[id]/page.tsx [Server Component] @ http://localhost:3000/_next/static/chunks/node_modules_next_dist_1e8vcs8._.js:1052
[   29337ms] [ERROR] ./src/app/admin/vaccines/edit/[id]/page.tsx:170:11
Error: Expected '</', got '}'
  168 |             className="mt-2"
  169 |             disabled={isSubmitting}
> 170 |           } 
      |           ^
  171 |         />
  172 |         </div>
  173 |         <label className="flex items-center gap-2">

Parsing ecmascript source code failed

Import traces:
  Client Component Browser:
    ./src/app/admin/vaccines/edit/[id]/page.tsx [Client Component Browser]
    ./src/app/admin/vaccines/edit/[id]/page.tsx [Server Component]

  Client Component SSR:
    ./src/app/admin/vaccines/edit/[id]/page.tsx [Client Component SSR]
    ./src/app/admin/vaccines/edit/[id]/page.tsx [Server Component] @ http://localhost:3000/_next/static/chunks/node_modules_next_dist_1e8vcs8._.js:1052
[   29405ms] [ERROR] ./src/app/admin/vaccines/edit/[id]/page.tsx:170:11
Error: Expected '</', got '}'
  168 |             className="mt-2"
  169 |             disabled={isSubmitting}
> 170 |           } 
      |           ^
  171 |         />
  172 |         </div>
  173 |         <label className="flex items-center gap-2">

Parsing ecmascript source code failed

Import traces:
  Client Component Browser:
    ./src/app/admin/vaccines/edit/[id]/page.tsx [Client Component Browser]
    ./src/app/admin/vaccines/edit/[id]/page.tsx [Server Component]

  Client Component SSR:
    ./src/app/admin/vaccines/edit/[id]/page.tsx [Client Component SSR]
    ./src/app/admin/vaccines/edit/[id]/page.tsx [Server Component] @ http://localhost:3000/_next/static/chunks/node_modules_next_dist_1e8vcs8._.js:1052
[   29479ms] [ERROR] ./src/app/admin/vaccines/edit/[id]/page.tsx:170:11
Error: Expected '</', got '}'
  168 |             className="mt-2"
  169 |             disabled={isSubmitting}
> 170 |           } 
      |           ^
  171 |         />
  172 |         </div>
  173 |         <label className="flex items-center gap-2">

Parsing ecmascript source code failed

Import traces:
  Client Component Browser:
    ./src/app/admin/vaccines/edit/[id]/page.tsx [Client Component Browser]
    ./src/app/admin/vaccines/edit/[id]/page.tsx [Server Component]

  Client Component SSR:
    ./src/app/admin/vaccines/edit/[id]/page.tsx [Client Component SSR]
    ./src/app/admin/vaccines/edit/[id]/page.tsx [Server Component] @ http://localhost:3000/_next/static/chunks/node_modules_next_dist_1e8vcs8._.js:1052
[   29759ms] [ERROR] ./src/app/admin/vaccines/edit/[id]/page.tsx:170:11
Error: Expected '</', got '}'
  168 |             className="mt-2"
  169 |             disabled={isSubmitting}
> 170 |           } 
      |           ^
  171 |         />
  172 |         </div>
  173 |         <label className="flex items-center gap-2">

Parsing ecmascript source code failed

Import traces:
  Client Component Browser:
    ./src/app/admin/vaccines/edit/[id]/page.tsx [Client Component Browser]
    ./src/app/admin/vaccines/edit/[id]/page.tsx [Server Component]

  Client Component SSR:
    ./src/app/admin/vaccines/edit/[id]/page.tsx [Client Component SSR]
    ./src/app/admin/vaccines/edit/[id]/page.tsx [Server Component] @ http://localhost:3000/_next/static/chunks/node_modules_next_dist_1e8vcs8._.js:1052
[   29762ms] [ERROR] ./src/app/admin/vaccines/edit/[id]/page.tsx:170:11
Error: Expected '</', got '}'
  168 |             className="mt-2"
  169 |             disabled={isSubmitting}
> 170 |           } 
      |           ^
  171 |         />
  172 |         </div>
  173 |         <label className="flex items-center gap-2">

Parsing ecmascript source code failed

Import traces:
  Client Component Browser:
    ./src/app/admin/vaccines/edit/[id]/page.tsx [Client Component Browser]
    ./src/app/admin/vaccines/edit/[id]/page.tsx [Server Component]

  Client Component SSR:
    ./src/app/admin/vaccines/edit/[id]/page.tsx [Client Component SSR]
    ./src/app/admin/vaccines/edit/[id]/page.tsx [Server Component] @ http://localhost:3000/_next/static/chunks/node_modules_next_dist_1e8vcs8._.js:1052
[   29919ms] [ERROR] ./src/app/admin/vaccines/edit/[id]/page.tsx:170:11
Error: Expected '</', got '}'
  168 |             className="mt-2"
  169 |             disabled={isSubmitting}
> 170 |           } 
      |           ^
  171 |         />
  172 |         </div>
  173 |         <label className="flex items-center gap-2">

Parsing ecmascript source code failed

Import traces:
  Client Component Browser:
    ./src/app/admin/vaccines/edit/[id]/page.tsx [Client Component Browser]
    ./src/app/admin/vaccines/edit/[id]/page.tsx [Server Component]

  Client Component SSR:
    ./src/app/admin/vaccines/edit/[id]/page.tsx [Client Component SSR]
    ./src/app/admin/vaccines/edit/[id]/page.tsx [Server Component] @ http://localhost:3000/_next/static/chunks/node_modules_next_dist_1e8vcs8._.js:1052
[   29992ms] [ERROR] ./src/app/admin/vaccines/edit/[id]/page.tsx:170:11
Error: Expected '</', got '}'
  168 |             className="mt-2"
  169 |             disabled={isSubmitting}
> 170 |           } 
      |           ^
  171 |         />
  172 |         </div>
  173 |         <label className="flex items-center gap-2">

Parsing ecmascript source code failed

Import traces:
  Client Component Browser:
    ./src/app/admin/vaccines/edit/[id]/page.tsx [Client Component Browser]
    ./src/app/admin/vaccines/edit/[id]/page.tsx [Server Component]

  Client Component SSR:
    ./src/app/admin/vaccines/edit/[id]/page.tsx [Client Component SSR]
    ./src/app/admin/vaccines/edit/[id]/page.tsx [Server Component] @ http://localhost:3000/_next/static/chunks/node_modules_next_dist_1e8vcs8._.js:1052
[   30086ms] [ERROR] ./src/app/admin/vaccines/edit/[id]/page.tsx:170:11
Error: Expected '</', got '}'
  168 |             className="mt-2"
  169 |             disabled={isSubmitting}
> 170 |           } 
      |           ^
  171 |         />
  172 |         </div>
  173 |         <label className="flex items-center gap-2">

Parsing ecmascript source code failed

Import traces:
  Client Component Browser:
    ./src/app/admin/vaccines/edit/[id]/page.tsx [Client Component Browser]
    ./src/app/admin/vaccines/edit/[id]/page.tsx [Server Component]

  Client Component SSR:
    ./src/app/admin/vaccines/edit/[id]/page.tsx [Client Component SSR]
    ./src/app/admin/vaccines/edit/[id]/page.tsx [Server Component] @ http://localhost:3000/_next/static/chunks/node_modules_next_dist_1e8vcs8._.js:1052
[   30177ms] [ERROR] ./src/app/admin/vaccines/edit/[id]/page.tsx:170:11
Error: Expected '</', got '}'
  168 |             className="mt-2"
  169 |             disabled={isSubmitting}
> 170 |           } 
      |           ^
  171 |         />
  172 |         </div>
  173 |         <label className="flex items-center gap-2">

Parsing ecmascript source code failed

Import traces:
  Client Component Browser:
    ./src/app/admin/vaccines/edit/[id]/page.tsx [Client Component Browser]
    ./src/app/admin/vaccines/edit/[id]/page.tsx [Server Component]

  Client Component SSR:
    ./src/app/admin/vaccines/edit/[id]/page.tsx [Client Component SSR]
    ./src/app/admin/vaccines/edit/[id]/page.tsx [Server Component] @ http://localhost:3000/_next/static/chunks/node_modules_next_dist_1e8vcs8._.js:1052
[   30244ms] [ERROR] ./src/app/admin/vaccines/edit/[id]/page.tsx:170:11
Error: Expected '</', got '}'
  168 |             className="mt-2"
  169 |             disabled={isSubmitting}
> 170 |           } 
      |           ^
  171 |         />
  172 |         </div>
  173 |         <label className="flex items-center gap-2">

Parsing ecmascript source code failed

Import traces:
  Client Component Browser:
    ./src/app/admin/vaccines/edit/[id]/page.tsx [Client Component Browser]
    ./src/app/admin/vaccines/edit/[id]/page.tsx [Server Component]

  Client Component SSR:
    ./src/app/admin/vaccines/edit/[id]/page.tsx [Client Component SSR]
    ./src/app/admin/vaccines/edit/[id]/page.tsx [Server Component] @ http://localhost:3000/_next/static/chunks/node_modules_next_dist_1e8vcs8._.js:1052
[   30478ms] [ERROR] ./src/app/admin/vaccines/edit/[id]/page.tsx:170:11
Error: Expected '</', got '}'
  168 |             className="mt-2"
  169 |             disabled={isSubmitting}
> 170 |           } 
      |           ^
  171 |         />
  172 |         </div>
  173 |         <label className="flex items-center gap-2">

Parsing ecmascript source code failed

Import traces:
  Client Component Browser:
    ./src/app/admin/vaccines/edit/[id]/page.tsx [Client Component Browser]
    ./src/app/admin/vaccines/edit/[id]/page.tsx [Server Component]

  Client Component SSR:
    ./src/app/admin/vaccines/edit/[id]/page.tsx [Client Component SSR]
    ./src/app/admin/vaccines/edit/[id]/page.tsx [Server Component] @ http://localhost:3000/_next/static/chunks/node_modules_next_dist_1e8vcs8._.js:1052
[   30550ms] [ERROR] ./src/app/admin/vaccines/edit/[id]/page.tsx:170:11
Error: Expected '</', got '}'
  168 |             className="mt-2"
  169 |             disabled={isSubmitting}
> 170 |           } 
      |           ^
  171 |         />
  172 |         </div>
  173 |         <label className="flex items-center gap-2">

Parsing ecmascript source code failed

Import traces:
  Client Component Browser:
    ./src/app/admin/vaccines/edit/[id]/page.tsx [Client Component Browser]
    ./src/app/admin/vaccines/edit/[id]/page.tsx [Server Component]

  Client Component SSR:
    ./src/app/admin/vaccines/edit/[id]/page.tsx [Client Component SSR]
    ./src/app/admin/vaccines/edit/[id]/page.tsx [Server Component] @ http://localhost:3000/_next/static/chunks/node_modules_next_dist_1e8vcs8._.js:1052
[   30625ms] [ERROR] ./src/app/admin/vaccines/edit/[id]/page.tsx:170:11
Error: Expected '</', got '}'
  168 |             className="mt-2"
  169 |             disabled={isSubmitting}
> 170 |           } 
      |           ^
  171 |         />
  172 |         </div>
  173 |         <label className="flex items-center gap-2">

Parsing ecmascript source code failed

Import traces:
  Client Component Browser:
    ./src/app/admin/vaccines/edit/[id]/page.tsx [Client Component Browser]
    ./src/app/admin/vaccines/edit/[id]/page.tsx [Server Component]

  Client Component SSR:
    ./src/app/admin/vaccines/edit/[id]/page.tsx [Client Component SSR]
    ./src/app/admin/vaccines/edit/[id]/page.tsx [Server Component] @ http://localhost:3000/_next/static/chunks/node_modules_next_dist_1e8vcs8._.js:1052
[   30688ms] [ERROR] ./src/app/admin/vaccines/edit/[id]/page.tsx:170:11
Error: Expected '</', got '}'
  168 |             className="mt-2"
  169 |             disabled={isSubmitting}
> 170 |           } 
      |           ^
  171 |         />
  172 |         </div>
  173 |         <label className="flex items-center gap-2">

Parsing ecmascript source code failed

Import traces:
  Client Component Browser:
    ./src/app/admin/vaccines/edit/[id]/page.tsx [Client Component Browser]
    ./src/app/admin/vaccines/edit/[id]/page.tsx [Server Component]

  Client Component SSR:
    ./src/app/admin/vaccines/edit/[id]/page.tsx [Client Component SSR]
    ./src/app/admin/vaccines/edit/[id]/page.tsx [Server Component] @ http://localhost:3000/_next/static/chunks/node_modules_next_dist_1e8vcs8._.js:1052
[   30764ms] [ERROR] ./src/app/admin/vaccines/edit/[id]/page.tsx:170:11
Error: Expected '</', got '}'
  168 |             className="mt-2"
  169 |             disabled={isSubmitting}
> 170 |           } 
      |           ^
  171 |         />
  172 |         </div>
  173 |         <label className="flex items-center gap-2">

Parsing ecmascript source code failed

Import traces:
  Client Component Browser:
    ./src/app/admin/vaccines/edit/[id]/page.tsx [Client Component Browser]
    ./src/app/admin/vaccines/edit/[id]/page.tsx [Server Component]

  Client Component SSR:
    ./src/app/admin/vaccines/edit/[id]/page.tsx [Client Component SSR]
    ./src/app/admin/vaccines/edit/[id]/page.tsx [Server Component] @ http://localhost:3000/_next/static/chunks/node_modules_next_dist_1e8vcs8._.js:1052
[   30823ms] [ERROR] ./src/app/admin/vaccines/edit/[id]/page.tsx:170:11
Error: Expected '</', got '}'
  168 |             className="mt-2"
  169 |             disabled={isSubmitting}
> 170 |           } 
      |           ^
  171 |         />
  172 |         </div>
  173 |         <label className="flex items-center gap-2">

Parsing ecmascript source code failed

Import traces:
  Client Component Browser:
    ./src/app/admin/vaccines/edit/[id]/page.tsx [Client Component Browser]
    ./src/app/admin/vaccines/edit/[id]/page.tsx [Server Component]

  Client Component SSR:
    ./src/app/admin/vaccines/edit/[id]/page.tsx [Client Component SSR]
    ./src/app/admin/vaccines/edit/[id]/page.tsx [Server Component] @ http://localhost:3000/_next/static/chunks/node_modules_next_dist_1e8vcs8._.js:1052
[   30900ms] [ERROR] ./src/app/admin/vaccines/edit/[id]/page.tsx:170:11
Error: Expected '</', got '}'
  168 |             className="mt-2"
  169 |             disabled={isSubmitting}
> 170 |           } 
      |           ^
  171 |         />
  172 |         </div>
  173 |         <label className="flex items-center gap-2">

Parsing ecmascript source code failed

Import traces:
  Client Component Browser:
    ./src/app/admin/vaccines/edit/[id]/page.tsx [Client Component Browser]
    ./src/app/admin/vaccines/edit/[id]/page.tsx [Server Component]

  Client Component SSR:
    ./src/app/admin/vaccines/edit/[id]/page.tsx [Client Component SSR]
    ./src/app/admin/vaccines/edit/[id]/page.tsx [Server Component] @ http://localhost:3000/_next/static/chunks/node_modules_next_dist_1e8vcs8._.js:1052
[   31002ms] [ERROR] ./src/app/admin/vaccines/edit/[id]/page.tsx:170:11
Error: Expected '</', got '}'
  168 |             className="mt-2"
  169 |             disabled={isSubmitting}
> 170 |           } 
      |           ^
  171 |         />
  172 |         </div>
  173 |         <label className="flex items-center gap-2">

Parsing ecmascript source code failed

Import traces:
  Client Component Browser:
    ./src/app/admin/vaccines/edit/[id]/page.tsx [Client Component Browser]
    ./src/app/admin/vaccines/edit/[id]/page.tsx [Server Component]

  Client Component SSR:
    ./src/app/admin/vaccines/edit/[id]/page.tsx [Client Component SSR]
    ./src/app/admin/vaccines/edit/[id]/page.tsx [Server Component] @ http://localhost:3000/_next/static/chunks/node_modules_next_dist_1e8vcs8._.js:1052
[   31135ms] [ERROR] ./src/app/admin/vaccines/edit/[id]/page.tsx:170:11
Error: Expected '</', got '}'
  168 |             className="mt-2"
  169 |             disabled={isSubmitting}
> 170 |           } 
      |           ^
  171 |         />
  172 |         </div>
  173 |         <label className="flex items-center gap-2">

Parsing ecmascript source code failed

Import traces:
  Client Component Browser:
    ./src/app/admin/vaccines/edit/[id]/page.tsx [Client Component Browser]
    ./src/app/admin/vaccines/edit/[id]/page.tsx [Server Component]

  Client Component SSR:
    ./src/app/admin/vaccines/edit/[id]/page.tsx [Client Component SSR]
    ./src/app/admin/vaccines/edit/[id]/page.tsx [Server Component] @ http://localhost:3000/_next/static/chunks/node_modules_next_dist_1e8vcs8._.js:1052
[   31242ms] [ERROR] ./src/app/admin/vaccines/edit/[id]/page.tsx:170:11
Error: Expected '</', got '}'
  168 |             className="mt-2"
  169 |             disabled={isSubmitting}
> 170 |           } 
      |           ^
  171 |         />
  172 |         </div>
  173 |         <label className="flex items-center gap-2">

Parsing ecmascript source code failed

Import traces:
  Client Component Browser:
    ./src/app/admin/vaccines/edit/[id]/page.tsx [Client Component Browser]
    ./src/app/admin/vaccines/edit/[id]/page.tsx [Server Component]

  Client Component SSR:
    ./src/app/admin/vaccines/edit/[id]/page.tsx [Client Component SSR]
    ./src/app/admin/vaccines/edit/[id]/page.tsx [Server Component] @ http://localhost:3000/_next/static/chunks/node_modules_next_dist_1e8vcs8._.js:1052
[   31308ms] [ERROR] ./src/app/admin/vaccines/edit/[id]/page.tsx:170:11
Error: Expected '</', got '}'
  168 |             className="mt-2"
  169 |             disabled={isSubmitting}
> 170 |           } 
      |           ^
  171 |         />
  172 |         </div>
  173 |         <label className="flex items-center gap-2">

Parsing ecmascript source code failed

Import traces:
  Client Component Browser:
    ./src/app/admin/vaccines/edit/[id]/page.tsx [Client Component Browser]
    ./src/app/admin/vaccines/edit/[id]/page.tsx [Server Component]

  Client Component SSR:
    ./src/app/admin/vaccines/edit/[id]/page.tsx [Client Component SSR]
    ./src/app/admin/vaccines/edit/[id]/page.tsx [Server Component] @ http://localhost:3000/_next/static/chunks/node_modules_next_dist_1e8vcs8._.js:1052
[   31370ms] [ERROR] ./src/app/admin/vaccines/edit/[id]/page.tsx:170:11
Error: Expected '</', got '}'
  168 |             className="mt-2"
  169 |             disabled={isSubmitting}
> 170 |           } 
      |           ^
  171 |         />
  172 |         </div>
  173 |         <label className="flex items-center gap-2">

Parsing ecmascript source code failed

Import traces:
  Client Component Browser:
    ./src/app/admin/vaccines/edit/[id]/page.tsx [Client Component Browser]
    ./src/app/admin/vaccines/edit/[id]/page.tsx [Server Component]

  Client Component SSR:
    ./src/app/admin/vaccines/edit/[id]/page.tsx [Client Component SSR]
    ./src/app/admin/vaccines/edit/[id]/page.tsx [Server Component] @ http://localhost:3000/_next/static/chunks/node_modules_next_dist_1e8vcs8._.js:1052
[   31422ms] [ERROR] ./src/app/admin/vaccines/edit/[id]/page.tsx:170:11
Error: Expected '</', got '}'
  168 |             className="mt-2"
  169 |             disabled={isSubmitting}
> 170 |           } 
      |           ^
  171 |         />
  172 |         </div>
  173 |         <label className="flex items-center gap-2">

Parsing ecmascript source code failed

Import traces:
  Client Component Browser:
    ./src/app/admin/vaccines/edit/[id]/page.tsx [Client Component Browser]
    ./src/app/admin/vaccines/edit/[id]/page.tsx [Server Component]

  Client Component SSR:
    ./src/app/admin/vaccines/edit/[id]/page.tsx [Client Component SSR]
    ./src/app/admin/vaccines/edit/[id]/page.tsx [Server Component] @ http://localhost:3000/_next/static/chunks/node_modules_next_dist_1e8vcs8._.js:1052
[   31484ms] [ERROR] ./src/app/admin/vaccines/edit/[id]/page.tsx:170:11
Error: Expected '</', got '}'
  168 |             className="mt-2"
  169 |             disabled={isSubmitting}
> 170 |           } 
      |           ^
  171 |         />
  172 |         </div>
  173 |         <label className="flex items-center gap-2">

Parsing ecmascript source code failed

Import traces:
  Client Component Browser:
    ./src/app/admin/vaccines/edit/[id]/page.tsx [Client Component Browser]
    ./src/app/admin/vaccines/edit/[id]/page.tsx [Server Component]

  Client Component SSR:
    ./src/app/admin/vaccines/edit/[id]/page.tsx [Client Component SSR]
    ./src/app/admin/vaccines/edit/[id]/page.tsx [Server Component] @ http://localhost:3000/_next/static/chunks/node_modules_next_dist_1e8vcs8._.js:1052
[   31554ms] [ERROR] ./src/app/admin/vaccines/edit/[id]/page.tsx:170:11
Error: Expected '</', got '}'
  168 |             className="mt-2"
  169 |             disabled={isSubmitting}
> 170 |           } 
      |           ^
  171 |         />
  172 |         </div>
  173 |         <label className="flex items-center gap-2">

Parsing ecmascript source code failed

Import traces:
  Client Component Browser:
    ./src/app/admin/vaccines/edit/[id]/page.tsx [Client Component Browser]
    ./src/app/admin/vaccines/edit/[id]/page.tsx [Server Component]

  Client Component SSR:
    ./src/app/admin/vaccines/edit/[id]/page.tsx [Client Component SSR]
    ./src/app/admin/vaccines/edit/[id]/page.tsx [Server Component] @ http://localhost:3000/_next/static/chunks/node_modules_next_dist_1e8vcs8._.js:1052
[   31605ms] [ERROR] ./src/app/admin/vaccines/edit/[id]/page.tsx:170:11
Error: Expected '</', got '}'
  168 |             className="mt-2"
  169 |             disabled={isSubmitting}
> 170 |           } 
      |           ^
  171 |         />
  172 |         </div>
  173 |         <label className="flex items-center gap-2">

Parsing ecmascript source code failed

Import traces:
  Client Component Browser:
    ./src/app/admin/vaccines/edit/[id]/page.tsx [Client Component Browser]
    ./src/app/admin/vaccines/edit/[id]/page.tsx [Server Component]

  Client Component SSR:
    ./src/app/admin/vaccines/edit/[id]/page.tsx [Client Component SSR]
    ./src/app/admin/vaccines/edit/[id]/page.tsx [Server Component] @ http://localhost:3000/_next/static/chunks/node_modules_next_dist_1e8vcs8._.js:1052
[   31661ms] [ERROR] ./src/app/admin/vaccines/edit/[id]/page.tsx:170:11
Error: Expected '</', got '}'
  168 |             className="mt-2"
  169 |             disabled={isSubmitting}
> 170 |           } 
      |           ^
  171 |         />
  172 |         </div>
  173 |         <label className="flex items-center gap-2">

Parsing ecmascript source code failed

Import traces:
  Client Component Browser:
    ./src/app/admin/vaccines/edit/[id]/page.tsx [Client Component Browser]
    ./src/app/admin/vaccines/edit/[id]/page.tsx [Server Component]

  Client Component SSR:
    ./src/app/admin/vaccines/edit/[id]/page.tsx [Client Component SSR]
    ./src/app/admin/vaccines/edit/[id]/page.tsx [Server Component] @ http://localhost:3000/_next/static/chunks/node_modules_next_dist_1e8vcs8._.js:1052
[   31716ms] [ERROR] ./src/app/admin/vaccines/edit/[id]/page.tsx:170:11
Error: Expected '</', got '}'
  168 |             className="mt-2"
  169 |             disabled={isSubmitting}
> 170 |           } 
      |           ^
  171 |         />
  172 |         </div>
  173 |         <label className="flex items-center gap-2">

Parsing ecmascript source code failed

Import traces:
  Client Component Browser:
    ./src/app/admin/vaccines/edit/[id]/page.tsx [Client Component Browser]
    ./src/app/admin/vaccines/edit/[id]/page.tsx [Server Component]

  Client Component SSR:
    ./src/app/admin/vaccines/edit/[id]/page.tsx [Client Component SSR]
    ./src/app/admin/vaccines/edit/[id]/page.tsx [Server Component] @ http://localhost:3000/_next/static/chunks/node_modules_next_dist_1e8vcs8._.js:1052
[   31774ms] [ERROR] ./src/app/admin/vaccines/edit/[id]/page.tsx:170:11
Error: Expected '</', got '}'
  168 |             className="mt-2"
  169 |             disabled={isSubmitting}
> 170 |           } 
      |           ^
  171 |         />
  172 |         </div>
  173 |         <label className="flex items-center gap-2">

Parsing ecmascript source code failed

Import traces:
  Client Component Browser:
    ./src/app/admin/vaccines/edit/[id]/page.tsx [Client Component Browser]
    ./src/app/admin/vaccines/edit/[id]/page.tsx [Server Component]

  Client Component SSR:
    ./src/app/admin/vaccines/edit/[id]/page.tsx [Client Component SSR]
    ./src/app/admin/vaccines/edit/[id]/page.tsx [Server Component] @ http://localhost:3000/_next/static/chunks/node_modules_next_dist_1e8vcs8._.js:1052
[   31838ms] [ERROR] ./src/app/admin/vaccines/edit/[id]/page.tsx:170:11
Error: Expected '</', got '}'
  168 |             className="mt-2"
  169 |             disabled={isSubmitting}
> 170 |           } 
      |           ^
  171 |         />
  172 |         </div>
  173 |         <label className="flex items-center gap-2">

Parsing ecmascript source code failed

Import traces:
  Client Component Browser:
    ./src/app/admin/vaccines/edit/[id]/page.tsx [Client Component Browser]
    ./src/app/admin/vaccines/edit/[id]/page.tsx [Server Component]

  Client Component SSR:
    ./src/app/admin/vaccines/edit/[id]/page.tsx [Client Component SSR]
    ./src/app/admin/vaccines/edit/[id]/page.tsx [Server Component] @ http://localhost:3000/_next/static/chunks/node_modules_next_dist_1e8vcs8._.js:1052
[   31897ms] [ERROR] ./src/app/admin/vaccines/edit/[id]/page.tsx:170:11
Error: Expected '</', got '}'
  168 |             className="mt-2"
  169 |             disabled={isSubmitting}
> 170 |           } 
      |           ^
  171 |         />
  172 |         </div>
  173 |         <label className="flex items-center gap-2">

Parsing ecmascript source code failed

Import traces:
  Client Component Browser:
    ./src/app/admin/vaccines/edit/[id]/page.tsx [Client Component Browser]
    ./src/app/admin/vaccines/edit/[id]/page.tsx [Server Component]

  Client Component SSR:
    ./src/app/admin/vaccines/edit/[id]/page.tsx [Client Component SSR]
    ./src/app/admin/vaccines/edit/[id]/page.tsx [Server Component] @ http://localhost:3000/_next/static/chunks/node_modules_next_dist_1e8vcs8._.js:1052
[   31953ms] [ERROR] ./src/app/admin/vaccines/edit/[id]/page.tsx:170:11
Error: Expected '</', got '}'
  168 |             className="mt-2"
  169 |             disabled={isSubmitting}
> 170 |           } 
      |           ^
  171 |         />
  172 |         </div>
  173 |         <label className="flex items-center gap-2">

Parsing ecmascript source code failed

Import traces:
  Client Component Browser:
    ./src/app/admin/vaccines/edit/[id]/page.tsx [Client Component Browser]
    ./src/app/admin/vaccines/edit/[id]/page.tsx [Server Component]

  Client Component SSR:
    ./src/app/admin/vaccines/edit/[id]/page.tsx [Client Component SSR]
    ./src/app/admin/vaccines/edit/[id]/page.tsx [Server Component] @ http://localhost:3000/_next/static/chunks/node_modules_next_dist_1e8vcs8._.js:1052
[   32014ms] [ERROR] ./src/app/admin/vaccines/edit/[id]/page.tsx:170:11
Error: Expected '</', got '}'
  168 |             className="mt-2"
  169 |             disabled={isSubmitting}
> 170 |           } 
      |           ^
  171 |         />
  172 |         </div>
  173 |         <label className="flex items-center gap-2">

Parsing ecmascript source code failed

Import traces:
  Client Component Browser:
    ./src/app/admin/vaccines/edit/[id]/page.tsx [Client Component Browser]
    ./src/app/admin/vaccines/edit/[id]/page.tsx [Server Component]

  Client Component SSR:
    ./src/app/admin/vaccines/edit/[id]/page.tsx [Client Component SSR]
    ./src/app/admin/vaccines/edit/[id]/page.tsx [Server Component] @ http://localhost:3000/_next/static/chunks/node_modules_next_dist_1e8vcs8._.js:1052
[   32288ms] [ERROR] ./src/app/admin/vaccines/edit/[id]/page.tsx:170:11
Error: Expected '</', got '}'
  168 |             className="mt-2"
  169 |             disabled={isSubmitting}
> 170 |           } 
      |           ^
  171 |         />
  172 |         </div>
  173 |         <label className="flex items-center gap-2">

Parsing ecmascript source code failed

Import traces:
  Client Component Browser:
    ./src/app/admin/vaccines/edit/[id]/page.tsx [Client Component Browser]
    ./src/app/admin/vaccines/edit/[id]/page.tsx [Server Component]

  Client Component SSR:
    ./src/app/admin/vaccines/edit/[id]/page.tsx [Client Component SSR]
    ./src/app/admin/vaccines/edit/[id]/page.tsx [Server Component] @ http://localhost:3000/_next/static/chunks/node_modules_next_dist_1e8vcs8._.js:1052
[   32357ms] [ERROR] ./src/app/admin/vaccines/edit/[id]/page.tsx:170:11
Error: Expected '</', got '}'
  168 |             className="mt-2"
  169 |             disabled={isSubmitting}
> 170 |           } 
      |           ^
  171 |         />
  172 |         </div>
  173 |         <label className="flex items-center gap-2">

Parsing ecmascript source code failed

Import traces:
  Client Component Browser:
    ./src/app/admin/vaccines/edit/[id]/page.tsx [Client Component Browser]
    ./src/app/admin/vaccines/edit/[id]/page.tsx [Server Component]

  Client Component SSR:
    ./src/app/admin/vaccines/edit/[id]/page.tsx [Client Component SSR]
    ./src/app/admin/vaccines/edit/[id]/page.tsx [Server Component] @ http://localhost:3000/_next/static/chunks/node_modules_next_dist_1e8vcs8._.js:1052
[   32459ms] [ERROR] ./src/app/admin/vaccines/edit/[id]/page.tsx:170:11
Error: Expected '</', got '}'
  168 |             className="mt-2"
  169 |             disabled={isSubmitting}
> 170 |           } 
      |           ^
  171 |         />
  172 |         </div>
  173 |         <label className="flex items-center gap-2">

Parsing ecmascript source code failed

Import traces:
  Client Component Browser:
    ./src/app/admin/vaccines/edit/[id]/page.tsx [Client Component Browser]
    ./src/app/admin/vaccines/edit/[id]/page.tsx [Server Component]

  Client Component SSR:
    ./src/app/admin/vaccines/edit/[id]/page.tsx [Client Component SSR]
    ./src/app/admin/vaccines/edit/[id]/page.tsx [Server Component] @ http://localhost:3000/_next/static/chunks/node_modules_next_dist_1e8vcs8._.js:1052
[   32516ms] [ERROR] ./src/app/admin/vaccines/edit/[id]/page.tsx:170:11
Error: Expected '</', got '}'
  168 |             className="mt-2"
  169 |             disabled={isSubmitting}
> 170 |           } 
      |           ^
  171 |         />
  172 |         </div>
  173 |         <label className="flex items-center gap-2">

Parsing ecmascript source code failed

Import traces:
  Client Component Browser:
    ./src/app/admin/vaccines/edit/[id]/page.tsx [Client Component Browser]
    ./src/app/admin/vaccines/edit/[id]/page.tsx [Server Component]

  Client Component SSR:
    ./src/app/admin/vaccines/edit/[id]/page.tsx [Client Component SSR]
    ./src/app/admin/vaccines/edit/[id]/page.tsx [Server Component] @ http://localhost:3000/_next/static/chunks/node_modules_next_dist_1e8vcs8._.js:1052
[   32569ms] [ERROR] ./src/app/admin/vaccines/edit/[id]/page.tsx:170:11
Error: Expected '</', got '}'
  168 |             className="mt-2"
  169 |             disabled={isSubmitting}
> 170 |           } 
      |           ^
  171 |         />
  172 |         </div>
  173 |         <label className="flex items-center gap-2">

Parsing ecmascript source code failed

Import traces:
  Client Component Browser:
    ./src/app/admin/vaccines/edit/[id]/page.tsx [Client Component Browser]
    ./src/app/admin/vaccines/edit/[id]/page.tsx [Server Component]

  Client Component SSR:
    ./src/app/admin/vaccines/edit/[id]/page.tsx [Client Component SSR]
    ./src/app/admin/vaccines/edit/[id]/page.tsx [Server Component] @ http://localhost:3000/_next/static/chunks/node_modules_next_dist_1e8vcs8._.js:1052
[   32669ms] [ERROR] ./src/app/admin/vaccines/edit/[id]/page.tsx:170:11
Error: Expected '</', got '}'
  168 |             className="mt-2"
  169 |             disabled={isSubmitting}
> 170 |           } 
      |           ^
  171 |         />
  172 |         </div>
  173 |         <label className="flex items-center gap-2">

Parsing ecmascript source code failed

Import traces:
  Client Component Browser:
    ./src/app/admin/vaccines/edit/[id]/page.tsx [Client Component Browser]
    ./src/app/admin/vaccines/edit/[id]/page.tsx [Server Component]

  Client Component SSR:
    ./src/app/admin/vaccines/edit/[id]/page.tsx [Client Component SSR]
    ./src/app/admin/vaccines/edit/[id]/page.tsx [Server Component] @ http://localhost:3000/_next/static/chunks/node_modules_next_dist_1e8vcs8._.js:1052
[   32808ms] [ERROR] ./src/app/admin/vaccines/edit/[id]/page.tsx:170:11
Error: Expected '</', got '}'
  168 |             className="mt-2"
  169 |             disabled={isSubmitting}
> 170 |           } 
      |           ^
  171 |         />
  172 |         </div>
  173 |         <label className="flex items-center gap-2">

Parsing ecmascript source code failed

Import traces:
  Client Component Browser:
    ./src/app/admin/vaccines/edit/[id]/page.tsx [Client Component Browser]
    ./src/app/admin/vaccines/edit/[id]/page.tsx [Server Component]

  Client Component SSR:
    ./src/app/admin/vaccines/edit/[id]/page.tsx [Client Component SSR]
    ./src/app/admin/vaccines/edit/[id]/page.tsx [Server Component] @ http://localhost:3000/_next/static/chunks/node_modules_next_dist_1e8vcs8._.js:1052
[   33038ms] [ERROR] ./src/app/admin/vaccines/edit/[id]/page.tsx:170:11
Error: Expected '</', got '}'
  168 |             className="mt-2"
  169 |             disabled={isSubmitting}
> 170 |           } 
      |           ^
  171 |         />
  172 |         </div>
  173 |         <label className="flex items-center gap-2">

Parsing ecmascript source code failed

Import traces:
  Client Component Browser:
    ./src/app/admin/vaccines/edit/[id]/page.tsx [Client Component Browser]
    ./src/app/admin/vaccines/edit/[id]/page.tsx [Server Component]

  Client Component SSR:
    ./src/app/admin/vaccines/edit/[id]/page.tsx [Client Component SSR]
    ./src/app/admin/vaccines/edit/[id]/page.tsx [Server Component] @ http://localhost:3000/_next/static/chunks/node_modules_next_dist_1e8vcs8._.js:1052
[   33095ms] [ERROR] ./src/app/admin/vaccines/edit/[id]/page.tsx:170:11
Error: Expected '</', got '}'
  168 |             className="mt-2"
  169 |             disabled={isSubmitting}
> 170 |           } 
      |           ^
  171 |         />
  172 |         </div>
  173 |         <label className="flex items-center gap-2">

Parsing ecmascript source code failed

Import traces:
  Client Component Browser:
    ./src/app/admin/vaccines/edit/[id]/page.tsx [Client Component Browser]
    ./src/app/admin/vaccines/edit/[id]/page.tsx [Server Component]

  Client Component SSR:
    ./src/app/admin/vaccines/edit/[id]/page.tsx [Client Component SSR]
    ./src/app/admin/vaccines/edit/[id]/page.tsx [Server Component] @ http://localhost:3000/_next/static/chunks/node_modules_next_dist_1e8vcs8._.js:1052
[   33157ms] [ERROR] ./src/app/admin/vaccines/edit/[id]/page.tsx:170:11
Error: Expected '</', got '}'
  168 |             className="mt-2"
  169 |             disabled={isSubmitting}
> 170 |           } 
      |           ^
  171 |         />
  172 |         </div>
  173 |         <label className="flex items-center gap-2">

Parsing ecmascript source code failed

Import traces:
  Client Component Browser:
    ./src/app/admin/vaccines/edit/[id]/page.tsx [Client Component Browser]
    ./src/app/admin/vaccines/edit/[id]/page.tsx [Server Component]

  Client Component SSR:
    ./src/app/admin/vaccines/edit/[id]/page.tsx [Client Component SSR]
    ./src/app/admin/vaccines/edit/[id]/page.tsx [Server Component] @ http://localhost:3000/_next/static/chunks/node_modules_next_dist_1e8vcs8._.js:1052
[   33226ms] [ERROR] ./src/app/admin/vaccines/edit/[id]/page.tsx:170:11
Error: Expected '</', got '}'
  168 |             className="mt-2"
  169 |             disabled={isSubmitting}
> 170 |           } 
      |           ^
  171 |         />
  172 |         </div>
  173 |         <label className="flex items-center gap-2">

Parsing ecmascript source code failed

Import traces:
  Client Component Browser:
    ./src/app/admin/vaccines/edit/[id]/page.tsx [Client Component Browser]
    ./src/app/admin/vaccines/edit/[id]/page.tsx [Server Component]

  Client Component SSR:
    ./src/app/admin/vaccines/edit/[id]/page.tsx [Client Component SSR]
    ./src/app/admin/vaccines/edit/[id]/page.tsx [Server Component] @ http://localhost:3000/_next/static/chunks/node_modules_next_dist_1e8vcs8._.js:1052
[   33292ms] [ERROR] ./src/app/admin/vaccines/edit/[id]/page.tsx:170:11
Error: Expected '</', got '}'
  168 |             className="mt-2"
  169 |             disabled={isSubmitting}
> 170 |           } 
      |           ^
  171 |         />
  172 |         </div>
  173 |         <label className="flex items-center gap-2">

Parsing ecmascript source code failed

Import traces:
  Client Component Browser:
    ./src/app/admin/vaccines/edit/[id]/page.tsx [Client Component Browser]
    ./src/app/admin/vaccines/edit/[id]/page.tsx [Server Component]

  Client Component SSR:
    ./src/app/admin/vaccines/edit/[id]/page.tsx [Client Component SSR]
    ./src/app/admin/vaccines/edit/[id]/page.tsx [Server Component] @ http://localhost:3000/_next/static/chunks/node_modules_next_dist_1e8vcs8._.js:1052
[   33349ms] [ERROR] ./src/app/admin/vaccines/edit/[id]/page.tsx:170:11
Error: Expected '</', got '}'
  168 |             className="mt-2"
  169 |             disabled={isSubmitting}
> 170 |           } 
      |           ^
  171 |         />
  172 |         </div>
  173 |         <label className="flex items-center gap-2">

Parsing ecmascript source code failed

Import traces:
  Client Component Browser:
    ./src/app/admin/vaccines/edit/[id]/page.tsx [Client Component Browser]
    ./src/app/admin/vaccines/edit/[id]/page.tsx [Server Component]

  Client Component SSR:
    ./src/app/admin/vaccines/edit/[id]/page.tsx [Client Component SSR]
    ./src/app/admin/vaccines/edit/[id]/page.tsx [Server Component] @ http://localhost:3000/_next/static/chunks/node_modules_next_dist_1e8vcs8._.js:1052
[   33435ms] [ERROR] ./src/app/admin/vaccines/edit/[id]/page.tsx:170:11
Error: Expected '</', got '}'
  168 |             className="mt-2"
  169 |             disabled={isSubmitting}
> 170 |           } 
      |           ^
  171 |         />
  172 |         </div>
  173 |         <label className="flex items-center gap-2">

Parsing ecmascript source code failed

Import traces:
  Client Component Browser:
    ./src/app/admin/vaccines/edit/[id]/page.tsx [Client Component Browser]
    ./src/app/admin/vaccines/edit/[id]/page.tsx [Server Component]

  Client Component SSR:
    ./src/app/admin/vaccines/edit/[id]/page.tsx [Client Component SSR]
    ./src/app/admin/vaccines/edit/[id]/page.tsx [Server Component] @ http://localhost:3000/_next/static/chunks/node_modules_next_dist_1e8vcs8._.js:1052
[   33489ms] [ERROR] ./src/app/admin/vaccines/edit/[id]/page.tsx:170:11
Error: Expected '</', got '}'
  168 |             className="mt-2"
  169 |             disabled={isSubmitting}
> 170 |           } 
      |           ^
  171 |         />
  172 |         </div>
  173 |         <label className="flex items-center gap-2">

Parsing ecmascript source code failed

Import traces:
  Client Component Browser:
    ./src/app/admin/vaccines/edit/[id]/page.tsx [Client Component Browser]
    ./src/app/admin/vaccines/edit/[id]/page.tsx [Server Component]

  Client Component SSR:
    ./src/app/admin/vaccines/edit/[id]/page.tsx [Client Component SSR]
    ./src/app/admin/vaccines/edit/[id]/page.tsx [Server Component] @ http://localhost:3000/_next/static/chunks/node_modules_next_dist_1e8vcs8._.js:1052
[   33550ms] [ERROR] ./src/app/admin/vaccines/edit/[id]/page.tsx:170:11
Error: Expected '</', got '}'
  168 |             className="mt-2"
  169 |             disabled={isSubmitting}
> 170 |           } 
      |           ^
  171 |         />
  172 |         </div>
  173 |         <label className="flex items-center gap-2">

Parsing ecmascript source code failed

Import traces:
  Client Component Browser:
    ./src/app/admin/vaccines/edit/[id]/page.tsx [Client Component Browser]
    ./src/app/admin/vaccines/edit/[id]/page.tsx [Server Component]

  Client Component SSR:
    ./src/app/admin/vaccines/edit/[id]/page.tsx [Client Component SSR]
    ./src/app/admin/vaccines/edit/[id]/page.tsx [Server Component] @ http://localhost:3000/_next/static/chunks/node_modules_next_dist_1e8vcs8._.js:1052
[   33607ms] [ERROR] ./src/app/admin/vaccines/edit/[id]/page.tsx:170:11
Error: Expected '</', got '}'
  168 |             className="mt-2"
  169 |             disabled={isSubmitting}
> 170 |           } 
      |           ^
  171 |         />
  172 |         </div>
  173 |         <label className="flex items-center gap-2">

Parsing ecmascript source code failed

Import traces:
  Client Component Browser:
    ./src/app/admin/vaccines/edit/[id]/page.tsx [Client Component Browser]
    ./src/app/admin/vaccines/edit/[id]/page.tsx [Server Component]

  Client Component SSR:
    ./src/app/admin/vaccines/edit/[id]/page.tsx [Client Component SSR]
    ./src/app/admin/vaccines/edit/[id]/page.tsx [Server Component] @ http://localhost:3000/_next/static/chunks/node_modules_next_dist_1e8vcs8._.js:1052
[   33659ms] [ERROR] ./src/app/admin/vaccines/edit/[id]/page.tsx:170:11
Error: Expected '</', got '}'
  168 |             className="mt-2"
  169 |             disabled={isSubmitting}
> 170 |           } 
      |           ^
  171 |         />
  172 |         </div>
  173 |         <label className="flex items-center gap-2">

Parsing ecmascript source code failed

Import traces:
  Client Component Browser:
    ./src/app/admin/vaccines/edit/[id]/page.tsx [Client Component Browser]
    ./src/app/admin/vaccines/edit/[id]/page.tsx [Server Component]

  Client Component SSR:
    ./src/app/admin/vaccines/edit/[id]/page.tsx [Client Component SSR]
    ./src/app/admin/vaccines/edit/[id]/page.tsx [Server Component] @ http://localhost:3000/_next/static/chunks/node_modules_next_dist_1e8vcs8._.js:1052
[   33717ms] [ERROR] ./src/app/admin/vaccines/edit/[id]/page.tsx:170:11
Error: Expected '</', got '}'
  168 |             className="mt-2"
  169 |             disabled={isSubmitting}
> 170 |           } 
      |           ^
  171 |         />
  172 |         </div>
  173 |         <label className="flex items-center gap-2">

Parsing ecmascript source code failed

Import traces:
  Client Component Browser:
    ./src/app/admin/vaccines/edit/[id]/page.tsx [Client Component Browser]
    ./src/app/admin/vaccines/edit/[id]/page.tsx [Server Component]

  Client Component SSR:
    ./src/app/admin/vaccines/edit/[id]/page.tsx [Client Component SSR]
    ./src/app/admin/vaccines/edit/[id]/page.tsx [Server Component] @ http://localhost:3000/_next/static/chunks/node_modules_next_dist_1e8vcs8._.js:1052
[   33782ms] [ERROR] ./src/app/admin/vaccines/edit/[id]/page.tsx:170:11
Error: Expected '</', got '}'
  168 |             className="mt-2"
  169 |             disabled={isSubmitting}
> 170 |           } 
      |           ^
  171 |         />
  172 |         </div>
  173 |         <label className="flex items-center gap-2">

Parsing ecmascript source code failed

Import traces:
  Client Component Browser:
    ./src/app/admin/vaccines/edit/[id]/page.tsx [Client Component Browser]
    ./src/app/admin/vaccines/edit/[id]/page.tsx [Server Component]

  Client Component SSR:
    ./src/app/admin/vaccines/edit/[id]/page.tsx [Client Component SSR]
    ./src/app/admin/vaccines/edit/[id]/page.tsx [Server Component] @ http://localhost:3000/_next/static/chunks/node_modules_next_dist_1e8vcs8._.js:1052
[   33871ms] [ERROR] ./src/app/admin/vaccines/edit/[id]/page.tsx:170:11
Error: Expected '</', got '}'
  168 |             className="mt-2"
  169 |             disabled={isSubmitting}
> 170 |           } 
      |           ^
  171 |         />
  172 |         </div>
  173 |         <label className="flex items-center gap-2">

Parsing ecmascript source code failed

Import traces:
  Client Component Browser:
    ./src/app/admin/vaccines/edit/[id]/page.tsx [Client Component Browser]
    ./src/app/admin/vaccines/edit/[id]/page.tsx [Server Component]

  Client Component SSR:
    ./src/app/admin/vaccines/edit/[id]/page.tsx [Client Component SSR]
    ./src/app/admin/vaccines/edit/[id]/page.tsx [Server Component] @ http://localhost:3000/_next/static/chunks/node_modules_next_dist_1e8vcs8._.js:1052
[   33948ms] [ERROR] ./src/app/admin/vaccines/edit/[id]/page.tsx:170:11
Error: Expected '</', got '}'
  168 |             className="mt-2"
  169 |             disabled={isSubmitting}
> 170 |           } 
      |           ^
  171 |         />
  172 |         </div>
  173 |         <label className="flex items-center gap-2">

Parsing ecmascript source code failed

Import traces:
  Client Component Browser:
    ./src/app/admin/vaccines/edit/[id]/page.tsx [Client Component Browser]
    ./src/app/admin/vaccines/edit/[id]/page.tsx [Server Component]

  Client Component SSR:
    ./src/app/admin/vaccines/edit/[id]/page.tsx [Client Component SSR]
    ./src/app/admin/vaccines/edit/[id]/page.tsx [Server Component] @ http://localhost:3000/_next/static/chunks/node_modules_next_dist_1e8vcs8._.js:1052
[   34008ms] [ERROR] ./src/app/admin/vaccines/edit/[id]/page.tsx:170:11
Error: Expected '</', got '}'
  168 |             className="mt-2"
  169 |             disabled={isSubmitting}
> 170 |           } 
      |           ^
  171 |         />
  172 |         </div>
  173 |         <label className="flex items-center gap-2">

Parsing ecmascript source code failed

Import traces:
  Client Component Browser:
    ./src/app/admin/vaccines/edit/[id]/page.tsx [Client Component Browser]
    ./src/app/admin/vaccines/edit/[id]/page.tsx [Server Component]

  Client Component SSR:
    ./src/app/admin/vaccines/edit/[id]/page.tsx [Client Component SSR]
    ./src/app/admin/vaccines/edit/[id]/page.tsx [Server Component] @ http://localhost:3000/_next/static/chunks/node_modules_next_dist_1e8vcs8._.js:1052
[   34063ms] [ERROR] ./src/app/admin/vaccines/edit/[id]/page.tsx:170:11
Error: Expected '</', got '}'
  168 |             className="mt-2"
  169 |             disabled={isSubmitting}
> 170 |           } 
      |           ^
  171 |         />
  172 |         </div>
  173 |         <label className="flex items-center gap-2">

Parsing ecmascript source code failed

Import traces:
  Client Component Browser:
    ./src/app/admin/vaccines/edit/[id]/page.tsx [Client Component Browser]
    ./src/app/admin/vaccines/edit/[id]/page.tsx [Server Component]

  Client Component SSR:
    ./src/app/admin/vaccines/edit/[id]/page.tsx [Client Component SSR]
    ./src/app/admin/vaccines/edit/[id]/page.tsx [Server Component] @ http://localhost:3000/_next/static/chunks/node_modules_next_dist_1e8vcs8._.js:1052
[   34115ms] [ERROR] ./src/app/admin/vaccines/edit/[id]/page.tsx:170:11
Error: Expected '</', got '}'
  168 |             className="mt-2"
  169 |             disabled={isSubmitting}
> 170 |           } 
      |           ^
  171 |         />
  172 |         </div>
  173 |         <label className="flex items-center gap-2">

Parsing ecmascript source code failed

Import traces:
  Client Component Browser:
    ./src/app/admin/vaccines/edit/[id]/page.tsx [Client Component Browser]
    ./src/app/admin/vaccines/edit/[id]/page.tsx [Server Component]

  Client Component SSR:
    ./src/app/admin/vaccines/edit/[id]/page.tsx [Client Component SSR]
    ./src/app/admin/vaccines/edit/[id]/page.tsx [Server Component] @ http://localhost:3000/_next/static/chunks/node_modules_next_dist_1e8vcs8._.js:1052
[   34169ms] [ERROR] ./src/app/admin/vaccines/edit/[id]/page.tsx:170:11
Error: Expected '</', got '}'
  168 |             className="mt-2"
  169 |             disabled={isSubmitting}
> 170 |           } 
      |           ^
  171 |         />
  172 |         </div>
  173 |         <label className="flex items-center gap-2">

Parsing ecmascript source code failed

Import traces:
  Client Component Browser:
    ./src/app/admin/vaccines/edit/[id]/page.tsx [Client Component Browser]
    ./src/app/admin/vaccines/edit/[id]/page.tsx [Server Component]

  Client Component SSR:
    ./src/app/admin/vaccines/edit/[id]/page.tsx [Client Component SSR]
    ./src/app/admin/vaccines/edit/[id]/page.tsx [Server Component] @ http://localhost:3000/_next/static/chunks/node_modules_next_dist_1e8vcs8._.js:1052
[   34224ms] [ERROR] ./src/app/admin/vaccines/edit/[id]/page.tsx:170:11
Error: Expected '</', got '}'
  168 |             className="mt-2"
  169 |             disabled={isSubmitting}
> 170 |           } 
      |           ^
  171 |         />
  172 |         </div>
  173 |         <label className="flex items-center gap-2">

Parsing ecmascript source code failed

Import traces:
  Client Component Browser:
    ./src/app/admin/vaccines/edit/[id]/page.tsx [Client Component Browser]
    ./src/app/admin/vaccines/edit/[id]/page.tsx [Server Component]

  Client Component SSR:
    ./src/app/admin/vaccines/edit/[id]/page.tsx [Client Component SSR]
    ./src/app/admin/vaccines/edit/[id]/page.tsx [Server Component] @ http://localhost:3000/_next/static/chunks/node_modules_next_dist_1e8vcs8._.js:1052
[   34280ms] [ERROR] ./src/app/admin/vaccines/edit/[id]/page.tsx:170:11
Error: Expected '</', got '}'
  168 |             className="mt-2"
  169 |             disabled={isSubmitting}
> 170 |           } 
      |           ^
  171 |         />
  172 |         </div>
  173 |         <label className="flex items-center gap-2">

Parsing ecmascript source code failed

Import traces:
  Client Component Browser:
    ./src/app/admin/vaccines/edit/[id]/page.tsx [Client Component Browser]
    ./src/app/admin/vaccines/edit/[id]/page.tsx [Server Component]

  Client Component SSR:
    ./src/app/admin/vaccines/edit/[id]/page.tsx [Client Component SSR]
    ./src/app/admin/vaccines/edit/[id]/page.tsx [Server Component] @ http://localhost:3000/_next/static/chunks/node_modules_next_dist_1e8vcs8._.js:1052
[   34336ms] [ERROR] ./src/app/admin/vaccines/edit/[id]/page.tsx:170:11
Error: Expected '</', got '}'
  168 |             className="mt-2"
  169 |             disabled={isSubmitting}
> 170 |           } 
      |           ^
  171 |         />
  172 |         </div>
  173 |         <label className="flex items-center gap-2">

Parsing ecmascript source code failed

Import traces:
  Client Component Browser:
    ./src/app/admin/vaccines/edit/[id]/page.tsx [Client Component Browser]
    ./src/app/admin/vaccines/edit/[id]/page.tsx [Server Component]

  Client Component SSR:
    ./src/app/admin/vaccines/edit/[id]/page.tsx [Client Component SSR]
    ./src/app/admin/vaccines/edit/[id]/page.tsx [Server Component] @ http://localhost:3000/_next/static/chunks/node_modules_next_dist_1e8vcs8._.js:1052
[   34388ms] [ERROR] ./src/app/admin/vaccines/edit/[id]/page.tsx:170:11
Error: Expected '</', got '}'
  168 |             className="mt-2"
  169 |             disabled={isSubmitting}
> 170 |           } 
      |           ^
  171 |         />
  172 |         </div>
  173 |         <label className="flex items-center gap-2">

Parsing ecmascript source code failed

Import traces:
  Client Component Browser:
    ./src/app/admin/vaccines/edit/[id]/page.tsx [Client Component Browser]
    ./src/app/admin/vaccines/edit/[id]/page.tsx [Server Component]

  Client Component SSR:
    ./src/app/admin/vaccines/edit/[id]/page.tsx [Client Component SSR]
    ./src/app/admin/vaccines/edit/[id]/page.tsx [Server Component] @ http://localhost:3000/_next/static/chunks/node_modules_next_dist_1e8vcs8._.js:1052
[   34439ms] [ERROR] ./src/app/admin/vaccines/edit/[id]/page.tsx:170:11
Error: Expected '</', got '}'
  168 |             className="mt-2"
  169 |             disabled={isSubmitting}
> 170 |           } 
      |           ^
  171 |         />
  172 |         </div>
  173 |         <label className="flex items-center gap-2">

Parsing ecmascript source code failed

Import traces:
  Client Component Browser:
    ./src/app/admin/vaccines/edit/[id]/page.tsx [Client Component Browser]
    ./src/app/admin/vaccines/edit/[id]/page.tsx [Server Component]

  Client Component SSR:
    ./src/app/admin/vaccines/edit/[id]/page.tsx [Client Component SSR]
    ./src/app/admin/vaccines/edit/[id]/page.tsx [Server Component] @ http://localhost:3000/_next/static/chunks/node_modules_next_dist_1e8vcs8._.js:1052
[   34502ms] [ERROR] ./src/app/admin/vaccines/edit/[id]/page.tsx:170:11
Error: Expected '</', got '}'
  168 |             className="mt-2"
  169 |             disabled={isSubmitting}
> 170 |           } 
      |           ^
  171 |         />
  172 |         </div>
  173 |         <label className="flex items-center gap-2">

Parsing ecmascript source code failed

Import traces:
  Client Component Browser:
    ./src/app/admin/vaccines/edit/[id]/page.tsx [Client Component Browser]
    ./src/app/admin/vaccines/edit/[id]/page.tsx [Server Component]

  Client Component SSR:
    ./src/app/admin/vaccines/edit/[id]/page.tsx [Client Component SSR]
    ./src/app/admin/vaccines/edit/[id]/page.tsx [Server Component] @ http://localhost:3000/_next/static/chunks/node_modules_next_dist_1e8vcs8._.js:1052
[   34549ms] [ERROR] ./src/app/admin/vaccines/edit/[id]/page.tsx:170:11
Error: Expected '</', got '}'
  168 |             className="mt-2"
  169 |             disabled={isSubmitting}
> 170 |           } 
      |           ^
  171 |         />
  172 |         </div>
  173 |         <label className="flex items-center gap-2">

Parsing ecmascript source code failed

Import traces:
  Client Component Browser:
    ./src/app/admin/vaccines/edit/[id]/page.tsx [Client Component Browser]
    ./src/app/admin/vaccines/edit/[id]/page.tsx [Server Component]

  Client Component SSR:
    ./src/app/admin/vaccines/edit/[id]/page.tsx [Client Component SSR]
    ./src/app/admin/vaccines/edit/[id]/page.tsx [Server Component] @ http://localhost:3000/_next/static/chunks/node_modules_next_dist_1e8vcs8._.js:1052
[   34602ms] [ERROR] ./src/app/admin/vaccines/edit/[id]/page.tsx:170:11
Error: Expected '</', got '}'
  168 |             className="mt-2"
  169 |             disabled={isSubmitting}
> 170 |           } 
      |           ^
  171 |         />
  172 |         </div>
  173 |         <label className="flex items-center gap-2">

Parsing ecmascript source code failed

Import traces:
  Client Component Browser:
    ./src/app/admin/vaccines/edit/[id]/page.tsx [Client Component Browser]
    ./src/app/admin/vaccines/edit/[id]/page.tsx [Server Component]

  Client Component SSR:
    ./src/app/admin/vaccines/edit/[id]/page.tsx [Client Component SSR]
    ./src/app/admin/vaccines/edit/[id]/page.tsx [Server Component] @ http://localhost:3000/_next/static/chunks/node_modules_next_dist_1e8vcs8._.js:1052
[   34654ms] [ERROR] ./src/app/admin/vaccines/edit/[id]/page.tsx:170:11
Error: Expected '</', got '}'
  168 |             className="mt-2"
  169 |             disabled={isSubmitting}
> 170 |           } 
      |           ^
  171 |         />
  172 |         </div>
  173 |         <label className="flex items-center gap-2">

Parsing ecmascript source code failed

Import traces:
  Client Component Browser:
    ./src/app/admin/vaccines/edit/[id]/page.tsx [Client Component Browser]
    ./src/app/admin/vaccines/edit/[id]/page.tsx [Server Component]

  Client Component SSR:
    ./src/app/admin/vaccines/edit/[id]/page.tsx [Client Component SSR]
    ./src/app/admin/vaccines/edit/[id]/page.tsx [Server Component] @ http://localhost:3000/_next/static/chunks/node_modules_next_dist_1e8vcs8._.js:1052
[   34716ms] [ERROR] ./src/app/admin/vaccines/edit/[id]/page.tsx:170:11
Error: Expected '</', got '}'
  168 |             className="mt-2"
  169 |             disabled={isSubmitting}
> 170 |           } 
      |           ^
  171 |         />
  172 |         </div>
  173 |         <label className="flex items-center gap-2">

Parsing ecmascript source code failed

Import traces:
  Client Component Browser:
    ./src/app/admin/vaccines/edit/[id]/page.tsx [Client Component Browser]
    ./src/app/admin/vaccines/edit/[id]/page.tsx [Server Component]

  Client Component SSR:
    ./src/app/admin/vaccines/edit/[id]/page.tsx [Client Component SSR]
    ./src/app/admin/vaccines/edit/[id]/page.tsx [Server Component] @ http://localhost:3000/_next/static/chunks/node_modules_next_dist_1e8vcs8._.js:1052
[   34788ms] [ERROR] ./src/app/admin/vaccines/edit/[id]/page.tsx:170:11
Error: Expected '</', got '}'
  168 |             className="mt-2"
  169 |             disabled={isSubmitting}
> 170 |           } 
      |           ^
  171 |         />
  172 |         </div>
  173 |         <label className="flex items-center gap-2">

Parsing ecmascript source code failed

Import traces:
  Client Component Browser:
    ./src/app/admin/vaccines/edit/[id]/page.tsx [Client Component Browser]
    ./src/app/admin/vaccines/edit/[id]/page.tsx [Server Component]

  Client Component SSR:
    ./src/app/admin/vaccines/edit/[id]/page.tsx [Client Component SSR]
    ./src/app/admin/vaccines/edit/[id]/page.tsx [Server Component] @ http://localhost:3000/_next/static/chunks/node_modules_next_dist_1e8vcs8._.js:1052
[   34849ms] [ERROR] ./src/app/admin/vaccines/edit/[id]/page.tsx:170:11
Error: Expected '</', got '}'
  168 |             className="mt-2"
  169 |             disabled={isSubmitting}
> 170 |           } 
      |           ^
  171 |         />
  172 |         </div>
  173 |         <label className="flex items-center gap-2">

Parsing ecmascript source code failed

Import traces:
  Client Component Browser:
    ./src/app/admin/vaccines/edit/[id]/page.tsx [Client Component Browser]
    ./src/app/admin/vaccines/edit/[id]/page.tsx [Server Component]

  Client Component SSR:
    ./src/app/admin/vaccines/edit/[id]/page.tsx [Client Component SSR]
    ./src/app/admin/vaccines/edit/[id]/page.tsx [Server Component] @ http://localhost:3000/_next/static/chunks/node_modules_next_dist_1e8vcs8._.js:1052
[   34904ms] [ERROR] ./src/app/admin/vaccines/edit/[id]/page.tsx:170:11
Error: Expected '</', got '}'
  168 |             className="mt-2"
  169 |             disabled={isSubmitting}
> 170 |           } 
      |           ^
  171 |         />
  172 |         </div>
  173 |         <label className="flex items-center gap-2">

Parsing ecmascript source code failed

Import traces:
  Client Component Browser:
    ./src/app/admin/vaccines/edit/[id]/page.tsx [Client Component Browser]
    ./src/app/admin/vaccines/edit/[id]/page.tsx [Server Component]

  Client Component SSR:
    ./src/app/admin/vaccines/edit/[id]/page.tsx [Client Component SSR]
    ./src/app/admin/vaccines/edit/[id]/page.tsx [Server Component] @ http://localhost:3000/_next/static/chunks/node_modules_next_dist_1e8vcs8._.js:1052
[   34976ms] [ERROR] ./src/app/admin/vaccines/edit/[id]/page.tsx:170:11
Error: Expected '</', got '}'
  168 |             className="mt-2"
  169 |             disabled={isSubmitting}
> 170 |           } 
      |           ^
  171 |         />
  172 |         </div>
  173 |         <label className="flex items-center gap-2">

Parsing ecmascript source code failed

Import traces:
  Client Component Browser:
    ./src/app/admin/vaccines/edit/[id]/page.tsx [Client Component Browser]
    ./src/app/admin/vaccines/edit/[id]/page.tsx [Server Component]

  Client Component SSR:
    ./src/app/admin/vaccines/edit/[id]/page.tsx [Client Component SSR]
    ./src/app/admin/vaccines/edit/[id]/page.tsx [Server Component] @ http://localhost:3000/_next/static/chunks/node_modules_next_dist_1e8vcs8._.js:1052
[   35040ms] [ERROR] ./src/app/admin/vaccines/edit/[id]/page.tsx:170:11
Error: Expected '</', got '}'
  168 |             className="mt-2"
  169 |             disabled={isSubmitting}
> 170 |           } 
      |           ^
  171 |         />
  172 |         </div>
  173 |         <label className="flex items-center gap-2">

Parsing ecmascript source code failed

Import traces:
  Client Component Browser:
    ./src/app/admin/vaccines/edit/[id]/page.tsx [Client Component Browser]
    ./src/app/admin/vaccines/edit/[id]/page.tsx [Server Component]

  Client Component SSR:
    ./src/app/admin/vaccines/edit/[id]/page.tsx [Client Component SSR]
    ./src/app/admin/vaccines/edit/[id]/page.tsx [Server Component] @ http://localhost:3000/_next/static/chunks/node_modules_next_dist_1e8vcs8._.js:1052
[   35097ms] [ERROR] ./src/app/admin/vaccines/edit/[id]/page.tsx:170:11
Error: Expected '</', got '}'
  168 |             className="mt-2"
  169 |             disabled={isSubmitting}
> 170 |           } 
      |           ^
  171 |         />
  172 |         </div>
  173 |         <label className="flex items-center gap-2">

Parsing ecmascript source code failed

Import traces:
  Client Component Browser:
    ./src/app/admin/vaccines/edit/[id]/page.tsx [Client Component Browser]
    ./src/app/admin/vaccines/edit/[id]/page.tsx [Server Component]

  Client Component SSR:
    ./src/app/admin/vaccines/edit/[id]/page.tsx [Client Component SSR]
    ./src/app/admin/vaccines/edit/[id]/page.tsx [Server Component] @ http://localhost:3000/_next/static/chunks/node_modules_next_dist_1e8vcs8._.js:1052
[   35147ms] [ERROR] ./src/app/admin/vaccines/edit/[id]/page.tsx:170:11
Error: Expected '</', got '}'
  168 |             className="mt-2"
  169 |             disabled={isSubmitting}
> 170 |           } 
      |           ^
  171 |         />
  172 |         </div>
  173 |         <label className="flex items-center gap-2">

Parsing ecmascript source code failed

Import traces:
  Client Component Browser:
    ./src/app/admin/vaccines/edit/[id]/page.tsx [Client Component Browser]
    ./src/app/admin/vaccines/edit/[id]/page.tsx [Server Component]

  Client Component SSR:
    ./src/app/admin/vaccines/edit/[id]/page.tsx [Client Component SSR]
    ./src/app/admin/vaccines/edit/[id]/page.tsx [Server Component] @ http://localhost:3000/_next/static/chunks/node_modules_next_dist_1e8vcs8._.js:1052
[   35196ms] [ERROR] ./src/app/admin/vaccines/edit/[id]/page.tsx:170:11
Error: Expected '</', got '}'
  168 |             className="mt-2"
  169 |             disabled={isSubmitting}
> 170 |           } 
      |           ^
  171 |         />
  172 |         </div>
  173 |         <label className="flex items-center gap-2">

Parsing ecmascript source code failed

Import traces:
  Client Component Browser:
    ./src/app/admin/vaccines/edit/[id]/page.tsx [Client Component Browser]
    ./src/app/admin/vaccines/edit/[id]/page.tsx [Server Component]

  Client Component SSR:
    ./src/app/admin/vaccines/edit/[id]/page.tsx [Client Component SSR]
    ./src/app/admin/vaccines/edit/[id]/page.tsx [Server Component] @ http://localhost:3000/_next/static/chunks/node_modules_next_dist_1e8vcs8._.js:1052
[   35254ms] [ERROR] ./src/app/admin/vaccines/edit/[id]/page.tsx:170:11
Error: Expected '</', got '}'
  168 |             className="mt-2"
  169 |             disabled={isSubmitting}
> 170 |           } 
      |           ^
  171 |         />
  172 |         </div>
  173 |         <label className="flex items-center gap-2">

Parsing ecmascript source code failed

Import traces:
  Client Component Browser:
    ./src/app/admin/vaccines/edit/[id]/page.tsx [Client Component Browser]
    ./src/app/admin/vaccines/edit/[id]/page.tsx [Server Component]

  Client Component SSR:
    ./src/app/admin/vaccines/edit/[id]/page.tsx [Client Component SSR]
    ./src/app/admin/vaccines/edit/[id]/page.tsx [Server Component] @ http://localhost:3000/_next/static/chunks/node_modules_next_dist_1e8vcs8._.js:1052
[   35307ms] [ERROR] ./src/app/admin/vaccines/edit/[id]/page.tsx:170:11
Error: Expected '</', got '}'
  168 |             className="mt-2"
  169 |             disabled={isSubmitting}
> 170 |           } 
      |           ^
  171 |         />
  172 |         </div>
  173 |         <label className="flex items-center gap-2">

Parsing ecmascript source code failed

Import traces:
  Client Component Browser:
    ./src/app/admin/vaccines/edit/[id]/page.tsx [Client Component Browser]
    ./src/app/admin/vaccines/edit/[id]/page.tsx [Server Component]

  Client Component SSR:
    ./src/app/admin/vaccines/edit/[id]/page.tsx [Client Component SSR]
    ./src/app/admin/vaccines/edit/[id]/page.tsx [Server Component] @ http://localhost:3000/_next/static/chunks/node_modules_next_dist_1e8vcs8._.js:1052
[   35363ms] [ERROR] ./src/app/admin/vaccines/edit/[id]/page.tsx:170:11
Error: Expected '</', got '}'
  168 |             className="mt-2"
  169 |             disabled={isSubmitting}
> 170 |           } 
      |           ^
  171 |         />
  172 |         </div>
  173 |         <label className="flex items-center gap-2">

Parsing ecmascript source code failed

Import traces:
  Client Component Browser:
    ./src/app/admin/vaccines/edit/[id]/page.tsx [Client Component Browser]
    ./src/app/admin/vaccines/edit/[id]/page.tsx [Server Component]

  Client Component SSR:
    ./src/app/admin/vaccines/edit/[id]/page.tsx [Client Component SSR]
    ./src/app/admin/vaccines/edit/[id]/page.tsx [Server Component] @ http://localhost:3000/_next/static/chunks/node_modules_next_dist_1e8vcs8._.js:1052
[   35447ms] [ERROR] ./src/app/admin/vaccines/edit/[id]/page.tsx:170:11
Error: Expected '</', got '}'
  168 |             className="mt-2"
  169 |             disabled={isSubmitting}
> 170 |           } 
      |           ^
  171 |         />
  172 |         </div>
  173 |         <label className="flex items-center gap-2">

Parsing ecmascript source code failed

Import traces:
  Client Component Browser:
    ./src/app/admin/vaccines/edit/[id]/page.tsx [Client Component Browser]
    ./src/app/admin/vaccines/edit/[id]/page.tsx [Server Component]

  Client Component SSR:
    ./src/app/admin/vaccines/edit/[id]/page.tsx [Client Component SSR]
    ./src/app/admin/vaccines/edit/[id]/page.tsx [Server Component] @ http://localhost:3000/_next/static/chunks/node_modules_next_dist_1e8vcs8._.js:1052
[   35501ms] [ERROR] ./src/app/admin/vaccines/edit/[id]/page.tsx:170:11
Error: Expected '</', got '}'
  168 |             className="mt-2"
  169 |             disabled={isSubmitting}
> 170 |           } 
      |           ^
  171 |         />
  172 |         </div>
  173 |         <label className="flex items-center gap-2">

Parsing ecmascript source code failed

Import traces:
  Client Component Browser:
    ./src/app/admin/vaccines/edit/[id]/page.tsx [Client Component Browser]
    ./src/app/admin/vaccines/edit/[id]/page.tsx [Server Component]

  Client Component SSR:
    ./src/app/admin/vaccines/edit/[id]/page.tsx [Client Component SSR]
    ./src/app/admin/vaccines/edit/[id]/page.tsx [Server Component] @ http://localhost:3000/_next/static/chunks/node_modules_next_dist_1e8vcs8._.js:1052
[   35557ms] [ERROR] ./src/app/admin/vaccines/edit/[id]/page.tsx:170:11
Error: Expected '</', got '}'
  168 |             className="mt-2"
  169 |             disabled={isSubmitting}
> 170 |           } 
      |           ^
  171 |         />
  172 |         </div>
  173 |         <label className="flex items-center gap-2">

Parsing ecmascript source code failed

Import traces:
  Client Component Browser:
    ./src/app/admin/vaccines/edit/[id]/page.tsx [Client Component Browser]
    ./src/app/admin/vaccines/edit/[id]/page.tsx [Server Component]

  Client Component SSR:
    ./src/app/admin/vaccines/edit/[id]/page.tsx [Client Component SSR]
    ./src/app/admin/vaccines/edit/[id]/page.tsx [Server Component] @ http://localhost:3000/_next/static/chunks/node_modules_next_dist_1e8vcs8._.js:1052
[   35621ms] [ERROR] ./src/app/admin/vaccines/edit/[id]/page.tsx:170:11
Error: Expected '</', got '}'
  168 |             className="mt-2"
  169 |             disabled={isSubmitting}
> 170 |           } 
      |           ^
  171 |         />
  172 |         </div>
  173 |         <label className="flex items-center gap-2">

Parsing ecmascript source code failed

Import traces:
  Client Component Browser:
    ./src/app/admin/vaccines/edit/[id]/page.tsx [Client Component Browser]
    ./src/app/admin/vaccines/edit/[id]/page.tsx [Server Component]

  Client Component SSR:
    ./src/app/admin/vaccines/edit/[id]/page.tsx [Client Component SSR]
    ./src/app/admin/vaccines/edit/[id]/page.tsx [Server Component] @ http://localhost:3000/_next/static/chunks/node_modules_next_dist_1e8vcs8._.js:1052
[   35680ms] [ERROR] ./src/app/admin/vaccines/edit/[id]/page.tsx:170:11
Error: Expected '</', got '}'
  168 |             className="mt-2"
  169 |             disabled={isSubmitting}
> 170 |           } 
      |           ^
  171 |         />
  172 |         </div>
  173 |         <label className="flex items-center gap-2">

Parsing ecmascript source code failed

Import traces:
  Client Component Browser:
    ./src/app/admin/vaccines/edit/[id]/page.tsx [Client Component Browser]
    ./src/app/admin/vaccines/edit/[id]/page.tsx [Server Component]

  Client Component SSR:
    ./src/app/admin/vaccines/edit/[id]/page.tsx [Client Component SSR]
    ./src/app/admin/vaccines/edit/[id]/page.tsx [Server Component] @ http://localhost:3000/_next/static/chunks/node_modules_next_dist_1e8vcs8._.js:1052
[   35762ms] [ERROR] ./src/app/admin/vaccines/edit/[id]/page.tsx:170:11
Error: Expected '</', got '}'
  168 |             className="mt-2"
  169 |             disabled={isSubmitting}
> 170 |           } 
      |           ^
  171 |         />
  172 |         </div>
  173 |         <label className="flex items-center gap-2">

Parsing ecmascript source code failed

Import traces:
  Client Component Browser:
    ./src/app/admin/vaccines/edit/[id]/page.tsx [Client Component Browser]
    ./src/app/admin/vaccines/edit/[id]/page.tsx [Server Component]

  Client Component SSR:
    ./src/app/admin/vaccines/edit/[id]/page.tsx [Client Component SSR]
    ./src/app/admin/vaccines/edit/[id]/page.tsx [Server Component] @ http://localhost:3000/_next/static/chunks/node_modules_next_dist_1e8vcs8._.js:1052
[   35858ms] [ERROR] ./src/app/admin/vaccines/edit/[id]/page.tsx:170:11
Error: Expected '</', got '}'
  168 |             className="mt-2"
  169 |             disabled={isSubmitting}
> 170 |           } 
      |           ^
  171 |         />
  172 |         </div>
  173 |         <label className="flex items-center gap-2">

Parsing ecmascript source code failed

Import traces:
  Client Component Browser:
    ./src/app/admin/vaccines/edit/[id]/page.tsx [Client Component Browser]
    ./src/app/admin/vaccines/edit/[id]/page.tsx [Server Component]

  Client Component SSR:
    ./src/app/admin/vaccines/edit/[id]/page.tsx [Client Component SSR]
    ./src/app/admin/vaccines/edit/[id]/page.tsx [Server Component] @ http://localhost:3000/_next/static/chunks/node_modules_next_dist_1e8vcs8._.js:1052
[   35971ms] [ERROR] ./src/app/admin/vaccines/edit/[id]/page.tsx:170:11
Error: Expected '</', got '}'
  168 |             className="mt-2"
  169 |             disabled={isSubmitting}
> 170 |           } 
      |           ^
  171 |         />
  172 |         </div>
  173 |         <label className="flex items-center gap-2">

Parsing ecmascript source code failed

Import traces:
  Client Component Browser:
    ./src/app/admin/vaccines/edit/[id]/page.tsx [Client Component Browser]
    ./src/app/admin/vaccines/edit/[id]/page.tsx [Server Component]

  Client Component SSR:
    ./src/app/admin/vaccines/edit/[id]/page.tsx [Client Component SSR]
    ./src/app/admin/vaccines/edit/[id]/page.tsx [Server Component] @ http://localhost:3000/_next/static/chunks/node_modules_next_dist_1e8vcs8._.js:1052
[   36083ms] [ERROR] ./src/app/admin/vaccines/edit/[id]/page.tsx:170:11
Error: Expected '</', got '}'
  168 |             className="mt-2"
  169 |             disabled={isSubmitting}
> 170 |           } 
      |           ^
  171 |         />
  172 |         </div>
  173 |         <label className="flex items-center gap-2">

Parsing ecmascript source code failed

Import traces:
  Client Component Browser:
    ./src/app/admin/vaccines/edit/[id]/page.tsx [Client Component Browser]
    ./src/app/admin/vaccines/edit/[id]/page.tsx [Server Component]

  Client Component SSR:
    ./src/app/admin/vaccines/edit/[id]/page.tsx [Client Component SSR]
    ./src/app/admin/vaccines/edit/[id]/page.tsx [Server Component] @ http://localhost:3000/_next/static/chunks/node_modules_next_dist_1e8vcs8._.js:1052
[   36181ms] [ERROR] ./src/app/admin/vaccines/edit/[id]/page.tsx:170:11
Error: Expected '</', got '}'
  168 |             className="mt-2"
  169 |             disabled={isSubmitting}
> 170 |           } 
      |           ^
  171 |         />
  172 |         </div>
  173 |         <label className="flex items-center gap-2">

Parsing ecmascript source code failed

Import traces:
  Client Component Browser:
    ./src/app/admin/vaccines/edit/[id]/page.tsx [Client Component Browser]
    ./src/app/admin/vaccines/edit/[id]/page.tsx [Server Component]

  Client Component SSR:
    ./src/app/admin/vaccines/edit/[id]/page.tsx [Client Component SSR]
    ./src/app/admin/vaccines/edit/[id]/page.tsx [Server Component] @ http://localhost:3000/_next/static/chunks/node_modules_next_dist_1e8vcs8._.js:1052
[   36264ms] [ERROR] ./src/app/admin/vaccines/edit/[id]/page.tsx:170:11
Error: Expected '</', got '}'
  168 |             className="mt-2"
  169 |             disabled={isSubmitting}
> 170 |           } 
      |           ^
  171 |         />
  172 |         </div>
  173 |         <label className="flex items-center gap-2">

Parsing ecmascript source code failed

Import traces:
  Client Component Browser:
    ./src/app/admin/vaccines/edit/[id]/page.tsx [Client Component Browser]
    ./src/app/admin/vaccines/edit/[id]/page.tsx [Server Component]

  Client Component SSR:
    ./src/app/admin/vaccines/edit/[id]/page.tsx [Client Component SSR]
    ./src/app/admin/vaccines/edit/[id]/page.tsx [Server Component] @ http://localhost:3000/_next/static/chunks/node_modules_next_dist_1e8vcs8._.js:1052
[   36339ms] [ERROR] ./src/app/admin/vaccines/edit/[id]/page.tsx:170:11
Error: Expected '</', got '}'
  168 |             className="mt-2"
  169 |             disabled={isSubmitting}
> 170 |           } 
      |           ^
  171 |         />
  172 |         </div>
  173 |         <label className="flex items-center gap-2">

Parsing ecmascript source code failed

Import traces:
  Client Component Browser:
    ./src/app/admin/vaccines/edit/[id]/page.tsx [Client Component Browser]
    ./src/app/admin/vaccines/edit/[id]/page.tsx [Server Component]

  Client Component SSR:
    ./src/app/admin/vaccines/edit/[id]/page.tsx [Client Component SSR]
    ./src/app/admin/vaccines/edit/[id]/page.tsx [Server Component] @ http://localhost:3000/_next/static/chunks/node_modules_next_dist_1e8vcs8._.js:1052
[   36399ms] [ERROR] ./src/app/admin/vaccines/edit/[id]/page.tsx:170:11
Error: Expected '</', got '}'
  168 |             className="mt-2"
  169 |             disabled={isSubmitting}
> 170 |           } 
      |           ^
  171 |         />
  172 |         </div>
  173 |         <label className="flex items-center gap-2">

Parsing ecmascript source code failed

Import traces:
  Client Component Browser:
    ./src/app/admin/vaccines/edit/[id]/page.tsx [Client Component Browser]
    ./src/app/admin/vaccines/edit/[id]/page.tsx [Server Component]

  Client Component SSR:
    ./src/app/admin/vaccines/edit/[id]/page.tsx [Client Component SSR]
    ./src/app/admin/vaccines/edit/[id]/page.tsx [Server Component] @ http://localhost:3000/_next/static/chunks/node_modules_next_dist_1e8vcs8._.js:1052
[   36467ms] [ERROR] ./src/app/admin/vaccines/edit/[id]/page.tsx:170:11
Error: Expected '</', got '}'
  168 |             className="mt-2"
  169 |             disabled={isSubmitting}
> 170 |           } 
      |           ^
  171 |         />
  172 |         </div>
  173 |         <label className="flex items-center gap-2">

Parsing ecmascript source code failed

Import traces:
  Client Component Browser:
    ./src/app/admin/vaccines/edit/[id]/page.tsx [Client Component Browser]
    ./src/app/admin/vaccines/edit/[id]/page.tsx [Server Component]

  Client Component SSR:
    ./src/app/admin/vaccines/edit/[id]/page.tsx [Client Component SSR]
    ./src/app/admin/vaccines/edit/[id]/page.tsx [Server Component] @ http://localhost:3000/_next/static/chunks/node_modules_next_dist_1e8vcs8._.js:1052
[   36533ms] [ERROR] ./src/app/admin/vaccines/edit/[id]/page.tsx:170:11
Error: Expected '</', got '}'
  168 |             className="mt-2"
  169 |             disabled={isSubmitting}
> 170 |           } 
      |           ^
  171 |         />
  172 |         </div>
  173 |         <label className="flex items-center gap-2">

Parsing ecmascript source code failed

Import traces:
  Client Component Browser:
    ./src/app/admin/vaccines/edit/[id]/page.tsx [Client Component Browser]
    ./src/app/admin/vaccines/edit/[id]/page.tsx [Server Component]

  Client Component SSR:
    ./src/app/admin/vaccines/edit/[id]/page.tsx [Client Component SSR]
    ./src/app/admin/vaccines/edit/[id]/page.tsx [Server Component] @ http://localhost:3000/_next/static/chunks/node_modules_next_dist_1e8vcs8._.js:1052
[   36619ms] [ERROR] ./src/app/admin/vaccines/edit/[id]/page.tsx:170:11
Error: Expected '</', got '}'
  168 |             className="mt-2"
  169 |             disabled={isSubmitting}
> 170 |           } 
      |           ^
  171 |         />
  172 |         </div>
  173 |         <label className="flex items-center gap-2">

Parsing ecmascript source code failed

Import traces:
  Client Component Browser:
    ./src/app/admin/vaccines/edit/[id]/page.tsx [Client Component Browser]
    ./src/app/admin/vaccines/edit/[id]/page.tsx [Server Component]

  Client Component SSR:
    ./src/app/admin/vaccines/edit/[id]/page.tsx [Client Component SSR]
    ./src/app/admin/vaccines/edit/[id]/page.tsx [Server Component] @ http://localhost:3000/_next/static/chunks/node_modules_next_dist_1e8vcs8._.js:1052
[   36756ms] [ERROR] ./src/app/admin/vaccines/edit/[id]/page.tsx:170:11
Error: Expected '</', got '}'
  168 |             className="mt-2"
  169 |             disabled={isSubmitting}
> 170 |           } 
      |           ^
  171 |         />
  172 |         </div>
  173 |         <label className="flex items-center gap-2">

Parsing ecmascript source code failed

Import traces:
  Client Component Browser:
    ./src/app/admin/vaccines/edit/[id]/page.tsx [Client Component Browser]
    ./src/app/admin/vaccines/edit/[id]/page.tsx [Server Component]

  Client Component SSR:
    ./src/app/admin/vaccines/edit/[id]/page.tsx [Client Component SSR]
    ./src/app/admin/vaccines/edit/[id]/page.tsx [Server Component] @ http://localhost:3000/_next/static/chunks/node_modules_next_dist_1e8vcs8._.js:1052
[   36826ms] [ERROR] ./src/app/admin/vaccines/edit/[id]/page.tsx:170:11
Error: Expected '</', got '}'
  168 |             className="mt-2"
  169 |             disabled={isSubmitting}
> 170 |           } 
      |           ^
  171 |         />
  172 |         </div>
  173 |         <label className="flex items-center gap-2">

Parsing ecmascript source code failed

Import traces:
  Client Component Browser:
    ./src/app/admin/vaccines/edit/[id]/page.tsx [Client Component Browser]
    ./src/app/admin/vaccines/edit/[id]/page.tsx [Server Component]

  Client Component SSR:
    ./src/app/admin/vaccines/edit/[id]/page.tsx [Client Component SSR]
    ./src/app/admin/vaccines/edit/[id]/page.tsx [Server Component] @ http://localhost:3000/_next/static/chunks/node_modules_next_dist_1e8vcs8._.js:1052
[   36896ms] [ERROR] ./src/app/admin/vaccines/edit/[id]/page.tsx:170:11
Error: Expected '</', got '}'
  168 |             className="mt-2"
  169 |             disabled={isSubmitting}
> 170 |           } 
      |           ^
  171 |         />
  172 |         </div>
  173 |         <label className="flex items-center gap-2">

Parsing ecmascript source code failed

Import traces:
  Client Component Browser:
    ./src/app/admin/vaccines/edit/[id]/page.tsx [Client Component Browser]
    ./src/app/admin/vaccines/edit/[id]/page.tsx [Server Component]

  Client Component SSR:
    ./src/app/admin/vaccines/edit/[id]/page.tsx [Client Component SSR]
    ./src/app/admin/vaccines/edit/[id]/page.tsx [Server Component] @ http://localhost:3000/_next/static/chunks/node_modules_next_dist_1e8vcs8._.js:1052
[   36958ms] [ERROR] ./src/app/admin/vaccines/edit/[id]/page.tsx:170:11
Error: Expected '</', got '}'
  168 |             className="mt-2"
  169 |             disabled={isSubmitting}
> 170 |           } 
      |           ^
  171 |         />
  172 |         </div>
  173 |         <label className="flex items-center gap-2">

Parsing ecmascript source code failed

Import traces:
  Client Component Browser:
    ./src/app/admin/vaccines/edit/[id]/page.tsx [Client Component Browser]
    ./src/app/admin/vaccines/edit/[id]/page.tsx [Server Component]

  Client Component SSR:
    ./src/app/admin/vaccines/edit/[id]/page.tsx [Client Component SSR]
    ./src/app/admin/vaccines/edit/[id]/page.tsx [Server Component] @ http://localhost:3000/_next/static/chunks/node_modules_next_dist_1e8vcs8._.js:1052
[   37019ms] [ERROR] ./src/app/admin/vaccines/edit/[id]/page.tsx:170:11
Error: Expected '</', got '}'
  168 |             className="mt-2"
  169 |             disabled={isSubmitting}
> 170 |           } 
      |           ^
  171 |         />
  172 |         </div>
  173 |         <label className="flex items-center gap-2">

Parsing ecmascript source code failed

Import traces:
  Client Component Browser:
    ./src/app/admin/vaccines/edit/[id]/page.tsx [Client Component Browser]
    ./src/app/admin/vaccines/edit/[id]/page.tsx [Server Component]

  Client Component SSR:
    ./src/app/admin/vaccines/edit/[id]/page.tsx [Client Component SSR]
    ./src/app/admin/vaccines/edit/[id]/page.tsx [Server Component] @ http://localhost:3000/_next/static/chunks/node_modules_next_dist_1e8vcs8._.js:1052
[   37098ms] [ERROR] ./src/app/admin/vaccines/edit/[id]/page.tsx:170:11
Error: Expected '</', got '}'
  168 |             className="mt-2"
  169 |             disabled={isSubmitting}
> 170 |           } 
      |           ^
  171 |         />
  172 |         </div>
  173 |         <label className="flex items-center gap-2">

Parsing ecmascript source code failed

Import traces:
  Client Component Browser:
    ./src/app/admin/vaccines/edit/[id]/page.tsx [Client Component Browser]
    ./src/app/admin/vaccines/edit/[id]/page.tsx [Server Component]

  Client Component SSR:
    ./src/app/admin/vaccines/edit/[id]/page.tsx [Client Component SSR]
    ./src/app/admin/vaccines/edit/[id]/page.tsx [Server Component] @ http://localhost:3000/_next/static/chunks/node_modules_next_dist_1e8vcs8._.js:1052
[   37202ms] [ERROR] ./src/app/admin/vaccines/edit/[id]/page.tsx:170:11
Error: Expected '</', got '}'
  168 |             className="mt-2"
  169 |             disabled={isSubmitting}
> 170 |           } 
      |           ^
  171 |         />
  172 |         </div>
  173 |         <label className="flex items-center gap-2">

Parsing ecmascript source code failed

Import traces:
  Client Component Browser:
    ./src/app/admin/vaccines/edit/[id]/page.tsx [Client Component Browser]
    ./src/app/admin/vaccines/edit/[id]/page.tsx [Server Component]

  Client Component SSR:
    ./src/app/admin/vaccines/edit/[id]/page.tsx [Client Component SSR]
    ./src/app/admin/vaccines/edit/[id]/page.tsx [Server Component] @ http://localhost:3000/_next/static/chunks/node_modules_next_dist_1e8vcs8._.js:1052
[   37329ms] [ERROR] ./src/app/admin/vaccines/edit/[id]/page.tsx:170:11
Error: Expected '</', got '}'
  168 |             className="mt-2"
  169 |             disabled={isSubmitting}
> 170 |           } 
      |           ^
  171 |         />
  172 |         </div>
  173 |         <label className="flex items-center gap-2">

Parsing ecmascript source code failed

Import traces:
  Client Component Browser:
    ./src/app/admin/vaccines/edit/[id]/page.tsx [Client Component Browser]
    ./src/app/admin/vaccines/edit/[id]/page.tsx [Server Component]

  Client Component SSR:
    ./src/app/admin/vaccines/edit/[id]/page.tsx [Client Component SSR]
    ./src/app/admin/vaccines/edit/[id]/page.tsx [Server Component] @ http://localhost:3000/_next/static/chunks/node_modules_next_dist_1e8vcs8._.js:1052
[   37431ms] [ERROR] ./src/app/admin/vaccines/edit/[id]/page.tsx:170:11
Error: Expected '</', got '}'
  168 |             className="mt-2"
  169 |             disabled={isSubmitting}
> 170 |           } 
      |           ^
  171 |         />
  172 |         </div>
  173 |         <label className="flex items-center gap-2">

Parsing ecmascript source code failed

Import traces:
  Client Component Browser:
    ./src/app/admin/vaccines/edit/[id]/page.tsx [Client Component Browser]
    ./src/app/admin/vaccines/edit/[id]/page.tsx [Server Component]

  Client Component SSR:
    ./src/app/admin/vaccines/edit/[id]/page.tsx [Client Component SSR]
    ./src/app/admin/vaccines/edit/[id]/page.tsx [Server Component] @ http://localhost:3000/_next/static/chunks/node_modules_next_dist_1e8vcs8._.js:1052
[   37489ms] [ERROR] ./src/app/admin/vaccines/edit/[id]/page.tsx:170:11
Error: Expected '</', got '}'
  168 |             className="mt-2"
  169 |             disabled={isSubmitting}
> 170 |           } 
      |           ^
  171 |         />
  172 |         </div>
  173 |         <label className="flex items-center gap-2">

Parsing ecmascript source code failed

Import traces:
  Client Component Browser:
    ./src/app/admin/vaccines/edit/[id]/page.tsx [Client Component Browser]
    ./src/app/admin/vaccines/edit/[id]/page.tsx [Server Component]

  Client Component SSR:
    ./src/app/admin/vaccines/edit/[id]/page.tsx [Client Component SSR]
    ./src/app/admin/vaccines/edit/[id]/page.tsx [Server Component] @ http://localhost:3000/_next/static/chunks/node_modules_next_dist_1e8vcs8._.js:1052
[   37540ms] [ERROR] ./src/app/admin/vaccines/edit/[id]/page.tsx:170:11
Error: Expected '</', got '}'
  168 |             className="mt-2"
  169 |             disabled={isSubmitting}
> 170 |           } 
      |           ^
  171 |         />
  172 |         </div>
  173 |         <label className="flex items-center gap-2">

Parsing ecmascript source code failed

Import traces:
  Client Component Browser:
    ./src/app/admin/vaccines/edit/[id]/page.tsx [Client Component Browser]
    ./src/app/admin/vaccines/edit/[id]/page.tsx [Server Component]

  Client Component SSR:
    ./src/app/admin/vaccines/edit/[id]/page.tsx [Client Component SSR]
    ./src/app/admin/vaccines/edit/[id]/page.tsx [Server Component] @ http://localhost:3000/_next/static/chunks/node_modules_next_dist_1e8vcs8._.js:1052
[   37607ms] [ERROR] ./src/app/admin/vaccines/edit/[id]/page.tsx:170:11
Error: Expected '</', got '}'
  168 |             className="mt-2"
  169 |             disabled={isSubmitting}
> 170 |           } 
      |           ^
  171 |         />
  172 |         </div>
  173 |         <label className="flex items-center gap-2">

Parsing ecmascript source code failed

Import traces:
  Client Component Browser:
    ./src/app/admin/vaccines/edit/[id]/page.tsx [Client Component Browser]
    ./src/app/admin/vaccines/edit/[id]/page.tsx [Server Component]

  Client Component SSR:
    ./src/app/admin/vaccines/edit/[id]/page.tsx [Client Component SSR]
    ./src/app/admin/vaccines/edit/[id]/page.tsx [Server Component] @ http://localhost:3000/_next/static/chunks/node_modules_next_dist_1e8vcs8._.js:1052
[   37674ms] [ERROR] ./src/app/admin/vaccines/edit/[id]/page.tsx:170:11
Error: Expected '</', got '}'
  168 |             className="mt-2"
  169 |             disabled={isSubmitting}
> 170 |           } 
      |           ^
  171 |         />
  172 |         </div>
  173 |         <label className="flex items-center gap-2">

Parsing ecmascript source code failed

Import traces:
  Client Component Browser:
    ./src/app/admin/vaccines/edit/[id]/page.tsx [Client Component Browser]
    ./src/app/admin/vaccines/edit/[id]/page.tsx [Server Component]

  Client Component SSR:
    ./src/app/admin/vaccines/edit/[id]/page.tsx [Client Component SSR]
    ./src/app/admin/vaccines/edit/[id]/page.tsx [Server Component] @ http://localhost:3000/_next/static/chunks/node_modules_next_dist_1e8vcs8._.js:1052
[   37741ms] [ERROR] ./src/app/admin/vaccines/edit/[id]/page.tsx:170:11
Error: Expected '</', got '}'
  168 |             className="mt-2"
  169 |             disabled={isSubmitting}
> 170 |           } 
      |           ^
  171 |         />
  172 |         </div>
  173 |         <label className="flex items-center gap-2">

Parsing ecmascript source code failed

Import traces:
  Client Component Browser:
    ./src/app/admin/vaccines/edit/[id]/page.tsx [Client Component Browser]
    ./src/app/admin/vaccines/edit/[id]/page.tsx [Server Component]

  Client Component SSR:
    ./src/app/admin/vaccines/edit/[id]/page.tsx [Client Component SSR]
    ./src/app/admin/vaccines/edit/[id]/page.tsx [Server Component] @ http://localhost:3000/_next/static/chunks/node_modules_next_dist_1e8vcs8._.js:1052
[   37810ms] [ERROR] ./src/app/admin/vaccines/edit/[id]/page.tsx:170:11
Error: Expected '</', got '}'
  168 |             className="mt-2"
  169 |             disabled={isSubmitting}
> 170 |           } 
      |           ^
  171 |         />
  172 |         </div>
  173 |         <label className="flex items-center gap-2">

Parsing ecmascript source code failed

Import traces:
  Client Component Browser:
    ./src/app/admin/vaccines/edit/[id]/page.tsx [Client Component Browser]
    ./src/app/admin/vaccines/edit/[id]/page.tsx [Server Component]

  Client Component SSR:
    ./src/app/admin/vaccines/edit/[id]/page.tsx [Client Component SSR]
    ./src/app/admin/vaccines/edit/[id]/page.tsx [Server Component] @ http://localhost:3000/_next/static/chunks/node_modules_next_dist_1e8vcs8._.js:1052
[   37870ms] [ERROR] ./src/app/admin/vaccines/edit/[id]/page.tsx:170:11
Error: Expected '</', got '}'
  168 |             className="mt-2"
  169 |             disabled={isSubmitting}
> 170 |           } 
      |           ^
  171 |         />
  172 |         </div>
  173 |         <label className="flex items-center gap-2">

Parsing ecmascript source code failed

Import traces:
  Client Component Browser:
    ./src/app/admin/vaccines/edit/[id]/page.tsx [Client Component Browser]
    ./src/app/admin/vaccines/edit/[id]/page.tsx [Server Component]

  Client Component SSR:
    ./src/app/admin/vaccines/edit/[id]/page.tsx [Client Component SSR]
    ./src/app/admin/vaccines/edit/[id]/page.tsx [Server Component] @ http://localhost:3000/_next/static/chunks/node_modules_next_dist_1e8vcs8._.js:1052
[   37925ms] [ERROR] ./src/app/admin/vaccines/edit/[id]/page.tsx:170:11
Error: Expected '</', got '}'
  168 |             className="mt-2"
  169 |             disabled={isSubmitting}
> 170 |           } 
      |           ^
  171 |         />
  172 |         </div>
  173 |         <label className="flex items-center gap-2">

Parsing ecmascript source code failed

Import traces:
  Client Component Browser:
    ./src/app/admin/vaccines/edit/[id]/page.tsx [Client Component Browser]
    ./src/app/admin/vaccines/edit/[id]/page.tsx [Server Component]

  Client Component SSR:
    ./src/app/admin/vaccines/edit/[id]/page.tsx [Client Component SSR]
    ./src/app/admin/vaccines/edit/[id]/page.tsx [Server Component] @ http://localhost:3000/_next/static/chunks/node_modules_next_dist_1e8vcs8._.js:1052
[   37990ms] [ERROR] ./src/app/admin/vaccines/edit/[id]/page.tsx:170:11
Error: Expected '</', got '}'
  168 |             className="mt-2"
  169 |             disabled={isSubmitting}
> 170 |           } 
      |           ^
  171 |         />
  172 |         </div>
  173 |         <label className="flex items-center gap-2">

Parsing ecmascript source code failed

Import traces:
  Client Component Browser:
    ./src/app/admin/vaccines/edit/[id]/page.tsx [Client Component Browser]
    ./src/app/admin/vaccines/edit/[id]/page.tsx [Server Component]

  Client Component SSR:
    ./src/app/admin/vaccines/edit/[id]/page.tsx [Client Component SSR]
    ./src/app/admin/vaccines/edit/[id]/page.tsx [Server Component] @ http://localhost:3000/_next/static/chunks/node_modules_next_dist_1e8vcs8._.js:1052
[   38051ms] [ERROR] ./src/app/admin/vaccines/edit/[id]/page.tsx:170:11
Error: Expected '</', got '}'
  168 |             className="mt-2"
  169 |             disabled={isSubmitting}
> 170 |           } 
      |           ^
  171 |         />
  172 |         </div>
  173 |         <label className="flex items-center gap-2">

Parsing ecmascript source code failed

Import traces:
  Client Component Browser:
    ./src/app/admin/vaccines/edit/[id]/page.tsx [Client Component Browser]
    ./src/app/admin/vaccines/edit/[id]/page.tsx [Server Component]

  Client Component SSR:
    ./src/app/admin/vaccines/edit/[id]/page.tsx [Client Component SSR]
    ./src/app/admin/vaccines/edit/[id]/page.tsx [Server Component] @ http://localhost:3000/_next/static/chunks/node_modules_next_dist_1e8vcs8._.js:1052
[   38106ms] [ERROR] ./src/app/admin/vaccines/edit/[id]/page.tsx:170:11
Error: Expected '</', got '}'
  168 |             className="mt-2"
  169 |             disabled={isSubmitting}
> 170 |           } 
      |           ^
  171 |         />
  172 |         </div>
  173 |         <label className="flex items-center gap-2">

Parsing ecmascript source code failed

Import traces:
  Client Component Browser:
    ./src/app/admin/vaccines/edit/[id]/page.tsx [Client Component Browser]
    ./src/app/admin/vaccines/edit/[id]/page.tsx [Server Component]

  Client Component SSR:
    ./src/app/admin/vaccines/edit/[id]/page.tsx [Client Component SSR]
    ./src/app/admin/vaccines/edit/[id]/page.tsx [Server Component] @ http://localhost:3000/_next/static/chunks/node_modules_next_dist_1e8vcs8._.js:1052
[   38160ms] [ERROR] ./src/app/admin/vaccines/edit/[id]/page.tsx:170:11
Error: Expected '</', got '}'
  168 |             className="mt-2"
  169 |             disabled={isSubmitting}
> 170 |           } 
      |           ^
  171 |         />
  172 |         </div>
  173 |         <label className="flex items-center gap-2">

Parsing ecmascript source code failed

Import traces:
  Client Component Browser:
    ./src/app/admin/vaccines/edit/[id]/page.tsx [Client Component Browser]
    ./src/app/admin/vaccines/edit/[id]/page.tsx [Server Component]

  Client Component SSR:
    ./src/app/admin/vaccines/edit/[id]/page.tsx [Client Component SSR]
    ./src/app/admin/vaccines/edit/[id]/page.tsx [Server Component] @ http://localhost:3000/_next/static/chunks/node_modules_next_dist_1e8vcs8._.js:1052
[   38216ms] [ERROR] ./src/app/admin/vaccines/edit/[id]/page.tsx:170:11
Error: Expected '</', got '}'
  168 |             className="mt-2"
  169 |             disabled={isSubmitting}
> 170 |           } 
      |           ^
  171 |         />
  172 |         </div>
  173 |         <label className="flex items-center gap-2">

Parsing ecmascript source code failed

Import traces:
  Client Component Browser:
    ./src/app/admin/vaccines/edit/[id]/page.tsx [Client Component Browser]
    ./src/app/admin/vaccines/edit/[id]/page.tsx [Server Component]

  Client Component SSR:
    ./src/app/admin/vaccines/edit/[id]/page.tsx [Client Component SSR]
    ./src/app/admin/vaccines/edit/[id]/page.tsx [Server Component] @ http://localhost:3000/_next/static/chunks/node_modules_next_dist_1e8vcs8._.js:1052
[   38272ms] [ERROR] ./src/app/admin/vaccines/edit/[id]/page.tsx:170:11
Error: Expected '</', got '}'
  168 |             className="mt-2"
  169 |             disabled={isSubmitting}
> 170 |           } 
      |           ^
  171 |         />
  172 |         </div>
  173 |         <label className="flex items-center gap-2">

Parsing ecmascript source code failed

Import traces:
  Client Component Browser:
    ./src/app/admin/vaccines/edit/[id]/page.tsx [Client Component Browser]
    ./src/app/admin/vaccines/edit/[id]/page.tsx [Server Component]

  Client Component SSR:
    ./src/app/admin/vaccines/edit/[id]/page.tsx [Client Component SSR]
    ./src/app/admin/vaccines/edit/[id]/page.tsx [Server Component] @ http://localhost:3000/_next/static/chunks/node_modules_next_dist_1e8vcs8._.js:1052
[   38332ms] [ERROR] ./src/app/admin/vaccines/edit/[id]/page.tsx:170:11
Error: Expected '</', got '}'
  168 |             className="mt-2"
  169 |             disabled={isSubmitting}
> 170 |           } 
      |           ^
  171 |         />
  172 |         </div>
  173 |         <label className="flex items-center gap-2">

Parsing ecmascript source code failed

Import traces:
  Client Component Browser:
    ./src/app/admin/vaccines/edit/[id]/page.tsx [Client Component Browser]
    ./src/app/admin/vaccines/edit/[id]/page.tsx [Server Component]

  Client Component SSR:
    ./src/app/admin/vaccines/edit/[id]/page.tsx [Client Component SSR]
    ./src/app/admin/vaccines/edit/[id]/page.tsx [Server Component] @ http://localhost:3000/_next/static/chunks/node_modules_next_dist_1e8vcs8._.js:1052
[   38387ms] [ERROR] ./src/app/admin/vaccines/edit/[id]/page.tsx:170:11
Error: Expected '</', got '}'
  168 |             className="mt-2"
  169 |             disabled={isSubmitting}
> 170 |           } 
      |           ^
  171 |         />
  172 |         </div>
  173 |         <label className="flex items-center gap-2">

Parsing ecmascript source code failed

Import traces:
  Client Component Browser:
    ./src/app/admin/vaccines/edit/[id]/page.tsx [Client Component Browser]
    ./src/app/admin/vaccines/edit/[id]/page.tsx [Server Component]

  Client Component SSR:
    ./src/app/admin/vaccines/edit/[id]/page.tsx [Client Component SSR]
    ./src/app/admin/vaccines/edit/[id]/page.tsx [Server Component] @ http://localhost:3000/_next/static/chunks/node_modules_next_dist_1e8vcs8._.js:1052
[   38441ms] [ERROR] ./src/app/admin/vaccines/edit/[id]/page.tsx:170:11
Error: Expected '</', got '}'
  168 |             className="mt-2"
  169 |             disabled={isSubmitting}
> 170 |           } 
      |           ^
  171 |         />
  172 |         </div>
  173 |         <label className="flex items-center gap-2">

Parsing ecmascript source code failed

Import traces:
  Client Component Browser:
    ./src/app/admin/vaccines/edit/[id]/page.tsx [Client Component Browser]
    ./src/app/admin/vaccines/edit/[id]/page.tsx [Server Component]

  Client Component SSR:
    ./src/app/admin/vaccines/edit/[id]/page.tsx [Client Component SSR]
    ./src/app/admin/vaccines/edit/[id]/page.tsx [Server Component] @ http://localhost:3000/_next/static/chunks/node_modules_next_dist_1e8vcs8._.js:1052
[   38539ms] [ERROR] ./src/app/admin/vaccines/edit/[id]/page.tsx:170:11
Error: Expected '</', got '}'
  168 |             className="mt-2"
  169 |             disabled={isSubmitting}
> 170 |           } 
      |           ^
  171 |         />
  172 |         </div>
  173 |         <label className="flex items-center gap-2">

Parsing ecmascript source code failed

Import traces:
  Client Component Browser:
    ./src/app/admin/vaccines/edit/[id]/page.tsx [Client Component Browser]
    ./src/app/admin/vaccines/edit/[id]/page.tsx [Server Component]

  Client Component SSR:
    ./src/app/admin/vaccines/edit/[id]/page.tsx [Client Component SSR]
    ./src/app/admin/vaccines/edit/[id]/page.tsx [Server Component] @ http://localhost:3000/_next/static/chunks/node_modules_next_dist_1e8vcs8._.js:1052
[   38599ms] [ERROR] ./src/app/admin/vaccines/edit/[id]/page.tsx:170:11
Error: Expected '</', got '}'
  168 |             className="mt-2"
  169 |             disabled={isSubmitting}
> 170 |           } 
      |           ^
  171 |         />
  172 |         </div>
  173 |         <label className="flex items-center gap-2">

Parsing ecmascript source code failed

Import traces:
  Client Component Browser:
    ./src/app/admin/vaccines/edit/[id]/page.tsx [Client Component Browser]
    ./src/app/admin/vaccines/edit/[id]/page.tsx [Server Component]

  Client Component SSR:
    ./src/app/admin/vaccines/edit/[id]/page.tsx [Client Component SSR]
    ./src/app/admin/vaccines/edit/[id]/page.tsx [Server Component] @ http://localhost:3000/_next/static/chunks/node_modules_next_dist_1e8vcs8._.js:1052
[   38659ms] [ERROR] ./src/app/admin/vaccines/edit/[id]/page.tsx:170:11
Error: Expected '</', got '}'
  168 |             className="mt-2"
  169 |             disabled={isSubmitting}
> 170 |           } 
      |           ^
  171 |         />
  172 |         </div>
  173 |         <label className="flex items-center gap-2">

Parsing ecmascript source code failed

Import traces:
  Client Component Browser:
    ./src/app/admin/vaccines/edit/[id]/page.tsx [Client Component Browser]
    ./src/app/admin/vaccines/edit/[id]/page.tsx [Server Component]

  Client Component SSR:
    ./src/app/admin/vaccines/edit/[id]/page.tsx [Client Component SSR]
    ./src/app/admin/vaccines/edit/[id]/page.tsx [Server Component] @ http://localhost:3000/_next/static/chunks/node_modules_next_dist_1e8vcs8._.js:1052
[   38714ms] [ERROR] ./src/app/admin/vaccines/edit/[id]/page.tsx:170:11
Error: Expected '</', got '}'
  168 |             className="mt-2"
  169 |             disabled={isSubmitting}
> 170 |           } 
      |           ^
  171 |         />
  172 |         </div>
  173 |         <label className="flex items-center gap-2">

Parsing ecmascript source code failed

Import traces:
  Client Component Browser:
    ./src/app/admin/vaccines/edit/[id]/page.tsx [Client Component Browser]
    ./src/app/admin/vaccines/edit/[id]/page.tsx [Server Component]

  Client Component SSR:
    ./src/app/admin/vaccines/edit/[id]/page.tsx [Client Component SSR]
    ./src/app/admin/vaccines/edit/[id]/page.tsx [Server Component] @ http://localhost:3000/_next/static/chunks/node_modules_next_dist_1e8vcs8._.js:1052
[   38767ms] [ERROR] ./src/app/admin/vaccines/edit/[id]/page.tsx:170:11
Error: Expected '</', got '}'
  168 |             className="mt-2"
  169 |             disabled={isSubmitting}
> 170 |           } 
      |           ^
  171 |         />
  172 |         </div>
  173 |         <label className="flex items-center gap-2">

Parsing ecmascript source code failed

Import traces:
  Client Component Browser:
    ./src/app/admin/vaccines/edit/[id]/page.tsx [Client Component Browser]
    ./src/app/admin/vaccines/edit/[id]/page.tsx [Server Component]

  Client Component SSR:
    ./src/app/admin/vaccines/edit/[id]/page.tsx [Client Component SSR]
    ./src/app/admin/vaccines/edit/[id]/page.tsx [Server Component] @ http://localhost:3000/_next/static/chunks/node_modules_next_dist_1e8vcs8._.js:1052
[   38820ms] [ERROR] ./src/app/admin/vaccines/edit/[id]/page.tsx:170:11
Error: Expected '</', got '}'
  168 |             className="mt-2"
  169 |             disabled={isSubmitting}
> 170 |           } 
      |           ^
  171 |         />
  172 |         </div>
  173 |         <label className="flex items-center gap-2">

Parsing ecmascript source code failed

Import traces:
  Client Component Browser:
    ./src/app/admin/vaccines/edit/[id]/page.tsx [Client Component Browser]
    ./src/app/admin/vaccines/edit/[id]/page.tsx [Server Component]

  Client Component SSR:
    ./src/app/admin/vaccines/edit/[id]/page.tsx [Client Component SSR]
    ./src/app/admin/vaccines/edit/[id]/page.tsx [Server Component] @ http://localhost:3000/_next/static/chunks/node_modules_next_dist_1e8vcs8._.js:1052
[   38874ms] [ERROR] ./src/app/admin/vaccines/edit/[id]/page.tsx:170:11
Error: Expected '</', got '}'
  168 |             className="mt-2"
  169 |             disabled={isSubmitting}
> 170 |           } 
      |           ^
  171 |         />
  172 |         </div>
  173 |         <label className="flex items-center gap-2">

Parsing ecmascript source code failed

Import traces:
  Client Component Browser:
    ./src/app/admin/vaccines/edit/[id]/page.tsx [Client Component Browser]
    ./src/app/admin/vaccines/edit/[id]/page.tsx [Server Component]

  Client Component SSR:
    ./src/app/admin/vaccines/edit/[id]/page.tsx [Client Component SSR]
    ./src/app/admin/vaccines/edit/[id]/page.tsx [Server Component] @ http://localhost:3000/_next/static/chunks/node_modules_next_dist_1e8vcs8._.js:1052
[   38931ms] [ERROR] ./src/app/admin/vaccines/edit/[id]/page.tsx:170:11
Error: Expected '</', got '}'
  168 |             className="mt-2"
  169 |             disabled={isSubmitting}
> 170 |           } 
      |           ^
  171 |         />
  172 |         </div>
  173 |         <label className="flex items-center gap-2">

Parsing ecmascript source code failed

Import traces:
  Client Component Browser:
    ./src/app/admin/vaccines/edit/[id]/page.tsx [Client Component Browser]
    ./src/app/admin/vaccines/edit/[id]/page.tsx [Server Component]

  Client Component SSR:
    ./src/app/admin/vaccines/edit/[id]/page.tsx [Client Component SSR]
    ./src/app/admin/vaccines/edit/[id]/page.tsx [Server Component] @ http://localhost:3000/_next/static/chunks/node_modules_next_dist_1e8vcs8._.js:1052
[   39041ms] [ERROR] ./src/app/admin/vaccines/edit/[id]/page.tsx:170:11
Error: Expected '</', got '}'
  168 |             className="mt-2"
  169 |             disabled={isSubmitting}
> 170 |           } 
      |           ^
  171 |         />
  172 |         </div>
  173 |         <label className="flex items-center gap-2">

Parsing ecmascript source code failed

Import traces:
  Client Component Browser:
    ./src/app/admin/vaccines/edit/[id]/page.tsx [Client Component Browser]
    ./src/app/admin/vaccines/edit/[id]/page.tsx [Server Component]

  Client Component SSR:
    ./src/app/admin/vaccines/edit/[id]/page.tsx [Client Component SSR]
    ./src/app/admin/vaccines/edit/[id]/page.tsx [Server Component] @ http://localhost:3000/_next/static/chunks/node_modules_next_dist_1e8vcs8._.js:1052
[   39093ms] [ERROR] ./src/app/admin/vaccines/edit/[id]/page.tsx:170:11
Error: Expected '</', got '}'
  168 |             className="mt-2"
  169 |             disabled={isSubmitting}
> 170 |           } 
      |           ^
  171 |         />
  172 |         </div>
  173 |         <label className="flex items-center gap-2">

Parsing ecmascript source code failed

Import traces:
  Client Component Browser:
    ./src/app/admin/vaccines/edit/[id]/page.tsx [Client Component Browser]
    ./src/app/admin/vaccines/edit/[id]/page.tsx [Server Component]

  Client Component SSR:
    ./src/app/admin/vaccines/edit/[id]/page.tsx [Client Component SSR]
    ./src/app/admin/vaccines/edit/[id]/page.tsx [Server Component] @ http://localhost:3000/_next/static/chunks/node_modules_next_dist_1e8vcs8._.js:1052
[   39149ms] [ERROR] ./src/app/admin/vaccines/edit/[id]/page.tsx:170:11
Error: Expected '</', got '}'
  168 |             className="mt-2"
  169 |             disabled={isSubmitting}
> 170 |           } 
      |           ^
  171 |         />
  172 |         </div>
  173 |         <label className="flex items-center gap-2">

Parsing ecmascript source code failed

Import traces:
  Client Component Browser:
    ./src/app/admin/vaccines/edit/[id]/page.tsx [Client Component Browser]
    ./src/app/admin/vaccines/edit/[id]/page.tsx [Server Component]

  Client Component SSR:
    ./src/app/admin/vaccines/edit/[id]/page.tsx [Client Component SSR]
    ./src/app/admin/vaccines/edit/[id]/page.tsx [Server Component] @ http://localhost:3000/_next/static/chunks/node_modules_next_dist_1e8vcs8._.js:1052
[   39204ms] [ERROR] ./src/app/admin/vaccines/edit/[id]/page.tsx:170:11
Error: Expected '</', got '}'
  168 |             className="mt-2"
  169 |             disabled={isSubmitting}
> 170 |           } 
      |           ^
  171 |         />
  172 |         </div>
  173 |         <label className="flex items-center gap-2">

Parsing ecmascript source code failed

Import traces:
  Client Component Browser:
    ./src/app/admin/vaccines/edit/[id]/page.tsx [Client Component Browser]
    ./src/app/admin/vaccines/edit/[id]/page.tsx [Server Component]

  Client Component SSR:
    ./src/app/admin/vaccines/edit/[id]/page.tsx [Client Component SSR]
    ./src/app/admin/vaccines/edit/[id]/page.tsx [Server Component] @ http://localhost:3000/_next/static/chunks/node_modules_next_dist_1e8vcs8._.js:1052
[   39260ms] [ERROR] ./src/app/admin/vaccines/edit/[id]/page.tsx:170:11
Error: Expected '</', got '}'
  168 |             className="mt-2"
  169 |             disabled={isSubmitting}
> 170 |           } 
      |           ^
  171 |         />
  172 |         </div>
  173 |         <label className="flex items-center gap-2">

Parsing ecmascript source code failed

Import traces:
  Client Component Browser:
    ./src/app/admin/vaccines/edit/[id]/page.tsx [Client Component Browser]
    ./src/app/admin/vaccines/edit/[id]/page.tsx [Server Component]

  Client Component SSR:
    ./src/app/admin/vaccines/edit/[id]/page.tsx [Client Component SSR]
    ./src/app/admin/vaccines/edit/[id]/page.tsx [Server Component] @ http://localhost:3000/_next/static/chunks/node_modules_next_dist_1e8vcs8._.js:1052
[   39326ms] [ERROR] ./src/app/admin/vaccines/edit/[id]/page.tsx:170:11
Error: Expected '</', got '}'
  168 |             className="mt-2"
  169 |             disabled={isSubmitting}
> 170 |           } 
      |           ^
  171 |         />
  172 |         </div>
  173 |         <label className="flex items-center gap-2">

Parsing ecmascript source code failed

Import traces:
  Client Component Browser:
    ./src/app/admin/vaccines/edit/[id]/page.tsx [Client Component Browser]
    ./src/app/admin/vaccines/edit/[id]/page.tsx [Server Component]

  Client Component SSR:
    ./src/app/admin/vaccines/edit/[id]/page.tsx [Client Component SSR]
    ./src/app/admin/vaccines/edit/[id]/page.tsx [Server Component] @ http://localhost:3000/_next/static/chunks/node_modules_next_dist_1e8vcs8._.js:1052
[   39379ms] [ERROR] ./src/app/admin/vaccines/edit/[id]/page.tsx:170:11
Error: Expected '</', got '}'
  168 |             className="mt-2"
  169 |             disabled={isSubmitting}
> 170 |           } 
      |           ^
  171 |         />
  172 |         </div>
  173 |         <label className="flex items-center gap-2">

Parsing ecmascript source code failed

Import traces:
  Client Component Browser:
    ./src/app/admin/vaccines/edit/[id]/page.tsx [Client Component Browser]
    ./src/app/admin/vaccines/edit/[id]/page.tsx [Server Component]

  Client Component SSR:
    ./src/app/admin/vaccines/edit/[id]/page.tsx [Client Component SSR]
    ./src/app/admin/vaccines/edit/[id]/page.tsx [Server Component] @ http://localhost:3000/_next/static/chunks/node_modules_next_dist_1e8vcs8._.js:1052
[   39435ms] [ERROR] ./src/app/admin/vaccines/edit/[id]/page.tsx:170:11
Error: Expected '</', got '}'
  168 |             className="mt-2"
  169 |             disabled={isSubmitting}
> 170 |           } 
      |           ^
  171 |         />
  172 |         </div>
  173 |         <label className="flex items-center gap-2">

Parsing ecmascript source code failed

Import traces:
  Client Component Browser:
    ./src/app/admin/vaccines/edit/[id]/page.tsx [Client Component Browser]
    ./src/app/admin/vaccines/edit/[id]/page.tsx [Server Component]

  Client Component SSR:
    ./src/app/admin/vaccines/edit/[id]/page.tsx [Client Component SSR]
    ./src/app/admin/vaccines/edit/[id]/page.tsx [Server Component] @ http://localhost:3000/_next/static/chunks/node_modules_next_dist_1e8vcs8._.js:1052
[   39498ms] [ERROR] ./src/app/admin/vaccines/edit/[id]/page.tsx:170:11
Error: Expected '</', got '}'
  168 |             className="mt-2"
  169 |             disabled={isSubmitting}
> 170 |           } 
      |           ^
  171 |         />
  172 |         </div>
  173 |         <label className="flex items-center gap-2">

Parsing ecmascript source code failed

Import traces:
  Client Component Browser:
    ./src/app/admin/vaccines/edit/[id]/page.tsx [Client Component Browser]
    ./src/app/admin/vaccines/edit/[id]/page.tsx [Server Component]

  Client Component SSR:
    ./src/app/admin/vaccines/edit/[id]/page.tsx [Client Component SSR]
    ./src/app/admin/vaccines/edit/[id]/page.tsx [Server Component] @ http://localhost:3000/_next/static/chunks/node_modules_next_dist_1e8vcs8._.js:1052
[   39556ms] [ERROR] ./src/app/admin/vaccines/edit/[id]/page.tsx:170:11
Error: Expected '</', got '}'
  168 |             className="mt-2"
  169 |             disabled={isSubmitting}
> 170 |           } 
      |           ^
  171 |         />
  172 |         </div>
  173 |         <label className="flex items-center gap-2">

Parsing ecmascript source code failed

Import traces:
  Client Component Browser:
    ./src/app/admin/vaccines/edit/[id]/page.tsx [Client Component Browser]
    ./src/app/admin/vaccines/edit/[id]/page.tsx [Server Component]

  Client Component SSR:
    ./src/app/admin/vaccines/edit/[id]/page.tsx [Client Component SSR]
    ./src/app/admin/vaccines/edit/[id]/page.tsx [Server Component] @ http://localhost:3000/_next/static/chunks/node_modules_next_dist_1e8vcs8._.js:1052
[   39614ms] [ERROR] ./src/app/admin/vaccines/edit/[id]/page.tsx:170:11
Error: Expected '</', got '}'
  168 |             className="mt-2"
  169 |             disabled={isSubmitting}
> 170 |           } 
      |           ^
  171 |         />
  172 |         </div>
  173 |         <label className="flex items-center gap-2">

Parsing ecmascript source code failed

Import traces:
  Client Component Browser:
    ./src/app/admin/vaccines/edit/[id]/page.tsx [Client Component Browser]
    ./src/app/admin/vaccines/edit/[id]/page.tsx [Server Component]

  Client Component SSR:
    ./src/app/admin/vaccines/edit/[id]/page.tsx [Client Component SSR]
    ./src/app/admin/vaccines/edit/[id]/page.tsx [Server Component] @ http://localhost:3000/_next/static/chunks/node_modules_next_dist_1e8vcs8._.js:1052
[   39669ms] [ERROR] ./src/app/admin/vaccines/edit/[id]/page.tsx:170:11
Error: Expected '</', got '}'
  168 |             className="mt-2"
  169 |             disabled={isSubmitting}
> 170 |           } 
      |           ^
  171 |         />
  172 |         </div>
  173 |         <label className="flex items-center gap-2">

Parsing ecmascript source code failed

Import traces:
  Client Component Browser:
    ./src/app/admin/vaccines/edit/[id]/page.tsx [Client Component Browser]
    ./src/app/admin/vaccines/edit/[id]/page.tsx [Server Component]

  Client Component SSR:
    ./src/app/admin/vaccines/edit/[id]/page.tsx [Client Component SSR]
    ./src/app/admin/vaccines/edit/[id]/page.tsx [Server Component] @ http://localhost:3000/_next/static/chunks/node_modules_next_dist_1e8vcs8._.js:1052
[   39722ms] [ERROR] ./src/app/admin/vaccines/edit/[id]/page.tsx:170:11
Error: Expected '</', got '}'
  168 |             className="mt-2"
  169 |             disabled={isSubmitting}
> 170 |           } 
      |           ^
  171 |         />
  172 |         </div>
  173 |         <label className="flex items-center gap-2">

Parsing ecmascript source code failed

Import traces:
  Client Component Browser:
    ./src/app/admin/vaccines/edit/[id]/page.tsx [Client Component Browser]
    ./src/app/admin/vaccines/edit/[id]/page.tsx [Server Component]

  Client Component SSR:
    ./src/app/admin/vaccines/edit/[id]/page.tsx [Client Component SSR]
    ./src/app/admin/vaccines/edit/[id]/page.tsx [Server Component] @ http://localhost:3000/_next/static/chunks/node_modules_next_dist_1e8vcs8._.js:1052
[   39785ms] [ERROR] ./src/app/admin/vaccines/edit/[id]/page.tsx:170:11
Error: Expected '</', got '}'
  168 |             className="mt-2"
  169 |             disabled={isSubmitting}
> 170 |           } 
      |           ^
  171 |         />
  172 |         </div>
  173 |         <label className="flex items-center gap-2">

Parsing ecmascript source code failed

Import traces:
  Client Component Browser:
    ./src/app/admin/vaccines/edit/[id]/page.tsx [Client Component Browser]
    ./src/app/admin/vaccines/edit/[id]/page.tsx [Server Component]

  Client Component SSR:
    ./src/app/admin/vaccines/edit/[id]/page.tsx [Client Component SSR]
    ./src/app/admin/vaccines/edit/[id]/page.tsx [Server Component] @ http://localhost:3000/_next/static/chunks/node_modules_next_dist_1e8vcs8._.js:1052
[   39851ms] [ERROR] ./src/app/admin/vaccines/edit/[id]/page.tsx:170:11
Error: Expected '</', got '}'
  168 |             className="mt-2"
  169 |             disabled={isSubmitting}
> 170 |           } 
      |           ^
  171 |         />
  172 |         </div>
  173 |         <label className="flex items-center gap-2">

Parsing ecmascript source code failed

Import traces:
  Client Component Browser:
    ./src/app/admin/vaccines/edit/[id]/page.tsx [Client Component Browser]
    ./src/app/admin/vaccines/edit/[id]/page.tsx [Server Component]

  Client Component SSR:
    ./src/app/admin/vaccines/edit/[id]/page.tsx [Client Component SSR]
    ./src/app/admin/vaccines/edit/[id]/page.tsx [Server Component] @ http://localhost:3000/_next/static/chunks/node_modules_next_dist_1e8vcs8._.js:1052
[   39911ms] [ERROR] ./src/app/admin/vaccines/edit/[id]/page.tsx:170:11
Error: Expected '</', got '}'
  168 |             className="mt-2"
  169 |             disabled={isSubmitting}
> 170 |           } 
      |           ^
  171 |         />
  172 |         </div>
  173 |         <label className="flex items-center gap-2">

Parsing ecmascript source code failed

Import traces:
  Client Component Browser:
    ./src/app/admin/vaccines/edit/[id]/page.tsx [Client Component Browser]
    ./src/app/admin/vaccines/edit/[id]/page.tsx [Server Component]

  Client Component SSR:
    ./src/app/admin/vaccines/edit/[id]/page.tsx [Client Component SSR]
    ./src/app/admin/vaccines/edit/[id]/page.tsx [Server Component] @ http://localhost:3000/_next/static/chunks/node_modules_next_dist_1e8vcs8._.js:1052
[   40009ms] [ERROR] ./src/app/admin/vaccines/edit/[id]/page.tsx:170:11
Error: Expected '</', got '}'
  168 |             className="mt-2"
  169 |             disabled={isSubmitting}
> 170 |           } 
      |           ^
  171 |         />
  172 |         </div>
  173 |         <label className="flex items-center gap-2">

Parsing ecmascript source code failed

Import traces:
  Client Component Browser:
    ./src/app/admin/vaccines/edit/[id]/page.tsx [Client Component Browser]
    ./src/app/admin/vaccines/edit/[id]/page.tsx [Server Component]

  Client Component SSR:
    ./src/app/admin/vaccines/edit/[id]/page.tsx [Client Component SSR]
    ./src/app/admin/vaccines/edit/[id]/page.tsx [Server Component] @ http://localhost:3000/_next/static/chunks/node_modules_next_dist_1e8vcs8._.js:1052
[   40184ms] [ERROR] ./src/app/admin/vaccines/edit/[id]/page.tsx:170:11
Error: Expected '</', got '}'
  168 |             className="mt-2"
  169 |             disabled={isSubmitting}
> 170 |           } 
      |           ^
  171 |         />
  172 |         </div>
  173 |         <label className="flex items-center gap-2">

Parsing ecmascript source code failed

Import traces:
  Client Component Browser:
    ./src/app/admin/vaccines/edit/[id]/page.tsx [Client Component Browser]
    ./src/app/admin/vaccines/edit/[id]/page.tsx [Server Component]

  Client Component SSR:
    ./src/app/admin/vaccines/edit/[id]/page.tsx [Client Component SSR]
    ./src/app/admin/vaccines/edit/[id]/page.tsx [Server Component] @ http://localhost:3000/_next/static/chunks/node_modules_next_dist_1e8vcs8._.js:1052
[   40241ms] [ERROR] ./src/app/admin/vaccines/edit/[id]/page.tsx:170:11
Error: Expected '</', got '}'
  168 |             className="mt-2"
  169 |             disabled={isSubmitting}
> 170 |           } 
      |           ^
  171 |         />
  172 |         </div>
  173 |         <label className="flex items-center gap-2">

Parsing ecmascript source code failed

Import traces:
  Client Component Browser:
    ./src/app/admin/vaccines/edit/[id]/page.tsx [Client Component Browser]
    ./src/app/admin/vaccines/edit/[id]/page.tsx [Server Component]

  Client Component SSR:
    ./src/app/admin/vaccines/edit/[id]/page.tsx [Client Component SSR]
    ./src/app/admin/vaccines/edit/[id]/page.tsx [Server Component] @ http://localhost:3000/_next/static/chunks/node_modules_next_dist_1e8vcs8._.js:1052
[   40312ms] [ERROR] ./src/app/admin/vaccines/edit/[id]/page.tsx:170:11
Error: Expected '</', got '}'
  168 |             className="mt-2"
  169 |             disabled={isSubmitting}
> 170 |           } 
      |           ^
  171 |         />
  172 |         </div>
  173 |         <label className="flex items-center gap-2">

Parsing ecmascript source code failed

Import traces:
  Client Component Browser:
    ./src/app/admin/vaccines/edit/[id]/page.tsx [Client Component Browser]
    ./src/app/admin/vaccines/edit/[id]/page.tsx [Server Component]

  Client Component SSR:
    ./src/app/admin/vaccines/edit/[id]/page.tsx [Client Component SSR]
    ./src/app/admin/vaccines/edit/[id]/page.tsx [Server Component] @ http://localhost:3000/_next/static/chunks/node_modules_next_dist_1e8vcs8._.js:1052
[   40392ms] [ERROR] ./src/app/admin/vaccines/edit/[id]/page.tsx:170:11
Error: Expected '</', got '}'
  168 |             className="mt-2"
  169 |             disabled={isSubmitting}
> 170 |           } 
      |           ^
  171 |         />
  172 |         </div>
  173 |         <label className="flex items-center gap-2">

Parsing ecmascript source code failed

Import traces:
  Client Component Browser:
    ./src/app/admin/vaccines/edit/[id]/page.tsx [Client Component Browser]
    ./src/app/admin/vaccines/edit/[id]/page.tsx [Server Component]

  Client Component SSR:
    ./src/app/admin/vaccines/edit/[id]/page.tsx [Client Component SSR]
    ./src/app/admin/vaccines/edit/[id]/page.tsx [Server Component] @ http://localhost:3000/_next/static/chunks/node_modules_next_dist_1e8vcs8._.js:1052
[   40449ms] [ERROR] ./src/app/admin/vaccines/edit/[id]/page.tsx:170:11
Error: Expected '</', got '}'
  168 |             className="mt-2"
  169 |             disabled={isSubmitting}
> 170 |           } 
      |           ^
  171 |         />
  172 |         </div>
  173 |         <label className="flex items-center gap-2">

Parsing ecmascript source code failed

Import traces:
  Client Component Browser:
    ./src/app/admin/vaccines/edit/[id]/page.tsx [Client Component Browser]
    ./src/app/admin/vaccines/edit/[id]/page.tsx [Server Component]

  Client Component SSR:
    ./src/app/admin/vaccines/edit/[id]/page.tsx [Client Component SSR]
    ./src/app/admin/vaccines/edit/[id]/page.tsx [Server Component] @ http://localhost:3000/_next/static/chunks/node_modules_next_dist_1e8vcs8._.js:1052
[   40510ms] [ERROR] ./src/app/admin/vaccines/edit/[id]/page.tsx:170:11
Error: Expected '</', got '}'
  168 |             className="mt-2"
  169 |             disabled={isSubmitting}
> 170 |           } 
      |           ^
  171 |         />
  172 |         </div>
  173 |         <label className="flex items-center gap-2">

Parsing ecmascript source code failed

Import traces:
  Client Component Browser:
    ./src/app/admin/vaccines/edit/[id]/page.tsx [Client Component Browser]
    ./src/app/admin/vaccines/edit/[id]/page.tsx [Server Component]

  Client Component SSR:
    ./src/app/admin/vaccines/edit/[id]/page.tsx [Client Component SSR]
    ./src/app/admin/vaccines/edit/[id]/page.tsx [Server Component] @ http://localhost:3000/_next/static/chunks/node_modules_next_dist_1e8vcs8._.js:1052
[   40607ms] [ERROR] ./src/app/admin/vaccines/edit/[id]/page.tsx:170:11
Error: Expected '</', got '}'
  168 |             className="mt-2"
  169 |             disabled={isSubmitting}
> 170 |           } 
      |           ^
  171 |         />
  172 |         </div>
  173 |         <label className="flex items-center gap-2">

Parsing ecmascript source code failed

Import traces:
  Client Component Browser:
    ./src/app/admin/vaccines/edit/[id]/page.tsx [Client Component Browser]
    ./src/app/admin/vaccines/edit/[id]/page.tsx [Server Component]

  Client Component SSR:
    ./src/app/admin/vaccines/edit/[id]/page.tsx [Client Component SSR]
    ./src/app/admin/vaccines/edit/[id]/page.tsx [Server Component] @ http://localhost:3000/_next/static/chunks/node_modules_next_dist_1e8vcs8._.js:1052
[   40700ms] [ERROR] ./src/app/admin/vaccines/edit/[id]/page.tsx:170:11
Error: Expected '</', got '}'
  168 |             className="mt-2"
  169 |             disabled={isSubmitting}
> 170 |           } 
      |           ^
  171 |         />
  172 |         </div>
  173 |         <label className="flex items-center gap-2">

Parsing ecmascript source code failed

Import traces:
  Client Component Browser:
    ./src/app/admin/vaccines/edit/[id]/page.tsx [Client Component Browser]
    ./src/app/admin/vaccines/edit/[id]/page.tsx [Server Component]

  Client Component SSR:
    ./src/app/admin/vaccines/edit/[id]/page.tsx [Client Component SSR]
    ./src/app/admin/vaccines/edit/[id]/page.tsx [Server Component] @ http://localhost:3000/_next/static/chunks/node_modules_next_dist_1e8vcs8._.js:1052
[   40768ms] [ERROR] ./src/app/admin/vaccines/edit/[id]/page.tsx:170:11
Error: Expected '</', got '}'
  168 |             className="mt-2"
  169 |             disabled={isSubmitting}
> 170 |           } 
      |           ^
  171 |         />
  172 |         </div>
  173 |         <label className="flex items-center gap-2">

Parsing ecmascript source code failed

Import traces:
  Client Component Browser:
    ./src/app/admin/vaccines/edit/[id]/page.tsx [Client Component Browser]
    ./src/app/admin/vaccines/edit/[id]/page.tsx [Server Component]

  Client Component SSR:
    ./src/app/admin/vaccines/edit/[id]/page.tsx [Client Component SSR]
    ./src/app/admin/vaccines/edit/[id]/page.tsx [Server Component] @ http://localhost:3000/_next/static/chunks/node_modules_next_dist_1e8vcs8._.js:1052
[   40839ms] [ERROR] ./src/app/admin/vaccines/edit/[id]/page.tsx:170:11
Error: Expected '</', got '}'
  168 |             className="mt-2"
  169 |             disabled={isSubmitting}
> 170 |           } 
      |           ^
  171 |         />
  172 |         </div>
  173 |         <label className="flex items-center gap-2">

Parsing ecmascript source code failed

Import traces:
  Client Component Browser:
    ./src/app/admin/vaccines/edit/[id]/page.tsx [Client Component Browser]
    ./src/app/admin/vaccines/edit/[id]/page.tsx [Server Component]

  Client Component SSR:
    ./src/app/admin/vaccines/edit/[id]/page.tsx [Client Component SSR]
    ./src/app/admin/vaccines/edit/[id]/page.tsx [Server Component] @ http://localhost:3000/_next/static/chunks/node_modules_next_dist_1e8vcs8._.js:1052
[   41017ms] [ERROR] ./src/app/admin/vaccines/edit/[id]/page.tsx:170:11
Error: Expected '</', got '}'
  168 |             className="mt-2"
  169 |             disabled={isSubmitting}
> 170 |           } 
      |           ^
  171 |         />
  172 |         </div>
  173 |         <label className="flex items-center gap-2">

Parsing ecmascript source code failed

Import traces:
  Client Component Browser:
    ./src/app/admin/vaccines/edit/[id]/page.tsx [Client Component Browser]
    ./src/app/admin/vaccines/edit/[id]/page.tsx [Server Component]

  Client Component SSR:
    ./src/app/admin/vaccines/edit/[id]/page.tsx [Client Component SSR]
    ./src/app/admin/vaccines/edit/[id]/page.tsx [Server Component] @ http://localhost:3000/_next/static/chunks/node_modules_next_dist_1e8vcs8._.js:1052
[   41116ms] [ERROR] ./src/app/admin/vaccines/edit/[id]/page.tsx:170:11
Error: Expected '</', got '}'
  168 |             className="mt-2"
  169 |             disabled={isSubmitting}
> 170 |           } 
      |           ^
  171 |         />
  172 |         </div>
  173 |         <label className="flex items-center gap-2">

Parsing ecmascript source code failed

Import traces:
  Client Component Browser:
    ./src/app/admin/vaccines/edit/[id]/page.tsx [Client Component Browser]
    ./src/app/admin/vaccines/edit/[id]/page.tsx [Server Component]

  Client Component SSR:
    ./src/app/admin/vaccines/edit/[id]/page.tsx [Client Component SSR]
    ./src/app/admin/vaccines/edit/[id]/page.tsx [Server Component] @ http://localhost:3000/_next/static/chunks/node_modules_next_dist_1e8vcs8._.js:1052
[   41218ms] [ERROR] ./src/app/admin/vaccines/edit/[id]/page.tsx:170:11
Error: Expected '</', got '}'
  168 |             className="mt-2"
  169 |             disabled={isSubmitting}
> 170 |           } 
      |           ^
  171 |         />
  172 |         </div>
  173 |         <label className="flex items-center gap-2">

Parsing ecmascript source code failed

Import traces:
  Client Component Browser:
    ./src/app/admin/vaccines/edit/[id]/page.tsx [Client Component Browser]
    ./src/app/admin/vaccines/edit/[id]/page.tsx [Server Component]

  Client Component SSR:
    ./src/app/admin/vaccines/edit/[id]/page.tsx [Client Component SSR]
    ./src/app/admin/vaccines/edit/[id]/page.tsx [Server Component] @ http://localhost:3000/_next/static/chunks/node_modules_next_dist_1e8vcs8._.js:1052
[   41697ms] [ERROR] ./src/app/admin/vaccines/edit/[id]/page.tsx:170:11
Error: Expected '</', got '}'
  168 |             className="mt-2"
  169 |             disabled={isSubmitting}
> 170 |           } 
      |           ^
  171 |         />
  172 |         </div>
  173 |         <label className="flex items-center gap-2">

Parsing ecmascript source code failed

Import traces:
  Client Component Browser:
    ./src/app/admin/vaccines/edit/[id]/page.tsx [Client Component Browser]
    ./src/app/admin/vaccines/edit/[id]/page.tsx [Server Component]

  Client Component SSR:
    ./src/app/admin/vaccines/edit/[id]/page.tsx [Client Component SSR]
    ./src/app/admin/vaccines/edit/[id]/page.tsx [Server Component] @ http://localhost:3000/_next/static/chunks/node_modules_next_dist_1e8vcs8._.js:1052
[   41706ms] [ERROR] ./src/app/admin/vaccines/edit/[id]/page.tsx:170:11
Error: Expected '</', got '}'
  168 |             className="mt-2"
  169 |             disabled={isSubmitting}
> 170 |           } 
      |           ^
  171 |         />
  172 |         </div>
  173 |         <label className="flex items-center gap-2">

Parsing ecmascript source code failed

Import traces:
  Client Component Browser:
    ./src/app/admin/vaccines/edit/[id]/page.tsx [Client Component Browser]
    ./src/app/admin/vaccines/edit/[id]/page.tsx [Server Component]

  Client Component SSR:
    ./src/app/admin/vaccines/edit/[id]/page.tsx [Client Component SSR]
    ./src/app/admin/vaccines/edit/[id]/page.tsx [Server Component] @ http://localhost:3000/_next/static/chunks/node_modules_next_dist_1e8vcs8._.js:1052
[   42004ms] [LOG] [Fast Refresh] rebuilding @ http://localhost:3000/_next/static/chunks/node_modules_next_dist_1e8vcs8._.js:776
[   42643ms] [LOG] [Fast Refresh] done in 441ms @ http://localhost:3000/_next/static/chunks/node_modules_next_dist_1e8vcs8._.js:776
[   43028ms] [LOG] [Fast Refresh] done in 441ms @ http://localhost:3000/_next/static/chunks/node_modules_next_dist_1e8vcs8._.js:776
[   43241ms] [LOG] [Fast Refresh] done in 441ms @ http://localhost:3000/_next/static/chunks/node_modules_next_dist_1e8vcs8._.js:776
[   43399ms] [LOG] [Fast Refresh] done in 441ms @ http://localhost:3000/_next/static/chunks/node_modules_next_dist_1e8vcs8._.js:776
[   43683ms] [LOG] [Fast Refresh] done in 441ms @ http://localhost:3000/_next/static/chunks/node_modules_next_dist_1e8vcs8._.js:776
[   43758ms] [LOG] [Fast Refresh] done in 441ms @ http://localhost:3000/_next/static/chunks/node_modules_next_dist_1e8vcs8._.js:776
[   43856ms] [LOG] [Fast Refresh] done in 441ms @ http://localhost:3000/_next/static/chunks/node_modules_next_dist_1e8vcs8._.js:776
[   43953ms] [LOG] [Fast Refresh] done in 441ms @ http://localhost:3000/_next/static/chunks/node_modules_next_dist_1e8vcs8._.js:776
[   44066ms] [LOG] [Fast Refresh] done in 441ms @ http://localhost:3000/_next/static/chunks/node_modules_next_dist_1e8vcs8._.js:776
[   44165ms] [LOG] [Fast Refresh] done in 441ms @ http://localhost:3000/_next/static/chunks/node_modules_next_dist_1e8vcs8._.js:776
[   44291ms] [LOG] [Fast Refresh] done in 441ms @ http://localhost:3000/_next/static/chunks/node_modules_next_dist_1e8vcs8._.js:776
[   44394ms] [LOG] [Fast Refresh] done in 441ms @ http://localhost:3000/_next/static/chunks/node_modules_next_dist_1e8vcs8._.js:776
[   44578ms] [LOG] [Fast Refresh] done in 441ms @ http://localhost:3000/_next/static/chunks/node_modules_next_dist_1e8vcs8._.js:776
[   44828ms] [LOG] [Fast Refresh] done in 441ms @ http://localhost:3000/_next/static/chunks/node_modules_next_dist_1e8vcs8._.js:776
[   44828ms] [LOG] [Fast Refresh] done in 441ms @ http://localhost:3000/_next/static/chunks/node_modules_next_dist_1e8vcs8._.js:776
[   44926ms] [LOG] [Fast Refresh] done in 441ms @ http://localhost:3000/_next/static/chunks/node_modules_next_dist_1e8vcs8._.js:776
[   57132ms] [LOG] [Fast Refresh] rebuilding @ http://localhost:3000/_next/static/chunks/node_modules_next_dist_1e8vcs8._.js:776
[   57722ms] [LOG] [Fast Refresh] done in 693ms @ http://localhost:3000/_next/static/chunks/node_modules_next_dist_1e8vcs8._.js:776
[   59013ms] [LOG] [Fast Refresh] done in 702ms @ http://localhost:3000/_next/static/chunks/node_modules_next_dist_1e8vcs8._.js:776
[   61629ms] [LOG] [Fast Refresh] done in 702ms @ http://localhost:3000/_next/static/chunks/node_modules_next_dist_1e8vcs8._.js:776
[   61950ms] [LOG] [Fast Refresh] done in 702ms @ http://localhost:3000/_next/static/chunks/node_modules_next_dist_1e8vcs8._.js:776
[   63226ms] [LOG] [Fast Refresh] done in 702ms @ http://localhost:3000/_next/static/chunks/node_modules_next_dist_1e8vcs8._.js:776
[   63837ms] [LOG] [Fast Refresh] done in 702ms @ http://localhost:3000/_next/static/chunks/node_modules_next_dist_1e8vcs8._.js:776
[   64296ms] [LOG] [Fast Refresh] done in 702ms @ http://localhost:3000/_next/static/chunks/node_modules_next_dist_1e8vcs8._.js:776
[   65822ms] [LOG] [Fast Refresh] done in 702ms @ http://localhost:3000/_next/static/chunks/node_modules_next_dist_1e8vcs8._.js:776
[   66300ms] [LOG] [Fast Refresh] done in 702ms @ http://localhost:3000/_next/static/chunks/node_modules_next_dist_1e8vcs8._.js:776
[   66791ms] [LOG] [Fast Refresh] done in 702ms @ http://localhost:3000/_next/static/chunks/node_modules_next_dist_1e8vcs8._.js:776
[   67220ms] [LOG] [Fast Refresh] done in 702ms @ http://localhost:3000/_next/static/chunks/node_modules_next_dist_1e8vcs8._.js:776
[   67732ms] [LOG] [Fast Refresh] done in 702ms @ http://localhost:3000/_next/static/chunks/node_modules_next_dist_1e8vcs8._.js:776
